{
  "type": "FeatureCollection",
  "features": [
    {
      "type": "Feature",
      "geometry": {
        "type": "Point",
        "coordinates": [
          121.86594,
          25.03655
        ]
      },
      "properties": {
        "館所名稱": "雙溪打鐵舖",
        "建物屬性": "自然生態",
        "行政區": "雙溪區",
        "地址": "新北市227雙溪區中華路7號",
        "景點介紹": "早期農業時代，不管是種田(鋤頭、鐮刀…)、捕魚(捕鰻苗…)的器材或是家庭用具(菜刀、剪刀…)，以及相關的農業用具都需要打鐵舖來製作。雙溪原本有兩家打鐵舖，但由於幾次水災，設備淹毀，目前只剩下一家打鐵舖尚在打製鐵器。",
        "parking_score": 0.0,
        "nearest_parking": "{ \"area_name\": \"坪林區\", \"roadname\": \"國中路\", \"distance_m\": 18779 }",
        "toilet": true,
        "無障礙": false,
        "family": false,
        "steal_count": 1,
        "steal_score": 1,
        "hotel": false
      }
    },
    {
      "type": "Feature",
      "geometry": {
        "type": "Point",
        "coordinates": [
          121.52273,
          25.25098
        ]
      },
      "properties": {
        "館所名稱": "橫山梯田",
        "建物屬性": "自然生態",
        "行政區": "萬里區",
        "地址": "新北市207萬里區茂長里、橫山里",
        "景點介紹": "位於大坑溪中游的橫山梯田，是三芝最著名的梯田地景。沿著三芝市區道路往橫山方向走，一片田野風光就映入眼簾。橫山舊名橫山崁，是一個高低落差明顯的丘陵帶，早期三芝背山面海，平原不廣，為了爭取到更大的耕種面積，先民開墾時便順著地形，開闢成一階階的梯田。依山勢蜿蜒的梯田，形成了層層相疊的梯田地景，再加上公路以及河流交錯其間，構築出了幾何圖形般的美麗風景，無論站在哪一個角度，都可以觀賞到不同的風景。原本橫山梯田是以種稻作為主，但後來因考量經濟效益，改種三芝區最有名的茭白筍和山藥。橫山也是三芝「美人腿」茭白筍的家鄉，潔白香脆的茭白筍已經成為三芝知名的美食，好山好水好土壤蘊育出鮮美甜脆的茭白筍，白淨光滑亦有「三芝美人腿」的美稱。秋風吹拂下，綠色波浪般的茭白筍田，搭配隨著水流活力轉動的水車，透露著一股悠然自得...",
        "parking_score": 0.0,
        "nearest_parking": "{ \"area_name\": \"淡水區\", \"roadname\": \"新市二路四段230巷\", \"distance_m\": 10238 }",
        "toilet": false,
        "無障礙": false,
        "family": false,
        "steal_count": 1,
        "steal_score": 1,
        "hotel": false
      }
    },
    {
      "type": "Feature",
      "geometry": {
        "type": "Point",
        "coordinates": [
          121.6306,
          25.23972
        ]
      },
      "properties": {
        "館所名稱": "中角灣衝浪運動園區",
        "建物屬性": "熱門景點",
        "行政區": "金山區",
        "地址": "新北市208金山區海興路49號",
        "景點介紹": "運動觀光新景點在金山區中角國小與金山高中，校園內設置衝浪學苑及戶外衝浪練習區，更可串聯至鄰近的中角灣衝浪中心，中心提供衝浪、立槳SUP課程及體驗，發展金山區衝浪水域運動特色，為在地觀光旅遊帶來全新運動體驗的元素。 校園衝浪學苑作為新北市第一的衝浪示範學校，同時兼具衝浪運動選手訓練培育，建立國小、國中、高中的三級培訓體制；夏日推出的夏令營活動，是市民、親子家庭消暑的最佳首選、每每推出都搶購一空，讓各年齡層的民眾都能接觸到衝浪及SUP的水上及陸上教學體驗，享受多采多姿且安全的水域遊憩。",
        "parking_score": 0.0,
        "nearest_parking": "{ \"area_name\": \"金山區\", \"roadname\": \"中山路\", \"distance_m\": 1535 }",
        "toilet": false,
        "無障礙": false,
        "family": false,
        "steal_count": 0,
        "steal_score": 10,
        "hotel": false
      }
    },
    {
      "type": "Feature",
      "geometry": {
        "type": "Point",
        "coordinates": [
          121.40264,
          25.14453
        ]
      },
      "properties": {
        "館所名稱": "松子腳砲臺遺址",
        "建物屬性": "藝文古蹟",
        "行政區": "八里區",
        "地址": "新北市249八里區",
        "景點介紹": "太平洋戰爭爆發時期，日軍開始積極在殖民地臺灣各重要戰略地點建設堅固的工事，當時八里坌是屬於基隆要塞的西地區，日軍約在西元1941(昭和16)年開始，在松子腳構築起12公分高的兩用加農砲掩體共兩處，也就是松子腳砲臺，另外也在八里坌地區的楓櫃斗湖構築8公分高射砲掩體兩處，皆是利用鋼筋混凝土構築的「永久築城」。",
        "parking_score": 10.0,
        "nearest_parking": "{ \"area_name\": \"八里區\", \"roadname\": \"商港八路\", \"distance_m\": 494 }",
        "toilet": false,
        "無障礙": false,
        "family": false,
        "steal_count": 2,
        "steal_score": 1,
        "hotel": false
      }
    },
    {
      "type": "Feature",
      "geometry": {
        "type": "Point",
        "coordinates": [
          121.36979,
          24.91991
        ]
      },
      "properties": {
        "館所名稱": "三峽農特產文化館",
        "建物屬性": "藝文古蹟",
        "行政區": "三峽區",
        "地址": "新北市237三峽區正義街18號",
        "景點介紹": "北部最大的團膳供應商以當地有名農特產為材料，研發出一系列以三峽農特產為主題的特色商品，透過農特產文化館，讓遊客可以享受在地美食佳餚。主題館有農特產與達人影片介紹，懷舊風的三峽柑仔店喚起許多人的童年回憶，要是肚子餓了，綠茶蛋捲、碧螺春方塊酥、碧螺春冰淇淋或紅麴黑豬肉香腸，都是別具特色的佳肴等你來大快朵頤一番！",
        "parking_score": 7.1,
        "nearest_parking": "{ \"area_name\": \"三峽區\", \"roadname\": \"安溪路\", \"distance_m\": 161 }",
        "toilet": false,
        "無障礙": false,
        "family": false,
        "steal_count": 1,
        "steal_score": 1,
        "hotel": false
      }
    },
    {
      "type": "Feature",
      "geometry": {
        "type": "Point",
        "coordinates": [
          121.40011,
          25.08193
        ]
      },
      "properties": {
        "館所名稱": "光淙金工藝術館",
        "建物屬性": "熱門景點",
        "行政區": "林口區",
        "地址": "新北市244林口區粉寮路一段104號",
        "景點介紹": "光淙創業於1970年，致力設計製作珠寶飾品的工具設備，行銷國內外知名珠寶飾品大廠。40年來，珠寶金工產業在台灣，隨著經濟發展、幾經起落，生產型態已經從勞力密集，轉變為著重創意與設計實力為導向的精緻產業。一路走來，光淙，見證了臺灣珠寶設計的發展史。",
        "parking_score": 10.0,
        "nearest_parking": "{ \"area_name\": \"林口區\", \"roadname\": \"工八路\", \"distance_m\": 159 }",
        "toilet": false,
        "無障礙": false,
        "family": false,
        "steal_count": 1,
        "steal_score": 1,
        "hotel": false
      }
    },
    {
      "type": "Feature",
      "geometry": {
        "type": "Point",
        "coordinates": [
          121.65993,
          24.9915
        ]
      },
      "properties": {
        "館所名稱": "HA SOCK襪子娃娃專賣店",
        "建物屬性": "自然生態",
        "行政區": "石碇區",
        "地址": "新北市223石碇區碇坪路一段136-1號",
        "景點介紹": "石碇山城裡充滿童趣的襪子娃娃專賣店",
        "parking_score": 7.7,
        "nearest_parking": "{ \"area_name\": \"石碇區\", \"roadname\": \"石碇淡蘭藝文館\", \"distance_m\": 97 }",
        "toilet": true,
        "無障礙": true,
        "family": false,
        "steal_count": 0,
        "steal_score": 10,
        "hotel": false
      }
    },
    {
      "type": "Feature",
      "geometry": {
        "type": "Point",
        "coordinates": [
          121.82823,
          25.08833
        ]
      },
      "properties": {
        "館所名稱": "三個磅空自行車道",
        "建物屬性": "熱門景點",
        "行政區": "瑞芳區",
        "地址": "新北市224瑞芳區猴硐柴寮路北側外圍(福住隧道旁)",
        "景點介紹": "「三個磅空」(「三座山洞」的台語發音)因3個鐵道隧道(員山第一、二、三號隧道)連接在一起而得此名，為猴硐新興的自行車道。",
        "parking_score": 0.0,
        "nearest_parking": "{ \"area_name\": \"汐止區\", \"roadname\": \"新台五路二段\", \"distance_m\": 15069 }",
        "toilet": true,
        "無障礙": true,
        "family": false,
        "steal_count": 0,
        "steal_score": 10,
        "hotel": false
      }
    },
    {
      "type": "Feature",
      "geometry": {
        "type": "Point",
        "coordinates": [
          121.64831,
          25.21302
        ]
      },
      "properties": {
        "館所名稱": "萬里大鵬足湯公園",
        "建物屬性": "自然生態",
        "行政區": "萬里區",
        "地址": "新北市207萬里區加投路81號",
        "景點介紹": "青春山海線上的休足時間，YouBike站點串聯萬里金山",
        "parking_score": 1.8,
        "nearest_parking": "{ \"area_name\": \"金山區\", \"roadname\": \"中興路\", \"distance_m\": 860 }",
        "toilet": true,
        "無障礙": true,
        "family": false,
        "steal_count": 0,
        "steal_score": 10,
        "hotel": true
      }
    },
    {
      "type": "Feature",
      "geometry": {
        "type": "Point",
        "coordinates": [
          121.45894,
          25.064
        ]
      },
      "properties": {
        "館所名稱": "新莊晶冠廣場",
        "建物屬性": "熱門景點",
        "行政區": "新莊區",
        "地址": "新北市242新莊區五工路66號",
        "景點介紹": "全家大小合都適合的新莊娛樂休閒好去處",
        "parking_score": 9.0,
        "nearest_parking": "{ \"area_name\": \"新莊區\", \"roadname\": \"中央路\", \"distance_m\": 571 }",
        "toilet": true,
        "無障礙": true,
        "family": false,
        "steal_count": 1,
        "steal_score": 1,
        "hotel": true
      }
    },
    {
      "type": "Feature",
      "geometry": {
        "type": "Point",
        "coordinates": [
          121.44957,
          25.05968
        ]
      },
      "properties": {
        "館所名稱": "宏匯廣場",
        "建物屬性": "熱門景點",
        "行政區": "新莊區",
        "地址": "新北市242新莊區新北大道4段3號",
        "景點介紹": "新莊副都心首間購物中心，全方位的休憩天地",
        "parking_score": 10.0,
        "nearest_parking": "{ \"area_name\": \"新莊區\", \"roadname\": \"中央路\", \"distance_m\": 96 }",
        "toilet": false,
        "無障礙": false,
        "family": false,
        "steal_count": 2,
        "steal_score": 1,
        "hotel": true
      }
    },
    {
      "type": "Feature",
      "geometry": {
        "type": "Point",
        "coordinates": [
          121.40018,
          25.15031
        ]
      },
      "properties": {
        "館所名稱": "八里商港公園",
        "建物屬性": "熱門景點",
        "行政區": "八里區",
        "地址": "新北市249八里區八里區商港八路",
        "景點介紹": "全臺首座地景無障礙公園，以鯨魚為主題所設計的特色親子公園，磨石子溜滑梯、盪鞦韆，攀岩石與鯨魚結合，整個遊戲場就像海洋世界、不僅一般小朋友能使用，透過無障礙通道，輪椅使用者也可以盡情遊玩。",
        "parking_score": 10.0,
        "nearest_parking": "{ \"area_name\": \"八里區\", \"roadname\": \"商港一路\", \"distance_m\": 18 }",
        "toilet": false,
        "無障礙": false,
        "family": false,
        "steal_count": 2,
        "steal_score": 1,
        "hotel": false
      }
    },
    {
      "type": "Feature",
      "geometry": {
        "type": "Point",
        "coordinates": [
          121.54323,
          24.93014
        ]
      },
      "properties": {
        "館所名稱": "文山農場",
        "建物屬性": "自然生態",
        "行政區": "新店區",
        "地址": "新北市231新店區湖子內路100號",
        "景點介紹": "合家歡的休閒農場，臺灣製茶技術的研發重鎮",
        "parking_score": 0.0,
        "nearest_parking": "{ \"area_name\": \"新店區\", \"roadname\": \"竹林路2巷\", \"distance_m\": 2338 }",
        "toilet": false,
        "無障礙": false,
        "family": false,
        "steal_count": 0,
        "steal_score": 10,
        "hotel": false
      }
    },
    {
      "type": "Feature",
      "geometry": {
        "type": "Point",
        "coordinates": [
          121.49818,
          24.98453
        ]
      },
      "properties": {
        "館所名稱": "國旗嶺",
        "建物屬性": "自然生態",
        "行政區": "中和區",
        "地址": "新北市235中和區中興街263巷38號",
        "景點介紹": "退出聯合國的那一年，飄揚於山頭上的國旗",
        "parking_score": 10.0,
        "nearest_parking": "{ \"area_name\": \"中和區\", \"roadname\": \"復興路\", \"distance_m\": 666 }",
        "toilet": false,
        "無障礙": false,
        "family": false,
        "steal_count": 1,
        "steal_score": 1,
        "hotel": false
      }
    },
    {
      "type": "Feature",
      "geometry": {
        "type": "Point",
        "coordinates": [
          121.68064,
          25.0412
        ]
      },
      "properties": {
        "館所名稱": "四分尾山",
        "建物屬性": "熱門景點",
        "行政區": "汐止區",
        "地址": "新北市221汐止區石汐路",
        "景點介紹": "四分尾山位於汐止鬧區南方的山系，得名於其如四面金塔形的山勢，是周遭四個聚落的界山，另有一別稱為茄苳腳山，從天秀宮登山口出發單程約2.8公里，途中會先經過知名的小百岳-汐止大尖山。相較於標高400多公尺高的大尖山，四分尾山依著641公尺的海拔高度，享有更接近天空的遼闊，天氣晴朗的日子裡，不僅能欣賞臺北市區的城市景色，向東北方望去，基隆港、基隆嶼也儼然在視野內，四分尾山也是昔日往來汐止、石碇與南港地區的必經之路，欣賞美景之餘也踏查了先人的足跡。",
        "parking_score": 0.0,
        "nearest_parking": "{ \"area_name\": \"汐止區\", \"roadname\": \"新台五路二段\", \"distance_m\": 2793 }",
        "toilet": false,
        "無障礙": false,
        "family": false,
        "steal_count": 0,
        "steal_score": 10,
        "hotel": false
      }
    },
    {
      "type": "Feature",
      "geometry": {
        "type": "Point",
        "coordinates": [
          121.55136,
          24.86192
        ]
      },
      "properties": {
        "館所名稱": "烏來覽勝大橋",
        "建物屬性": "熱門景點",
        "行政區": "烏來區",
        "地址": "新北市233烏來區攬勝大橋",
        "景點介紹": "編織意象的菱形鋼樑，交織烏來的老街與溫泉",
        "parking_score": 0.0,
        "nearest_parking": "{ \"area_name\": \"新店區\", \"roadname\": \"竹林路2巷\", \"distance_m\": 9796 }",
        "toilet": true,
        "無障礙": true,
        "family": false,
        "steal_count": 1,
        "steal_score": 1,
        "hotel": true
      }
    },
    {
      "type": "Feature",
      "geometry": {
        "type": "Point",
        "coordinates": [
          121.55105,
          24.93416
        ]
      },
      "properties": {
        "館所名稱": "花園新城",
        "建物屬性": "自然生態",
        "行政區": "新店區",
        "地址": "新北市231新店區新北市新店區花園一路一段2號",
        "景點介紹": "依山而築的「花園新城」社區，擁有豐饒的自然環境，住著多位文學藝術創作者，透過蘭溪人文自然發展協會的營造，使社區成為一座藝術村，不定期舉辦展覽與講座，每年4、5月油桐花飄落、蘭溪畔螢火蟲飛舞時，更舉辦「花蟲季」活動，將社區豐富的人文藝術與生態資源分享出去。",
        "parking_score": 0.0,
        "nearest_parking": "{ \"area_name\": \"新店區\", \"roadname\": \"竹林路2巷\", \"distance_m\": 1797 }",
        "toilet": false,
        "無障礙": false,
        "family": false,
        "steal_count": 0,
        "steal_score": 10,
        "hotel": false
      }
    },
    {
      "type": "Feature",
      "geometry": {
        "type": "Point",
        "coordinates": [
          121.67997,
          24.91459
        ]
      },
      "properties": {
        "館所名稱": "金瓜寮溪自行車道",
        "建物屬性": "熱門景點",
        "行政區": "坪林區",
        "地址": "新北市232坪林區金瓜寮",
        "景點介紹": "騎鐵馬穿過茶園村落，盡情享受沿途明媚風光",
        "parking_score": 0.0,
        "nearest_parking": "{ \"area_name\": \"坪林區\", \"roadname\": \"北宜路八段\", \"distance_m\": 3365 }",
        "toilet": true,
        "無障礙": false,
        "family": false,
        "steal_count": 0,
        "steal_score": 10,
        "hotel": false
      }
    },
    {
      "type": "Feature",
      "geometry": {
        "type": "Point",
        "coordinates": [
          121.50774,
          25.24899
        ]
      },
      "properties": {
        "館所名稱": "三芝遊客中心及名人文物館",
        "建物屬性": "自然生態",
        "行政區": "三芝區",
        "地址": "新北市252三芝區埔坪里埔頭坑164-2號",
        "景點介紹": "三芝遊客中心位於群山環繞的山坡地上，全區視野遼闊，除了提供遊客舒適寬敞的休憩空間，也可進行旅遊諮詢、展場介紹與資料索取，方便又多元。名人文物館展示三芝四位名人的生平貢獻，有一代名醫杜聰明、臺灣首位國際作曲家江文也、第一位直選總統李登輝、政治先鋒盧修一，藉著他們的生平故事，彰顯了三芝地靈人傑出名人的好風光。",
        "parking_score": 0.0,
        "nearest_parking": "{ \"area_name\": \"淡水區\", \"roadname\": \"義山路二段\", \"distance_m\": 8961 }",
        "toilet": true,
        "無障礙": true,
        "family": false,
        "steal_count": 0,
        "steal_score": 10,
        "hotel": false
      }
    },
    {
      "type": "Feature",
      "geometry": {
        "type": "Point",
        "coordinates": [
          121.40312,
          24.95593
        ]
      },
      "properties": {
        "館所名稱": "台灣原住民族企業社(瑪伐流國際工藝社)",
        "建物屬性": "藝文古蹟",
        "行政區": "樹林區",
        "地址": "新北市238樹林區柑園街一段133巷6號B棟",
        "景點介紹": "台灣原住民族文化工藝品:古埃及流傳東方民族民族古董及琉璃珠",
        "parking_score": 0.0,
        "nearest_parking": "{ \"area_name\": \"土城區\", \"roadname\": \"中央路四段125巷\", \"distance_m\": 1354 }",
        "toilet": false,
        "無障礙": false,
        "family": false,
        "steal_count": 1,
        "steal_score": 1,
        "hotel": false
      }
    },
    {
      "type": "Feature",
      "geometry": {
        "type": "Point",
        "coordinates": [
          121.67719,
          25.01064
        ]
      },
      "properties": {
        "館所名稱": "文山煤礦公車站",
        "建物屬性": "自然生態",
        "行政區": "石碇區",
        "地址": "新北市223石碇區番子坑",
        "景點介紹": "舊候車亭大變身，復刻在地礦業歷史",
        "parking_score": 0.0,
        "nearest_parking": "{ \"area_name\": \"石碇區\", \"roadname\": \"湳窟路\", \"distance_m\": 2578 }",
        "toilet": false,
        "無障礙": false,
        "family": false,
        "steal_count": 0,
        "steal_score": 10,
        "hotel": false
      }
    },
    {
      "type": "Feature",
      "geometry": {
        "type": "Point",
        "coordinates": [
          121.42334,
          25.05091
        ]
      },
      "properties": {
        "館所名稱": "瓊仔湖公園步道",
        "建物屬性": "熱門景點",
        "行政區": "泰山區",
        "地址": "新北市243泰山區黎明路",
        "景點介紹": "瓊仔湖登山步道位在新北市泰山區，步道全長為兩公里，因位在林口台地與大台北盆地交接之地，擁有眾多自然景觀特色，步行單程約需一個半小時，中途可至瓊仔湖福德宮及涼亭休憩，瓊仔湖公園步道的入口位於黎明路旁的福德宮內，依山開闢的公園步道有階梯及木棧道，還能通往山頂腳山、山頂公園、頂泰山巖、義學坑等景點。漫步在充滿綠意的山林之間，沿途還會經過不少古蹟遺址，中途走累了，也有涼亭和廟宇可供短暫歇息，遊客可依據自己的體力狀況安排適當的步行距離。，即可到達山頂公園，此處有瞭望台可遠眺新莊、泰山、五股及新北市地區的優美景致。",
        "parking_score": 5.2,
        "nearest_parking": "{ \"area_name\": \"泰山區\", \"roadname\": \"明志路二段\", \"distance_m\": 535 }",
        "toilet": true,
        "無障礙": false,
        "family": false,
        "steal_count": 1,
        "steal_score": 1,
        "hotel": false
      }
    },
    {
      "type": "Feature",
      "geometry": {
        "type": "Point",
        "coordinates": [
          121.71855,
          25.03676
        ]
      },
      "properties": {
        "館所名稱": "菁桐古道",
        "建物屬性": "自然生態",
        "行政區": "平溪區",
        "地址": "新北市226平溪區菁桐古道",
        "景點介紹": "菁桐地區通往汐止的古道，山野鬱林具挑戰性",
        "parking_score": 0.0,
        "nearest_parking": "{ \"area_name\": \"汐止區\", \"roadname\": \"新台五路二段\", \"distance_m\": 5200 }",
        "toilet": false,
        "無障礙": false,
        "family": false,
        "steal_count": 0,
        "steal_score": 10,
        "hotel": false
      }
    },
    {
      "type": "Feature",
      "geometry": {
        "type": "Point",
        "coordinates": [
          121.43938,
          24.93621
        ]
      },
      "properties": {
        "館所名稱": "龍泉溪系步道",
        "建物屬性": "自然生態",
        "行政區": "三峽區",
        "地址": "新北市237三峽區龍泉溪步道",
        "景點介紹": "為龍泉溪兩旁，步道連結成福山與石門內尖山",
        "parking_score": 0.0,
        "nearest_parking": "{ \"area_name\": \"土城區\", \"roadname\": \"承天路\", \"distance_m\": 3101 }",
        "toilet": false,
        "無障礙": false,
        "family": false,
        "steal_count": 0,
        "steal_score": 10,
        "hotel": false
      }
    },
    {
      "type": "Feature",
      "geometry": {
        "type": "Point",
        "coordinates": [
          121.42821,
          25.18946
        ]
      },
      "properties": {
        "館所名稱": "公司田溪程氏古厝",
        "建物屬性": "自然生態",
        "行政區": "淡水區",
        "地址": "新北市251淡水區新民街一段138巷7號",
        "景點介紹": "典型的三合院建築，見證淡海的發展",
        "parking_score": 10.0,
        "nearest_parking": "{ \"area_name\": \"淡水區\", \"roadname\": \"無名\", \"distance_m\": 11 }",
        "toilet": true,
        "無障礙": false,
        "family": false,
        "steal_count": 0,
        "steal_score": 10,
        "hotel": false
      }
    },
    {
      "type": "Feature",
      "geometry": {
        "type": "Point",
        "coordinates": [
          121.48839,
          25.05788
        ]
      },
      "properties": {
        "館所名稱": "阮的肉干產業概念館",
        "建物屬性": "藝文古蹟",
        "行政區": "三重區",
        "地址": "新北市241三重區重新路4段27號",
        "景點介紹": "以新穎包裝傳統，結合飲食文化與在地美食",
        "parking_score": 10.0,
        "nearest_parking": "{ \"area_name\": \"三重區\", \"roadname\": \"過圳街\", \"distance_m\": 61 }",
        "toilet": true,
        "無障礙": true,
        "family": false,
        "steal_count": 36,
        "steal_score": 1,
        "hotel": true
      }
    },
    {
      "type": "Feature",
      "geometry": {
        "type": "Point",
        "coordinates": [
          121.34832,
          24.95078
        ]
      },
      "properties": {
        "館所名稱": "鶯歌陶趣家馬賽克DIY工坊",
        "建物屬性": "熱門景點",
        "行政區": "鶯歌區",
        "地址": "新北市239鶯歌區尖山埔路55巷6號",
        "景點介紹": "來到鶯歌除了體驗手拉坯及捏陶樂趣外，小朋友還能體驗有趣的馬賽克拼貼DIY，輕輕鬆鬆就能完成馬賽克相框或是鉛筆盒等創意文具。走進陶瓷老街巷弄中的陶趣家工坊，現場有親切的大姐姐老師指導，適合家長帶小朋友或是情侶檔前來，短短30分鐘的時間，發揮自己色彩及拼貼創意，輕輕鬆鬆就能把美麗的馬賽克作品帶回家紀念囉！",
        "parking_score": 10.0,
        "nearest_parking": "{ \"area_name\": \"鶯歌區\", \"roadname\": \"尖山路\", \"distance_m\": 157 }",
        "toilet": true,
        "無障礙": true,
        "family": false,
        "steal_count": 10,
        "steal_score": 1,
        "hotel": true
      }
    },
    {
      "type": "Feature",
      "geometry": {
        "type": "Point",
        "coordinates": [
          121.86456,
          25.0346
        ]
      },
      "properties": {
        "館所名稱": "林益和堂中藥店",
        "建物屬性": "熱門景點",
        "行政區": "雙溪區",
        "地址": "新北市227雙溪區長安街3號",
        "景點介紹": "位在雙溪老街的林益和堂中藥店，建於清同治年間，是由林燦廷中醫師在雙溪區所成立的中藥店，西式洋樓設計的建築中，還帶有古典的色彩，整體外觀美輪美奐，目前後代還是繼續在此營業。若要拍照，請先徵求屋主同意。",
        "parking_score": 0.0,
        "nearest_parking": "{ \"area_name\": \"坪林區\", \"roadname\": \"國中路\", \"distance_m\": 18542 }",
        "toilet": true,
        "無障礙": false,
        "family": false,
        "steal_count": 1,
        "steal_score": 1,
        "hotel": false
      }
    },
    {
      "type": "Feature",
      "geometry": {
        "type": "Point",
        "coordinates": [
          121.64028,
          25.22092
        ]
      },
      "properties": {
        "館所名稱": "金山慈護宮",
        "建物屬性": "自然生態",
        "行政區": "金山區",
        "地址": "新北市208金山區金包里街16號",
        "景點介紹": "金山人口中的「大廟」，供奉著金面媽祖",
        "parking_score": 10.0,
        "nearest_parking": "{ \"area_name\": \"金山區\", \"roadname\": \"中興路\", \"distance_m\": 199 }",
        "toilet": true,
        "無障礙": true,
        "family": false,
        "steal_count": 5,
        "steal_score": 1,
        "hotel": true
      }
    },
    {
      "type": "Feature",
      "geometry": {
        "type": "Point",
        "coordinates": [
          121.68549,
          25.19831
        ]
      },
      "properties": {
        "館所名稱": "野柳里登山步道",
        "建物屬性": "熱門景點",
        "行政區": "萬里區",
        "地址": "新北市207萬里區港東路6至8號間巷弄",
        "景點介紹": "步道長度約 0.97公里 ,步行時間約35分，屬親子級步道，鄰近野柳地質公園。",
        "parking_score": 0.0,
        "nearest_parking": "{ \"area_name\": \"金山區\", \"roadname\": \"中興路\", \"distance_m\": 4916 }",
        "toilet": false,
        "無障礙": false,
        "family": false,
        "steal_count": 0,
        "steal_score": 10,
        "hotel": false
      }
    },
    {
      "type": "Feature",
      "geometry": {
        "type": "Point",
        "coordinates": [
          121.63116,
          25.08499
        ]
      },
      "properties": {
        "館所名稱": "內溝山 翠湖步道",
        "建物屬性": "熱門景點",
        "行政區": "汐止區",
        "地址": "新北市221汐止區湖東街",
        "景點介紹": "連結汐止內溝山步道的翠湖步道，在桐花季時會吸引不少遊客前來踏青賞花，步道多為平緩好走的泥土路，可從內溝山步道第二登山口進入翠湖，翠湖步道原為早年的開礦連絡步道，在礦場廢止後一度荒廢，在經修繕後轉變成登山步道，步道沿途還可看到「北港二坑礦場遺址」，這裡是早年汐止重要的煤礦場，在廢棄後藤蔓逐漸掩蓋原本礦場的痕跡，目前僅能透過斷壁殘垣窺得當年礦場風華。另外還有曾為礦工用水堰塞湖的「翠湖」雖然在現在看起來小巧迷你，在當年卻是礦工極為重要的用水來源。",
        "parking_score": 0.5,
        "nearest_parking": "{ \"area_name\": \"汐止區\", \"roadname\": \"伯爵街\", \"distance_m\": 865 }",
        "toilet": false,
        "無障礙": false,
        "family": false,
        "steal_count": 0,
        "steal_score": 10,
        "hotel": false
      }
    },
    {
      "type": "Feature",
      "geometry": {
        "type": "Point",
        "coordinates": [
          121.51781,
          25.01584
        ]
      },
      "properties": {
        "館所名稱": "博愛藝術街",
        "建物屬性": "藝文古蹟",
        "行政區": "永和區",
        "地址": "新北市234永和區博愛街",
        "景點介紹": "社區營造的模範，漫步於美術館旁的鳳凰木道",
        "parking_score": 10.0,
        "nearest_parking": "{ \"area_name\": \"永和區\", \"roadname\": \"環河東路一段\", \"distance_m\": 164 }",
        "toilet": true,
        "無障礙": false,
        "family": false,
        "steal_count": 17,
        "steal_score": 1,
        "hotel": true
      }
    },
    {
      "type": "Feature",
      "geometry": {
        "type": "Point",
        "coordinates": [
          121.45042,
          25.17619
        ]
      },
      "properties": {
        "館所名稱": "淡江大學海事博物館",
        "建物屬性": "藝文古蹟",
        "行政區": "淡水區",
        "地址": "新北市251淡水區英專路151號",
        "景點介紹": "海事博物館位於美麗寬闊的淡江大學校園裡面，是一棟約莫五層樓高的船形建築，原本為淡江大學的商船學館，在民國79年的時候，改建為現今的海事博物館，並開始對外開放，讓遊客們有機會參觀欣賞，是國內首創的海事博物館。館中展示六十艘自十五至十七世紀的船隻模型，像是聖瑪莉號、鄭和寶船、鐵達尼號及尼米茲航空母艦等，並設有模擬輪機室及駕駛台，還有一座表面三千兩百平方吋，擁有兩萬個地名的地球儀，提供豐富的航海資訊。",
        "parking_score": 1.3,
        "nearest_parking": "{ \"area_name\": \"淡水區\", \"roadname\": \"北新路\", \"distance_m\": 442 }",
        "toilet": false,
        "無障礙": false,
        "family": false,
        "steal_count": 8,
        "steal_score": 1,
        "hotel": false
      }
    },
    {
      "type": "Feature",
      "geometry": {
        "type": "Point",
        "coordinates": [
          121.74071,
          24.95035
        ]
      },
      "properties": {
        "館所名稱": "虎寮潭吊橋",
        "建物屬性": "自然生態",
        "行政區": "坪林區",
        "地址": "新北市232坪林區虎寮潭",
        "景點介紹": "經由坪林市區行駛坪雙路，約至五公里處右轉行駛虎寮潭支線，約一公里即可到達虎寮潭吊橋，即可自在地欣賞吊橋之美及聆聽北勢溪潺潺之音。群山環繞，形成宛若狗齒般的形狀，奇形怪狀的溪石與靜謐的溪水形成強烈對比。環顧四周都是碧綠溪水，低頭一望就能看見溪中自在悠游的魚群，隨意按下快門都是漂亮的照片。虎寮潭吊橋是坪林地區著名的吊橋，位於虎寮潭橋上游，總長為110公尺，為早期先民跋山涉水常用之橋。",
        "parking_score": 0.0,
        "nearest_parking": "{ \"area_name\": \"坪林區\", \"roadname\": \"國中路\", \"distance_m\": 3017 }",
        "toilet": false,
        "無障礙": false,
        "family": false,
        "steal_count": 0,
        "steal_score": 10,
        "hotel": false
      }
    },
    {
      "type": "Feature",
      "geometry": {
        "type": "Point",
        "coordinates": [
          121.78287,
          25.11659
        ]
      },
      "properties": {
        "館所名稱": "四腳亭砲台",
        "建物屬性": "藝文古蹟",
        "行政區": "瑞芳區",
        "地址": "新北市224瑞芳區四腳亭",
        "景點介紹": "砲台位於四腳亭與基隆交界處，建於日據時代，主要是軍隊防禦營區，目前僅剩幾處營房遺跡及碉堡，營房多存殘破磚牆，碉堡由石材堆疊而成，基座則被樹木的根莖盤繞，目前新北市政府已經核定為新北市三級古蹟。",
        "parking_score": 0.0,
        "nearest_parking": "{ \"area_name\": \"汐止區\", \"roadname\": \"長興街二段\", \"distance_m\": 11569 }",
        "toilet": false,
        "無障礙": false,
        "family": false,
        "steal_count": 0,
        "steal_score": 10,
        "hotel": false
      }
    },
    {
      "type": "Feature",
      "geometry": {
        "type": "Point",
        "coordinates": [
          121.5007,
          25.25869
        ]
      },
      "properties": {
        "館所名稱": "二號倉庫．文創",
        "建物屬性": "熱門景點",
        "行政區": "三芝區",
        "地址": "新北市252三芝區中山路一段4號(三芝農會旁)",
        "景點介紹": "原是農會破舊不堪的倉庫，在農委會政策及在地的藝術家協助下，蛻變為具休閒人文特色的藝文展覽館，展示三芝區藝術家的創作，是個可以盡情欣賞手工藝品、裝置藝術、陶藝品的地方。充滿人文藝術氣息的一號倉庫，室內溫馨的燈光、舒適的座位，與三芝純樸的風味，形成一種悠閒雅緻的氣息。",
        "parking_score": 0.0,
        "nearest_parking": "{ \"area_name\": \"淡水區\", \"roadname\": \"崁頂二路\", \"distance_m\": 9129 }",
        "toilet": true,
        "無障礙": true,
        "family": false,
        "steal_count": 0,
        "steal_score": 10,
        "hotel": false
      }
    },
    {
      "type": "Feature",
      "geometry": {
        "type": "Point",
        "coordinates": [
          121.50904,
          25.24926
        ]
      },
      "properties": {
        "館所名稱": "源興居",
        "建物屬性": "自然生態",
        "行政區": "三芝區",
        "地址": "新北市252三芝區埔坪里埔頭坑 164-2 號",
        "景點介紹": "從三芝遊客中心的生態池，沿著道路步行約2分鐘，便可抵達源興居。源興居位於三芝遊客中心正後方，是李前總統登輝先生的故居，因而吸引很多遊客前來駐足參觀。主體建築為傳統式閩南三合院建築，黑瓦磚牆，保存十分完好，整體風格展現古樸典雅的風韻，四周老榕成蔭，坐在樹下石椅上欣賞百年古厝，頗有思古之幽情。而步道路線的設計，則是以讓遊客更方便遊覽整個源興居為概念，是兼具休閒、知性的旅遊好去處。",
        "parking_score": 0.0,
        "nearest_parking": "{ \"area_name\": \"淡水區\", \"roadname\": \"義山路二段\", \"distance_m\": 9081 }",
        "toilet": true,
        "無障礙": true,
        "family": false,
        "steal_count": 1,
        "steal_score": 1,
        "hotel": false
      }
    },
    {
      "type": "Feature",
      "geometry": {
        "type": "Point",
        "coordinates": [
          121.8395,
          25.03361
        ]
      },
      "properties": {
        "館所名稱": "軟橋段親水公園",
        "建物屬性": "熱門景點",
        "行政區": "雙溪區",
        "地址": "新北市227雙溪區新寮子",
        "景點介紹": "位於基福公路平林段旁的軟橋段親水公園，不但景色優美、溪水清澈，加上是以生態工法建置，且封溪禁漁有成，已成為適合全家大小賞魚、戲水的好去處。也可經由稻田旁步道連接蓮花園與自行車步道，來欣賞蓮花或親子自行車騎遊。由於園區地點相當方便，每逢假日，常見遊客駐足休憩賞景，已成為雙溪區夏日避暑、戲水、賞花、自行車騎遊的熱門景點。",
        "parking_score": 0.0,
        "nearest_parking": "{ \"area_name\": \"坪林區\", \"roadname\": \"國中路\", \"distance_m\": 16448 }",
        "toilet": false,
        "無障礙": false,
        "family": false,
        "steal_count": 0,
        "steal_score": 10,
        "hotel": false
      }
    },
    {
      "type": "Feature",
      "geometry": {
        "type": "Point",
        "coordinates": [
          121.54871,
          25.2897
        ]
      },
      "properties": {
        "館所名稱": "石門風箏公園",
        "建物屬性": "熱門景點",
        "行政區": "石門區",
        "地址": "新北市253石門區老梅社區老梅溪旁",
        "景點介紹": "位於石門老梅附近的石門風箏公園，佔地約6公頃，是東南亞地區最符合風箏放飛與國際競賽的場地，緣起於石門區歷年來舉辦的年度大節慶－石門風箏節。舉辦至今，每年吸引許多國內、外風箏好手共襄盛舉，為當地帶來不少觀光效益。藉由風箏公園之設立，讓國內、外風箏好手甚至親子、情侶，隨時都能有適合的放風箏場地，享受乘風樂趣。",
        "parking_score": 0.0,
        "nearest_parking": "{ \"area_name\": \"金山區\", \"roadname\": \"中山路\", \"distance_m\": 11011 }",
        "toilet": true,
        "無障礙": true,
        "family": false,
        "steal_count": 0,
        "steal_score": 10,
        "hotel": false
      }
    },
    {
      "type": "Feature",
      "geometry": {
        "type": "Point",
        "coordinates": [
          121.4551,
          25.19864
        ]
      },
      "properties": {
        "館所名稱": "台灣不二衛生套知識館",
        "建物屬性": "熱門景點",
        "行政區": "淡水區",
        "地址": "新北市251淡水區行忠路132號",
        "景點介紹": "本館以衛教宣導為目的，透過產業觀光，在輕鬆導覽中，融入完整健康教育，讓禁忌話題不再難以啟齒，而是健康可討論的知識，在歡樂知性學習過程中，傳達衛生套「保護自己與尊重對方」的兩性教育。",
        "parking_score": 0.0,
        "nearest_parking": "{ \"area_name\": \"淡水區\", \"roadname\": \"新市二路四段230巷\", \"distance_m\": 1292 }",
        "toilet": true,
        "無障礙": false,
        "family": false,
        "steal_count": 0,
        "steal_score": 10,
        "hotel": false
      }
    },
    {
      "type": "Feature",
      "geometry": {
        "type": "Point",
        "coordinates": [
          121.44806,
          25.02114
        ]
      },
      "properties": {
        "館所名稱": "湳仔溝鐵馬驛站",
        "建物屬性": "熱門景點",
        "行政區": "板橋區",
        "地址": "新北市220板橋區環河西路五段500號",
        "景點介紹": "原身是位於大漢溪右岸、湳仔溝自行車道沿線的湳仔溝抽水站，為提供鐵馬族休憩將部分空間改造為鐵馬驛站，可沿著指標透過雙溪口防汛陸橋跨堤進入驛站內，驛站提供廁所、充氣及加水等服務，進入室內休息區還可以一邊休息一邊認識過去板橋湳仔溝的在地故事呢。不過啊，最吸睛的莫屬這高26公尺，寬18公尺的彩繪牆，以世界名著小王子為主題，可愛的小王子、狐狸與玫瑰在這B612星球等待大家的到來！ （照片：新北市政府水利局提供）",
        "parking_score": 10.0,
        "nearest_parking": "{ \"area_name\": \"板橋區\", \"roadname\": \"永翠路\", \"distance_m\": 448 }",
        "toilet": false,
        "無障礙": false,
        "family": false,
        "steal_count": 9,
        "steal_score": 1,
        "hotel": false
      }
    },
    {
      "type": "Feature",
      "geometry": {
        "type": "Point",
        "coordinates": [
          121.43028,
          25.16072
        ]
      },
      "properties": {
        "館所名稱": "永續環境教育中心",
        "建物屬性": "自然生態",
        "行政區": "八里區",
        "地址": "新北市249八里區觀海大道36號",
        "景點介紹": "鑒於全球暖化、氣候變遷、節能減碳已為當前全世界共同關注的議題,也是國家重要政策,深感環境教育自幼扎根的迫切性與重要性,2007年新北市政府教育局開始籌備「新北市永續環 境教育中心」,並於2008 年1月19日正式開館,作為新北市長期推展永續環境教育、保育與研究的中樞。 位居新北市〝挖仔尾〞，即八里渡船頭附近自然保留區域內，原為『八里左岸會館』，今與學術團體合作，將環境教育與學校教育課程融合，提供學校學生實地環境教育教材。中心結合新北市各區中小學學校以永續校園、濕地生態、低碳學校、海洋環境及生態循環等主軸推動環境教育。 中心結合新北市各區中小學學校以永續校園、濕地生態、低碳學校、海洋環境及生態循環等主軸推動環境教育，引導學童將節能省碳落實於日常生活，進而將環保意識帶入家庭之中，推動全民做環保的...",
        "parking_score": 10.0,
        "nearest_parking": "{ \"area_name\": \"八里區\", \"roadname\": \"忠孝路\", \"distance_m\": 117 }",
        "toilet": true,
        "無障礙": true,
        "family": false,
        "steal_count": 0,
        "steal_score": 10,
        "hotel": false
      }
    },
    {
      "type": "Feature",
      "geometry": {
        "type": "Point",
        "coordinates": [
          121.37539,
          24.94635
        ]
      },
      "properties": {
        "館所名稱": "北大特區藝術大道",
        "建物屬性": "藝文古蹟",
        "行政區": "三峽區",
        "地址": "新北市237三峽區學勤路",
        "景點介紹": "臺北大學三峽校區周邊的新市鎮發展十分蓬勃，美輪美奐的住宅大廈林立，道路寬敞，綠樹成蔭。特別是自臺北大學正門外的學勤路，依著一整排住宅大樓外而建的人行藝術大道，總長約1.2公里，當地居民喜歡午後來此散步漫走。整條藝術大道與鶯歌陶瓷博物館合作，每走幾步就能欣賞由小朋友創作的馬賽克拼貼作品，讓這條大道變得充滿藝術感。另外藝術大道上還有海洋公園及特色公園，走累了可以坐在公園裡小歇片刻，而在各大樓建築間還設有名為松、竹、梅的特色步行街廓，儼然成為北大特區最迷人的景點。",
        "parking_score": 10.0,
        "nearest_parking": "{ \"area_name\": \"樹林區\", \"roadname\": \"學勤路\", \"distance_m\": 2 }",
        "toilet": false,
        "無障礙": false,
        "family": false,
        "steal_count": 13,
        "steal_score": 1,
        "hotel": true
      }
    },
    {
      "type": "Feature",
      "geometry": {
        "type": "Point",
        "coordinates": [
          121.51231,
          25.25516
        ]
      },
      "properties": {
        "館所名稱": "芝柏藝術村",
        "建物屬性": "自然生態",
        "行政區": "三芝區",
        "地址": "新北市252三芝區芝柏路",
        "景點介紹": "芝柏山莊其實是三芝一處大型社區，社區最著名的，莫過於李天祿布袋戲文物館。芝柏村的知名度，也因越來越多的藝術創作者進駐，每一棟藝術家的家各具特色，把整個芝柏社區裝扮地美輪美奐，藝術氣息濃厚。知名度頗高的芝柏山莊，有許多藝術工作者在這裡設立工作室，幽靜的社區中，散發出與眾不同的藝術氣息。",
        "parking_score": 0.0,
        "nearest_parking": "{ \"area_name\": \"淡水區\", \"roadname\": \"崁頂二路\", \"distance_m\": 9745 }",
        "toilet": true,
        "無障礙": false,
        "family": false,
        "steal_count": 0,
        "steal_score": 10,
        "hotel": false
      }
    },
    {
      "type": "Feature",
      "geometry": {
        "type": "Point",
        "coordinates": [
          121.7488,
          25.03092
        ]
      },
      "properties": {
        "館所名稱": "蔡家洋樓",
        "建物屬性": "熱門景點",
        "行政區": "平溪區",
        "地址": "新北市226平溪區嶺腳里嶺腳街(嶺腳車站附近)",
        "景點介紹": "位於嶺腳車站後方的蔡家洋樓，是棟美麗的紅磚建築，眼尖的遊客或許能發現，其實有不少電視劇都曾在這裡取景，尤其洋樓有著圓拱型的騎樓以及開闊庭院，想像裡面會住梳著油頭和旗袍的男女主人，超級適合拍攝三、四十年代的懷舊畫面。",
        "parking_score": 0.0,
        "nearest_parking": "{ \"area_name\": \"汐止區\", \"roadname\": \"新台五路二段\", \"distance_m\": 8051 }",
        "toilet": true,
        "無障礙": true,
        "family": false,
        "steal_count": 0,
        "steal_score": 10,
        "hotel": false
      }
    },
    {
      "type": "Feature",
      "geometry": {
        "type": "Point",
        "coordinates": [
          121.43352,
          24.91779
        ]
      },
      "properties": {
        "館所名稱": "皇后鎮森林",
        "建物屬性": "自然生態",
        "行政區": "三峽區",
        "地址": "新北市237三峽區竹崙里竹崙路95巷1號",
        "景點介紹": "座落於新北市三峽區竹崙里山區，擁有得天獨厚的青山小溪，土壤肥沃，佔地約六甲，它被清澈如鏡的竹坑溪和群山美境圍繞著。園區內提供法式料理美食、庭園景觀座位區、溪邊座位區、游泳池、露營地等。徜徉在青山綠水之中，怡然自得的休閒度假氣氛油然而生，來到皇后鎮，讓人忍不住想放鬆心情、卸下平日生活的繁雜瑣事。",
        "parking_score": 0.0,
        "nearest_parking": "{ \"area_name\": \"土城區\", \"roadname\": \"中央路四段125巷\", \"distance_m\": 4596 }",
        "toilet": false,
        "無障礙": false,
        "family": false,
        "steal_count": 0,
        "steal_score": 10,
        "hotel": false
      }
    },
    {
      "type": "Feature",
      "geometry": {
        "type": "Point",
        "coordinates": [
          121.38661,
          24.97411
        ]
      },
      "properties": {
        "館所名稱": "蓋淡坑遺址",
        "建物屬性": "自然生態",
        "行政區": "樹林區",
        "地址": "新北市238樹林區信和街49巷底",
        "景點介紹": "已有百年歷史的蓋淡坑自民國48年封坑後，在地方有心人士的整修下重見天日。蓋淡坑煤礦產量為當年山仔腳所有礦坑之冠，日人據台後，就因看上蓋淡坑的煤礦資源才興建山仔腳驛做為運輸煤礦的專用車站。蓋淡坑鼎盛時期，人數最多時高達千人以上。",
        "parking_score": 2.4,
        "nearest_parking": "{ \"area_name\": \"樹林區\", \"roadname\": \"中山路三段\", \"distance_m\": 510 }",
        "toilet": false,
        "無障礙": false,
        "family": false,
        "steal_count": 0,
        "steal_score": 10,
        "hotel": false
      }
    },
    {
      "type": "Feature",
      "geometry": {
        "type": "Point",
        "coordinates": [
          121.77616,
          25.04129
        ]
      },
      "properties": {
        "館所名稱": "靜安吊橋",
        "建物屬性": "熱門景點",
        "行政區": "平溪區",
        "地址": "新北市226平溪區十分車站旁",
        "景點介紹": "吊橋全長128公尺，是十分里與南山里的連絡橋樑。建造於民國36年(西元1947年)，當時是為了運送煤礦而興建此橋。煤礦停採後，經過整修後，改為讓行人通行的吊橋。位置靠近十分火車站與老街，底下是基隆河，藍白顏色的吊橋，也成了旅客「到此一遊」的熱門拍照景點。",
        "parking_score": 0.0,
        "nearest_parking": "{ \"area_name\": \"汐止區\", \"roadname\": \"新台五路二段\", \"distance_m\": 10118 }",
        "toilet": true,
        "無障礙": true,
        "family": false,
        "steal_count": 0,
        "steal_score": 10,
        "hotel": false
      }
    },
    {
      "type": "Feature",
      "geometry": {
        "type": "Point",
        "coordinates": [
          121.36408,
          25.06974
        ]
      },
      "properties": {
        "館所名稱": "新北市立圖書館林口分館",
        "建物屬性": "熱門景點",
        "行政區": "林口區",
        "地址": "新北市244林口區忠孝二路55號4-5樓",
        "景點介紹": "破除圖書館給人的制式沉悶印象，新北市立圖書館林口分館打造出了一個簡約溫馨的閱讀空間，用黑、白、灰三色為基底色調設計，搭配北歐風格的桌椅，圖書館儼然成為一個有居家舒適感的美好場域。這裡的書櫃間距寬敞、書架高度也特別設計在130公分以下，除了通行更方便，取書也較容易，並讓整體空間感更加遼闊。最令人印象深刻的則是館內的巨型書牆，長度達36公尺，號稱是全台最長的書牆，它採用弧形設計，加上挑高典雅的跨樓層階梯書牆，不但讓豐富藏書一目了然，也呈現了書本擺放的極致美感。目前館內規劃有兒童室、慢讀區、閱讀區、樂齡區、期刊書報區、筆電區與休閒閱讀區等，共計約有十六萬本藏書，而藏書資源也將不斷更新。館內設置多處明亮舒適的閱讀空間，桌上也都設有USB充電孔設備，方便貼心的設計在館內處處皆看得到，無論是想要一個人靜...",
        "parking_score": 10.0,
        "nearest_parking": "{ \"area_name\": \"林口區\", \"roadname\": \"文化三路一段\", \"distance_m\": 175 }",
        "toilet": true,
        "無障礙": true,
        "family": false,
        "steal_count": 4,
        "steal_score": 1,
        "hotel": false
      }
    },
    {
      "type": "Feature",
      "geometry": {
        "type": "Point",
        "coordinates": [
          121.58338,
          24.95851
        ]
      },
      "properties": {
        "館所名稱": "銀河洞登山步道",
        "建物屬性": "熱門景點",
        "行政區": "新店區",
        "地址": "新北市231新店區銀河路",
        "景點介紹": "由山腰斷崖直下的飛瀑，空靈唯美的景色深受旅人歡迎",
        "parking_score": 0.0,
        "nearest_parking": "{ \"area_name\": \"新店區\", \"roadname\": \"北宜路二段\", \"distance_m\": 1427 }",
        "toilet": false,
        "無障礙": false,
        "family": false,
        "steal_count": 0,
        "steal_score": 10,
        "hotel": false
      }
    },
    {
      "type": "Feature",
      "geometry": {
        "type": "Point",
        "coordinates": [
          121.6421,
          25.09504
        ]
      },
      "properties": {
        "館所名稱": "拱北殿",
        "建物屬性": "熱門景點",
        "行政區": "汐止區",
        "地址": "新北市221汐止區栱內里1鄰汐萬路三段88號",
        "景點介紹": "充滿日式與中國風情的百年古剎，是每年賞楓熱門之地",
        "parking_score": 2.0,
        "nearest_parking": "{ \"area_name\": \"汐止區\", \"roadname\": \"汐萬路三段\", \"distance_m\": 385 }",
        "toilet": true,
        "無障礙": false,
        "family": false,
        "steal_count": 0,
        "steal_score": 10,
        "hotel": false
      }
    },
    {
      "type": "Feature",
      "geometry": {
        "type": "Point",
        "coordinates": [
          121.5365,
          24.95599
        ]
      },
      "properties": {
        "館所名稱": "碧潭風景區",
        "建物屬性": "熱門景點",
        "行政區": "新店區",
        "地址": "新北市231新店區新店路",
        "景點介紹": "體驗划船樂趣、騎單車遊河岸，享受夜晚浪漫燈火",
        "parking_score": 10.0,
        "nearest_parking": "{ \"area_name\": \"新店區\", \"roadname\": \"北宜路一段\", \"distance_m\": 195 }",
        "toilet": true,
        "無障礙": true,
        "family": false,
        "steal_count": 3,
        "steal_score": 1,
        "hotel": true
      }
    },
    {
      "type": "Feature",
      "geometry": {
        "type": "Point",
        "coordinates": [
          121.49767,
          24.97186
        ]
      },
      "properties": {
        "館所名稱": "烘爐地南山福德宮",
        "建物屬性": "熱門景點",
        "行政區": "中和區",
        "地址": "新北市235中和區興南路二段399巷160之1號 ",
        "景點介紹": "為賞夜景的知名勝地，也是北臺灣求財最旺的土地公廟",
        "parking_score": 0.0,
        "nearest_parking": "{ \"area_name\": \"中和區\", \"roadname\": \"工專路\", \"distance_m\": 1361 }",
        "toilet": true,
        "無障礙": false,
        "family": false,
        "steal_count": 0,
        "steal_score": 10,
        "hotel": false
      }
    },
    {
      "type": "Feature",
      "geometry": {
        "type": "Point",
        "coordinates": [
          121.3925,
          24.97281
        ]
      },
      "properties": {
        "館所名稱": "山佳車站",
        "建物屬性": "自然生態",
        "行政區": "樹林區",
        "地址": "新北市238樹林區中山路三段108號",
        "景點介紹": "昔日運煤的典雅車站，如今成為受歡迎的拍照古蹟景點",
        "parking_score": 7.1,
        "nearest_parking": "{ \"area_name\": \"樹林區\", \"roadname\": \"中山路三段\", \"distance_m\": 164 }",
        "toilet": true,
        "無障礙": true,
        "family": false,
        "steal_count": 0,
        "steal_score": 10,
        "hotel": false
      }
    },
    {
      "type": "Feature",
      "geometry": {
        "type": "Point",
        "coordinates": [
          121.37023,
          24.934
        ]
      },
      "properties": {
        "館所名稱": "三峽清水祖師廟",
        "建物屬性": "藝文古蹟",
        "行政區": "三峽區",
        "地址": "新北市237三峽區秀川里長福街1號",
        "景點介紹": "「東方藝術殿堂」之稱，展現東方宗教藝術之美",
        "parking_score": 10.0,
        "nearest_parking": "{ \"area_name\": \"三峽區\", \"roadname\": \"中山路\", \"distance_m\": 88 }",
        "toilet": true,
        "無障礙": true,
        "family": false,
        "steal_count": 29,
        "steal_score": 1,
        "hotel": false
      }
    },
    {
      "type": "Feature",
      "geometry": {
        "type": "Point",
        "coordinates": [
          121.49106,
          25.21262
        ]
      },
      "properties": {
        "館所名稱": "緣道觀音廟",
        "建物屬性": "熱門景點",
        "行政區": "淡水區",
        "地址": "新北市251淡水區蕃薯里安子內3號",
        "景點介紹": "緣道觀音廟位於新北市淡水，風景清幽如世外桃源，可遠眺臺灣海峽落日餘暉與海天一線之美景，或將大屯山及七星山美景盡收眼底，置身其中，令人身心舒暢。緣道觀音廟為仿唐式建築，在優雅森林山谷間透露出自然的古樸感。戶外綠意盎然，有瀑布、小橋流水以及步道等造景，更有全球首座三十三尊觀音石雕庭園。近年廟方興建中的「淡水 &bull;千手千眼觀世音菩薩聖像」，於2019 年締造金氏世界紀錄「最大鋼製雕塑」的稱號，成為臺灣新地標。",
        "parking_score": 0.0,
        "nearest_parking": "{ \"area_name\": \"淡水區\", \"roadname\": \"新市二路四段230巷\", \"distance_m\": 5176 }",
        "toilet": false,
        "無障礙": false,
        "family": false,
        "steal_count": 0,
        "steal_score": 10,
        "hotel": false
      }
    },
    {
      "type": "Feature",
      "geometry": {
        "type": "Point",
        "coordinates": [
          121.36981,
          24.93377
        ]
      },
      "properties": {
        "館所名稱": "三峽老街",
        "建物屬性": "熱門景點",
        "行政區": "三峽區",
        "地址": "新北市237三峽區民權街37-147號",
        "景點介紹": "紅磚、拱廊與巴洛克式牌樓，慢步品味靜謐古街",
        "parking_score": 10.0,
        "nearest_parking": "{ \"area_name\": \"三峽區\", \"roadname\": \"中山路\", \"distance_m\": 76 }",
        "toilet": true,
        "無障礙": true,
        "family": false,
        "steal_count": 29,
        "steal_score": 1,
        "hotel": false
      }
    },
    {
      "type": "Feature",
      "geometry": {
        "type": "Point",
        "coordinates": [
          121.45459,
          25.01113
        ]
      },
      "properties": {
        "館所名稱": "林本源園邸",
        "建物屬性": "藝文古蹟",
        "行政區": "板橋區",
        "地址": "新北市220板橋區西門街9號",
        "景點介紹": "仿蘇州留園的設計，是目前臺灣僅存最完整的園林古蹟",
        "parking_score": 10.0,
        "nearest_parking": "{ \"area_name\": \"板橋區\", \"roadname\": \"中正路1巷\", \"distance_m\": 34 }",
        "toilet": true,
        "無障礙": false,
        "family": false,
        "steal_count": 56,
        "steal_score": 1,
        "hotel": true
      }
    },
    {
      "type": "Feature",
      "geometry": {
        "type": "Point",
        "coordinates": [
          121.42859,
          25.17581
        ]
      },
      "properties": {
        "館所名稱": "滬尾藝文休閒園區",
        "建物屬性": "自然生態",
        "行政區": "淡水區",
        "地址": "新北市251淡水區中正路一段2號",
        "景點介紹": "自然友善的綠建築，共美、共學、共鳴的生活美術場域",
        "parking_score": 8.0,
        "nearest_parking": "{ \"area_name\": \"淡水區\", \"roadname\": \"中正路382號前迴轉道\", \"distance_m\": 17 }",
        "toilet": true,
        "無障礙": true,
        "family": false,
        "steal_count": 6,
        "steal_score": 1,
        "hotel": true
      }
    },
    {
      "type": "Feature",
      "geometry": {
        "type": "Point",
        "coordinates": [
          121.41147,
          25.18339
        ]
      },
      "properties": {
        "館所名稱": "淡水漁人碼頭(淡二漁港)",
        "建物屬性": "熱門景點",
        "行政區": "淡水區",
        "地址": "新北市251淡水區觀海路199號",
        "景點介紹": "欣賞絕美的夕陽，必看情人橋的浪漫夜景",
        "parking_score": 10.0,
        "nearest_parking": "{ \"area_name\": \"淡水區\", \"roadname\": \"觀海路\", \"distance_m\": 460 }",
        "toilet": true,
        "無障礙": false,
        "family": false,
        "steal_count": 6,
        "steal_score": 1,
        "hotel": false
      }
    },
    {
      "type": "Feature",
      "geometry": {
        "type": "Point",
        "coordinates": [
          121.45314,
          25.02733
        ]
      },
      "properties": {
        "館所名稱": "新月橋",
        "建物屬性": "熱門景點",
        "行政區": "板橋區",
        "地址": "新北市220板橋區環河道路",
        "景點介紹": "每晚絢爛的光雕秀，成為新莊、板橋一帶賞夜景的首選",
        "parking_score": 10.0,
        "nearest_parking": "{ \"area_name\": \"板橋區\", \"roadname\": \"中正路\", \"distance_m\": 278 }",
        "toilet": true,
        "無障礙": false,
        "family": false,
        "steal_count": 17,
        "steal_score": 1,
        "hotel": false
      }
    },
    {
      "type": "Feature",
      "geometry": {
        "type": "Point",
        "coordinates": [
          121.38941,
          25.0837
        ]
      },
      "properties": {
        "館所名稱": "竹林山觀音寺",
        "建物屬性": "自然生態",
        "行政區": "林口區",
        "地址": "新北市244林口區竹林路325號",
        "景點介紹": "香火鼎盛的宗教文化，信眾的信仰中心",
        "parking_score": 10.0,
        "nearest_parking": "{ \"area_name\": \"林口區\", \"roadname\": \"林口路\", \"distance_m\": 210 }",
        "toilet": false,
        "無障礙": false,
        "family": false,
        "steal_count": 17,
        "steal_score": 1,
        "hotel": false
      }
    },
    {
      "type": "Feature",
      "geometry": {
        "type": "Point",
        "coordinates": [
          121.4347,
          25.15844
        ]
      },
      "properties": {
        "館所名稱": "八里(渡船頭)老街",
        "建物屬性": "熱門景點",
        "行政區": "八里區",
        "地址": "新北市249八里區渡船頭街",
        "景點介紹": "清代中葉的北臺灣正口，老字號的美食值得一嘗",
        "parking_score": 7.4,
        "nearest_parking": "{ \"area_name\": \"八里區\", \"roadname\": \"龍米路二段\", \"distance_m\": 557 }",
        "toilet": true,
        "無障礙": true,
        "family": false,
        "steal_count": 0,
        "steal_score": 10,
        "hotel": false
      }
    },
    {
      "type": "Feature",
      "geometry": {
        "type": "Point",
        "coordinates": [
          121.43543,
          25.1743
        ]
      },
      "properties": {
        "館所名稱": "馬偕紀念館",
        "建物屬性": "熱門景點",
        "行政區": "淡水區",
        "地址": "新北市251淡水區真理街4巷2號",
        "景點介紹": "「寧願燒盡，不願鏽壞」，馬偕牧師在臺故居",
        "parking_score": 1.3,
        "nearest_parking": "{ \"area_name\": \"淡水區\", \"roadname\": \"中正路382號前迴轉道\", \"distance_m\": 544 }",
        "toilet": false,
        "無障礙": false,
        "family": false,
        "steal_count": 19,
        "steal_score": 1,
        "hotel": true
      }
    },
    {
      "type": "Feature",
      "geometry": {
        "type": "Point",
        "coordinates": [
          121.35977,
          24.94174
        ]
      },
      "properties": {
        "館所名稱": "新北市客家文化園區",
        "建物屬性": "自然生態",
        "行政區": "三峽區",
        "地址": "新北市237三峽區龍恩里隆恩街239號",
        "景點介紹": "土樓建築內體驗豐富的客家文化之美",
        "parking_score": 5.6,
        "nearest_parking": "{ \"area_name\": \"三峽區\", \"roadname\": \"大智路\", \"distance_m\": 491 }",
        "toilet": true,
        "無障礙": true,
        "family": false,
        "steal_count": 5,
        "steal_score": 1,
        "hotel": false
      }
    },
    {
      "type": "Feature",
      "geometry": {
        "type": "Point",
        "coordinates": [
          121.43994,
          25.17031
        ]
      },
      "properties": {
        "館所名稱": "淡水福佑宮",
        "建物屬性": "熱門景點",
        "行政區": "淡水區",
        "地址": "新北市251淡水區民安里中正路200號",
        "景點介紹": "昔日淡水街的中心，供奉媽祖鎮海護民",
        "parking_score": 0.2,
        "nearest_parking": "{ \"area_name\": \"淡水區\", \"roadname\": \"學府路\", \"distance_m\": 862 }",
        "toilet": true,
        "無障礙": true,
        "family": false,
        "steal_count": 18,
        "steal_score": 1,
        "hotel": true
      }
    },
    {
      "type": "Feature",
      "geometry": {
        "type": "Point",
        "coordinates": [
          121.42937,
          25.17922
        ]
      },
      "properties": {
        "館所名稱": "滬尾礮臺(新北市立淡水古蹟博物館)",
        "建物屬性": "藝文古蹟",
        "行政區": "淡水區",
        "地址": "新北市251淡水區中正路一段6巷34號",
        "景點介紹": "清末興建的西式礮臺，是過往保衛淡水港的重地",
        "parking_score": 10.0,
        "nearest_parking": "{ \"area_name\": \"淡水區\", \"roadname\": \"中正路382號前迴轉道\", \"distance_m\": 399 }",
        "toilet": false,
        "無障礙": false,
        "family": false,
        "steal_count": 11,
        "steal_score": 1,
        "hotel": true
      }
    },
    {
      "type": "Feature",
      "geometry": {
        "type": "Point",
        "coordinates": [
          121.44855,
          25.16925
        ]
      },
      "properties": {
        "館所名稱": "鄞山寺",
        "建物屬性": "自然生態",
        "行政區": "淡水區",
        "地址": "新北市251淡水區鄧公里鄧公路15號",
        "景點介紹": "主祀汀洲客家移民的守護神定光古佛，亦作為同鄉會館",
        "parking_score": 3.0,
        "nearest_parking": "{ \"area_name\": \"淡水區\", \"roadname\": \"學府路\", \"distance_m\": 87 }",
        "toilet": true,
        "無障礙": false,
        "family": false,
        "steal_count": 16,
        "steal_score": 1,
        "hotel": true
      }
    },
    {
      "type": "Feature",
      "geometry": {
        "type": "Point",
        "coordinates": [
          121.42664,
          25.04698
        ]
      },
      "properties": {
        "館所名稱": "明志書院",
        "建物屬性": "藝文古蹟",
        "行政區": "泰山區",
        "地址": "新北市243泰山區明志路二段276號",
        "景點介紹": "北臺灣第一所書院，新北文教史的瑰寶",
        "parking_score": 6.6,
        "nearest_parking": "{ \"area_name\": \"泰山區\", \"roadname\": \"明志路二段\", \"distance_m\": 12 }",
        "toilet": false,
        "無障礙": false,
        "family": false,
        "steal_count": 2,
        "steal_score": 1,
        "hotel": false
      }
    },
    {
      "type": "Feature",
      "geometry": {
        "type": "Point",
        "coordinates": [
          121.43465,
          25.06205
        ]
      },
      "properties": {
        "館所名稱": "泰山娃娃產業文化館",
        "建物屬性": "自然生態",
        "行政區": "泰山區",
        "地址": "新北市243泰山區楓江路26巷26號4樓",
        "景點介紹": "臺灣代工的輝煌時代，芭比娃娃的娘家",
        "parking_score": 7.3,
        "nearest_parking": "{ \"area_name\": \"泰山區\", \"roadname\": \"泰林路二段\", \"distance_m\": 152 }",
        "toilet": true,
        "無障礙": true,
        "family": false,
        "steal_count": 4,
        "steal_score": 1,
        "hotel": false
      }
    },
    {
      "type": "Feature",
      "geometry": {
        "type": "Point",
        "coordinates": [
          121.4204,
          24.97278
        ]
      },
      "properties": {
        "館所名稱": "鹿角溪人工濕地",
        "建物屬性": "自然生態",
        "行政區": "樹林區",
        "地址": "新北市238樹林區環河路",
        "景點介紹": "生機盎然的人工濕地，肩負淨化大漢溪水質的重任",
        "parking_score": 10.0,
        "nearest_parking": "{ \"area_name\": \"樹林區\", \"roadname\": \"八德街\", \"distance_m\": 199 }",
        "toilet": true,
        "無障礙": false,
        "family": false,
        "steal_count": 4,
        "steal_score": 1,
        "hotel": true
      }
    },
    {
      "type": "Feature",
      "geometry": {
        "type": "Point",
        "coordinates": [
          121.43974,
          25.08204
        ]
      },
      "properties": {
        "館所名稱": "五股夏綠地",
        "建物屬性": "自然生態",
        "行政區": "五股區",
        "地址": "新北市248五股區中興路四段1之6號",
        "景點介紹": "翻轉垃圾山，蛻變為兼具環保與藝術的綠地",
        "parking_score": 10.0,
        "nearest_parking": "{ \"area_name\": \"五股區\", \"roadname\": \"成泰路二段\", \"distance_m\": 247 }",
        "toilet": true,
        "無障礙": true,
        "family": false,
        "steal_count": 8,
        "steal_score": 1,
        "hotel": false
      }
    },
    {
      "type": "Feature",
      "geometry": {
        "type": "Point",
        "coordinates": [
          121.88754,
          25.12014
        ]
      },
      "properties": {
        "館所名稱": "南子吝步道",
        "建物屬性": "自然生態",
        "行政區": "瑞芳區",
        "地址": "新北市224瑞芳區南子吝步道",
        "景點介紹": "南雅漁港旁的親民山徑，漫步於山海之間",
        "parking_score": 0.0,
        "nearest_parking": "{ \"area_name\": \"汐止區\", \"roadname\": \"新台五路二段\", \"distance_m\": 21658 }",
        "toilet": false,
        "無障礙": false,
        "family": false,
        "steal_count": 0,
        "steal_score": 10,
        "hotel": false
      }
    },
    {
      "type": "Feature",
      "geometry": {
        "type": "Point",
        "coordinates": [
          121.45515,
          25.00149
        ]
      },
      "properties": {
        "館所名稱": "新北市立圖書館",
        "建物屬性": "藝文古蹟",
        "行政區": "板橋區",
        "地址": "新北市220板橋區貴興路139號",
        "景點介紹": "豐富的館藏與舒適的閱覽環境，是新北市的文化地標",
        "parking_score": 10.0,
        "nearest_parking": "{ \"area_name\": \"板橋區\", \"roadname\": \"貴興路\", \"distance_m\": 49 }",
        "toilet": true,
        "無障礙": true,
        "family": false,
        "steal_count": 52,
        "steal_score": 1,
        "hotel": true
      }
    },
    {
      "type": "Feature",
      "geometry": {
        "type": "Point",
        "coordinates": [
          121.85896,
          25.10659
        ]
      },
      "properties": {
        "館所名稱": "本山五坑",
        "建物屬性": "自然生態",
        "行政區": "瑞芳區",
        "地址": "新北市224瑞芳區金瓜石金光路8號(黃金博物館園區)",
        "景點介紹": "遊客進入黃金博物園區後，經過若沿著蜿蜒的輕便車軌道走向園區的盡頭時，拜訪者會發現往漆黑的枕木延伸的方向，遠遠可望見一位身著礦工制服與頭盔、左手提著電石燈的塑像「阿金伯」，站崗似地守在本山五坑入口處，在東北季風送來撲面的雨水中，用滿臉豪邁的笑容與掌心燈罩裡溫暖的暈黃，帶領拜訪者進入本山五坑，展開一場別開生面的採礦實境體驗。",
        "parking_score": 0.0,
        "nearest_parking": "{ \"area_name\": \"汐止區\", \"roadname\": \"新台五路二段\", \"distance_m\": 18495 }",
        "toilet": true,
        "無障礙": true,
        "family": false,
        "steal_count": 0,
        "steal_score": 10,
        "hotel": false
      }
    },
    {
      "type": "Feature",
      "geometry": {
        "type": "Point",
        "coordinates": [
          121.85766,
          25.10796
        ]
      },
      "properties": {
        "館所名稱": "新北市立黃金博物館",
        "建物屬性": "自然生態",
        "行政區": "瑞芳區",
        "地址": "新北市224瑞芳區金瓜石金光路8號",
        "景點介紹": "保存與再現礦業歷史與人文特色，推廣社區生態旅遊",
        "parking_score": 0.0,
        "nearest_parking": "{ \"area_name\": \"汐止區\", \"roadname\": \"新台五路二段\", \"distance_m\": 18402 }",
        "toilet": true,
        "無障礙": true,
        "family": false,
        "steal_count": 0,
        "steal_score": 10,
        "hotel": false
      }
    },
    {
      "type": "Feature",
      "geometry": {
        "type": "Point",
        "coordinates": [
          121.82071,
          25.13259
        ]
      },
      "properties": {
        "館所名稱": "深澳漁港",
        "建物屬性": "熱門景點",
        "行政區": "瑞芳區",
        "地址": "新北市224瑞芳區深澳路",
        "景點介紹": "海釣與磯釣的聖地，遠眺九份與海上漁火",
        "parking_score": 0.0,
        "nearest_parking": "{ \"area_name\": \"汐止區\", \"roadname\": \"長興街二段\", \"distance_m\": 15762 }",
        "toilet": false,
        "無障礙": false,
        "family": false,
        "steal_count": 0,
        "steal_score": 10,
        "hotel": false
      }
    },
    {
      "type": "Feature",
      "geometry": {
        "type": "Point",
        "coordinates": [
          121.89202,
          24.96639
        ]
      },
      "properties": {
        "館所名稱": "桃源谷",
        "建物屬性": "自然生態",
        "行政區": "貢寮區",
        "地址": "新北市228貢寮區桃源谷",
        "景點介紹": "山海交會的山稜線，秋日芒花滿山搖曳",
        "parking_score": 0.0,
        "nearest_parking": "{ \"area_name\": \"坪林區\", \"roadname\": \"國中路\", \"distance_m\": 18288 }",
        "toilet": false,
        "無障礙": false,
        "family": false,
        "steal_count": 0,
        "steal_score": 10,
        "hotel": false
      }
    },
    {
      "type": "Feature",
      "geometry": {
        "type": "Point",
        "coordinates": [
          121.48329,
          25.04725
        ]
      },
      "properties": {
        "館所名稱": "新北大橋",
        "建物屬性": "熱門景點",
        "行政區": "三重區",
        "地址": "新北市241三重區新北大橋",
        "景點介紹": "「北」字型的高聳主塔，與臺北101共築大臺北天際線",
        "parking_score": 10.0,
        "nearest_parking": "{ \"area_name\": \"三重區\", \"roadname\": \"疏洪東路一段\", \"distance_m\": 321 }",
        "toilet": false,
        "無障礙": false,
        "family": false,
        "steal_count": 3,
        "steal_score": 1,
        "hotel": false
      }
    },
    {
      "type": "Feature",
      "geometry": {
        "type": "Point",
        "coordinates": [
          121.43176,
          25.1171
        ]
      },
      "properties": {
        "館所名稱": "硬漢嶺",
        "建物屬性": "自然生態",
        "行政區": "五股區",
        "地址": "新北市248五股區觀音山",
        "景點介紹": "觀音山之巔，眺望絕美山海河城，名列臺灣小百岳之一",
        "parking_score": 0.0,
        "nearest_parking": "{ \"area_name\": \"八里區\", \"roadname\": \"頂寮二街62巷\", \"distance_m\": 2084 }",
        "toilet": false,
        "無障礙": false,
        "family": false,
        "steal_count": 0,
        "steal_score": 10,
        "hotel": false
      }
    },
    {
      "type": "Feature",
      "geometry": {
        "type": "Point",
        "coordinates": [
          121.45102,
          24.97878
        ]
      },
      "properties": {
        "館所名稱": "斬龍山遺址文化公園",
        "建物屬性": "自然生態",
        "行政區": "土城區",
        "地址": "新北市236土城區金城路二段37號",
        "景點介紹": "結合史前遺址與公園設施的考古文化公園",
        "parking_score": 10.0,
        "nearest_parking": "{ \"area_name\": \"土城區\", \"roadname\": \"明德路二段\", \"distance_m\": 204 }",
        "toilet": false,
        "無障礙": false,
        "family": false,
        "steal_count": 3,
        "steal_score": 1,
        "hotel": false
      }
    },
    {
      "type": "Feature",
      "geometry": {
        "type": "Point",
        "coordinates": [
          121.85883,
          25.1048
        ]
      },
      "properties": {
        "館所名稱": "金瓜石神社(黃金神社)",
        "建物屬性": "自然生態",
        "行政區": "瑞芳區",
        "地址": "新北市224瑞芳區金瓜石金光路8號(黃金博物館園區)",
        "景點介紹": "神社係1933年日本礦業株式會社接管金瓜石礦山後所建，因開採金礦，後人又稱為黃金神社，奉祀『天照大神』。因缺乏維護，現今只剩下石柱、地基供人憑弔，但其日式神舍規模隱約可見。視野遼闊，可眺望茶壺山及俯瞰金瓜石聚落。黃金博物園區內有石階步道可通達至此。",
        "parking_score": 0.0,
        "nearest_parking": "{ \"area_name\": \"汐止區\", \"roadname\": \"新台五路二段\", \"distance_m\": 18438 }",
        "toilet": true,
        "無障礙": true,
        "family": false,
        "steal_count": 0,
        "steal_score": 10,
        "hotel": false
      }
    },
    {
      "type": "Feature",
      "geometry": {
        "type": "Point",
        "coordinates": [
          121.92645,
          25.04124
        ]
      },
      "properties": {
        "館所名稱": "鹽寮海濱公園(藍灣海濱休憩園區)",
        "建物屬性": "自然生態",
        "行政區": "貢寮區",
        "地址": "新北市228貢寮區研海街45號",
        "景點介紹": "綿延不絕的金黃沙灘，佔地廣闊的海濱公園",
        "parking_score": 0.0,
        "nearest_parking": "{ \"area_name\": \"坪林區\", \"roadname\": \"國中路\", \"distance_m\": 24287 }",
        "toilet": false,
        "無障礙": false,
        "family": false,
        "steal_count": 0,
        "steal_score": 10,
        "hotel": false
      }
    },
    {
      "type": "Feature",
      "geometry": {
        "type": "Point",
        "coordinates": [
          121.91964,
          25.07236
        ]
      },
      "properties": {
        "館所名稱": "鮮物本鋪",
        "建物屬性": "熱門景點",
        "行政區": "貢寮區",
        "地址": "新北市228貢寮區美灔山街65-3號",
        "景點介紹": "再現九孔王國的威名，職人體驗產地大啖貢寮鮑",
        "parking_score": 0.0,
        "nearest_parking": "{ \"area_name\": \"汐止區\", \"roadname\": \"新台五路二段\", \"distance_m\": 24136 }",
        "toilet": false,
        "無障礙": false,
        "family": false,
        "steal_count": 0,
        "steal_score": 10,
        "hotel": false
      }
    },
    {
      "type": "Feature",
      "geometry": {
        "type": "Point",
        "coordinates": [
          121.56654,
          25.24424
        ]
      },
      "properties": {
        "館所名稱": "石門嵩山社區百年石砌梯田",
        "建物屬性": "自然生態",
        "行政區": "石門區",
        "地址": "新北市253石門區北19鄉道",
        "景點介紹": "以火山岩砌成梯田，隨著四季農物更迭綻放不同風采",
        "parking_score": 0.0,
        "nearest_parking": "{ \"area_name\": \"金山區\", \"roadname\": \"中山路\", \"distance_m\": 6957 }",
        "toilet": false,
        "無障礙": false,
        "family": false,
        "steal_count": 0,
        "steal_score": 10,
        "hotel": false
      }
    },
    {
      "type": "Feature",
      "geometry": {
        "type": "Point",
        "coordinates": [
          121.83132,
          25.09191
        ]
      },
      "properties": {
        "館所名稱": "猴硐遊客中心",
        "建物屬性": "自然生態",
        "行政區": "瑞芳區",
        "地址": "新北市224瑞芳區猴硐遊客中心",
        "景點介紹": "與自然共生的遊客中心，推廣百年古道與礦業歷史",
        "parking_score": 0.0,
        "nearest_parking": "{ \"area_name\": \"汐止區\", \"roadname\": \"新台五路二段\", \"distance_m\": 15439 }",
        "toilet": true,
        "無障礙": false,
        "family": false,
        "steal_count": 0,
        "steal_score": 10,
        "hotel": false
      }
    },
    {
      "type": "Feature",
      "geometry": {
        "type": "Point",
        "coordinates": [
          121.43989,
          25.17157
        ]
      },
      "properties": {
        "館所名稱": "淡水重建街",
        "建物屬性": "自然生態",
        "行政區": "淡水區",
        "地址": "新北市251淡水區淡水重建街",
        "景點介紹": "依山勢而建的淡水第一條商業街",
        "parking_score": 0.3,
        "nearest_parking": "{ \"area_name\": \"淡水區\", \"roadname\": \"學府路\", \"distance_m\": 884 }",
        "toilet": true,
        "無障礙": true,
        "family": false,
        "steal_count": 23,
        "steal_score": 1,
        "hotel": true
      }
    },
    {
      "type": "Feature",
      "geometry": {
        "type": "Point",
        "coordinates": [
          121.84916,
          25.11901
        ]
      },
      "properties": {
        "館所名稱": "基隆山",
        "建物屬性": "自然生態",
        "行政區": "瑞芳區",
        "地址": "新北市224瑞芳區九份基隆山",
        "景點介紹": "九份最醒目的地標，高聳而獨立的死火山",
        "parking_score": 0.0,
        "nearest_parking": "{ \"area_name\": \"汐止區\", \"roadname\": \"新台五路二段\", \"distance_m\": 17913 }",
        "toilet": false,
        "無障礙": false,
        "family": false,
        "steal_count": 0,
        "steal_score": 10,
        "hotel": false
      }
    },
    {
      "type": "Feature",
      "geometry": {
        "type": "Point",
        "coordinates": [
          121.65414,
          24.99271
        ]
      },
      "properties": {
        "館所名稱": "淡蘭吊橋(外按古道)",
        "建物屬性": "熱門景點",
        "行政區": "石碇區",
        "地址": "新北市223石碇區石碇雙溪口與石碇老街之間",
        "景點介紹": "淡蘭古道南路，感受綠意盎然的風光",
        "parking_score": 8.6,
        "nearest_parking": "{ \"area_name\": \"石碇區\", \"roadname\": \"碇坪路一段\", \"distance_m\": 254 }",
        "toilet": true,
        "無障礙": false,
        "family": false,
        "steal_count": 0,
        "steal_score": 10,
        "hotel": false
      }
    },
    {
      "type": "Feature",
      "geometry": {
        "type": "Point",
        "coordinates": [
          121.42868,
          25.07365
        ]
      },
      "properties": {
        "館所名稱": "水碓觀景公園",
        "建物屬性": "自然生態",
        "行政區": "五股區",
        "地址": "新北市248五股區水碓九路69號",
        "景點介紹": "層層向上的森林步道，遠眺臺北不夜城的燈火",
        "parking_score": 8.9,
        "nearest_parking": "{ \"area_name\": \"五股區\", \"roadname\": \"水錐公園停車場\", \"distance_m\": 234 }",
        "toilet": true,
        "無障礙": true,
        "family": false,
        "steal_count": 4,
        "steal_score": 1,
        "hotel": false
      }
    },
    {
      "type": "Feature",
      "geometry": {
        "type": "Point",
        "coordinates": [
          121.3188,
          25.11984
        ]
      },
      "properties": {
        "館所名稱": "水牛坑(水牛坑越野場地)",
        "建物屬性": "熱門景點",
        "行政區": "林口區",
        "地址": "新北市244林口區西部濱海公路625號",
        "景點介紹": "峽谷般的崎嶇的地形，吸引眾多越野車愛好者前來切磋",
        "parking_score": 0.0,
        "nearest_parking": "{ \"area_name\": \"林口區\", \"roadname\": \"南勢街\", \"distance_m\": 6095 }",
        "toilet": false,
        "無障礙": false,
        "family": false,
        "steal_count": 0,
        "steal_score": 10,
        "hotel": false
      }
    },
    {
      "type": "Feature",
      "geometry": {
        "type": "Point",
        "coordinates": [
          121.42194,
          25.16306
        ]
      },
      "properties": {
        "館所名稱": "八里水上運動中心",
        "建物屬性": "熱門景點",
        "行政區": "八里區",
        "地址": "新北市249八里區忠五街70-1號",
        "景點介紹": "專為水上活動打造的河岸碼頭，安全安心乘風破浪",
        "parking_score": 10.0,
        "nearest_parking": "{ \"area_name\": \"八里區\", \"roadname\": \"忠五街\", \"distance_m\": 21 }",
        "toilet": true,
        "無障礙": true,
        "family": false,
        "steal_count": 0,
        "steal_score": 10,
        "hotel": false
      }
    },
    {
      "type": "Feature",
      "geometry": {
        "type": "Point",
        "coordinates": [
          121.45568,
          25.05579
        ]
      },
      "properties": {
        "館所名稱": "塭仔底溼地公園",
        "建物屬性": "自然生態",
        "行政區": "新莊區",
        "地址": "新北市242新莊區中華路三段與昌和街交叉口(昌平國小旁)",
        "景點介紹": "以早年沼澤地為名，是新莊兼具防洪與親水的濕地公園",
        "parking_score": 10.0,
        "nearest_parking": "{ \"area_name\": \"新莊區\", \"roadname\": \"中原路\", \"distance_m\": 149 }",
        "toilet": false,
        "無障礙": false,
        "family": false,
        "steal_count": 7,
        "steal_score": 1,
        "hotel": false
      }
    },
    {
      "type": "Feature",
      "geometry": {
        "type": "Point",
        "coordinates": [
          121.44742,
          25.05598
        ]
      },
      "properties": {
        "館所名稱": "國家電影及視聽文化中心",
        "建物屬性": "藝文古蹟",
        "行政區": "新莊區",
        "地址": "新北市242新莊區文藝路2號",
        "景點介紹": "富有未來感的曲面金屬外觀，典藏國家重要影視資產",
        "parking_score": 10.0,
        "nearest_parking": "{ \"area_name\": \"新莊區\", \"roadname\": \"中央路\", \"distance_m\": 169 }",
        "toilet": false,
        "無障礙": false,
        "family": false,
        "steal_count": 6,
        "steal_score": 1,
        "hotel": false
      }
    },
    {
      "type": "Feature",
      "geometry": {
        "type": "Point",
        "coordinates": [
          121.42767,
          24.98125
        ]
      },
      "properties": {
        "館所名稱": "板樹體育館",
        "建物屬性": "熱門景點",
        "行政區": "板橋區",
        "地址": "新北市220板橋區溪城路90號",
        "景點介紹": "設有身障者專屬健身房，落實運動平權",
        "parking_score": 10.0,
        "nearest_parking": "{ \"area_name\": \"樹林區\", \"roadname\": \"水源街\", \"distance_m\": 191 }",
        "toilet": true,
        "無障礙": true,
        "family": false,
        "steal_count": 6,
        "steal_score": 1,
        "hotel": false
      }
    },
    {
      "type": "Feature",
      "geometry": {
        "type": "Point",
        "coordinates": [
          121.38104,
          25.14275
        ]
      },
      "properties": {
        "館所名稱": "下罟子漁港",
        "建物屬性": "熱門景點",
        "行政區": "八里區",
        "地址": "新北市249八里區下罟子里",
        "景點介紹": "隱於臺北港內的秘境漁港",
        "parking_score": 3.6,
        "nearest_parking": "{ \"area_name\": \"八里區\", \"roadname\": \"中山路三段\", \"distance_m\": 439 }",
        "toilet": false,
        "無障礙": false,
        "family": false,
        "steal_count": 0,
        "steal_score": 10,
        "hotel": false
      }
    },
    {
      "type": "Feature",
      "geometry": {
        "type": "Point",
        "coordinates": [
          121.44068,
          25.00352
        ]
      },
      "properties": {
        "館所名稱": "浮洲遊戲場",
        "建物屬性": "熱門景點",
        "行政區": "板橋區",
        "地址": "新北市220板橋區浮洲遊戲場",
        "景點介紹": "融入在地「九龍傳說」元素的遊戲場，緊鄰大漢溪自行車道",
        "parking_score": 6.2,
        "nearest_parking": "{ \"area_name\": \"板橋區\", \"roadname\": \"大觀路二段\", \"distance_m\": 555 }",
        "toilet": false,
        "無障礙": false,
        "family": false,
        "steal_count": 3,
        "steal_score": 1,
        "hotel": false
      }
    },
    {
      "type": "Feature",
      "geometry": {
        "type": "Point",
        "coordinates": [
          121.4338,
          25.15755
        ]
      },
      "properties": {
        "館所名稱": "八里渡船頭公園",
        "建物屬性": "自然生態",
        "行政區": "八里區",
        "地址": "新北市249八里區八里區龍米路2段201巷",
        "景點介紹": "全臺首創巨無霸彈塗魚主題攀爬網，以生態為主題打造的共融式遊戲場，沙坑、波浪攀爬岩牆、兩組彈跳床則是章魚大大的眼睛，以俯視角度看畫面相當地生動有趣，開放使用後受到無數好評推薦。",
        "parking_score": 8.8,
        "nearest_parking": "{ \"area_name\": \"八里區\", \"roadname\": \"忠孝路\", \"distance_m\": 530 }",
        "toilet": true,
        "無障礙": true,
        "family": false,
        "steal_count": 0,
        "steal_score": 10,
        "hotel": false
      }
    },
    {
      "type": "Feature",
      "geometry": {
        "type": "Point",
        "coordinates": [
          121.56253,
          24.90453
        ]
      },
      "properties": {
        "館所名稱": "水資源生態教育館",
        "建物屬性": "自然生態",
        "行政區": "新店區",
        "地址": "新北市231新店區新烏路三段43號",
        "景點介紹": "翡翠水庫內的環境教育場所",
        "parking_score": 0.0,
        "nearest_parking": "{ \"area_name\": \"新店區\", \"roadname\": \"竹林路2巷\", \"distance_m\": 5233 }",
        "toilet": false,
        "無障礙": false,
        "family": false,
        "steal_count": 0,
        "steal_score": 10,
        "hotel": false
      }
    },
    {
      "type": "Feature",
      "geometry": {
        "type": "Point",
        "coordinates": [
          121.52497,
          24.96118
        ]
      },
      "properties": {
        "館所名稱": "陳逢顯毫芒雕刻博物館",
        "建物屬性": "藝文古蹟",
        "行政區": "新店區",
        "地址": "新北市231新店區安康路一段207巷17號",
        "景點介紹": "巧奪天工，在微觀裡創造大千世界",
        "parking_score": 8.5,
        "nearest_parking": "{ \"area_name\": \"新店區\", \"roadname\": \"安康計程車停車場\", \"distance_m\": 583 }",
        "toilet": false,
        "無障礙": false,
        "family": false,
        "steal_count": 0,
        "steal_score": 10,
        "hotel": false
      }
    },
    {
      "type": "Feature",
      "geometry": {
        "type": "Point",
        "coordinates": [
          121.54694,
          24.91192
        ]
      },
      "properties": {
        "館所名稱": "陀彌天 紫竹林寺",
        "建物屬性": "藝文古蹟",
        "行政區": "新店區",
        "地址": "新北市231新店區松林路1號",
        "景點介紹": "藝術氣息濃厚的現代廟宇，獨創宗教與藝術的結合",
        "parking_score": 0.0,
        "nearest_parking": "{ \"area_name\": \"新店區\", \"roadname\": \"竹林路2巷\", \"distance_m\": 4267 }",
        "toilet": false,
        "無障礙": false,
        "family": false,
        "steal_count": 0,
        "steal_score": 10,
        "hotel": false
      }
    },
    {
      "type": "Feature",
      "geometry": {
        "type": "Point",
        "coordinates": [
          121.54834,
          24.95622
        ]
      },
      "properties": {
        "館所名稱": "獅頭山登山步道",
        "建物屬性": "熱門景點",
        "行政區": "新店區",
        "地址": "新北市231新店區碧潭東岸",
        "景點介紹": "碧潭東側的小獅山，保有山林的原貌與寧靜",
        "parking_score": 10.0,
        "nearest_parking": "{ \"area_name\": \"新店區\", \"roadname\": \"北宜路一段\", \"distance_m\": 421 }",
        "toilet": false,
        "無障礙": false,
        "family": false,
        "steal_count": 0,
        "steal_score": 10,
        "hotel": false
      }
    },
    {
      "type": "Feature",
      "geometry": {
        "type": "Point",
        "coordinates": [
          121.53611,
          24.95632
        ]
      },
      "properties": {
        "館所名稱": "碧潭吊橋",
        "建物屬性": "熱門景點",
        "行政區": "新店區",
        "地址": "新北市231新店區碧潭吊橋",
        "景點介紹": "首創結合古典交響樂與吊橋光雕秀，欣賞夜色之美",
        "parking_score": 10.0,
        "nearest_parking": "{ \"area_name\": \"新店區\", \"roadname\": \"北宜路一段\", \"distance_m\": 236 }",
        "toilet": true,
        "無障礙": true,
        "family": false,
        "steal_count": 3,
        "steal_score": 1,
        "hotel": true
      }
    },
    {
      "type": "Feature",
      "geometry": {
        "type": "Point",
        "coordinates": [
          121.53482,
          24.95622
        ]
      },
      "properties": {
        "館所名稱": "和美山登山步道",
        "建物屬性": "熱門景點",
        "行政區": "新店區",
        "地址": "新北市231新店區和美山",
        "景點介紹": "眺望碧潭「小赤壁」，親山親水步道",
        "parking_score": 10.0,
        "nearest_parking": "{ \"area_name\": \"新店區\", \"roadname\": \"北宜路一段\", \"distance_m\": 358 }",
        "toilet": true,
        "無障礙": true,
        "family": false,
        "steal_count": 3,
        "steal_score": 1,
        "hotel": true
      }
    },
    {
      "type": "Feature",
      "geometry": {
        "type": "Point",
        "coordinates": [
          121.45442,
          25.0089
        ]
      },
      "properties": {
        "館所名稱": "接雲寺",
        "建物屬性": "藝文古蹟",
        "行政區": "板橋區",
        "地址": "新北市220板橋區西門街69號",
        "景點介紹": "承接中和慈雲巖的信仰，主祀觀音佛祖，長橢圓形藻井是其特色",
        "parking_score": 10.0,
        "nearest_parking": "{ \"area_name\": \"板橋區\", \"roadname\": \"西門街\", \"distance_m\": 231 }",
        "toilet": true,
        "無障礙": true,
        "family": false,
        "steal_count": 57,
        "steal_score": 1,
        "hotel": true
      }
    },
    {
      "type": "Feature",
      "geometry": {
        "type": "Point",
        "coordinates": [
          121.45741,
          25.0074
        ]
      },
      "properties": {
        "館所名稱": "迪毅堂",
        "建物屬性": "藝文古蹟",
        "行政區": "板橋區",
        "地址": "新北市220板橋區館前西路92號",
        "景點介紹": "板橋林家在泉漳械鬥後建立之厲祠",
        "parking_score": 10.0,
        "nearest_parking": "{ \"area_name\": \"板橋區\", \"roadname\": \"東門街\", \"distance_m\": 132 }",
        "toilet": true,
        "無障礙": true,
        "family": false,
        "steal_count": 55,
        "steal_score": 1,
        "hotel": true
      }
    },
    {
      "type": "Feature",
      "geometry": {
        "type": "Point",
        "coordinates": [
          121.47152,
          24.99944
        ]
      },
      "properties": {
        "館所名稱": "中和瑞穗配水池",
        "建物屬性": "熱門景點",
        "行政區": "中和區",
        "地址": "新北市235中和區莒光路自強公園",
        "景點介紹": "托斯卡納柱撐起的矩型建築，是地下水道現代化的旗手",
        "parking_score": 10.0,
        "nearest_parking": "{ \"area_name\": \"中和區\", \"roadname\": \"莒光路\", \"distance_m\": 105 }",
        "toilet": true,
        "無障礙": false,
        "family": false,
        "steal_count": 21,
        "steal_score": 1,
        "hotel": false
      }
    },
    {
      "type": "Feature",
      "geometry": {
        "type": "Point",
        "coordinates": [
          121.4951,
          25.00819
        ]
      },
      "properties": {
        "館所名稱": "中和恐龍園區",
        "建物屬性": "自然生態",
        "行政區": "中和區",
        "地址": "新北市235中和區華中橋下",
        "景點介紹": "華中橋下侏儸紀，於腳踏車道與恐龍共舞",
        "parking_score": 10.0,
        "nearest_parking": "{ \"area_name\": \"中和區\", \"roadname\": \"橋和路\", \"distance_m\": 195 }",
        "toilet": true,
        "無障礙": false,
        "family": false,
        "steal_count": 4,
        "steal_score": 1,
        "hotel": false
      }
    },
    {
      "type": "Feature",
      "geometry": {
        "type": "Point",
        "coordinates": [
          121.48009,
          25.00415
        ]
      },
      "properties": {
        "館所名稱": "員山公園",
        "建物屬性": "自然生態",
        "行政區": "中和區",
        "地址": "新北市235中和區員山路455巷",
        "景點介紹": "遊逸之丘，最受孩子們歡迎的夢幻遊樂場",
        "parking_score": 10.0,
        "nearest_parking": "{ \"area_name\": \"中和區\", \"roadname\": \"新民街\", \"distance_m\": 281 }",
        "toilet": true,
        "無障礙": true,
        "family": false,
        "steal_count": 8,
        "steal_score": 1,
        "hotel": false
      }
    },
    {
      "type": "Feature",
      "geometry": {
        "type": "Point",
        "coordinates": [
          121.51073,
          24.98997
        ]
      },
      "properties": {
        "館所名稱": "興南夜市",
        "建物屬性": "夜市",
        "行政區": "中和區",
        "地址": "新北市235中和區信義街、景新街410巷",
        "景點介紹": "T字型的商圈，庶民美食的集結地",
        "parking_score": 10.0,
        "nearest_parking": "{ \"area_name\": \"中和區\", \"roadname\": \"捷運路\", \"distance_m\": 194 }",
        "toilet": true,
        "無障礙": false,
        "family": false,
        "steal_count": 13,
        "steal_score": 1,
        "hotel": true
      }
    },
    {
      "type": "Feature",
      "geometry": {
        "type": "Point",
        "coordinates": [
          121.47891,
          25.00473
        ]
      },
      "properties": {
        "館所名稱": "海山神社遺跡",
        "建物屬性": "自然生態",
        "行政區": "中和區",
        "地址": "新北市235中和區員山路455巷員山公園內",
        "景點介紹": "隱身於公園內的殘跡，記錄了皇民化政策的時代",
        "parking_score": 10.0,
        "nearest_parking": "{ \"area_name\": \"中和區\", \"roadname\": \"新民街\", \"distance_m\": 364 }",
        "toilet": true,
        "無障礙": true,
        "family": false,
        "steal_count": 8,
        "steal_score": 1,
        "hotel": false
      }
    },
    {
      "type": "Feature",
      "geometry": {
        "type": "Point",
        "coordinates": [
          121.48551,
          24.99109
        ]
      },
      "properties": {
        "館所名稱": "漳和濕地",
        "建物屬性": "自然生態",
        "行政區": "中和區",
        "地址": "新北市235中和區漳和濕地",
        "景點介紹": "生生不息的水循環，豐富濕地的生物多樣性",
        "parking_score": 9.9,
        "nearest_parking": "{ \"area_name\": \"中和區\", \"roadname\": \"圓通路\", \"distance_m\": 342 }",
        "toilet": true,
        "無障礙": false,
        "family": false,
        "steal_count": 5,
        "steal_score": 1,
        "hotel": true
      }
    },
    {
      "type": "Feature",
      "geometry": {
        "type": "Point",
        "coordinates": [
          121.50496,
          25.01526
        ]
      },
      "properties": {
        "館所名稱": "綠寶石河濱公園",
        "建物屬性": "熱門景點",
        "行政區": "永和區",
        "地址": "新北市234永和區綠寶石河濱公園",
        "景點介紹": "稠密的都市中，廣闊綠地如同寶石一樣珍貴",
        "parking_score": 10.0,
        "nearest_parking": "{ \"area_name\": \"永和區\", \"roadname\": \"保安路\", \"distance_m\": 302 }",
        "toilet": true,
        "無障礙": true,
        "family": false,
        "steal_count": 10,
        "steal_score": 1,
        "hotel": false
      }
    },
    {
      "type": "Feature",
      "geometry": {
        "type": "Point",
        "coordinates": [
          121.50781,
          25.00796
        ]
      },
      "properties": {
        "館所名稱": "世界宗教博物館",
        "建物屬性": "藝文古蹟",
        "行政區": "永和區",
        "地址": "新北市234永和區中山路一段236號7樓",
        "景點介紹": "各宗教在此自由對話，向愛與和平靠攏",
        "parking_score": 10.0,
        "nearest_parking": "{ \"area_name\": \"永和區\", \"roadname\": \"永貞路\", \"distance_m\": 121 }",
        "toilet": true,
        "無障礙": true,
        "family": false,
        "steal_count": 15,
        "steal_score": 1,
        "hotel": true
      }
    },
    {
      "type": "Feature",
      "geometry": {
        "type": "Point",
        "coordinates": [
          121.5087,
          25.01312
        ]
      },
      "properties": {
        "館所名稱": "保福宮",
        "建物屬性": "熱門景點",
        "行政區": "永和區",
        "地址": "新北市234永和區仁愛路202巷11號",
        "景點介紹": "自大龍峒分靈至此，永和泉州移民的信仰中心",
        "parking_score": 10.0,
        "nearest_parking": "{ \"area_name\": \"永和區\", \"roadname\": \"仁愛路\", \"distance_m\": 107 }",
        "toilet": false,
        "無障礙": false,
        "family": false,
        "steal_count": 11,
        "steal_score": 1,
        "hotel": false
      }
    },
    {
      "type": "Feature",
      "geometry": {
        "type": "Point",
        "coordinates": [
          121.56333,
          24.96098
        ]
      },
      "properties": {
        "館所名稱": "大香山",
        "建物屬性": "自然生態",
        "行政區": "新店區",
        "地址": "新北市231新店區大香山",
        "景點介紹": "大香山位於新店區，是雪山山脈與臺北盆地的交界地帶，大香山交通四通八達，西接獅頭山能直通碧潭、往東可一路通往貓空與銀河洞，站在山頂往北望即是臺北市區、向南看去則是雪山山脈的瓊山峻嶺，是新店散步休閒的好去處，亦可透過完善的步道系統前往鄰近的山頭，一整天沐浴於山林裡。山腰上的慈音巖是此地最顯眼的地標，慈音巖是為一貫道的道場，環境清幽、遺世而獨立，其中國宮殿式的建築，氣勢開闊且雄偉，在這片山林裡追求寧靜致遠。",
        "parking_score": 3.4,
        "nearest_parking": "{ \"area_name\": \"新店區\", \"roadname\": \"北宜路二段\", \"distance_m\": 779 }",
        "toilet": false,
        "無障礙": false,
        "family": false,
        "steal_count": 0,
        "steal_score": 10,
        "hotel": false
      }
    },
    {
      "type": "Feature",
      "geometry": {
        "type": "Point",
        "coordinates": [
          121.86475,
          25.03476
        ]
      },
      "properties": {
        "館所名稱": "雙溪渡船頭",
        "建物屬性": "自然生態",
        "行政區": "雙溪區",
        "地址": "新北市227雙溪區長安街尾",
        "景點介紹": "昔日淡蘭古道的交通樞紐，今日雙溪小鎮的秘境景點",
        "parking_score": 0.0,
        "nearest_parking": "{ \"area_name\": \"坪林區\", \"roadname\": \"國中路\", \"distance_m\": 18568 }",
        "toilet": true,
        "無障礙": false,
        "family": false,
        "steal_count": 1,
        "steal_score": 1,
        "hotel": false
      }
    },
    {
      "type": "Feature",
      "geometry": {
        "type": "Point",
        "coordinates": [
          121.47253,
          25.25412
        ]
      },
      "properties": {
        "館所名稱": "芝蘭公園(芝蘭觀景平台)",
        "建物屬性": "自然生態",
        "行政區": "三芝區",
        "地址": "新北市252三芝區",
        "景點介紹": "在北海岸最美的伸展台上，享受被海洋擁抱的浪漫",
        "parking_score": 0.0,
        "nearest_parking": "{ \"area_name\": \"淡水區\", \"roadname\": \"崁頂二路\", \"distance_m\": 6955 }",
        "toilet": true,
        "無障礙": true,
        "family": false,
        "steal_count": 0,
        "steal_score": 10,
        "hotel": false
      }
    },
    {
      "type": "Feature",
      "geometry": {
        "type": "Point",
        "coordinates": [
          121.47426,
          25.25566
        ]
      },
      "properties": {
        "館所名稱": "後厝漁港",
        "建物屬性": "自然生態",
        "行政區": "三芝區",
        "地址": "新北市252三芝區",
        "景點介紹": "後厝漁港就位在淡金公路旁，是三芝區目前僅存的漁港，雖不如淡水漁人碼頭人潮洶湧，但在這裡更能夠感受到純樸漁村的風土民情。後厝漁港透過市府規劃的「漁具倉庫興建工程」，功能再精進! 在維持傳統漁作習慣的前提下，將原本舊有貨櫃移除，重新興建20間鋼筋混凝土建造的漁具倉庫供漁民使用，並搭配手動鐵捲門及透光玻璃磚導入自然光線；港區更設有智慧型岸水電設備及海洋廢棄物暫置回收區，讓再利用資源能進入經濟循環，提升港區整體永續利用特色。而由彩繪團隊以人工漆畫方式，將倉庫外觀融入了青春山海線圖樣，跳脫以往倉庫樣貌，使漁具倉庫不僅實用，並融入美學概念提升港區整體視覺、也帶來漁港多元新風貌意象。",
        "parking_score": 0.0,
        "nearest_parking": "{ \"area_name\": \"淡水區\", \"roadname\": \"崁頂二路\", \"distance_m\": 7192 }",
        "toilet": false,
        "無障礙": false,
        "family": false,
        "steal_count": 0,
        "steal_score": 10,
        "hotel": false
      }
    },
    {
      "type": "Feature",
      "geometry": {
        "type": "Point",
        "coordinates": [
          121.84301,
          25.05683
        ]
      },
      "properties": {
        "館所名稱": "三貂嶺生態友善隧道",
        "建物屬性": "自然生態",
        "行政區": "雙溪區",
        "地址": "新北市227雙溪區雙溪牡丹和瑞芳三貂嶺交接處",
        "景點介紹": "騎乘於舊臺鐵隧道中，遇見絕美鏡面倒影",
        "parking_score": 0.0,
        "nearest_parking": "{ \"area_name\": \"汐止區\", \"roadname\": \"新台五路二段\", \"distance_m\": 16453 }",
        "toilet": false,
        "無障礙": false,
        "family": false,
        "steal_count": 0,
        "steal_score": 10,
        "hotel": false
      }
    },
    {
      "type": "Feature",
      "geometry": {
        "type": "Point",
        "coordinates": [
          121.82486,
          25.07954
        ]
      },
      "properties": {
        "館所名稱": "猴硐壺穴",
        "建物屬性": "熱門景點",
        "行政區": "瑞芳區",
        "地址": "新北市224瑞芳區猴硐壺穴",
        "景點介紹": "世界級地理景觀，被當地人稱為「石頭的酒窩」",
        "parking_score": 0.0,
        "nearest_parking": "{ \"area_name\": \"汐止區\", \"roadname\": \"新台五路二段\", \"distance_m\": 14620 }",
        "toilet": false,
        "無障礙": false,
        "family": false,
        "steal_count": 0,
        "steal_score": 10,
        "hotel": false
      }
    },
    {
      "type": "Feature",
      "geometry": {
        "type": "Point",
        "coordinates": [
          121.68803,
          25.20443
        ]
      },
      "properties": {
        "館所名稱": "野柳保安宮",
        "建物屬性": "藝文古蹟",
        "行政區": "萬里區",
        "地址": "新北市207萬里區港東路69號",
        "景點介紹": "位在萬里區野柳漁港旁的保安宮，主祀「開漳聖王」，是萬里當地漁民最崇敬的神明也是精神的寄託。從耆老的口述中得知神祇的由來是因先民在海上無意中發現一艘，載滿了建廟的建材與一尊王爺，里民為其尋覓居所，選定了保安宮的現址。昔日的廟宇規模較小，寺廟主體以石材為主，漂洋過海的建材，歷經多次修整與擴建，多已消失不見，現今僅存留一些石墩與石座，供後人追思懷古。萬里地區守護神「開漳聖王」之信仰由來已久，每年農曆元月十五日的「野柳神明淨港文化祭」已經有一百多年歷史，是少數登錄為民俗類的無形文化資產，是元宵節與「北天燈、南蜂炮」齊名的節慶活動；其最大的特色是「水裡來，火裡去」，儀式包含「淨海巡洋」、「漁獲滿艙」、「神明淨港」、「神明過火」四大主活動，是全台獨有的百年傳統宗教儀式。",
        "parking_score": 0.0,
        "nearest_parking": "{ \"area_name\": \"金山區\", \"roadname\": \"磺港路\", \"distance_m\": 4835 }",
        "toilet": true,
        "無障礙": true,
        "family": false,
        "steal_count": 0,
        "steal_score": 10,
        "hotel": true
      }
    },
    {
      "type": "Feature",
      "geometry": {
        "type": "Point",
        "coordinates": [
          121.68677,
          25.19485
        ]
      },
      "properties": {
        "館所名稱": "螃蟹主題公園",
        "建物屬性": "自然生態",
        "行政區": "萬里區",
        "地址": "新北市207萬里區新北市萬里區漁澳路2號",
        "景點介紹": "位在新北市金山區有一座以萬里蟹為主題設置的海景公園，此處以2座大形螃蟹公仔顯得活潑可愛。此外，鄰近龜吼海邊，可遠眺無邊的碧海，令人心曠神怡，也可細觀海水波浪、潮汐變化與河川推積砂粒。這裡也是全臺最美的維納斯海岸線喔!肚子餓了可以前往龜吼漁港用餐，愛吃海鮮的你，來到萬里千萬別錯過知名的「萬里蟹」，在臺灣有八成以上的海蟹，來自於新北市萬里區，而萬里蟹最大的產地，就來自「西北漁場」，也就是新北市富貴角外海，假日人潮也絡繹不絕。",
        "parking_score": 0.0,
        "nearest_parking": "{ \"area_name\": \"金山區\", \"roadname\": \"中興路\", \"distance_m\": 5210 }",
        "toilet": true,
        "無障礙": false,
        "family": false,
        "steal_count": 0,
        "steal_score": 10,
        "hotel": false
      }
    },
    {
      "type": "Feature",
      "geometry": {
        "type": "Point",
        "coordinates": [
          121.44373,
          25.19023
        ]
      },
      "properties": {
        "館所名稱": "公司田溪自行車道",
        "建物屬性": "熱門景點",
        "行政區": "淡水區",
        "地址": "新北市251淡水區公司田溪自行車道",
        "景點介紹": "公司田溪俗稱北投溪，因流經公司田而得名，過去又稱為林仔溪，又被人們戲稱為淡水母親河。公司田溪一帶舊名「大庄」，沿途盡是淡水開發史的遺跡，可說是漢人在北台灣最早的開墾地，最早可追溯至荷據時期。公司田溪右岸路段位於淡水金色水岸自行車道最北端，是前往淡海新市鎮堤防觀賞海景的主要通道，全長約1.2公里。隨著淡海輕軌藍海線於去年開通後，不少遊客由濱海路三段或從左岸跨越「藍海橋」，前往堤防觀賞夕陽美景。藍海橋不但跨越景色宜人的「公司田溪」，還能直接看到連接出海口的台灣海峽，位於V10淡海新市鎮站旁的海尾仔自行車道旁因能拍到「落日」而小有名氣的「觀海大道」，更是網美必拍景點，想輕鬆海邊散步也想享受騎自行車樂趣吹吹海風；來淡海輕軌周邊的自行車道準沒錯。",
        "parking_score": 10.0,
        "nearest_parking": "{ \"area_name\": \"淡水區\", \"roadname\": \"中山路三段31巷\", \"distance_m\": 61 }",
        "toilet": false,
        "無障礙": false,
        "family": false,
        "steal_count": 1,
        "steal_score": 1,
        "hotel": false
      }
    },
    {
      "type": "Feature",
      "geometry": {
        "type": "Point",
        "coordinates": [
          121.85073,
          25.05881
        ]
      },
      "properties": {
        "館所名稱": "牡丹老街",
        "建物屬性": "熱門景點",
        "行政區": "雙溪區",
        "地址": "新北市227雙溪區牡丹老街",
        "景點介紹": "樸實的山中小鎮，以彩繪牆點亮地方",
        "parking_score": 0.0,
        "nearest_parking": "{ \"area_name\": \"汐止區\", \"roadname\": \"新台五路二段\", \"distance_m\": 17215 }",
        "toilet": true,
        "無障礙": true,
        "family": false,
        "steal_count": 0,
        "steal_score": 10,
        "hotel": false
      }
    },
    {
      "type": "Feature",
      "geometry": {
        "type": "Point",
        "coordinates": [
          121.6316,
          25.17133
        ]
      },
      "properties": {
        "館所名稱": "高家繡球花田-第三園區",
        "建物屬性": "自然生態",
        "行政區": "萬里區",
        "地址": "新北市207萬里區新北市萬里區大坪路32-6號",
        "景點介紹": "位在新北市萬里區的高家繡球花田第三園區，高家繡球花田2019年闢建了萬里第三園區，佔地約8000坪的繡球花田，五月至六月是最佳的賞花時期，不僅有雙心繡球花圖案、小溪、繡球花小徑，還能站在高點眺望底下一大片美麗的繡球花田，美麗又壯觀，品種豐富，色彩繽紛豔麗，數大之美讓人震撼。其中，最熱門的花牆，能拍出被花朵團團包圍的仙氣氛圍，圓區還少不了鞦韆，配上高低錯落的種植，讓每個角度取景都能拍出層次感，為春夏必打卡的拍攝景點。",
        "parking_score": 0.0,
        "nearest_parking": "{ \"area_name\": \"金山區\", \"roadname\": \"中興路\", \"distance_m\": 5274 }",
        "toilet": false,
        "無障礙": false,
        "family": false,
        "steal_count": 0,
        "steal_score": 10,
        "hotel": false
      }
    },
    {
      "type": "Feature",
      "geometry": {
        "type": "Point",
        "coordinates": [
          121.42265,
          25.16183
        ]
      },
      "properties": {
        "館所名稱": "卡滋爆米花",
        "建物屬性": "熱門景點",
        "行政區": "八里區",
        "地址": "新北市249八里區觀海大道171號",
        "景點介紹": "2006年團購起家的「卡滋爆米花」，是台灣多口味爆米花的創始及領導品牌，產品銷售涵蓋連鎖便利商店、量販店、超市、有機店、百貨、咖啡及手搖飲店。海外足跡擴佈全球30多個國家，亦是亞洲創新爆米花的領先者。2020年亞洲首座爆米花觀光工廠誔生了!「卡滋爆米花觀光工廠樂園」座落於新北市八里左岸旁，透過專業人員導覽，提供爆米花相關歷史演進與生活知識，並呈現AI全自動產線技術及有趣體感互動遊戲、DIY手作體驗，打造出教育、觀光、創意、科技的歡樂場域！你知道爆米花背後的小故事嗎？你知道爆米花是怎麼製成的嗎？快來亞洲第一家「卡滋爆米花觀光工廠樂園」，跟著番麥精靈一探究竟吧～",
        "parking_score": 10.0,
        "nearest_parking": "{ \"area_name\": \"八里區\", \"roadname\": \"觀海大道\", \"distance_m\": 50 }",
        "toilet": true,
        "無障礙": true,
        "family": false,
        "steal_count": 0,
        "steal_score": 10,
        "hotel": false
      }
    },
    {
      "type": "Feature",
      "geometry": {
        "type": "Point",
        "coordinates": [
          121.4947,
          24.97849
        ]
      },
      "properties": {
        "館所名稱": "白馬寺",
        "建物屬性": "藝文古蹟",
        "行政區": "中和區",
        "地址": "新北市235中和區興南路三段40巷26號",
        "景點介紹": "採傳統佛教建築格局，莊嚴肅穆，為信徒們朝聖熱點",
        "parking_score": 0.0,
        "nearest_parking": "{ \"area_name\": \"中和區\", \"roadname\": \"圓通路367巷\", \"distance_m\": 1051 }",
        "toilet": false,
        "無障礙": false,
        "family": false,
        "steal_count": 0,
        "steal_score": 10,
        "hotel": false
      }
    },
    {
      "type": "Feature",
      "geometry": {
        "type": "Point",
        "coordinates": [
          121.45743,
          25.0094
        ]
      },
      "properties": {
        "館所名稱": "板橋慈惠宮",
        "建物屬性": "熱門景點",
        "行政區": "板橋區",
        "地址": "新北市220板橋區挹秀里1鄰府中路81號",
        "景點介紹": "建築華麗，珍藏的歷史文物，值得參拜之餘來探古一番",
        "parking_score": 10.0,
        "nearest_parking": "{ \"area_name\": \"板橋區\", \"roadname\": \"東門街\", \"distance_m\": 137 }",
        "toilet": true,
        "無障礙": true,
        "family": false,
        "steal_count": 63,
        "steal_score": 1,
        "hotel": true
      }
    },
    {
      "type": "Feature",
      "geometry": {
        "type": "Point",
        "coordinates": [
          121.42932,
          25.18017
        ]
      },
      "properties": {
        "館所名稱": "雲門劇場",
        "建物屬性": "熱門景點",
        "行政區": "淡水區",
        "地址": "新北市251淡水區中正路一段6巷36號",
        "景點介紹": "綠色地景建築與裝置藝術，表演藝術為核心的創意園地",
        "parking_score": 10.0,
        "nearest_parking": "{ \"area_name\": \"淡水區\", \"roadname\": \"大庄路\", \"distance_m\": 454 }",
        "toilet": false,
        "無障礙": false,
        "family": false,
        "steal_count": 11,
        "steal_score": 1,
        "hotel": false
      }
    },
    {
      "type": "Feature",
      "geometry": {
        "type": "Point",
        "coordinates": [
          121.84345,
          25.10981
        ]
      },
      "properties": {
        "館所名稱": "瑞芳風景特定區",
        "建物屬性": "自然生態",
        "行政區": "瑞芳區",
        "地址": "新北市224瑞芳區汽車路89號",
        "景點介紹": "四季鮮明，繁華一時的山城景緻，塑造了多元遊憩內容",
        "parking_score": 0.0,
        "nearest_parking": "{ \"area_name\": \"汐止區\", \"roadname\": \"新台五路二段\", \"distance_m\": 17067 }",
        "toilet": true,
        "無障礙": true,
        "family": false,
        "steal_count": 0,
        "steal_score": 10,
        "hotel": false
      }
    },
    {
      "type": "Feature",
      "geometry": {
        "type": "Point",
        "coordinates": [
          121.44375,
          25.16786
        ]
      },
      "properties": {
        "館所名稱": "淡水金色水岸",
        "建物屬性": "熱門景點",
        "行政區": "淡水區",
        "地址": "新北市251淡水區環河道路",
        "景點介紹": "漫步逛著各式商店，或於河畔來杯咖啡，欣賞河岸美景",
        "parking_score": 3.0,
        "nearest_parking": "{ \"area_name\": \"淡水區\", \"roadname\": \"學府路\", \"distance_m\": 535 }",
        "toilet": true,
        "無障礙": true,
        "family": false,
        "steal_count": 17,
        "steal_score": 1,
        "hotel": true
      }
    },
    {
      "type": "Feature",
      "geometry": {
        "type": "Point",
        "coordinates": [
          121.4374,
          25.17323
        ]
      },
      "properties": {
        "館所名稱": "多田榮吉故居",
        "建物屬性": "自然生態",
        "行政區": "淡水區",
        "地址": "新北市251淡水區馬偕街19號",
        "景點介紹": "充滿日式建築風格，可俯瞰淡水河岸及觀音山的美景",
        "parking_score": 1.3,
        "nearest_parking": "{ \"area_name\": \"淡水區\", \"roadname\": \"中正路382號前迴轉道\", \"distance_m\": 768 }",
        "toilet": true,
        "無障礙": true,
        "family": false,
        "steal_count": 21,
        "steal_score": 1,
        "hotel": true
      }
    },
    {
      "type": "Feature",
      "geometry": {
        "type": "Point",
        "coordinates": [
          121.82753,
          25.0868
        ]
      },
      "properties": {
        "館所名稱": "猴硐車站",
        "建物屬性": "熱門景點",
        "行政區": "瑞芳區",
        "地址": "新北市224瑞芳區猴硐柴寮路70號",
        "景點介紹": "黑金的故鄉，體驗日治時期的煤礦歷史",
        "parking_score": 0.0,
        "nearest_parking": "{ \"area_name\": \"汐止區\", \"roadname\": \"新台五路二段\", \"distance_m\": 14976 }",
        "toilet": true,
        "無障礙": true,
        "family": false,
        "steal_count": 0,
        "steal_score": 10,
        "hotel": false
      }
    },
    {
      "type": "Feature",
      "geometry": {
        "type": "Point",
        "coordinates": [
          121.36923,
          24.93447
        ]
      },
      "properties": {
        "館所名稱": "三峽染工坊暨三峽藍染中心",
        "建物屬性": "藝文古蹟",
        "行政區": "三峽區",
        "地址": "新北市237三峽區中山路20巷3號(歷史文物館旁)",
        "景點介紹": "以體驗教學與藍染商品為主要服務，致力保存藍染文化",
        "parking_score": 10.0,
        "nearest_parking": "{ \"area_name\": \"三峽區\", \"roadname\": \"中山路\", \"distance_m\": 8 }",
        "toilet": true,
        "無障礙": true,
        "family": false,
        "steal_count": 29,
        "steal_score": 1,
        "hotel": false
      }
    },
    {
      "type": "Feature",
      "geometry": {
        "type": "Point",
        "coordinates": [
          121.48609,
          25.18566
        ]
      },
      "properties": {
        "館所名稱": "無極真元天壇(天元宮)",
        "建物屬性": "自然生態",
        "行政區": "淡水區",
        "地址": "新北市251淡水區北新路3段36號",
        "景點介紹": "宮內諸位仙佛雕刻，莊嚴壯觀，更以滿山春櫻吸引人潮",
        "parking_score": 0.0,
        "nearest_parking": "{ \"area_name\": \"淡水區\", \"roadname\": \"淡金路一段\", \"distance_m\": 3140 }",
        "toilet": true,
        "無障礙": false,
        "family": false,
        "steal_count": 0,
        "steal_score": 10,
        "hotel": false
      }
    },
    {
      "type": "Feature",
      "geometry": {
        "type": "Point",
        "coordinates": [
          121.46031,
          25.00836
        ]
      },
      "properties": {
        "館所名稱": "板橋後站商圈(府中商圈)",
        "建物屬性": "熱門景點",
        "行政區": "板橋區",
        "地址": "新北市220板橋區",
        "景點介紹": "板橋後站商圈，商店小吃林立，無論日夜皆有人潮",
        "parking_score": 10.0,
        "nearest_parking": "{ \"area_name\": \"板橋區\", \"roadname\": \"縣民大道一段\", \"distance_m\": 68 }",
        "toilet": true,
        "無障礙": true,
        "family": false,
        "steal_count": 58,
        "steal_score": 1,
        "hotel": true
      }
    },
    {
      "type": "Feature",
      "geometry": {
        "type": "Point",
        "coordinates": [
          121.46687,
          25.01243
        ]
      },
      "properties": {
        "館所名稱": "新板特區",
        "建物屬性": "熱門景點",
        "行政區": "板橋區",
        "地址": "新北市220板橋區(板橋火車站周邊)",
        "景點介紹": "以多鐵共構車站為主的大型都會商圈，是新北重要樞紐",
        "parking_score": 10.0,
        "nearest_parking": "{ \"area_name\": \"板橋區\", \"roadname\": \"區運路\", \"distance_m\": 179 }",
        "toilet": true,
        "無障礙": true,
        "family": false,
        "steal_count": 41,
        "steal_score": 1,
        "hotel": true
      }
    },
    {
      "type": "Feature",
      "geometry": {
        "type": "Point",
        "coordinates": [
          121.6545,
          25.23284
        ]
      },
      "properties": {
        "館所名稱": "燭臺雙嶼",
        "建物屬性": "自然生態",
        "行政區": "金山區",
        "地址": "新北市208金山區獅頭山公園海濱",
        "景點介紹": "傳說「夫妻石」的淒美故事，為大自然的奧妙增添想像",
        "parking_score": 0.0,
        "nearest_parking": "{ \"area_name\": \"金山區\", \"roadname\": \"磺港路\", \"distance_m\": 1549 }",
        "toilet": false,
        "無障礙": false,
        "family": false,
        "steal_count": 0,
        "steal_score": 10,
        "hotel": false
      }
    },
    {
      "type": "Feature",
      "geometry": {
        "type": "Point",
        "coordinates": [
          121.66498,
          25.05303
        ]
      },
      "properties": {
        "館所名稱": "大尖山風景區",
        "建物屬性": "熱門景點",
        "行政區": "汐止區",
        "地址": "新北市221汐止區大尖山",
        "景點介紹": "春櫻、夏螢、秋楓各有風光，是跨年煙火的絕佳景點",
        "parking_score": 0.5,
        "nearest_parking": "{ \"area_name\": \"汐止區\", \"roadname\": \"水源路二段\", \"distance_m\": 863 }",
        "toilet": false,
        "無障礙": false,
        "family": false,
        "steal_count": 0,
        "steal_score": 10,
        "hotel": true
      }
    },
    {
      "type": "Feature",
      "geometry": {
        "type": "Point",
        "coordinates": [
          121.61417,
          25.00143
        ]
      },
      "properties": {
        "館所名稱": "深坑老街",
        "建物屬性": "熱門景點",
        "行政區": "深坑區",
        "地址": "新北市222深坑區深坑老街",
        "景點介紹": "特殊鹽滷製法的豆腐，吸引許多饕客，造就老街的繁榮",
        "parking_score": 7.3,
        "nearest_parking": "{ \"area_name\": \"深坑區\", \"roadname\": \"平埔街22巷\", \"distance_m\": 57 }",
        "toilet": true,
        "無障礙": true,
        "family": false,
        "steal_count": 4,
        "steal_score": 1,
        "hotel": false
      }
    },
    {
      "type": "Feature",
      "geometry": {
        "type": "Point",
        "coordinates": [
          121.69581,
          25.00678
        ]
      },
      "properties": {
        "館所名稱": "皇帝殿登山步道",
        "建物屬性": "熱門景點",
        "行政區": "石碇區",
        "地址": "新北市223石碇區106乙縣道",
        "景點介紹": "於稜線上鳥瞰石碇美景，伴隨鳥鳴聲，為熱門登山步道",
        "parking_score": 0.0,
        "nearest_parking": "{ \"area_name\": \"石碇區\", \"roadname\": \"湳窟路\", \"distance_m\": 3791 }",
        "toilet": false,
        "無障礙": false,
        "family": false,
        "steal_count": 0,
        "steal_score": 10,
        "hotel": false
      }
    },
    {
      "type": "Feature",
      "geometry": {
        "type": "Point",
        "coordinates": [
          121.86412,
          25.12294
        ]
      },
      "properties": {
        "館所名稱": "陰陽海",
        "建物屬性": "熱門景點",
        "行政區": "瑞芳區",
        "地址": "新北市224瑞芳區水湳洞",
        "景點介紹": "美麗的海灣，搭配藍黃漸層的海面，有如天然的調色盤",
        "parking_score": 0.0,
        "nearest_parking": "{ \"area_name\": \"汐止區\", \"roadname\": \"新台五路二段\", \"distance_m\": 19483 }",
        "toilet": true,
        "無障礙": true,
        "family": false,
        "steal_count": 0,
        "steal_score": 10,
        "hotel": false
      }
    },
    {
      "type": "Feature",
      "geometry": {
        "type": "Point",
        "coordinates": [
          121.72329,
          25.02378
        ]
      },
      "properties": {
        "館所名稱": "菁桐老街",
        "建物屬性": "熱門景點",
        "行政區": "平溪區",
        "地址": "新北市226平溪區菁桐街",
        "景點介紹": "走訪菁桐最熱鬧的老街，感受礦業歷史與品味地方美食",
        "parking_score": 0.0,
        "nearest_parking": "{ \"area_name\": \"汐止區\", \"roadname\": \"新台五路二段\", \"distance_m\": 6563 }",
        "toilet": true,
        "無障礙": true,
        "family": false,
        "steal_count": 0,
        "steal_score": 10,
        "hotel": false
      }
    },
    {
      "type": "Feature",
      "geometry": {
        "type": "Point",
        "coordinates": [
          121.92651,
          25.05747
        ]
      },
      "properties": {
        "館所名稱": "澳底漁港",
        "建物屬性": "熱門景點",
        "行政區": "貢寮區",
        "地址": "新北市228貢寮區真理里",
        "景點介紹": "漁產豐富，有多種海生植物，為東北角主要海鮮集散地",
        "parking_score": 0.0,
        "nearest_parking": "{ \"area_name\": \"汐止區\", \"roadname\": \"新台五路二段\", \"distance_m\": 24857 }",
        "toilet": false,
        "無障礙": false,
        "family": false,
        "steal_count": 0,
        "steal_score": 10,
        "hotel": false
      }
    },
    {
      "type": "Feature",
      "geometry": {
        "type": "Point",
        "coordinates": [
          121.94255,
          25.01718
        ]
      },
      "properties": {
        "館所名稱": "東北角暨宜蘭海岸國家風景區",
        "建物屬性": "熱門景點",
        "行政區": "貢寮區",
        "地址": "新北市228貢寮區福隆里興隆街36號",
        "景點介紹": "灣岬羅列，奇岩聳崖、海洋生態，育出淳樸的人文史蹟",
        "parking_score": 0.0,
        "nearest_parking": "{ \"area_name\": \"坪林區\", \"roadname\": \"國中路\", \"distance_m\": 24696 }",
        "toilet": true,
        "無障礙": true,
        "family": false,
        "steal_count": 0,
        "steal_score": 10,
        "hotel": true
      }
    },
    {
      "type": "Feature",
      "geometry": {
        "type": "Point",
        "coordinates": [
          121.712,
          24.93639
        ]
      },
      "properties": {
        "館所名稱": "坪林老街",
        "建物屬性": "熱門景點",
        "行政區": "坪林區",
        "地址": "新北市232坪林區坪林街",
        "景點介紹": "在地信仰「保坪宮」為中心，沿街飄香濃濃茶文化",
        "parking_score": 5.5,
        "nearest_parking": "{ \"area_name\": \"坪林區\", \"roadname\": \"國中路\", \"distance_m\": 53 }",
        "toilet": true,
        "無障礙": true,
        "family": false,
        "steal_count": 0,
        "steal_score": 10,
        "hotel": false
      }
    },
    {
      "type": "Feature",
      "geometry": {
        "type": "Point",
        "coordinates": [
          121.55166,
          24.86552
        ]
      },
      "properties": {
        "館所名稱": "烏來吊橋",
        "建物屬性": "自然生態",
        "行政區": "烏來區",
        "地址": "新北市233烏來區烏來立體停車場(烏來老街旁)",
        "景點介紹": "北觀紅色拱橋，南望溪流相匯，將南勢溪岸盡覽眼底",
        "parking_score": 0.0,
        "nearest_parking": "{ \"area_name\": \"新店區\", \"roadname\": \"竹林路2巷\", \"distance_m\": 9398 }",
        "toilet": true,
        "無障礙": true,
        "family": false,
        "steal_count": 0,
        "steal_score": 10,
        "hotel": true
      }
    },
    {
      "type": "Feature",
      "geometry": {
        "type": "Point",
        "coordinates": [
          121.54034,
          24.88435
        ]
      },
      "properties": {
        "館所名稱": "烏來紅河谷",
        "建物屬性": "自然生態",
        "行政區": "烏來區",
        "地址": "新北市233烏來區紅河谷",
        "景點介紹": "在大自然的鬼斧神工下，造就小太魯閣的壯麗美景",
        "parking_score": 0.0,
        "nearest_parking": "{ \"area_name\": \"新店區\", \"roadname\": \"竹林路2巷\", \"distance_m\": 7375 }",
        "toilet": false,
        "無障礙": false,
        "family": false,
        "steal_count": 0,
        "steal_score": 10,
        "hotel": false
      }
    },
    {
      "type": "Feature",
      "geometry": {
        "type": "Point",
        "coordinates": [
          121.55198,
          24.86493
        ]
      },
      "properties": {
        "館所名稱": "烏來風景區",
        "建物屬性": "熱門景點",
        "行政區": "烏來區",
        "地址": "新北市233烏來區烏來街45號之1(烏來遊客中心)",
        "景點介紹": "綻紅櫻花暈染整個青翠山谷，是北部最佳的賞櫻之鄉",
        "parking_score": 0.0,
        "nearest_parking": "{ \"area_name\": \"新店區\", \"roadname\": \"竹林路2巷\", \"distance_m\": 9464 }",
        "toilet": true,
        "無障礙": true,
        "family": false,
        "steal_count": 0,
        "steal_score": 10,
        "hotel": true
      }
    },
    {
      "type": "Feature",
      "geometry": {
        "type": "Point",
        "coordinates": [
          121.80597,
          25.10875
        ]
      },
      "properties": {
        "館所名稱": "瑞芳火車站",
        "建物屬性": "自然生態",
        "行政區": "瑞芳區",
        "地址": "新北市224瑞芳區龍潭里明燈路三段82號",
        "景點介紹": "為進入黃金山城、濱海漁村及鐵道平溪線的重要轉運站",
        "parking_score": 0.0,
        "nearest_parking": "{ \"area_name\": \"汐止區\", \"roadname\": \"新台五路二段\", \"distance_m\": 13423 }",
        "toilet": true,
        "無障礙": true,
        "family": false,
        "steal_count": 4,
        "steal_score": 1,
        "hotel": false
      }
    },
    {
      "type": "Feature",
      "geometry": {
        "type": "Point",
        "coordinates": [
          121.50488,
          24.97006
        ]
      },
      "properties": {
        "館所名稱": "烘爐地登山步道",
        "建物屬性": "熱門景點",
        "行政區": "中和區",
        "地址": "新北市235中和區興南路",
        "景點介紹": "山頂視野遼闊，以夜景聞名，是信徒朝聖的旅遊聖地",
        "parking_score": 0.0,
        "nearest_parking": "{ \"area_name\": \"新店區\", \"roadname\": \"安德街116巷\", \"distance_m\": 1030 }",
        "toilet": false,
        "無障礙": false,
        "family": false,
        "steal_count": 0,
        "steal_score": 10,
        "hotel": false
      }
    },
    {
      "type": "Feature",
      "geometry": {
        "type": "Point",
        "coordinates": [
          121.46361,
          24.95414
        ]
      },
      "properties": {
        "館所名稱": "太極嶺",
        "建物屬性": "熱門景點",
        "行政區": "土城區",
        "地址": "新北市236土城區石門路85-1號(山中湖餐廳)旁",
        "景點介紹": "嶺上101階入口意象，象徵健康財富，為熱門路線",
        "parking_score": 0.0,
        "nearest_parking": "{ \"area_name\": \"土城區\", \"roadname\": \"明德路一段\", \"distance_m\": 2591 }",
        "toilet": false,
        "無障礙": false,
        "family": false,
        "steal_count": 0,
        "steal_score": 10,
        "hotel": false
      }
    },
    {
      "type": "Feature",
      "geometry": {
        "type": "Point",
        "coordinates": [
          121.35418,
          24.93018
        ]
      },
      "properties": {
        "館所名稱": "鳶山登山步道",
        "建物屬性": "熱門景點",
        "行政區": "三峽區",
        "地址": "新北市237三峽區鳶山",
        "景點介紹": "三峽著名親山步道，可俯瞰大臺北地區的晨昏之美",
        "parking_score": 1.6,
        "nearest_parking": "{ \"area_name\": \"三峽區\", \"roadname\": \"大智路\", \"distance_m\": 894 }",
        "toilet": true,
        "無障礙": false,
        "family": false,
        "steal_count": 0,
        "steal_score": 10,
        "hotel": false
      }
    },
    {
      "type": "Feature",
      "geometry": {
        "type": "Point",
        "coordinates": [
          121.66051,
          24.99089
        ]
      },
      "properties": {
        "館所名稱": "石碇老街",
        "建物屬性": "熱門景點",
        "行政區": "石碇區",
        "地址": "新北市223石碇區石碇東街",
        "景點介紹": "百年豆腐店、吊腳樓建築及不見天街，都是必遊景點",
        "parking_score": 7.7,
        "nearest_parking": "{ \"area_name\": \"石碇區\", \"roadname\": \"湳窟路\", \"distance_m\": 80 }",
        "toilet": true,
        "無障礙": true,
        "family": false,
        "steal_count": 0,
        "steal_score": 10,
        "hotel": false
      }
    },
    {
      "type": "Feature",
      "geometry": {
        "type": "Point",
        "coordinates": [
          121.369,
          24.93327
        ]
      },
      "properties": {
        "館所名稱": "甘樂文創展演空間",
        "建物屬性": "熱門景點",
        "行政區": "三峽區",
        "地址": "新北市237三峽區民權街84巷12之1號",
        "景點介紹": "由老厝改建而成，充滿文創、藝文氣息，滿載在地氛圍",
        "parking_score": 10.0,
        "nearest_parking": "{ \"area_name\": \"三峽區\", \"roadname\": \"仁愛街\", \"distance_m\": 69 }",
        "toilet": true,
        "無障礙": true,
        "family": false,
        "steal_count": 28,
        "steal_score": 1,
        "hotel": false
      }
    },
    {
      "type": "Feature",
      "geometry": {
        "type": "Point",
        "coordinates": [
          121.44295,
          25.15135
        ]
      },
      "properties": {
        "館所名稱": "八里左岸自行車道",
        "建物屬性": "熱門景點",
        "行政區": "八里區",
        "地址": "新北市249八里區左岸",
        "景點介紹": "吹海風眺望淡水河風光，單車行邊享受綠茵叢樹",
        "parking_score": 10.0,
        "nearest_parking": "{ \"area_name\": \"八里區\", \"roadname\": \"龍米路二段\", \"distance_m\": 45 }",
        "toilet": false,
        "無障礙": false,
        "family": false,
        "steal_count": 0,
        "steal_score": 10,
        "hotel": false
      }
    },
    {
      "type": "Feature",
      "geometry": {
        "type": "Point",
        "coordinates": [
          121.47164,
          25.08336
        ]
      },
      "properties": {
        "館所名稱": "蘆洲廟口夜市(形象商圈)",
        "建物屬性": "夜市",
        "行政區": "蘆洲區",
        "地址": "新北市247蘆洲區得勝街96號",
        "景點介紹": "百年古厝廟宇，小吃老店林立，早晚市集皆人聲鼎沸",
        "parking_score": 10.0,
        "nearest_parking": "{ \"area_name\": \"蘆洲區\", \"roadname\": \"中山二路\", \"distance_m\": 244 }",
        "toilet": true,
        "無障礙": true,
        "family": false,
        "steal_count": 29,
        "steal_score": 1,
        "hotel": false
      }
    },
    {
      "type": "Feature",
      "geometry": {
        "type": "Point",
        "coordinates": [
          121.45747,
          25.12572
        ]
      },
      "properties": {
        "館所名稱": "關渡大橋",
        "建物屬性": "自然生態",
        "行政區": "八里區",
        "地址": "新北市249八里區龍米路一段170號",
        "景點介紹": "鮮紅色外觀為一大地標，觀景步道可細賞淡水河岸風情",
        "parking_score": 4.8,
        "nearest_parking": "{ \"area_name\": \"八里區\", \"roadname\": \"河濱公園海世界觀景平台\", \"distance_m\": 501 }",
        "toilet": false,
        "無障礙": false,
        "family": false,
        "steal_count": 2,
        "steal_score": 1,
        "hotel": false
      }
    },
    {
      "type": "Feature",
      "geometry": {
        "type": "Point",
        "coordinates": [
          121.41664,
          25.16897
        ]
      },
      "properties": {
        "館所名稱": "觀海長堤",
        "建物屬性": "熱門景點",
        "行政區": "八里區",
        "地址": "新北市249八里區挖子尾",
        "景點介紹": "淡水夕照、海浪、雲霞，寬闊視角吸引攝影愛好者前往",
        "parking_score": 10.0,
        "nearest_parking": "{ \"area_name\": \"八里區\", \"roadname\": \"博物館路\", \"distance_m\": 664 }",
        "toilet": false,
        "無障礙": false,
        "family": false,
        "steal_count": 0,
        "steal_score": 10,
        "hotel": false
      }
    },
    {
      "type": "Feature",
      "geometry": {
        "type": "Point",
        "coordinates": [
          121.4335,
          25.17535
        ]
      },
      "properties": {
        "館所名稱": "前清英國領事官邸",
        "建物屬性": "熱門景點",
        "行政區": "淡水區",
        "地址": "新北市251淡水區中正路28巷1號",
        "景點介紹": "紅磚樓、拱圈迴廊與斜屋頂等，完整呈現昔日建築特色",
        "parking_score": 5.1,
        "nearest_parking": "{ \"area_name\": \"淡水區\", \"roadname\": \"中正路382號前迴轉道\", \"distance_m\": 334 }",
        "toilet": true,
        "無障礙": false,
        "family": false,
        "steal_count": 18,
        "steal_score": 1,
        "hotel": true
      }
    },
    {
      "type": "Feature",
      "geometry": {
        "type": "Point",
        "coordinates": [
          121.45563,
          25.15685
        ]
      },
      "properties": {
        "館所名稱": "紅樹林自然保留區",
        "建物屬性": "自然生態",
        "行政區": "淡水區",
        "地址": "新北市251淡水區紅樹林",
        "景點介紹": "廣達76公頃的水筆仔純林，分布最北界，全世界最大",
        "parking_score": 1.1,
        "nearest_parking": "{ \"area_name\": \"淡水區\", \"roadname\": \"中正東路二段25巷\", \"distance_m\": 383 }",
        "toilet": false,
        "無障礙": false,
        "family": false,
        "steal_count": 1,
        "steal_score": 1,
        "hotel": true
      }
    },
    {
      "type": "Feature",
      "geometry": {
        "type": "Point",
        "coordinates": [
          121.41486,
          25.18172
        ]
      },
      "properties": {
        "館所名稱": "淡水漁人舞台",
        "建物屬性": "熱門景點",
        "行政區": "淡水區",
        "地址": "新北市251淡水區觀海路83號",
        "景點介紹": "全臺第一個海港表演場，在海景旁盡情享受音樂饗宴",
        "parking_score": 10.0,
        "nearest_parking": "{ \"area_name\": \"淡水區\", \"roadname\": \"油車口平面停車場\", \"distance_m\": 445 }",
        "toilet": true,
        "無障礙": false,
        "family": false,
        "steal_count": 6,
        "steal_score": 1,
        "hotel": false
      }
    },
    {
      "type": "Feature",
      "geometry": {
        "type": "Point",
        "coordinates": [
          121.49116,
          25.20576
        ]
      },
      "properties": {
        "館所名稱": "三芝田心子",
        "建物屬性": "自然生態",
        "行政區": "三芝區",
        "地址": "新北市252三芝區興華里奎柔山路(北八鄉道4.5公里處)",
        "景點介紹": "獨特濕地景觀，為大臺北夢幻祕境，呈現多種意境之美",
        "parking_score": 0.0,
        "nearest_parking": "{ \"area_name\": \"淡水區\", \"roadname\": \"淡金路一段\", \"distance_m\": 4747 }",
        "toilet": false,
        "無障礙": false,
        "family": false,
        "steal_count": 0,
        "steal_score": 10,
        "hotel": false
      }
    },
    {
      "type": "Feature",
      "geometry": {
        "type": "Point",
        "coordinates": [
          121.5353,
          25.2926
        ]
      },
      "properties": {
        "館所名稱": "富基漁港",
        "建物屬性": "熱門景點",
        "行政區": "石門區",
        "地址": "新北市253石門區楓林路15號",
        "景點介紹": "以花蟹聞名，時節一到，便吸引愛吃海鮮的老饕前往",
        "parking_score": 0.0,
        "nearest_parking": "{ \"area_name\": \"金山區\", \"roadname\": \"中山路\", \"distance_m\": 12270 }",
        "toilet": true,
        "無障礙": true,
        "family": false,
        "steal_count": 0,
        "steal_score": 10,
        "hotel": false
      }
    },
    {
      "type": "Feature",
      "geometry": {
        "type": "Point",
        "coordinates": [
          121.45252,
          25.02404
        ]
      },
      "properties": {
        "館所名稱": "板橋435藝文特區",
        "建物屬性": "熱門景點",
        "行政區": "板橋區",
        "地址": "新北市220板橋區中正路435號",
        "景點介紹": "結合生態、藝術、玩樂的育樂空間，親子共遊樂園",
        "parking_score": 10.0,
        "nearest_parking": "{ \"area_name\": \"板橋區\", \"roadname\": \"中正路\", \"distance_m\": 180 }",
        "toilet": true,
        "無障礙": true,
        "family": false,
        "steal_count": 10,
        "steal_score": 1,
        "hotel": false
      }
    },
    {
      "type": "Feature",
      "geometry": {
        "type": "Point",
        "coordinates": [
          121.51404,
          25.00316
        ]
      },
      "properties": {
        "館所名稱": "八二三紀念公園(中和公園)",
        "建物屬性": "熱門景點",
        "行政區": "中和區",
        "地址": "新北市235中和區中安街、安樂路、安平路及永貞路間",
        "景點介紹": "有籃球場、兒童遊戲區、遛狗區等設施，適合親子共遊",
        "parking_score": 10.0,
        "nearest_parking": "{ \"area_name\": \"中和區\", \"roadname\": \"永貞路\", \"distance_m\": 48 }",
        "toilet": true,
        "無障礙": true,
        "family": false,
        "steal_count": 22,
        "steal_score": 1,
        "hotel": true
      }
    },
    {
      "type": "Feature",
      "geometry": {
        "type": "Point",
        "coordinates": [
          121.82785,
          25.08687
        ]
      },
      "properties": {
        "館所名稱": "猴硐煤礦博物園區",
        "建物屬性": "自然生態",
        "行政區": "瑞芳區",
        "地址": "新北市224瑞芳區猴硐柴寮路42號(猴硐火車站正對面)",
        "景點介紹": "昔日建築展現煤礦歷史風華，完整呈現礦業與人文之美",
        "parking_score": 0.0,
        "nearest_parking": "{ \"area_name\": \"汐止區\", \"roadname\": \"新台五路二段\", \"distance_m\": 15009 }",
        "toilet": true,
        "無障礙": true,
        "family": false,
        "steal_count": 0,
        "steal_score": 10,
        "hotel": false
      }
    },
    {
      "type": "Feature",
      "geometry": {
        "type": "Point",
        "coordinates": [
          121.43941,
          25.17142
        ]
      },
      "properties": {
        "館所名稱": "淡水紅樓",
        "建物屬性": "熱門景點",
        "行政區": "淡水區",
        "地址": "新北市251淡水區三民街2巷6號",
        "景點介紹": "殖民地式的紅磚建築外觀．象徵一世紀黃金淡水的繁華",
        "parking_score": 0.2,
        "nearest_parking": "{ \"area_name\": \"淡水區\", \"roadname\": \"學府路\", \"distance_m\": 928 }",
        "toilet": true,
        "無障礙": true,
        "family": false,
        "steal_count": 23,
        "steal_score": 1,
        "hotel": true
      }
    },
    {
      "type": "Feature",
      "geometry": {
        "type": "Point",
        "coordinates": [
          121.53706,
          24.95689
        ]
      },
      "properties": {
        "館所名稱": "新店老街",
        "建物屬性": "熱門景點",
        "行政區": "新店區",
        "地址": "新北市231新店區新店路",
        "景點介紹": "早晨市場叫賣聲，傍晚夕日餘暉，彷彿走入老街歷史",
        "parking_score": 10.0,
        "nearest_parking": "{ \"area_name\": \"新店區\", \"roadname\": \"北宜路一段\", \"distance_m\": 122 }",
        "toilet": true,
        "無障礙": true,
        "family": false,
        "steal_count": 3,
        "steal_score": 1,
        "hotel": true
      }
    },
    {
      "type": "Feature",
      "geometry": {
        "type": "Point",
        "coordinates": [
          121.72252,
          25.02336
        ]
      },
      "properties": {
        "館所名稱": "菁桐電子天燈館",
        "建物屬性": "熱門景點",
        "行政區": "平溪區",
        "地址": "新北市226平溪區靜安路2段141號",
        "景點介紹": "融入地景與天際線，如一盞祈福天燈",
        "parking_score": 0.0,
        "nearest_parking": "{ \"area_name\": \"汐止區\", \"roadname\": \"新台五路二段\", \"distance_m\": 6547 }",
        "toilet": true,
        "無障礙": true,
        "family": false,
        "steal_count": 0,
        "steal_score": 10,
        "hotel": false
      }
    },
    {
      "type": "Feature",
      "geometry": {
        "type": "Point",
        "coordinates": [
          121.69742,
          25.01703
        ]
      },
      "properties": {
        "館所名稱": "石碇五路財神廟",
        "建物屬性": "藝文古蹟",
        "行政區": "石碇區",
        "地址": "新北市223石碇區永定村大湖格20之1號 ‎",
        "景點介紹": "金碧輝煌、香火鼎盛，望眼所及都是元寶造型",
        "parking_score": 0.0,
        "nearest_parking": "{ \"area_name\": \"石碇區\", \"roadname\": \"湳窟路\", \"distance_m\": 4531 }",
        "toilet": false,
        "無障礙": false,
        "family": false,
        "steal_count": 0,
        "steal_score": 10,
        "hotel": false
      }
    },
    {
      "type": "Feature",
      "geometry": {
        "type": "Point",
        "coordinates": [
          121.40953,
          25.01347
        ]
      },
      "properties": {
        "館所名稱": "新北市軍人忠靈祠(武器公園)",
        "建物屬性": "藝文古蹟",
        "行政區": "樹林區",
        "地址": "新北市238樹林區忠義街25號",
        "景點介紹": "莊嚴祭祀場合旁，設置軍事裝備，為祠區增添雄偉氣息",
        "parking_score": 6.2,
        "nearest_parking": "{ \"area_name\": \"樹林區\", \"roadname\": \"俊興街\", \"distance_m\": 754 }",
        "toilet": false,
        "無障礙": false,
        "family": false,
        "steal_count": 1,
        "steal_score": 1,
        "hotel": false
      }
    },
    {
      "type": "Feature",
      "geometry": {
        "type": "Point",
        "coordinates": [
          121.61489,
          25.23984
        ]
      },
      "properties": {
        "館所名稱": "法鼓山",
        "建物屬性": "自然生態",
        "行政區": "金山區",
        "地址": "新北市208金山區三界里法鼓路555號",
        "景點介紹": "法鼓聲響於晨暮，安定人心，朝山步道風光明媚",
        "parking_score": 0.0,
        "nearest_parking": "{ \"area_name\": \"金山區\", \"roadname\": \"中山路\", \"distance_m\": 2354 }",
        "toilet": false,
        "無障礙": false,
        "family": false,
        "steal_count": 0,
        "steal_score": 10,
        "hotel": false
      }
    },
    {
      "type": "Feature",
      "geometry": {
        "type": "Point",
        "coordinates": [
          121.5082,
          24.9838
        ]
      },
      "properties": {
        "館所名稱": "華新街(緬甸街)",
        "建物屬性": "熱門景點",
        "行政區": "中和區",
        "地址": "新北市235中和區華新街",
        "景點介紹": "南洋料理遠近馳名，風味飄香，值得嚐鮮",
        "parking_score": 8.3,
        "nearest_parking": "{ \"area_name\": \"中和區\", \"roadname\": \"工專路\", \"distance_m\": 289 }",
        "toilet": true,
        "無障礙": false,
        "family": false,
        "steal_count": 1,
        "steal_score": 1,
        "hotel": false
      }
    },
    {
      "type": "Feature",
      "geometry": {
        "type": "Point",
        "coordinates": [
          121.50055,
          25.06498
        ]
      },
      "properties": {
        "館所名稱": "三和夜市",
        "建物屬性": "夜市",
        "行政區": "三重區",
        "地址": "新北市241三重區中央北路",
        "景點介紹": "老饕必遊夜市，多間老字號小吃美味又好買",
        "parking_score": 10.0,
        "nearest_parking": "{ \"area_name\": \"三重區\", \"roadname\": \"三和路二段\", \"distance_m\": 270 }",
        "toilet": true,
        "無障礙": true,
        "family": false,
        "steal_count": 24,
        "steal_score": 1,
        "hotel": true
      }
    },
    {
      "type": "Feature",
      "geometry": {
        "type": "Point",
        "coordinates": [
          121.45082,
          25.03364
        ]
      },
      "properties": {
        "館所名稱": "新莊廟街夜市",
        "建物屬性": "夜市",
        "行政區": "新莊區",
        "地址": "新北市242新莊區新莊路",
        "景點介紹": "百年廟街品嚐夜市美食，小吃甜點一次滿足",
        "parking_score": 6.6,
        "nearest_parking": "{ \"area_name\": \"新莊區\", \"roadname\": \"文昌陸橋側高灘地\", \"distance_m\": 220 }",
        "toilet": true,
        "無障礙": false,
        "family": false,
        "steal_count": 19,
        "steal_score": 1,
        "hotel": true
      }
    },
    {
      "type": "Feature",
      "geometry": {
        "type": "Point",
        "coordinates": [
          121.44203,
          25.17005
        ]
      },
      "properties": {
        "館所名稱": "淡水龍山寺",
        "建物屬性": "自然生態",
        "行政區": "淡水區",
        "地址": "新北市251淡水區清文里中山路95巷22號",
        "景點介紹": "不只有珍貴古物，被舊市街圍繞的建築特色，更顯懷舊",
        "parking_score": 0.7,
        "nearest_parking": "{ \"area_name\": \"淡水區\", \"roadname\": \"學府路\", \"distance_m\": 651 }",
        "toilet": true,
        "無障礙": true,
        "family": false,
        "steal_count": 18,
        "steal_score": 1,
        "hotel": true
      }
    },
    {
      "type": "Feature",
      "geometry": {
        "type": "Point",
        "coordinates": [
          121.40485,
          25.15688
        ]
      },
      "properties": {
        "館所名稱": "新北市立十三行博物館",
        "建物屬性": "藝文古蹟",
        "行政區": "八里區",
        "地址": "新北市249八里區博物館路200號",
        "景點介紹": "北臺灣唯一考古博物館，寓教於樂",
        "parking_score": 10.0,
        "nearest_parking": "{ \"area_name\": \"八里區\", \"roadname\": \"十三行博物館第一停車場\", \"distance_m\": 123 }",
        "toilet": true,
        "無障礙": true,
        "family": false,
        "steal_count": 2,
        "steal_score": 1,
        "hotel": false
      }
    },
    {
      "type": "Feature",
      "geometry": {
        "type": "Point",
        "coordinates": [
          121.713,
          24.93443
        ]
      },
      "properties": {
        "館所名稱": "新北市坪林茶業博物館",
        "建物屬性": "藝文古蹟",
        "行政區": "坪林區",
        "地址": "新北市232坪林區水德里水聳淒坑19-1號",
        "景點介紹": "深度了解茶園與茶葉歷史，體驗茶的文化",
        "parking_score": 5.5,
        "nearest_parking": "{ \"area_name\": \"坪林區\", \"roadname\": \"國中路\", \"distance_m\": 149 }",
        "toilet": true,
        "無障礙": true,
        "family": false,
        "steal_count": 0,
        "steal_score": 10,
        "hotel": false
      }
    },
    {
      "type": "Feature",
      "geometry": {
        "type": "Point",
        "coordinates": [
          121.862,
          25.10952
        ]
      },
      "properties": {
        "館所名稱": "無耳茶壺山步道",
        "建物屬性": "自然生態",
        "行政區": "瑞芳區",
        "地址": "新北市224瑞芳區金瓜石",
        "景點介紹": "可俯視陰陽海奇景、綿延的山巒與無際海水，十分舒心",
        "parking_score": 0.0,
        "nearest_parking": "{ \"area_name\": \"汐止區\", \"roadname\": \"新台五路二段\", \"distance_m\": 18869 }",
        "toilet": false,
        "無障礙": false,
        "family": false,
        "steal_count": 0,
        "steal_score": 10,
        "hotel": false
      }
    },
    {
      "type": "Feature",
      "geometry": {
        "type": "Point",
        "coordinates": [
          121.80655,
          25.10954
        ]
      },
      "properties": {
        "館所名稱": "瑞芳老街",
        "建物屬性": "熱門景點",
        "行政區": "瑞芳區",
        "地址": "新北市224瑞芳區瑞芳路逢甲路、瑞芳街一帶",
        "景點介紹": "古厝懷舊迷人，老街小吃在地美味，登山步道風光明媚",
        "parking_score": 0.0,
        "nearest_parking": "{ \"area_name\": \"汐止區\", \"roadname\": \"新台五路二段\", \"distance_m\": 13507 }",
        "toilet": true,
        "無障礙": false,
        "family": false,
        "steal_count": 4,
        "steal_score": 1,
        "hotel": false
      }
    },
    {
      "type": "Feature",
      "geometry": {
        "type": "Point",
        "coordinates": [
          121.77667,
          25.04269
        ]
      },
      "properties": {
        "館所名稱": "十分老街",
        "建物屬性": "熱門景點",
        "行政區": "平溪區",
        "地址": "新北市226平溪區十分老街",
        "景點介紹": "體驗「火車門前過」的新奇，與在鐵軌旁逛街的樂趣",
        "parking_score": 0.0,
        "nearest_parking": "{ \"area_name\": \"汐止區\", \"roadname\": \"新台五路二段\", \"distance_m\": 10122 }",
        "toilet": true,
        "無障礙": false,
        "family": false,
        "steal_count": 0,
        "steal_score": 10,
        "hotel": false
      }
    },
    {
      "type": "Feature",
      "geometry": {
        "type": "Point",
        "coordinates": [
          121.73882,
          25.02533
        ]
      },
      "properties": {
        "館所名稱": "平溪老街",
        "建物屬性": "熱門景點",
        "行政區": "平溪區",
        "地址": "新北市226平溪區平溪街",
        "景點介紹": "放天燈、柑仔店，老街上滿是樸實懷舊的小鎮風情",
        "parking_score": 0.0,
        "nearest_parking": "{ \"area_name\": \"汐止區\", \"roadname\": \"新台五路二段\", \"distance_m\": 7579 }",
        "toilet": true,
        "無障礙": true,
        "family": false,
        "steal_count": 0,
        "steal_score": 10,
        "hotel": false
      }
    },
    {
      "type": "Feature",
      "geometry": {
        "type": "Point",
        "coordinates": [
          121.77501,
          25.04099
        ]
      },
      "properties": {
        "館所名稱": "十分車站",
        "建物屬性": "自然生態",
        "行政區": "平溪區",
        "地址": "新北市226平溪區十分街51號",
        "景點介紹": "搭載著遊客，享受靜謐的平溪風光與感受昔日礦產盛況",
        "parking_score": 0.0,
        "nearest_parking": "{ \"area_name\": \"汐止區\", \"roadname\": \"新台五路二段\", \"distance_m\": 10017 }",
        "toilet": true,
        "無障礙": true,
        "family": false,
        "steal_count": 0,
        "steal_score": 10,
        "hotel": false
      }
    },
    {
      "type": "Feature",
      "geometry": {
        "type": "Point",
        "coordinates": [
          121.35203,
          24.94925
        ]
      },
      "properties": {
        "館所名稱": "新北市立鶯歌陶瓷博物館",
        "建物屬性": "藝文古蹟",
        "行政區": "鶯歌區",
        "地址": "新北市239鶯歌區文化路200號",
        "景點介紹": "致力陶瓷文化，可透過不同方式認識陶藝歷史與創作",
        "parking_score": 10.0,
        "nearest_parking": "{ \"area_name\": \"鶯歌區\", \"roadname\": \"尖山路\", \"distance_m\": 277 }",
        "toilet": true,
        "無障礙": true,
        "family": false,
        "steal_count": 9,
        "steal_score": 1,
        "hotel": true
      }
    },
    {
      "type": "Feature",
      "geometry": {
        "type": "Point",
        "coordinates": [
          121.55162,
          24.86414
        ]
      },
      "properties": {
        "館所名稱": "烏來老街",
        "建物屬性": "熱門景點",
        "行政區": "烏來區",
        "地址": "新北市233烏來區烏來街",
        "景點介紹": "適合散步漫遊，品嚐原民美食，選購部落手工藝品",
        "parking_score": 0.0,
        "nearest_parking": "{ \"area_name\": \"新店區\", \"roadname\": \"竹林路2巷\", \"distance_m\": 9551 }",
        "toilet": true,
        "無障礙": true,
        "family": false,
        "steal_count": 0,
        "steal_score": 10,
        "hotel": true
      }
    },
    {
      "type": "Feature",
      "geometry": {
        "type": "Point",
        "coordinates": [
          121.55034,
          24.8634
        ]
      },
      "properties": {
        "館所名稱": "烏來溫泉",
        "建物屬性": "熱門景點",
        "行政區": "烏來區",
        "地址": "新北市233烏來區烏來街、溫泉街與環山路一帶",
        "景點介紹": "有「美人湯」之譽，不論四季，都能吸引遊客前來享受",
        "parking_score": 0.0,
        "nearest_parking": "{ \"area_name\": \"新店區\", \"roadname\": \"竹林路2巷\", \"distance_m\": 9631 }",
        "toilet": true,
        "無障礙": true,
        "family": false,
        "steal_count": 0,
        "steal_score": 10,
        "hotel": true
      }
    },
    {
      "type": "Feature",
      "geometry": {
        "type": "Point",
        "coordinates": [
          121.46121,
          25.12518
        ]
      },
      "properties": {
        "館所名稱": "金色水岸自行車道",
        "建物屬性": "熱門景點",
        "行政區": "淡水區",
        "地址": "新北市251淡水區渡船頭",
        "景點介紹": "適合親子共遊，邊騎邊觀察白鷺鷥與招潮蟹等生態",
        "parking_score": 1.6,
        "nearest_parking": "{ \"area_name\": \"八里區\", \"roadname\": \"河濱公園海世界觀景平台\", \"distance_m\": 656 }",
        "toilet": false,
        "無障礙": false,
        "family": false,
        "steal_count": 2,
        "steal_score": 1,
        "hotel": false
      }
    },
    {
      "type": "Feature",
      "geometry": {
        "type": "Point",
        "coordinates": [
          121.43855,
          25.17103
        ]
      },
      "properties": {
        "館所名稱": "淡水老街",
        "建物屬性": "熱門景點",
        "行政區": "淡水區",
        "地址": "新北市251淡水區中正路、重建街、清水街一帶",
        "景點介紹": "在地美食、古蹟巡禮，夕陽海景，怎樣都玩不膩的景點",
        "parking_score": 0.2,
        "nearest_parking": "{ \"area_name\": \"淡水區\", \"roadname\": \"中正路382號前迴轉道\", \"distance_m\": 976 }",
        "toilet": true,
        "無障礙": true,
        "family": false,
        "steal_count": 22,
        "steal_score": 1,
        "hotel": true
      }
    },
    {
      "type": "Feature",
      "geometry": {
        "type": "Point",
        "coordinates": [
          121.51913,
          25.28331
        ]
      },
      "properties": {
        "館所名稱": "北海岸及觀音山國家風景區",
        "建物屬性": "熱門景點",
        "行政區": "石門區",
        "地址": "新北市253石門區德茂里下員坑33-6號",
        "景點介紹": "整合北海岸、野柳、觀音山三處風景區，是假日好去處",
        "parking_score": 0.0,
        "nearest_parking": "{ \"area_name\": \"淡水區\", \"roadname\": \"崁頂二路\", \"distance_m\": 12383 }",
        "toilet": true,
        "無障礙": true,
        "family": false,
        "steal_count": 0,
        "steal_score": 10,
        "hotel": false
      }
    },
    {
      "type": "Feature",
      "geometry": {
        "type": "Point",
        "coordinates": [
          121.51718,
          25.28418
        ]
      },
      "properties": {
        "館所名稱": "白沙灣海水浴場",
        "建物屬性": "熱門景點",
        "行政區": "石門區",
        "地址": "新北市253石門區德茂里八甲1-2號(2號省道23公里處)",
        "景點介紹": "綿延的貝殼白沙，在碧海藍天的映照下，令人心曠神怡",
        "parking_score": 0.0,
        "nearest_parking": "{ \"area_name\": \"淡水區\", \"roadname\": \"崁頂二路\", \"distance_m\": 12324 }",
        "toilet": false,
        "無障礙": false,
        "family": false,
        "steal_count": 0,
        "steal_score": 10,
        "hotel": false
      }
    },
    {
      "type": "Feature",
      "geometry": {
        "type": "Point",
        "coordinates": [
          121.54546,
          25.29209
        ]
      },
      "properties": {
        "館所名稱": "老梅石槽",
        "建物屬性": "自然生態",
        "行政區": "石門區",
        "地址": "新北市253石門區下員坑",
        "景點介紹": "季節限定的綠石槽，把整片海岸染成鮮綠的春天色彩",
        "parking_score": 0.0,
        "nearest_parking": "{ \"area_name\": \"金山區\", \"roadname\": \"中山路\", \"distance_m\": 11432 }",
        "toilet": true,
        "無障礙": true,
        "family": false,
        "steal_count": 0,
        "steal_score": 10,
        "hotel": false
      }
    },
    {
      "type": "Feature",
      "geometry": {
        "type": "Point",
        "coordinates": [
          121.95834,
          25.00395
        ]
      },
      "properties": {
        "館所名稱": "舊草嶺隧道",
        "建物屬性": "藝文古蹟",
        "行政區": "貢寮區",
        "地址": "新北市228貢寮區福隆里",
        "景點介紹": "穿越時空的復古感，是結合文化、歷史、觀光的鐵馬隧道",
        "parking_score": 0.0,
        "nearest_parking": "{ \"area_name\": \"坪林區\", \"roadname\": \"國中路\", \"distance_m\": 25754 }",
        "toilet": true,
        "無障礙": true,
        "family": false,
        "steal_count": 0,
        "steal_score": 10,
        "hotel": false
      }
    },
    {
      "type": "Feature",
      "geometry": {
        "type": "Point",
        "coordinates": [
          121.86157,
          25.11718
        ]
      },
      "properties": {
        "館所名稱": "黃金瀑布",
        "建物屬性": "熱門景點",
        "行政區": "瑞芳區",
        "地址": "新北市224瑞芳區金水公路",
        "景點介紹": "瀑布經金黃岩石湍急而下的金色水澤，令人驚奇",
        "parking_score": 0.0,
        "nearest_parking": "{ \"area_name\": \"汐止區\", \"roadname\": \"新台五路二段\", \"distance_m\": 19048 }",
        "toilet": false,
        "無障礙": false,
        "family": false,
        "steal_count": 0,
        "steal_score": 10,
        "hotel": false
      }
    },
    {
      "type": "Feature",
      "geometry": {
        "type": "Point",
        "coordinates": [
          121.86035,
          25.12248
        ]
      },
      "properties": {
        "館所名稱": "水湳洞",
        "建物屬性": "熱門景點",
        "行政區": "瑞芳區",
        "地址": "新北市224瑞芳區水湳洞",
        "景點介紹": "眺望遠方「陰陽海」美景，悠閒享用特色小農餐點",
        "parking_score": 0.0,
        "nearest_parking": "{ \"area_name\": \"汐止區\", \"roadname\": \"新台五路二段\", \"distance_m\": 19106 }",
        "toilet": true,
        "無障礙": true,
        "family": false,
        "steal_count": 0,
        "steal_score": 10,
        "hotel": false
      }
    },
    {
      "type": "Feature",
      "geometry": {
        "type": "Point",
        "coordinates": [
          121.43294,
          25.17543
        ]
      },
      "properties": {
        "館所名稱": "紅毛城園區(新北市立淡水古蹟博物館)",
        "建物屬性": "自然生態",
        "行政區": "淡水區",
        "地址": "新北市251淡水區中正路28巷1號",
        "景點介紹": "屹立淡水三百餘年，完整保存各時期的建築風格與歷史",
        "parking_score": 5.7,
        "nearest_parking": "{ \"area_name\": \"淡水區\", \"roadname\": \"中正路382號前迴轉道\", \"distance_m\": 277 }",
        "toilet": true,
        "無障礙": false,
        "family": false,
        "steal_count": 7,
        "steal_score": 1,
        "hotel": true
      }
    },
    {
      "type": "Feature",
      "geometry": {
        "type": "Point",
        "coordinates": [
          121.61119,
          25.24645
        ]
      },
      "properties": {
        "館所名稱": "朱銘美術館",
        "建物屬性": "自然生態",
        "行政區": "金山區",
        "地址": "新北市208金山區西勢湖2號",
        "景點介紹": "欣賞山脈與海洋進行對話互動的藝術品",
        "parking_score": 0.0,
        "nearest_parking": "{ \"area_name\": \"金山區\", \"roadname\": \"中山路\", \"distance_m\": 3130 }",
        "toilet": true,
        "無障礙": false,
        "family": false,
        "steal_count": 0,
        "steal_score": 10,
        "hotel": false
      }
    },
    {
      "type": "Feature",
      "geometry": {
        "type": "Point",
        "coordinates": [
          121.63827,
          25.22183
        ]
      },
      "properties": {
        "館所名稱": "金山老街(金包里老街)",
        "建物屬性": "熱門景點",
        "行政區": "金山區",
        "地址": "新北市208金山區金包里街",
        "景點介紹": "在地農產漁獲的美味集散地，現炊小點伴手好選擇",
        "parking_score": 10.0,
        "nearest_parking": "{ \"area_name\": \"金山區\", \"roadname\": \"忠孝一路\", \"distance_m\": 166 }",
        "toilet": true,
        "無障礙": false,
        "family": false,
        "steal_count": 5,
        "steal_score": 1,
        "hotel": true
      }
    },
    {
      "type": "Feature",
      "geometry": {
        "type": "Point",
        "coordinates": [
          121.4447,
          24.83043
        ]
      },
      "properties": {
        "館所名稱": "滿月圓國家森林遊樂區",
        "建物屬性": "熱門景點",
        "行政區": "三峽區",
        "地址": "新北市237三峽區有木里174-1號",
        "景點介紹": "豐富的生態步道與瀑布美景，是親子共遊的暑假熱點",
        "parking_score": 0.0,
        "nearest_parking": "{ \"area_name\": \"三峽區\", \"roadname\": \"安溪路\", \"distance_m\": 12629 }",
        "toilet": true,
        "無障礙": true,
        "family": false,
        "steal_count": 0,
        "steal_score": 10,
        "hotel": false
      }
    },
    {
      "type": "Feature",
      "geometry": {
        "type": "Point",
        "coordinates": [
          121.94421,
          25.02167
        ]
      },
      "properties": {
        "館所名稱": "福隆海水浴場",
        "建物屬性": "熱門景點",
        "行政區": "貢寮區",
        "地址": "新北市228貢寮區福隆里福隆街42號",
        "景點介紹": "遊客最愛水上活動勝地，沙雕藝術與音樂祭極受歡迎",
        "parking_score": 0.0,
        "nearest_parking": "{ \"area_name\": \"坪林區\", \"roadname\": \"國中路\", \"distance_m\": 25029 }",
        "toilet": false,
        "無障礙": false,
        "family": false,
        "steal_count": 0,
        "steal_score": 10,
        "hotel": true
      }
    },
    {
      "type": "Feature",
      "geometry": {
        "type": "Point",
        "coordinates": [
          121.84518,
          25.10989
        ]
      },
      "properties": {
        "館所名稱": "九份老街",
        "建物屬性": "熱門景點",
        "行政區": "瑞芳區",
        "地址": "新北市224瑞芳區基山街",
        "景點介紹": "復古建築與獨特坡地景觀，吸引各地旅人拜訪這座山城",
        "parking_score": 0.0,
        "nearest_parking": "{ \"area_name\": \"汐止區\", \"roadname\": \"新台五路二段\", \"distance_m\": 17237 }",
        "toilet": true,
        "無障礙": true,
        "family": false,
        "steal_count": 0,
        "steal_score": 10,
        "hotel": false
      }
    },
    {
      "type": "Feature",
      "geometry": {
        "type": "Point",
        "coordinates": [
          121.86466,
          25.11827
        ]
      },
      "properties": {
        "館所名稱": "水湳洞十三層遺址",
        "建物屬性": "自然生態",
        "行政區": "瑞芳區",
        "地址": "新北市224瑞芳區(約九份溪出海口兩岸)",
        "景點介紹": "隨山勢而立的建築，班駁的記憶著曾有的歷史風華",
        "parking_score": 0.0,
        "nearest_parking": "{ \"area_name\": \"汐止區\", \"roadname\": \"新台五路二段\", \"distance_m\": 19382 }",
        "toilet": false,
        "無障礙": false,
        "family": false,
        "steal_count": 0,
        "steal_score": 10,
        "hotel": false
      }
    },
    {
      "type": "Feature",
      "geometry": {
        "type": "Point",
        "coordinates": [
          121.82742,
          25.08701
        ]
      },
      "properties": {
        "館所名稱": "猴硐",
        "建物屬性": "自然生態",
        "行政區": "瑞芳區",
        "地址": "新北市224瑞芳區猴硐柴寮路70號(猴硐車站)",
        "景點介紹": "來到這座山中煤鄉，體驗當年老礦工的日常",
        "parking_score": 0.0,
        "nearest_parking": "{ \"area_name\": \"汐止區\", \"roadname\": \"新台五路二段\", \"distance_m\": 14968 }",
        "toilet": true,
        "無障礙": true,
        "family": false,
        "steal_count": 0,
        "steal_score": 10,
        "hotel": false
      }
    },
    {
      "type": "Feature",
      "geometry": {
        "type": "Point",
        "coordinates": [
          122.00189,
          25.00755
        ]
      },
      "properties": {
        "館所名稱": "三貂角燈塔",
        "建物屬性": "熱門景點",
        "行政區": "貢寮區",
        "地址": "新北市228貢寮區福連里馬崗街38號",
        "景點介紹": "坐落臺灣最東邊的岬角，迎接第一道曙光之地",
        "parking_score": 0.0,
        "nearest_parking": "{ \"area_name\": \"坪林區\", \"roadname\": \"國中路\", \"distance_m\": 30099 }",
        "toilet": false,
        "無障礙": false,
        "family": false,
        "steal_count": 0,
        "steal_score": 10,
        "hotel": false
      }
    },
    {
      "type": "Feature",
      "geometry": {
        "type": "Point",
        "coordinates": [
          121.72376,
          25.02383
        ]
      },
      "properties": {
        "館所名稱": "菁桐車站",
        "建物屬性": "熱門景點",
        "行政區": "平溪區",
        "地址": "新北市226平溪區菁桐里菁桐街52號",
        "景點介紹": "日式木造車站，充滿懷舊氛圍的老車站",
        "parking_score": 0.0,
        "nearest_parking": "{ \"area_name\": \"汐止區\", \"roadname\": \"新台五路二段\", \"distance_m\": 6590 }",
        "toilet": true,
        "無障礙": true,
        "family": false,
        "steal_count": 0,
        "steal_score": 10,
        "hotel": false
      }
    },
    {
      "type": "Feature",
      "geometry": {
        "type": "Point",
        "coordinates": [
          121.55391,
          24.8452
        ]
      },
      "properties": {
        "館所名稱": "雲仙樂園",
        "建物屬性": "熱門景點",
        "行政區": "烏來區",
        "地址": "新北市233烏來區瀑布路1-1號",
        "景點介紹": "搭乘纜車才能抵達的仙境，一探烏來瀑布上方的美景",
        "parking_score": 0.0,
        "nearest_parking": "{ \"area_name\": \"新店區\", \"roadname\": \"竹林路2巷\", \"distance_m\": 11654 }",
        "toilet": true,
        "無障礙": false,
        "family": false,
        "steal_count": 0,
        "steal_score": 10,
        "hotel": true
      }
    },
    {
      "type": "Feature",
      "geometry": {
        "type": "Point",
        "coordinates": [
          121.79794,
          25.04982
        ]
      },
      "properties": {
        "館所名稱": "大華車站",
        "建物屬性": "自然生態",
        "行政區": "平溪區",
        "地址": "新北市226平溪區226六分12號旁",
        "景點介紹": "目前剩下不到十戶的大華地區原本亦無設站，因大華煤礦的開採而在民國38年設站，民國83年因不敷成本的情況下，改為無站務人員的招呼站。由大華站下車後，在青山綠水的懷抱中，和家人好友邊走邊聊天最是愜意！除了假日以外，大華平常人煙相當稀少，漫步在此，能夠充分享受甜美清新的空氣，以及聆聽大自然的交響曲。",
        "parking_score": 0.0,
        "nearest_parking": "{ \"area_name\": \"汐止區\", \"roadname\": \"新台五路二段\", \"distance_m\": 12035 }",
        "toilet": false,
        "無障礙": false,
        "family": false,
        "steal_count": 0,
        "steal_score": 10,
        "hotel": false
      }
    },
    {
      "type": "Feature",
      "geometry": {
        "type": "Point",
        "coordinates": [
          121.43077,
          25.17822
        ]
      },
      "properties": {
        "館所名稱": "一滴水紀念館",
        "建物屬性": "熱門景點",
        "行政區": "淡水區",
        "地址": "新北市251淡水區中正路一段6巷30號(和平公園內)",
        "景點介紹": "百年古民家，牽起臺日情誼",
        "parking_score": 10.0,
        "nearest_parking": "{ \"area_name\": \"淡水區\", \"roadname\": \"中正路382號前迴轉道\", \"distance_m\": 310 }",
        "toilet": true,
        "無障礙": true,
        "family": false,
        "steal_count": 7,
        "steal_score": 1,
        "hotel": true
      }
    },
    {
      "type": "Feature",
      "geometry": {
        "type": "Point",
        "coordinates": [
          121.83952,
          25.10875
        ]
      },
      "properties": {
        "館所名稱": "磅坑口",
        "建物屬性": "熱門景點",
        "行政區": "瑞芳區",
        "地址": "新北市224瑞芳區九份輕便路輕便路350號旁",
        "景點介紹": "磅硿口是「隧道口」的另稱，但此處所稱的隧道主要是供車輛穿越用的隧道，而非礦坑的坑口。水金九地區有好幾個供車輛穿越用的磅硿口，都與輕便鐵路有關。",
        "parking_score": 0.0,
        "nearest_parking": "{ \"area_name\": \"汐止區\", \"roadname\": \"新台五路二段\", \"distance_m\": 16654 }",
        "toilet": false,
        "無障礙": false,
        "family": false,
        "steal_count": 0,
        "steal_score": 10,
        "hotel": false
      }
    },
    {
      "type": "Feature",
      "geometry": {
        "type": "Point",
        "coordinates": [
          121.84341,
          25.10873
        ]
      },
      "properties": {
        "館所名稱": "昇平戲院",
        "建物屬性": "熱門景點",
        "行政區": "瑞芳區",
        "地址": "新北市224瑞芳區輕便路137號",
        "景點介紹": "新北最老戲院，無數經典影劇取景地",
        "parking_score": 0.0,
        "nearest_parking": "{ \"area_name\": \"汐止區\", \"roadname\": \"新台五路二段\", \"distance_m\": 17031 }",
        "toilet": true,
        "無障礙": true,
        "family": false,
        "steal_count": 0,
        "steal_score": 10,
        "hotel": false
      }
    },
    {
      "type": "Feature",
      "geometry": {
        "type": "Point",
        "coordinates": [
          121.84354,
          25.10815
        ]
      },
      "properties": {
        "館所名稱": "翁山英故居(九份茶坊)",
        "建物屬性": "自然生態",
        "行政區": "瑞芳區",
        "地址": "新北市224瑞芳區九份基山街142號",
        "景點介紹": "翁山英故居現作為九份茶坊用，大致上仍然維持原有的空間佈局，建造物本身為石造混合木結構，外觀上看來樸實，前為一樓，後為二樓，室內空間大致上保持原有面貌，空間變化豐富，保留有傳統建築的空間格局。現有修繕部分，對於空間運用頗多巧思，保留原有特色外，也增加建築本身所展現的彈性，使得本宅雖然已有九十幾年的歷史，仍然展現出其獨有風情。",
        "parking_score": 0.0,
        "nearest_parking": "{ \"area_name\": \"汐止區\", \"roadname\": \"新台五路二段\", \"distance_m\": 17027 }",
        "toilet": true,
        "無障礙": true,
        "family": false,
        "steal_count": 0,
        "steal_score": 10,
        "hotel": false
      }
    },
    {
      "type": "Feature",
      "geometry": {
        "type": "Point",
        "coordinates": [
          121.58623,
          25.29205
        ]
      },
      "properties": {
        "館所名稱": "十八王公廟",
        "建物屬性": "藝文古蹟",
        "行政區": "石門區",
        "地址": "新北市253石門區乾華里阿里磅1號之1",
        "景點介紹": "北臺灣高知名度的有應公廟，石門粽的發祥地",
        "parking_score": 0.0,
        "nearest_parking": "{ \"area_name\": \"金山區\", \"roadname\": \"中山路\", \"distance_m\": 8683 }",
        "toilet": false,
        "無障礙": false,
        "family": false,
        "steal_count": 0,
        "steal_score": 10,
        "hotel": false
      }
    },
    {
      "type": "Feature",
      "geometry": {
        "type": "Point",
        "coordinates": [
          121.47135,
          25.08326
        ]
      },
      "properties": {
        "館所名稱": "湧蓮寺",
        "建物屬性": "藝文古蹟",
        "行政區": "蘆洲區",
        "地址": "新北市247蘆洲區得勝街96號",
        "景點介紹": "主祀南海觀世音佛祖，蘆洲地區的信仰中心",
        "parking_score": 10.0,
        "nearest_parking": "{ \"area_name\": \"蘆洲區\", \"roadname\": \"中正路\", \"distance_m\": 228 }",
        "toilet": true,
        "無障礙": true,
        "family": false,
        "steal_count": 29,
        "steal_score": 1,
        "hotel": false
      }
    },
    {
      "type": "Feature",
      "geometry": {
        "type": "Point",
        "coordinates": [
          121.4388,
          25.17003
        ]
      },
      "properties": {
        "館所名稱": "淡水渡船頭",
        "建物屬性": "自然生態",
        "行政區": "淡水區",
        "地址": "新北市251淡水區環河道路",
        "景點介紹": "淡水舊稱滬尾，是八里的活水命脈，係指河流末端的捕魚設施；淡水渡船頭位處淡水河河口右岸，屬於北臺灣開發史重要聚落之地。葡萄牙人佔領臺灣時，曾讚嘆淡水是福爾摩沙緣起地。臺灣光復初期，除淡水至八里外，還有士林至蘆洲、關渡至獅子頭等渡船航線，惟民國72年10月關渡大橋通車後，渡輪逐漸沒落，僅剩淡水至八里的渡船仍繼續營運。因應內河藍色公路開航，淡水客船碼頭於民國93年7月完工，浮動式碼頭設計便利觀光小船停靠，對淡水水運事業極具觀光效益。想到八里最好的交通方式就是搭乘渡輪，藍色公路本身就是樂活和親水生活的指標，也是從日據時代延續至今的經典航線。傍晚時分來到淡水渡船頭旁散步休息，夕陽灑落河面，波光粼粼，遠方的觀音山猶如一幅巨型的山水畫，占據了整個視野。在這裡搭上渡輪，前往八里或是漁人碼頭都相當快速方便，在...",
        "parking_score": 0.1,
        "nearest_parking": "{ \"area_name\": \"淡水區\", \"roadname\": \"學府路\", \"distance_m\": 977 }",
        "toilet": true,
        "無障礙": true,
        "family": false,
        "steal_count": 15,
        "steal_score": 1,
        "hotel": true
      }
    },
    {
      "type": "Feature",
      "geometry": {
        "type": "Point",
        "coordinates": [
          121.43175,
          25.17448
        ]
      },
      "properties": {
        "館所名稱": "淡水海關碼頭園區",
        "建物屬性": "自然生態",
        "行政區": "淡水區",
        "地址": "新北市251淡水區中正路259號",
        "景點介紹": "漫步在歷史的港口，品嘗混雜了英式及中式古風的一抹斜陽",
        "parking_score": 1.3,
        "nearest_parking": "{ \"area_name\": \"淡水區\", \"roadname\": \"中正路382號前迴轉道\", \"distance_m\": 192 }",
        "toilet": true,
        "無障礙": false,
        "family": false,
        "steal_count": 7,
        "steal_score": 1,
        "hotel": true
      }
    },
    {
      "type": "Feature",
      "geometry": {
        "type": "Point",
        "coordinates": [
          121.91407,
          25.07912
        ]
      },
      "properties": {
        "館所名稱": "和美漁港",
        "建物屬性": "自然生態",
        "行政區": "貢寮區",
        "地址": "新北市228貢寮區和美街71之2號 (和美港潛水訓練中心對面)",
        "景點介紹": "和美漁港位於新北市東北角三貂角附近，此處海岸線變化比較單純，由於海岸的下沈和不等量的抬升，再加上東北季風之影響，此處波浪形成海蝕作用，故海蝕崖到處可見。從金山到三貂角海岸，其地層走向與海岸呈直交形式，受海水侵蝕作用相當明顯，岩石較軟處被侵蝕造成海灣，易積沙而成為沙灘，岩石堅硬處則突出海面形成海岬；海岬與海灣等地形重複排列，為全台最富變化之岬灣海岸。",
        "parking_score": 0.0,
        "nearest_parking": "{ \"area_name\": \"汐止區\", \"roadname\": \"新台五路二段\", \"distance_m\": 23599 }",
        "toilet": false,
        "無障礙": false,
        "family": false,
        "steal_count": 0,
        "steal_score": 10,
        "hotel": false
      }
    },
    {
      "type": "Feature",
      "geometry": {
        "type": "Point",
        "coordinates": [
          121.94255,
          25.01718
        ]
      },
      "properties": {
        "館所名稱": "福隆遊客服務中心",
        "建物屬性": "熱門景點",
        "行政區": "貢寮區",
        "地址": "新北市228貢寮區福隆里興隆街38號",
        "景點介紹": "福隆遊客中心緊臨福隆海水浴場，主要提供東北角海岸的自然生態、人文史蹟、旅遊景點等各種資訊的展示及解說。",
        "parking_score": 0.0,
        "nearest_parking": "{ \"area_name\": \"坪林區\", \"roadname\": \"國中路\", \"distance_m\": 24696 }",
        "toilet": true,
        "無障礙": true,
        "family": false,
        "steal_count": 0,
        "steal_score": 10,
        "hotel": true
      }
    },
    {
      "type": "Feature",
      "geometry": {
        "type": "Point",
        "coordinates": [
          121.93859,
          25.01879
        ]
      },
      "properties": {
        "館所名稱": "龍門公園(龍門露營度假基地)",
        "建物屬性": "自然生態",
        "行政區": "貢寮區",
        "地址": "新北市228貢寮區福隆村興隆街100號(台2線100公里處)",
        "景點介紹": "龍門露營度假基地位於雙溪河的南側，早期是一個採砂場，經過重新規劃闢建成一處綠意盎然、山海環抱的河濱生態公園。園內有露營區、單車專用道、水上活動區及划船水陸休閒區等，提供多樣化的遊憩活動，體驗重回大自然懷抱的樂趣，可以聽著浪濤、吹著海風，甚至在點點星空的陪伴下入睡，這種樂趣可是千金不換哦!!不過如果你還是怕麻煩，也可以選擇住這裡的小木屋。「龍門公園(龍門露營區)」早期是採砂場，經重新規劃後變身為一處綠意盎然、山海環抱的河濱生態公園。園內有露營區、單車專用道、水上活動區及划船水陸休閒區等，可讓平日忙碌的都市人體驗重回大自然懷抱的樂趣，聽著浪濤、吹著海風，甚至在點點星空的陪伴下入睡。如果不習慣睡帳篷也別擔心，這裡也有提供小木屋可供選擇。",
        "parking_score": 0.0,
        "nearest_parking": "{ \"area_name\": \"坪林區\", \"roadname\": \"國中路\", \"distance_m\": 24385 }",
        "toilet": false,
        "無障礙": false,
        "family": false,
        "steal_count": 0,
        "steal_score": 10,
        "hotel": true
      }
    },
    {
      "type": "Feature",
      "geometry": {
        "type": "Point",
        "coordinates": [
          121.91819,
          25.10192
        ]
      },
      "properties": {
        "館所名稱": "龍洞四季灣",
        "建物屬性": "熱門景點",
        "行政區": "貢寮區",
        "地址": "新北市228貢寮區和美里和美街48號",
        "景點介紹": "飽覽東北角龍洞灣岬的絕佳美景，悠遊於湛藍世界",
        "parking_score": 0.0,
        "nearest_parking": "{ \"area_name\": \"汐止區\", \"roadname\": \"新台五路二段\", \"distance_m\": 24267 }",
        "toilet": false,
        "無障礙": false,
        "family": false,
        "steal_count": 0,
        "steal_score": 10,
        "hotel": false
      }
    },
    {
      "type": "Feature",
      "geometry": {
        "type": "Point",
        "coordinates": [
          121.51117,
          25.28896
        ]
      },
      "properties": {
        "館所名稱": "麟山鼻地質景觀生態步道",
        "建物屬性": "自然生態",
        "行政區": "石門區",
        "地址": "新北市253石門區德茂里下員坑(2號省道23公里處)",
        "景點介紹": "海風徐徐吹拂，騎乘海岸溫柔風情",
        "parking_score": 0.0,
        "nearest_parking": "{ \"area_name\": \"淡水區\", \"roadname\": \"崁頂二路\", \"distance_m\": 12349 }",
        "toilet": false,
        "無障礙": false,
        "family": false,
        "steal_count": 0,
        "steal_score": 10,
        "hotel": false
      }
    },
    {
      "type": "Feature",
      "geometry": {
        "type": "Point",
        "coordinates": [
          121.46991,
          25.25147
        ]
      },
      "properties": {
        "館所名稱": "淺水灣海濱公園",
        "建物屬性": "熱門景點",
        "行政區": "三芝區",
        "地址": "新北市252三芝區後厝裡北勢子淡金公路",
        "景點介紹": "兼具亮白沙灘與藻礁的美麗海灣",
        "parking_score": 0.0,
        "nearest_parking": "{ \"area_name\": \"淡水區\", \"roadname\": \"崁頂二路\", \"distance_m\": 6567 }",
        "toilet": true,
        "無障礙": true,
        "family": false,
        "steal_count": 1,
        "steal_score": 1,
        "hotel": false
      }
    },
    {
      "type": "Feature",
      "geometry": {
        "type": "Point",
        "coordinates": [
          121.40183,
          24.9051
        ]
      },
      "properties": {
        "館所名稱": "白雞行修宮",
        "建物屬性": "熱門景點",
        "行政區": "三峽區",
        "地址": "新北市237三峽區嘉添里白雞路155號",
        "景點介紹": "白雞行修宮位在三峽白雞山腰，是行天宮的分宮闈，又稱三峽行天宮，或三峽恩主公廟。廟內主要供奉關聖帝君，屬儒釋道合一的民間信仰，殿宇建築雄偉，是臺北行天宮分宮，香火鼎盛，是當地客家人的信仰之一。在行修宮地理環境之優，林木蓊鬱，春天時滿山遍開杜鵑花，絢麗無比，冬日則是梅花盛開，一片清幽。隨著宮外兩側的階梯通往後方山腰之登山步道，漫步其中，與林蔭相伴，並有藤葉形成的涼亭，沿路走來令人心曠神怡、舒適快意；若能走至山頂處，更可欣賞一整片松林及相思林，煞是美麗。",
        "parking_score": 0.0,
        "nearest_parking": "{ \"area_name\": \"三峽區\", \"roadname\": \"水防道路\", \"distance_m\": 3455 }",
        "toilet": true,
        "無障礙": true,
        "family": false,
        "steal_count": 0,
        "steal_score": 10,
        "hotel": false
      }
    },
    {
      "type": "Feature",
      "geometry": {
        "type": "Point",
        "coordinates": [
          121.71177,
          24.94349
        ]
      },
      "properties": {
        "館所名稱": "北勢溪自行車道",
        "建物屬性": "熱門景點",
        "行政區": "坪林區",
        "地址": "新北市232坪林區坪雙公路",
        "景點介紹": "可欣賞北勢溪沿岸優美的溪流風光及茶園景色",
        "parking_score": 4.2,
        "nearest_parking": "{ \"area_name\": \"坪林區\", \"roadname\": \"國中路\", \"distance_m\": 419 }",
        "toilet": true,
        "無障礙": true,
        "family": false,
        "steal_count": 0,
        "steal_score": 10,
        "hotel": false
      }
    },
    {
      "type": "Feature",
      "geometry": {
        "type": "Point",
        "coordinates": [
          121.80597,
          25.10874
        ]
      },
      "properties": {
        "館所名稱": "瑞猴自行車道",
        "建物屬性": "熱門景點",
        "行政區": "瑞芳區",
        "地址": "新北市224瑞芳區瑞芳車站到猴硐車站路程",
        "景點介紹": "瑞猴自行車道位於新北市瑞芳區，起點由瑞芳火車站到猴硐車站，是一條沿著基隆河畔與宜蘭線鐵路旁所修建的單車道，全長約5公里，一邊是鐵道，不時可看見列車疾駛而過，另一邊則是基隆河，沿途可觀賞遠山近水，沿途平緩，屬於輕鬆大眾路線。瑞猴自行單車路線經由瑞芳明燈路三段，緊鄰宜蘭雙線鐵軌，途中會經過跨越基隆河的「新柑橋」，特點是只提供行人和自行車使用的景觀橋，不開放汽機車通行，橋上繪製許多礦工手推礦車的圖案，並且在夜間有七彩變化的LED動態光影。",
        "parking_score": 0.0,
        "nearest_parking": "{ \"area_name\": \"汐止區\", \"roadname\": \"新台五路二段\", \"distance_m\": 13423 }",
        "toilet": true,
        "無障礙": true,
        "family": false,
        "steal_count": 4,
        "steal_score": 1,
        "hotel": false
      }
    },
    {
      "type": "Feature",
      "geometry": {
        "type": "Point",
        "coordinates": [
          121.8423,
          25.10794
        ]
      },
      "properties": {
        "館所名稱": "九份金礦博物館",
        "建物屬性": "藝文古蹟",
        "行政區": "瑞芳區",
        "地址": "新北市224瑞芳區九份頌德里石碑巷66號",
        "景點介紹": "九份的採金盛況或許已經遙遠，但一夕致富的美夢，卻從不曾被人遺忘。在金礦博物館，我們可以看見一座題為「九番坑」的小小礦坑，一彎短狹的輕便鐵軌直鋪坑裡內外，軌上輪轉著一臺礦車，搭配坑內周遭所散置架掛的礦工燈帽、石臼、木材等，活似一座具體而微的礦區景致，向所有過往行旅，招搖著洞裡的乾坤。除了展示品之外，最引人入勝的當屬親自採金的過程，動手嘗試洗金的樂趣，一圓心中的淘金美夢。",
        "parking_score": 0.0,
        "nearest_parking": "{ \"area_name\": \"汐止區\", \"roadname\": \"新台五路二段\", \"distance_m\": 16901 }",
        "toilet": true,
        "無障礙": true,
        "family": false,
        "steal_count": 0,
        "steal_score": 10,
        "hotel": false
      }
    },
    {
      "type": "Feature",
      "geometry": {
        "type": "Point",
        "coordinates": [
          121.84328,
          25.10903
        ]
      },
      "properties": {
        "館所名稱": "豎崎路",
        "建物屬性": "熱門景點",
        "行政區": "瑞芳區",
        "地址": "新北市224瑞芳區九份豎崎路",
        "景點介紹": "大紅燈籠高高掛，石階兩側林立景觀茶館的縱向階道",
        "parking_score": 0.0,
        "nearest_parking": "{ \"area_name\": \"汐止區\", \"roadname\": \"新台五路二段\", \"distance_m\": 17027 }",
        "toilet": true,
        "無障礙": true,
        "family": false,
        "steal_count": 0,
        "steal_score": 10,
        "hotel": false
      }
    },
    {
      "type": "Feature",
      "geometry": {
        "type": "Point",
        "coordinates": [
          121.53674,
          24.95929
        ]
      },
      "properties": {
        "館所名稱": "新店溪自行車道",
        "建物屬性": "熱門景點",
        "行政區": "新店區",
        "地址": "新北市231新店區",
        "景點介紹": "新店溪兩岸自行車道，平坦好騎綠草如茵",
        "parking_score": 10.0,
        "nearest_parking": "{ \"area_name\": \"新店區\", \"roadname\": \"北宜路一段\", \"distance_m\": 243 }",
        "toilet": true,
        "無障礙": false,
        "family": false,
        "steal_count": 3,
        "steal_score": 1,
        "hotel": true
      }
    },
    {
      "type": "Feature",
      "geometry": {
        "type": "Point",
        "coordinates": [
          121.40337,
          24.99992
        ]
      },
      "properties": {
        "館所名稱": "青龍嶺",
        "建物屬性": "熱門景點",
        "行政區": "樹林區",
        "地址": "新北市238樹林區青龍嶺",
        "景點介紹": "層巒疊翠，似睡龍伏臥的景觀",
        "parking_score": 0.0,
        "nearest_parking": "{ \"area_name\": \"樹林區\", \"roadname\": \"保安街二段\", \"distance_m\": 1249 }",
        "toilet": false,
        "無障礙": false,
        "family": false,
        "steal_count": 0,
        "steal_score": 10,
        "hotel": false
      }
    },
    {
      "type": "Feature",
      "geometry": {
        "type": "Point",
        "coordinates": [
          121.35515,
          24.95457
        ]
      },
      "properties": {
        "館所名稱": "鶯歌車站",
        "建物屬性": "熱門景點",
        "行政區": "鶯歌區",
        "地址": "新北市239鶯歌區文化路68號",
        "景點介紹": "從煤鄉走向陶瓷之都，鶯歌的交通樞紐",
        "parking_score": 6.5,
        "nearest_parking": "{ \"area_name\": \"鶯歌區\", \"roadname\": \"建國路\", \"distance_m\": 96 }",
        "toilet": true,
        "無障礙": true,
        "family": false,
        "steal_count": 11,
        "steal_score": 1,
        "hotel": false
      }
    },
    {
      "type": "Feature",
      "geometry": {
        "type": "Point",
        "coordinates": [
          121.5214,
          24.97847
        ]
      },
      "properties": {
        "館所名稱": "新店溪陽光橋",
        "建物屬性": "自然生態",
        "行政區": "新店區",
        "地址": "新北市231新店區陽光橋",
        "景點介紹": "以琴弦般的鋼索與拱圈，串起新店溪的兩岸",
        "parking_score": 10.0,
        "nearest_parking": "{ \"area_name\": \"新店區\", \"roadname\": \"中山路\", \"distance_m\": 281 }",
        "toilet": false,
        "無障礙": false,
        "family": false,
        "steal_count": 14,
        "steal_score": 1,
        "hotel": false
      }
    },
    {
      "type": "Feature",
      "geometry": {
        "type": "Point",
        "coordinates": [
          121.48709,
          24.95216
        ]
      },
      "properties": {
        "館所名稱": "潤濟宮",
        "建物屬性": "熱門景點",
        "行政區": "新店區",
        "地址": "新北市231新店區安康路三段306號",
        "景點介紹": "安坑二城地區的信仰中心，主祀三官大帝",
        "parking_score": 1.6,
        "nearest_parking": "{ \"area_name\": \"新店區\", \"roadname\": \"安一路三段\", \"distance_m\": 607 }",
        "toilet": true,
        "無障礙": false,
        "family": false,
        "steal_count": 0,
        "steal_score": 10,
        "hotel": false
      }
    },
    {
      "type": "Feature",
      "geometry": {
        "type": "Point",
        "coordinates": [
          121.5244,
          24.98493
        ]
      },
      "properties": {
        "館所名稱": "安心橋",
        "建物屬性": "熱門景點",
        "行政區": "新店區",
        "地址": "新北市231新店區安心橋",
        "景點介紹": "安坑輕軌最顯目的地標，全臺最長軌道斜張橋",
        "parking_score": 10.0,
        "nearest_parking": "{ \"area_name\": \"新店區\", \"roadname\": \"新安路\", \"distance_m\": 260 }",
        "toilet": false,
        "無障礙": false,
        "family": false,
        "steal_count": 18,
        "steal_score": 1,
        "hotel": false
      }
    },
    {
      "type": "Feature",
      "geometry": {
        "type": "Point",
        "coordinates": [
          121.54075,
          24.96791
        ]
      },
      "properties": {
        "館所名稱": "米靈岸音樂劇場",
        "建物屬性": "藝文古蹟",
        "行政區": "新店區",
        "地址": "新北市231新店區新北 市北新路一段297巷21號3樓",
        "景點介紹": "由排灣族靈魂女聲芮斯與製作人胡健帶領，芮斯為第15屆金曲獎傳統暨藝術類最佳演唱獎得主。劇團長期於新店地區經營「米靈岸音樂劇場」小劇場，整合表演藝術與原住民文化。每週五、六定期上演「米靈岸湖畔音樂劇」於馥蘭朵烏來渡假酒店(新北市烏來區堰堤3號)。",
        "parking_score": 10.0,
        "nearest_parking": "{ \"area_name\": \"新店區\", \"roadname\": \"北新路一段\", \"distance_m\": 100 }",
        "toilet": true,
        "無障礙": true,
        "family": false,
        "steal_count": 20,
        "steal_score": 1,
        "hotel": false
      }
    },
    {
      "type": "Feature",
      "geometry": {
        "type": "Point",
        "coordinates": [
          121.52029,
          24.97697
        ]
      },
      "properties": {
        "館所名稱": "陽光運動園區",
        "建物屬性": "自然生態",
        "行政區": "新店區",
        "地址": "新北市231新店區安業街",
        "景點介紹": "水陸空三棲遊戲區，河濱親子同樂遊",
        "parking_score": 10.0,
        "nearest_parking": "{ \"area_name\": \"新店區\", \"roadname\": \"安和路二段\", \"distance_m\": 301 }",
        "toilet": true,
        "無障礙": false,
        "family": false,
        "steal_count": 13,
        "steal_score": 1,
        "hotel": false
      }
    },
    {
      "type": "Feature",
      "geometry": {
        "type": "Point",
        "coordinates": [
          121.93545,
          25.02277
        ]
      },
      "properties": {
        "館所名稱": "龍門吊橋",
        "建物屬性": "自然生態",
        "行政區": "貢寮區",
        "地址": "新北市228貢寮區龍門吊橋",
        "景點介紹": "顯眼的紅色橋身，連接雙溪兩岸",
        "parking_score": 0.0,
        "nearest_parking": "{ \"area_name\": \"坪林區\", \"roadname\": \"國中路\", \"distance_m\": 24252 }",
        "toilet": false,
        "無障礙": false,
        "family": false,
        "steal_count": 0,
        "steal_score": 10,
        "hotel": false
      }
    },
    {
      "type": "Feature",
      "geometry": {
        "type": "Point",
        "coordinates": [
          121.92752,
          25.04142
        ]
      },
      "properties": {
        "館所名稱": "鹽寮抗日紀念碑",
        "建物屬性": "熱門景點",
        "行政區": "貢寮區",
        "地址": "新北市228貢寮區研海街45號",
        "景點介紹": "1895年日軍由此地登陸臺灣，開始了臺灣的日治時代",
        "parking_score": 0.0,
        "nearest_parking": "{ \"area_name\": \"坪林區\", \"roadname\": \"國中路\", \"distance_m\": 24392 }",
        "toilet": false,
        "無障礙": false,
        "family": false,
        "steal_count": 0,
        "steal_score": 10,
        "hotel": false
      }
    },
    {
      "type": "Feature",
      "geometry": {
        "type": "Point",
        "coordinates": [
          121.84746,
          25.11181
        ]
      },
      "properties": {
        "館所名稱": "基隆山步道",
        "建物屬性": "自然生態",
        "行政區": "瑞芳區",
        "地址": "新北市224瑞芳區山尖路174-1號旁",
        "景點介紹": "步入九份的雲端，俯瞰璀璨的山城",
        "parking_score": 0.0,
        "nearest_parking": "{ \"area_name\": \"汐止區\", \"roadname\": \"新台五路二段\", \"distance_m\": 17516 }",
        "toilet": true,
        "無障礙": false,
        "family": false,
        "steal_count": 0,
        "steal_score": 10,
        "hotel": false
      }
    },
    {
      "type": "Feature",
      "geometry": {
        "type": "Point",
        "coordinates": [
          121.95114,
          25.02073
        ]
      },
      "properties": {
        "館所名稱": "福龍海洋驛站",
        "建物屬性": "熱門景點",
        "行政區": "貢寮區",
        "地址": "新北市228貢寮區福隆里東興街6-17號",
        "景點介紹": "海洋驛站係海洋委員會海巡署配合行政院向海致敬政策，將海巡廳舍轉型為具有教育及休憩功能的海洋驛站，全台共設置12處，福龍海洋驛站為第一站，區分為福隆分站以及龍門分站。",
        "parking_score": 0.0,
        "nearest_parking": "{ \"area_name\": \"坪林區\", \"roadname\": \"國中路\", \"distance_m\": 25646 }",
        "toilet": true,
        "無障礙": false,
        "family": false,
        "steal_count": 0,
        "steal_score": 10,
        "hotel": false
      }
    },
    {
      "type": "Feature",
      "geometry": {
        "type": "Point",
        "coordinates": [
          121.50072,
          24.93827
        ]
      },
      "properties": {
        "館所名稱": "二叭子植物園",
        "建物屬性": "熱門景點",
        "行政區": "新店區",
        "地址": "新北市231新店區雙城路279號",
        "景點介紹": "位於新店安坑雙城路內(安康路3段110號左轉雙城路)，素有新店「安坑綠寶石」之稱的二叭子植物園，很難想像距離臺北市區約37多分鐘車程的地方，居然隱藏了一座占地約150公頃的綠蔭公園，光是沿途天然林帶與次生林帶間雜生共存的原始山林，濃郁的芬多精讓人精神為之一振，沿著二叭子溪岸鋪設的登山步道，路邊偶爾出現的植物解說牌，展現出園區裡豐富的林相，非常適合假日時與家人一同前往踏青旅行，體驗山林之美。鄰近的知名社區有達觀鎮、玫瑰中國城及臺北小城。「二叭子」地名的由來，據說和安坑早年的地形有關，因先人居高臨下看到山谷中的淺丘走勢有如一個八和一個倒八字，合起來是「二八」，故名「二叭子」。園區 內擁有天然林帶及次生林帶間雜共存的林相，以喬木、灌木、草花為主，園區不僅視野開闊，綠意盎然，而且規劃有登山步道、核心...",
        "parking_score": 0.0,
        "nearest_parking": "{ \"area_name\": \"新店區\", \"roadname\": \"車子路\", \"distance_m\": 1288 }",
        "toilet": false,
        "無障礙": false,
        "family": false,
        "steal_count": 1,
        "steal_score": 1,
        "hotel": false
      }
    },
    {
      "type": "Feature",
      "geometry": {
        "type": "Point",
        "coordinates": [
          121.3478,
          24.9509
        ]
      },
      "properties": {
        "館所名稱": "許新旺陶瓷紀念博物館",
        "建物屬性": "藝文古蹟",
        "行政區": "鶯歌區",
        "地址": "新北市239鶯歌區尖山埔路81號",
        "景點介紹": "這裡是鶯歌第一家通過中央評鑑的觀光工廠，自1926年創始至今，見證了陶瓷工藝在鶯歌發展的起落。為紀念許新旺先生一生典範，2010年特別於鶯歌設置「許新旺陶瓷紀念博物館」，成為鶯歌地區第一間經濟部評鑑通過的觀光工廠。館內分為手拉坯、手捏陶、釉上彩繪、拼貼馬賽克等四大體驗區，另外還有新旺柴窯、工廠製程區（練土區、注漿成形區、商品展示區）。工廠內保存豐富的歷史文物，遊客除了可以了解陶瓷工藝的發展，還能看到古董級瓦斯窯、車碗機、腳踢轆轤等早期製陶設備，這些都可以實際操作體驗。工廠經過轉型後，廠內販售各種活潑而充滿創意的陶藝商品，讓人看到陶藝品創作上的無限可能。現場也有專業的做陶體驗課程，採現場報名方式，指導老師個個熱情親切，讓每個人都能輕輕鬆鬆學會做陶，帶領民眾深入了解製陶產業，並提供精彩的體驗活動...",
        "parking_score": 10.0,
        "nearest_parking": "{ \"area_name\": \"鶯歌區\", \"roadname\": \"尖山路\", \"distance_m\": 184 }",
        "toilet": true,
        "無障礙": true,
        "family": false,
        "steal_count": 10,
        "steal_score": 1,
        "hotel": true
      }
    },
    {
      "type": "Feature",
      "geometry": {
        "type": "Point",
        "coordinates": [
          121.46327,
          25.01446
        ]
      },
      "properties": {
        "館所名稱": "板橋車站",
        "建物屬性": "熱門景點",
        "行政區": "板橋區",
        "地址": "新北市220板橋區縣民大道2段7號",
        "景點介紹": "新北市主要交通樞紐，形成購物美食好處所",
        "parking_score": 10.0,
        "nearest_parking": "{ \"area_name\": \"板橋區\", \"roadname\": \"公館街\", \"distance_m\": 249 }",
        "toilet": true,
        "無障礙": true,
        "family": false,
        "steal_count": 51,
        "steal_score": 1,
        "hotel": true
      }
    },
    {
      "type": "Feature",
      "geometry": {
        "type": "Point",
        "coordinates": [
          121.46554,
          25.01228
        ]
      },
      "properties": {
        "館所名稱": "新北市政府行政大樓",
        "建物屬性": "熱門景點",
        "行政區": "板橋區",
        "地址": "新北市220板橋區中山路1段161號",
        "景點介紹": "新北市政府行政大樓於92年3月24日完工啟用。這是一棟地上33層、地下4層、樓高140.5米的科技化、智慧型大樓，期為新北市民提供高品質、高效率的服務。新北市政府大樓與台鐵、高鐵及捷運三鐵共構的板橋車站、長途客運站、公車站透過新府路及新站路地下通廊相貫連，交通便捷，四通八達。市府大樓除了提供員工優質的辦公環境外，也提供托兒所、餐廳、麵包店、觀景餐廳、暸望層等多功能的服務場所，1樓大廳還有公共空間的展覽設計，與之連接的市民廣場，不僅有綠意盎然的花草樹木，更不定時有各項民俗、藝文的表演；市民可以到這個全民共享空間歇息散步，體會一下邁向國際化都市的建築及藝術作品的展現。新北市行政大樓除作為行政中心外，更扮演救災及交通指揮樞紐的角色，全市災害應變中心及交通控制中心就設置在市府大樓9樓，由於交控中心的...",
        "parking_score": 10.0,
        "nearest_parking": "{ \"area_name\": \"板橋區\", \"roadname\": \"區運路\", \"distance_m\": 226 }",
        "toilet": true,
        "無障礙": true,
        "family": false,
        "steal_count": 42,
        "steal_score": 1,
        "hotel": true
      }
    },
    {
      "type": "Feature",
      "geometry": {
        "type": "Point",
        "coordinates": [
          121.84664,
          25.10792
        ]
      },
      "properties": {
        "館所名稱": "開成殿(天公廟)",
        "建物屬性": "藝文古蹟",
        "行政區": "瑞芳區",
        "地址": "新北市224瑞芳區永慶里8鄰烏勢巷152號之1",
        "景點介紹": "九份至高點，祈福祭拜之餘一覽九份全景",
        "parking_score": 0.0,
        "nearest_parking": "{ \"area_name\": \"汐止區\", \"roadname\": \"新台五路二段\", \"distance_m\": 17323 }",
        "toilet": true,
        "無障礙": false,
        "family": false,
        "steal_count": 0,
        "steal_score": 10,
        "hotel": false
      }
    },
    {
      "type": "Feature",
      "geometry": {
        "type": "Point",
        "coordinates": [
          121.85965,
          25.11034
        ]
      },
      "properties": {
        "館所名稱": "勸濟堂",
        "建物屬性": "熱門景點",
        "行政區": "瑞芳區",
        "地址": "新北市224瑞芳區金瓜石祈堂路53號",
        "景點介紹": "全臺最大純銅關公像，金瓜石的守護神",
        "parking_score": 0.0,
        "nearest_parking": "{ \"area_name\": \"汐止區\", \"roadname\": \"新台五路二段\", \"distance_m\": 18661 }",
        "toilet": true,
        "無障礙": false,
        "family": false,
        "steal_count": 0,
        "steal_score": 10,
        "hotel": false
      }
    },
    {
      "type": "Feature",
      "geometry": {
        "type": "Point",
        "coordinates": [
          121.85833,
          25.11093
        ]
      },
      "properties": {
        "館所名稱": "國際終戰和平紀念園區",
        "建物屬性": "自然生態",
        "行政區": "瑞芳區",
        "地址": "新北市224瑞芳區金瓜石祈堂路40號旁",
        "景點介紹": "二戰戰俘營的原址，提醒世人和平的意義",
        "parking_score": 0.0,
        "nearest_parking": "{ \"area_name\": \"汐止區\", \"roadname\": \"新台五路二段\", \"distance_m\": 18548 }",
        "toilet": true,
        "無障礙": false,
        "family": false,
        "steal_count": 0,
        "steal_score": 10,
        "hotel": false
      }
    },
    {
      "type": "Feature",
      "geometry": {
        "type": "Point",
        "coordinates": [
          121.85853,
          25.10966
        ]
      },
      "properties": {
        "館所名稱": "祈堂老街(金瓜石老街)",
        "建物屬性": "熱門景點",
        "行政區": "瑞芳區",
        "地址": "新北市224瑞芳區金瓜石祈堂路",
        "景點介紹": "因礦業而起的老街，靜謐的山中小城",
        "parking_score": 0.0,
        "nearest_parking": "{ \"area_name\": \"汐止區\", \"roadname\": \"新台五路二段\", \"distance_m\": 18533 }",
        "toilet": true,
        "無障礙": false,
        "family": false,
        "steal_count": 0,
        "steal_score": 10,
        "hotel": false
      }
    },
    {
      "type": "Feature",
      "geometry": {
        "type": "Point",
        "coordinates": [
          121.82487,
          25.07917
        ]
      },
      "properties": {
        "館所名稱": "礦工宿舍",
        "建物屬性": "熱門景點",
        "行政區": "瑞芳區",
        "地址": "新北市224瑞芳區光復里柴寮路",
        "景點介紹": "礦工宿舍被稱為「寮仔」，在猴硐有內寮仔、三座寮、五座寮、番仔寮、美援厝，都是工寮。早期以木板隔間，木牆上開一小洞裝電燈供兩戶使用，廚房、浴室、廁所也是共用。",
        "parking_score": 0.0,
        "nearest_parking": "{ \"area_name\": \"汐止區\", \"roadname\": \"新台五路二段\", \"distance_m\": 14618 }",
        "toilet": false,
        "無障礙": false,
        "family": false,
        "steal_count": 0,
        "steal_score": 10,
        "hotel": false
      }
    },
    {
      "type": "Feature",
      "geometry": {
        "type": "Point",
        "coordinates": [
          121.82747,
          25.088
        ]
      },
      "properties": {
        "館所名稱": "貓公所籌備處(猴硐貓咪資訊站)",
        "建物屬性": "熱門景點",
        "行政區": "瑞芳區",
        "地址": "新北市224瑞芳區光復里柴寮路343號",
        "景點介紹": "宣導正確餵養貓咪的保育觀念，近距離觀察貓咪",
        "parking_score": 0.0,
        "nearest_parking": "{ \"area_name\": \"汐止區\", \"roadname\": \"新台五路二段\", \"distance_m\": 14988 }",
        "toilet": true,
        "無障礙": true,
        "family": false,
        "steal_count": 0,
        "steal_score": 10,
        "hotel": false
      }
    },
    {
      "type": "Feature",
      "geometry": {
        "type": "Point",
        "coordinates": [
          121.82256,
          25.06554
        ]
      },
      "properties": {
        "館所名稱": "三貂嶺車站",
        "建物屬性": "熱門景點",
        "行政區": "瑞芳區",
        "地址": "新北市224瑞芳區碩仁里魚寮路1號",
        "景點介紹": "位於基隆河谷右岸，全臺唯一沒有公路連結的秘境車站",
        "parking_score": 0.0,
        "nearest_parking": "{ \"area_name\": \"汐止區\", \"roadname\": \"新台五路二段\", \"distance_m\": 14342 }",
        "toilet": true,
        "無障礙": true,
        "family": false,
        "steal_count": 0,
        "steal_score": 10,
        "hotel": false
      }
    },
    {
      "type": "Feature",
      "geometry": {
        "type": "Point",
        "coordinates": [
          121.85199,
          25.05877
        ]
      },
      "properties": {
        "館所名稱": "牡丹車站",
        "建物屬性": "熱門景點",
        "行政區": "雙溪區",
        "地址": "新北市227雙溪區牡丹里牡丹路159號",
        "景點介紹": "列車通過牡丹的120度的大彎，鐵道迷必訪",
        "parking_score": 0.0,
        "nearest_parking": "{ \"area_name\": \"汐止區\", \"roadname\": \"新台五路二段\", \"distance_m\": 17342 }",
        "toilet": true,
        "無障礙": true,
        "family": false,
        "steal_count": 0,
        "steal_score": 10,
        "hotel": false
      }
    },
    {
      "type": "Feature",
      "geometry": {
        "type": "Point",
        "coordinates": [
          121.8268,
          25.0872
        ]
      },
      "properties": {
        "館所名稱": "猴硐貓村",
        "建物屬性": "熱門景點",
        "行政區": "瑞芳區",
        "地址": "新北市224瑞芳區光復里",
        "景點介紹": "昔日礦山聚落風光今時，貓咪樂園享悠閒",
        "parking_score": 0.0,
        "nearest_parking": "{ \"area_name\": \"汐止區\", \"roadname\": \"新台五路二段\", \"distance_m\": 14909 }",
        "toilet": true,
        "無障礙": true,
        "family": false,
        "steal_count": 0,
        "steal_score": 10,
        "hotel": false
      }
    },
    {
      "type": "Feature",
      "geometry": {
        "type": "Point",
        "coordinates": [
          121.82965,
          25.08809
        ]
      },
      "properties": {
        "館所名稱": "猴硐神社",
        "建物屬性": "藝文古蹟",
        "行政區": "瑞芳區",
        "地址": "新北市224瑞芳區侯硐路61號",
        "景點介紹": "猴硐神社為日本統治期間昭和9年（1934）創建，由瑞三礦業公司創辦人李建興等五人率「瑞三鑛業株式產業奉公團」所敬獻。在日治時期，猴硐曾是煤產量連續多年蟬聯全臺第一名的煤礦場，是當時推動支持臺灣工業動力燃料的重鎮，因而人口逐建增加。在昭和晚期，二次大戰期間，日本政府為了施行同化政策，因而推動皇民化運動，猴硐神社便因此建立。踏上「猴硐一百階」的神社參拜道路，日本味濃厚的景色給遊客一個到了日本的時空交換的錯覺，鳥居上清晰可見「奉獻」兩字透出歷史的滄桑。",
        "parking_score": 0.0,
        "nearest_parking": "{ \"area_name\": \"汐止區\", \"roadname\": \"新台五路二段\", \"distance_m\": 15207 }",
        "toilet": false,
        "無障礙": false,
        "family": false,
        "steal_count": 0,
        "steal_score": 10,
        "hotel": false
      }
    },
    {
      "type": "Feature",
      "geometry": {
        "type": "Point",
        "coordinates": [
          121.84753,
          25.08941
        ]
      },
      "properties": {
        "館所名稱": "不厭亭",
        "建物屬性": "自然生態",
        "行政區": "雙溪區",
        "地址": "新北市227雙溪區瑞雙公路",
        "景點介紹": "居高臨下的絕美山景視野，有「小武陵」美稱",
        "parking_score": 0.0,
        "nearest_parking": "{ \"area_name\": \"汐止區\", \"roadname\": \"新台五路二段\", \"distance_m\": 17014 }",
        "toilet": false,
        "無障礙": false,
        "family": false,
        "steal_count": 0,
        "steal_score": 10,
        "hotel": false
      }
    },
    {
      "type": "Feature",
      "geometry": {
        "type": "Point",
        "coordinates": [
          121.6151,
          25.00182
        ]
      },
      "properties": {
        "館所名稱": "德興居(歐里人文咖啡)",
        "建物屬性": "熱門景點",
        "行政區": "深坑區",
        "地址": "新北市222深坑區深坑街48號",
        "景點介紹": "位於深坑老街的代表性街屋，巴洛克式紅磚建築",
        "parking_score": 8.9,
        "nearest_parking": "{ \"area_name\": \"深坑區\", \"roadname\": \"北深路二段\", \"distance_m\": 83 }",
        "toilet": true,
        "無障礙": true,
        "family": false,
        "steal_count": 4,
        "steal_score": 1,
        "hotel": false
      }
    },
    {
      "type": "Feature",
      "geometry": {
        "type": "Point",
        "coordinates": [
          121.53676,
          24.95108
        ]
      },
      "properties": {
        "館所名稱": "新店渡船頭",
        "建物屬性": "熱門景點",
        "行政區": "新店區",
        "地址": "新北市231新店區渡船頭",
        "景點介紹": "經過了百年歲月的人力渡口，至今於兩岸悠悠來回。",
        "parking_score": 5.5,
        "nearest_parking": "{ \"area_name\": \"新店區\", \"roadname\": \"北宜路一段\", \"distance_m\": 474 }",
        "toilet": false,
        "無障礙": false,
        "family": false,
        "steal_count": 1,
        "steal_score": 1,
        "hotel": false
      }
    },
    {
      "type": "Feature",
      "geometry": {
        "type": "Point",
        "coordinates": [
          121.53763,
          25.29828
        ]
      },
      "properties": {
        "館所名稱": "富貴角",
        "建物屬性": "自然生態",
        "行政區": "石門區",
        "地址": "新北市253石門區富貴角(石門區公所)",
        "景點介紹": "登燈塔、賞風稜石、遊老梅綠石槽，來一趟生態之旅",
        "parking_score": 0.0,
        "nearest_parking": "{ \"area_name\": \"金山區\", \"roadname\": \"中山路\", \"distance_m\": 12477 }",
        "toilet": false,
        "無障礙": false,
        "family": false,
        "steal_count": 0,
        "steal_score": 10,
        "hotel": false
      }
    },
    {
      "type": "Feature",
      "geometry": {
        "type": "Point",
        "coordinates": [
          121.53839,
          25.29239
        ]
      },
      "properties": {
        "館所名稱": "富貴角公園",
        "建物屬性": "自然生態",
        "行政區": "石門區",
        "地址": "新北市253石門區富貴角公園",
        "景點介紹": "位在富貴角岬及石門礁岸所形成的老梅海灣地形內，擁有豐富的海岸特殊景觀，包括風稜石、石槽與沙丘等，公園裡設有富貴角步道，讓人沿著海岬海岸走，一邊欣賞岬角的海岸風光，一邊吹吹海風，步道不長且平緩，非常適合全家出遊走走。",
        "parking_score": 0.0,
        "nearest_parking": "{ \"area_name\": \"金山區\", \"roadname\": \"中山路\", \"distance_m\": 12008 }",
        "toilet": false,
        "無障礙": false,
        "family": false,
        "steal_count": 0,
        "steal_score": 10,
        "hotel": false
      }
    },
    {
      "type": "Feature",
      "geometry": {
        "type": "Point",
        "coordinates": [
          121.55677,
          25.239
        ]
      },
      "properties": {
        "館所名稱": "青山瀑布",
        "建物屬性": "熱門景點",
        "行政區": "石門區",
        "地址": "新北市253石門區尖山湖",
        "景點介紹": "背倚壯麗竹子山，自崖頂直瀉而下的瀑布清澈清涼",
        "parking_score": 0.0,
        "nearest_parking": "{ \"area_name\": \"金山區\", \"roadname\": \"中山路\", \"distance_m\": 7776 }",
        "toilet": false,
        "無障礙": false,
        "family": false,
        "steal_count": 0,
        "steal_score": 10,
        "hotel": false
      }
    },
    {
      "type": "Feature",
      "geometry": {
        "type": "Point",
        "coordinates": [
          121.35549,
          24.93127
        ]
      },
      "properties": {
        "館所名稱": "鳶山公園",
        "建物屬性": "自然生態",
        "行政區": "三峽區",
        "地址": "新北市237三峽區鳶山",
        "景點介紹": "海拔321公尺的鳶山公園裡，有座銅鐘稱之為「光復紀念鐘」，為三峽地區著名的地標。此鐘是三峽區民為紀念臺灣光復四十週年，耗資三百多萬元興建，一旁有塊「聖蹟碑」，上頭刻有碑文用以悼念三峽人抗日的義勇精神，緬懷歷史並展望未來。園內另有涼亭、石椅、觀景臺等，佇立鐘前一望無際的遼闊視野，可眺望大臺北地區及青巒疊翠的雪山，是許多人假日休閒之地。",
        "parking_score": 4.5,
        "nearest_parking": "{ \"area_name\": \"三峽區\", \"roadname\": \"大智路\", \"distance_m\": 715 }",
        "toilet": true,
        "無障礙": false,
        "family": false,
        "steal_count": 1,
        "steal_score": 1,
        "hotel": false
      }
    },
    {
      "type": "Feature",
      "geometry": {
        "type": "Point",
        "coordinates": [
          121.59484,
          25.27204
        ]
      },
      "properties": {
        "館所名稱": "新十八王公廟",
        "建物屬性": "藝文古蹟",
        "行政區": "石門區",
        "地址": "新北市253石門區茂林村坪林52號",
        "景點介紹": "十層樓高的「黑龍義犬」塑像，是臺灣的忠犬象徵",
        "parking_score": 0.0,
        "nearest_parking": "{ \"area_name\": \"金山區\", \"roadname\": \"中山路\", \"distance_m\": 6365 }",
        "toilet": false,
        "無障礙": false,
        "family": false,
        "steal_count": 0,
        "steal_score": 10,
        "hotel": false
      }
    },
    {
      "type": "Feature",
      "geometry": {
        "type": "Point",
        "coordinates": [
          121.47554,
          25.02183
        ]
      },
      "properties": {
        "館所名稱": "山宛然客家布袋戲團",
        "建物屬性": "自然生態",
        "行政區": "板橋區",
        "地址": "新北市220板橋區縣民大道三段83號3樓(山宛然劇團辨公室)",
        "景點介紹": "山宛然」以傳統客家三角採茶戲出發，未來表演的方式傾向走遍臺灣各地的小鄉鎮，深入鄉親們的生活圈，和草根的老百姓們親近，落實「處處皆劇場」之夢想。山宛然劇團於西元2002年由黃武山成立，從小師承國寶級布袋戲大師李天祿先生二位公子陳錫煌與李傳燦老師學習傳統布袋戲技藝；2003年畢業於國立臺北藝術大學劇場藝術研究，亦能體會師長薪傳的苦心，向客家山歌天后賴碧霞老師學習客家山歌，將客家文化注入至傳統布袋戲中，已成為國內少數年青一代，具有專業演出傳統布袋戲能力與戲劇學術理論的基礎，為傳統布袋戲留下了火種。山宛然劇團深知客家文化傳承的重要性，目前以製作演出為主軸，積極參與各項藝術節活動，並開始著手規劃客家戲劇、客家布袋戲與客家音樂的結合課程。利用布袋 戲偶生動活潑的表演方式，吸引年輕一代的客家族群對客家文化...",
        "parking_score": 10.0,
        "nearest_parking": "{ \"area_name\": \"板橋區\", \"roadname\": \"萬板路\", \"distance_m\": 204 }",
        "toilet": true,
        "無障礙": true,
        "family": false,
        "steal_count": 5,
        "steal_score": 1,
        "hotel": true
      }
    },
    {
      "type": "Feature",
      "geometry": {
        "type": "Point",
        "coordinates": [
          121.73945,
          25.02302
        ]
      },
      "properties": {
        "館所名稱": "孝子山登山步道",
        "建物屬性": "熱門景點",
        "行政區": "平溪區",
        "地址": "新北市226平溪區孝子山",
        "景點介紹": "懸空鋼梯登頂路，幾乎垂直的岩壁，有「小黃山」之稱。",
        "parking_score": 0.0,
        "nearest_parking": "{ \"area_name\": \"汐止區\", \"roadname\": \"新台五路二段\", \"distance_m\": 7790 }",
        "toilet": true,
        "無障礙": false,
        "family": false,
        "steal_count": 0,
        "steal_score": 10,
        "hotel": false
      }
    },
    {
      "type": "Feature",
      "geometry": {
        "type": "Point",
        "coordinates": [
          121.46554,
          25.01224
        ]
      },
      "properties": {
        "館所名稱": "新北市政府景觀瞭望台",
        "建物屬性": "熱門景點",
        "行政區": "板橋區",
        "地址": "新北市220板橋區中山路一段161號32樓",
        "景點介紹": "登上新北市政府32樓瞭望台，居高臨下感受城市浪漫氛圍",
        "parking_score": 10.0,
        "nearest_parking": "{ \"area_name\": \"板橋區\", \"roadname\": \"區運路\", \"distance_m\": 223 }",
        "toilet": true,
        "無障礙": true,
        "family": false,
        "steal_count": 42,
        "steal_score": 1,
        "hotel": true
      }
    },
    {
      "type": "Feature",
      "geometry": {
        "type": "Point",
        "coordinates": [
          121.4438,
          24.94645
        ]
      },
      "properties": {
        "館所名稱": "火燄山系步道",
        "建物屬性": "自然生態",
        "行政區": "土城區",
        "地址": "新北市236土城區承天路",
        "景點介紹": "別稱清源山，蘊含油氣，地上可點火而稱「火山」",
        "parking_score": 0.0,
        "nearest_parking": "{ \"area_name\": \"土城區\", \"roadname\": \"承天路\", \"distance_m\": 2045 }",
        "toilet": false,
        "無障礙": false,
        "family": false,
        "steal_count": 0,
        "steal_score": 10,
        "hotel": false
      }
    },
    {
      "type": "Feature",
      "geometry": {
        "type": "Point",
        "coordinates": [
          121.62383,
          24.96309
        ]
      },
      "properties": {
        "館所名稱": "二格山系步道",
        "建物屬性": "自然生態",
        "行政區": "深坑區",
        "地址": "新北市222深坑區二格山系步道",
        "景點介紹": "三區界山，視野遼闊可同時遠眺城市與山林",
        "parking_score": 0.0,
        "nearest_parking": "{ \"area_name\": \"深坑區\", \"roadname\": \"雲鄉路\", \"distance_m\": 4074 }",
        "toilet": false,
        "無障礙": false,
        "family": false,
        "steal_count": 0,
        "steal_score": 10,
        "hotel": false
      }
    },
    {
      "type": "Feature",
      "geometry": {
        "type": "Point",
        "coordinates": [
          121.7382,
          25.0191
        ]
      },
      "properties": {
        "館所名稱": "慈母峰登山步道",
        "建物屬性": "熱門景點",
        "行政區": "平溪區",
        "地址": "新北市226平溪區石底里靜安路二段",
        "景點介紹": "設有明顯的石階以利登山，是二十四孝山群峰之一",
        "parking_score": 0.0,
        "nearest_parking": "{ \"area_name\": \"汐止區\", \"roadname\": \"新台五路二段\", \"distance_m\": 7984 }",
        "toilet": false,
        "無障礙": false,
        "family": false,
        "steal_count": 0,
        "steal_score": 10,
        "hotel": false
      }
    },
    {
      "type": "Feature",
      "geometry": {
        "type": "Point",
        "coordinates": [
          121.74852,
          25.03137
        ]
      },
      "properties": {
        "館所名稱": "嶺腳寮山登山步道",
        "建物屬性": "熱門景點",
        "行政區": "平溪區",
        "地址": "新北市226平溪區嶺腳車站附近",
        "景點介紹": "豐富自然美景與人文生態，值得親來感受山林幽靜氛圍",
        "parking_score": 0.0,
        "nearest_parking": "{ \"area_name\": \"汐止區\", \"roadname\": \"新台五路二段\", \"distance_m\": 8001 }",
        "toilet": true,
        "無障礙": true,
        "family": false,
        "steal_count": 0,
        "steal_score": 10,
        "hotel": false
      }
    },
    {
      "type": "Feature",
      "geometry": {
        "type": "Point",
        "coordinates": [
          121.61342,
          24.99528
        ]
      },
      "properties": {
        "館所名稱": "大崎嶺登山步道",
        "建物屬性": "熱門景點",
        "行政區": "深坑區",
        "地址": "新北市222深坑區大崙腳",
        "景點介紹": "由石板步道至泥土路，由大崙腳通往大崙尾",
        "parking_score": 3.9,
        "nearest_parking": "{ \"area_name\": \"深坑區\", \"roadname\": \"平埔街22巷\", \"distance_m\": 622 }",
        "toilet": false,
        "無障礙": false,
        "family": false,
        "steal_count": 3,
        "steal_score": 1,
        "hotel": false
      }
    },
    {
      "type": "Feature",
      "geometry": {
        "type": "Point",
        "coordinates": [
          121.3684,
          24.97087
        ]
      },
      "properties": {
        "館所名稱": "光明山稜線",
        "建物屬性": "自然生態",
        "行政區": "鶯歌區",
        "地址": "新北市239鶯歌區光明山稜線",
        "景點介紹": "鶯歌步道主線之一，四季皆有不同的景致",
        "parking_score": 0.0,
        "nearest_parking": "{ \"area_name\": \"鶯歌區\", \"roadname\": \"建國路\", \"distance_m\": 1961 }",
        "toilet": false,
        "無障礙": false,
        "family": false,
        "steal_count": 0,
        "steal_score": 10,
        "hotel": false
      }
    },
    {
      "type": "Feature",
      "geometry": {
        "type": "Point",
        "coordinates": [
          121.76375,
          25.03451
        ]
      },
      "properties": {
        "館所名稱": "望古車站",
        "建物屬性": "自然生態",
        "行政區": "平溪區",
        "地址": "新北市226平溪區望古車站",
        "景點介紹": "隨著礦業沒落，隱沒蔥鬱山林間的秘境車站",
        "parking_score": 0.0,
        "nearest_parking": "{ \"area_name\": \"汐止區\", \"roadname\": \"新台五路二段\", \"distance_m\": 9208 }",
        "toilet": true,
        "無障礙": false,
        "family": false,
        "steal_count": 0,
        "steal_score": 10,
        "hotel": false
      }
    },
    {
      "type": "Feature",
      "geometry": {
        "type": "Point",
        "coordinates": [
          121.72446,
          25.02484
        ]
      },
      "properties": {
        "館所名稱": "菁桐煤礦紀念公園",
        "建物屬性": "自然生態",
        "行政區": "平溪區",
        "地址": "新北市226平溪區菁桐街50號",
        "景點介紹": "洗選煤礦後分離出來的廢石塊，經年疊月堆積而成的山丘",
        "parking_score": 0.0,
        "nearest_parking": "{ \"area_name\": \"汐止區\", \"roadname\": \"新台五路二段\", \"distance_m\": 6554 }",
        "toilet": true,
        "無障礙": true,
        "family": false,
        "steal_count": 0,
        "steal_score": 10,
        "hotel": false
      }
    },
    {
      "type": "Feature",
      "geometry": {
        "type": "Point",
        "coordinates": [
          121.69047,
          25.2064
        ]
      },
      "properties": {
        "館所名稱": "野柳地質公園",
        "建物屬性": "自然生態",
        "行政區": "萬里區",
        "地址": "新北市207萬里區野柳村港東路167-1號",
        "景點介紹": "訪天然地質教室，欣賞女王頭大自然鬼斧神工之作",
        "parking_score": 0.0,
        "nearest_parking": "{ \"area_name\": \"金山區\", \"roadname\": \"磺港路\", \"distance_m\": 4978 }",
        "toilet": true,
        "無障礙": true,
        "family": false,
        "steal_count": 0,
        "steal_score": 10,
        "hotel": true
      }
    },
    {
      "type": "Feature",
      "geometry": {
        "type": "Point",
        "coordinates": [
          121.48169,
          25.05651
        ]
      },
      "properties": {
        "館所名稱": "新北大都會公園 (二重疏洪道河濱公園)",
        "建物屬性": "熱門景點",
        "行政區": "三重區",
        "地址": "新北市241三重區疏洪東路一段859號",
        "景點介紹": "全世界最大共融式堤坡滑梯樂園，親子玩樂舒壓的聖地",
        "parking_score": 10.0,
        "nearest_parking": "{ \"area_name\": \"三重區\", \"roadname\": \"疏洪東路一段\", \"distance_m\": 29 }",
        "toilet": false,
        "無障礙": false,
        "family": false,
        "steal_count": 24,
        "steal_score": 1,
        "hotel": true
      }
    },
    {
      "type": "Feature",
      "geometry": {
        "type": "Point",
        "coordinates": [
          121.43001,
          25.16083
        ]
      },
      "properties": {
        "館所名稱": "八里左岸公園",
        "建物屬性": "熱門景點",
        "行政區": "八里區",
        "地址": "新北市249八里區觀海大道36號",
        "景點介紹": "充滿異國風的「BALI地標」，觀賞夕陽的廣闊河濱",
        "parking_score": 10.0,
        "nearest_parking": "{ \"area_name\": \"八里區\", \"roadname\": \"觀海大道\", \"distance_m\": 89 }",
        "toilet": true,
        "無障礙": true,
        "family": false,
        "steal_count": 0,
        "steal_score": 10,
        "hotel": false
      }
    },
    {
      "type": "Feature",
      "geometry": {
        "type": "Point",
        "coordinates": [
          121.47998,
          25.05491
        ]
      },
      "properties": {
        "館所名稱": "辰光橋",
        "建物屬性": "自然生態",
        "行政區": "三重區",
        "地址": "新北市241三重區疏洪十六路",
        "景點介紹": "辰光橋位於三重區新北大都會公園內，是甫於2018年底啟用的新景觀橋，辰光橋連接二重疏洪道左右兩岸，設計理念出自傳說中牛郎織女重逢的故事，以雙層雙曲線的橋台套疊結構營造觀景平台，蜿蜒的辰光橋就像銀河般象徵了牛郎織女重逢的路徑。除了橋面特殊的設計外，夜晚點燈後還能看到浪漫的星座光雕！作為第一座專為行人及單車族駐足及通行之親水景觀橋，辰光橋擁有景觀溪流、戲水地毯、輕食休憩廣場、植物綠美化、5處夜間星座光雕、3座無障礙電梯、4處緩坡式牽引道及7處星雲鵲鳥棚架等，可供民眾遠眺新北大都會公園日、夜美景。（照片：新北市政府水利局技正謝佑欣提供）",
        "parking_score": 10.0,
        "nearest_parking": "{ \"area_name\": \"三重區\", \"roadname\": \"疏洪東路一段\", \"distance_m\": 258 }",
        "toilet": false,
        "無障礙": false,
        "family": false,
        "steal_count": 3,
        "steal_score": 1,
        "hotel": true
      }
    },
    {
      "type": "Feature",
      "geometry": {
        "type": "Point",
        "coordinates": [
          121.66353,
          25.07787
        ]
      },
      "properties": {
        "館所名稱": "汐止星際遊戲場",
        "建物屬性": "熱門景點",
        "行政區": "汐止區",
        "地址": "新北市221汐止區長江街180號",
        "景點介紹": "汐止區最大型的兒童遊戲場，以八大行星做多元性的空間規劃，小朋友在遊玩過程彷彿置身在浩瀚宇宙中，利用水星打造戲水區(夏季開放)，還有土星沙坑區、木星遊戲區、亮眼的金星遊戲區、豐富性的地球遊戲區、休閒的海王星體健區、熱情的火星籃球場、閃耀的太陽溜冰場、還有適合銀髮族的天王星樂齡區。讓小朋友們可以從陸上玩到水上，而入口處的星際補給站可提供輕食飲料等服務，便民的景廁也化身成創意太空休息站，爸媽們一定要帶著孩子們來新北河濱體驗玩水樂趣。",
        "parking_score": 10.0,
        "nearest_parking": "{ \"area_name\": \"汐止區\", \"roadname\": \"吉祥街1巷\", \"distance_m\": 62 }",
        "toilet": false,
        "無障礙": false,
        "family": false,
        "steal_count": 9,
        "steal_score": 1,
        "hotel": false
      }
    },
    {
      "type": "Feature",
      "geometry": {
        "type": "Point",
        "coordinates": [
          121.56843,
          25.2959
        ]
      },
      "properties": {
        "館所名稱": "石門洞",
        "建物屬性": "熱門景點",
        "行政區": "石門區",
        "地址": "新北市253石門區崁仔腳",
        "景點介紹": "特殊海蝕拱門景觀，別有洞天的美景",
        "parking_score": 0.0,
        "nearest_parking": "{ \"area_name\": \"金山區\", \"roadname\": \"中山路\", \"distance_m\": 10089 }",
        "toilet": true,
        "無障礙": false,
        "family": false,
        "steal_count": 1,
        "steal_score": 1,
        "hotel": false
      }
    },
    {
      "type": "Feature",
      "geometry": {
        "type": "Point",
        "coordinates": [
          121.45028,
          25.05992
        ]
      },
      "properties": {
        "館所名稱": "願景館",
        "建物屬性": "熱門景點",
        "行政區": "新莊區",
        "地址": "新北市242新莊區新北大道4段1號",
        "景點介紹": "紀錄了中港大排的整治計畫，兼具環保教育的展館",
        "parking_score": 10.0,
        "nearest_parking": "{ \"area_name\": \"新莊區\", \"roadname\": \"中央路\", \"distance_m\": 125 }",
        "toilet": true,
        "無障礙": false,
        "family": false,
        "steal_count": 2,
        "steal_score": 1,
        "hotel": true
      }
    },
    {
      "type": "Feature",
      "geometry": {
        "type": "Point",
        "coordinates": [
          121.51675,
          25.01593
        ]
      },
      "properties": {
        "館所名稱": "楊三郎美術館",
        "建物屬性": "藝文古蹟",
        "行政區": "永和區",
        "地址": "新北市234永和區博愛街7號",
        "景點介紹": "臺灣油畫界的一代宗師，探究對藝術的執著",
        "parking_score": 10.0,
        "nearest_parking": "{ \"area_name\": \"永和區\", \"roadname\": \"環河東路一段\", \"distance_m\": 203 }",
        "toilet": true,
        "無障礙": true,
        "family": false,
        "steal_count": 19,
        "steal_score": 1,
        "hotel": true
      }
    },
    {
      "type": "Feature",
      "geometry": {
        "type": "Point",
        "coordinates": [
          121.82783,
          25.08601
        ]
      },
      "properties": {
        "館所名稱": "運煤橋",
        "建物屬性": "熱門景點",
        "行政區": "瑞芳區",
        "地址": "新北市224瑞芳區猴硐柴寮路42號(願景館)靠基隆河側",
        "景點介紹": "煤礦各坑口至整煤廠之搬運以柴油機關車拖運之，運煤橋為運輸煤礦所建，原以三層鐵橋方式建置，後因礦業需求於民國54年8月改建為鋼筯混凝土圓弧形拱橋，並正式命名為「瑞三大橋」。目前尚保有完整之遺跡供遊客回顧往日探礦之繁榮景象，而橋上已於民國99年7月份後將運煤橋重新整理，以供遊客可以較安全方式來行進於橋上，橋上並有舊時軌道復舊，以較接近原軌距方式的情境而復舊呈現，並放置臺車充分展現舊時運礦風情。而夜間並有燈光投射於橋上，此地標也成為夜間猴硐攝影師的選擇之一。",
        "parking_score": 0.0,
        "nearest_parking": "{ \"area_name\": \"汐止區\", \"roadname\": \"新台五路二段\", \"distance_m\": 14994 }",
        "toilet": true,
        "無障礙": true,
        "family": false,
        "steal_count": 0,
        "steal_score": 10,
        "hotel": false
      }
    },
    {
      "type": "Feature",
      "geometry": {
        "type": "Point",
        "coordinates": [
          121.82747,
          25.087
        ]
      },
      "properties": {
        "館所名稱": "猴硐貓橋",
        "建物屬性": "自然生態",
        "行政區": "瑞芳區",
        "地址": "新北市224瑞芳區柴寮路70號",
        "景點介紹": "貓橋，原是民國59年台鐵在猴硐火車站興建供居民進出之陸橋，自從2009年「貓村」名聲堀起，當地遊客日多，都靠車站陸橋往返貓村、煤礦園區。隨著居民反映陸橋老舊狹窄的聲浪，新北市政府決定改建，自2012年起開始規劃「猴硐火車站跨越貓村陸橋」的改建工程案，並參考當地居民的建議，融入貓村特色，同時結合當地煤礦、貓及隧道意象，打造造型獨特的「貓橋」，橋內有貓足跡、照片、插畫，還設計專供貓通行、跳躍的跳台。於2013年獲得公共工程金質獎肯定。",
        "parking_score": 0.0,
        "nearest_parking": "{ \"area_name\": \"汐止區\", \"roadname\": \"新台五路二段\", \"distance_m\": 14973 }",
        "toilet": true,
        "無障礙": true,
        "family": false,
        "steal_count": 0,
        "steal_score": 10,
        "hotel": false
      }
    },
    {
      "type": "Feature",
      "geometry": {
        "type": "Point",
        "coordinates": [
          121.66255,
          25.07645
        ]
      },
      "properties": {
        "館所名稱": "星光橋",
        "建物屬性": "熱門景點",
        "行政區": "汐止區",
        "地址": "新北市221汐止區鄉長路一段",
        "景點介紹": "星光橋橫跨基隆河，全長270公尺，位於汐止長安橋下游800公尺處，也是第1座跨越基隆河的景觀橋，緊連五堵火車站，是專供行人和自行車使用，橋型採「單斜塔斜張橋」結構，75公尺的塔柱傾 斜設計，每隔2秒就會變換顏色， 主橋柱造型像一支聳立的巨型麥克風直指天際，白色的塔柱及橋身都裝設了點狀光源，夜裡呈現出璀璨亮眼的點點星光，橋因此而得名。左右兩側斜拉的不對稱鋼索也是星光橋的一大特色， 而S型橋面也是別出心裁，有別一般橋梁「方正格局」的刻板設計，傾斜塔柱及橋 體裝設點狀光源，則呈現璀璨星光之意象，象徵汐止地區未來發展的無限希望。S型橋面提供寬闊的休憩通行空間，陽光下基隆河顯得清澈無波，天上的白雲，河面的橋身，從橋北端通過的中山高架，甚至在水邊淺草 上悠閒的白鷺，全部在水中投影，景觀獨樹一格。星光橋兩...",
        "parking_score": 10.0,
        "nearest_parking": "{ \"area_name\": \"汐止區\", \"roadname\": \"星光橋北側廣場平面停車場\", \"distance_m\": 84 }",
        "toilet": false,
        "無障礙": false,
        "family": false,
        "steal_count": 10,
        "steal_score": 1,
        "hotel": false
      }
    },
    {
      "type": "Feature",
      "geometry": {
        "type": "Point",
        "coordinates": [
          121.46148,
          25.16879
        ]
      },
      "properties": {
        "館所名稱": "滬尾櫻花大道",
        "建物屬性": "熱門景點",
        "行政區": "淡水區",
        "地址": "新北市251淡水區鄧公路",
        "景點介紹": "世界最長的櫻花歩道，浪漫花季粉紅地毯",
        "parking_score": 0.4,
        "nearest_parking": "{ \"area_name\": \"淡水區\", \"roadname\": \"紅樹林路\", \"distance_m\": 838 }",
        "toilet": false,
        "無障礙": false,
        "family": false,
        "steal_count": 1,
        "steal_score": 1,
        "hotel": false
      }
    },
    {
      "type": "Feature",
      "geometry": {
        "type": "Point",
        "coordinates": [
          121.65974,
          24.99095
        ]
      },
      "properties": {
        "館所名稱": "石碇淡蘭藝文館",
        "建物屬性": "自然生態",
        "行政區": "石碇區",
        "地址": "新北市223石碇區石碇村石碇東街87號",
        "景點介紹": "石碇達人所，保存在地文化及創新生態",
        "parking_score": 7.7,
        "nearest_parking": "{ \"area_name\": \"石碇區\", \"roadname\": \"石碇淡蘭藝文館\", \"distance_m\": 34 }",
        "toilet": true,
        "無障礙": true,
        "family": false,
        "steal_count": 0,
        "steal_score": 10,
        "hotel": false
      }
    },
    {
      "type": "Feature",
      "geometry": {
        "type": "Point",
        "coordinates": [
          121.46665,
          25.08539
        ]
      },
      "properties": {
        "館所名稱": "蘆洲李宅古蹟-李友邦將軍紀念館",
        "建物屬性": "藝文古蹟",
        "行政區": "蘆洲區",
        "地址": "新北市247蘆洲區中正路243巷19號",
        "景點介紹": "李友邦將軍故居，蘆洲文化地標",
        "parking_score": 10.0,
        "nearest_parking": "{ \"area_name\": \"蘆洲區\", \"roadname\": \"中正路185巷68弄\", \"distance_m\": 48 }",
        "toilet": true,
        "無障礙": true,
        "family": false,
        "steal_count": 33,
        "steal_score": 1,
        "hotel": true
      }
    },
    {
      "type": "Feature",
      "geometry": {
        "type": "Point",
        "coordinates": [
          121.4835,
          25.08119
        ]
      },
      "properties": {
        "館所名稱": "碧華布街(三重布莊博物園區)",
        "建物屬性": "自然生態",
        "行政區": "三重區",
        "地址": "新北市241三重區碧華街",
        "景點介紹": "「客廳即工廠」，布產業的奇蹟",
        "parking_score": 10.0,
        "nearest_parking": "{ \"area_name\": \"三重區\", \"roadname\": \"仁愛街\", \"distance_m\": 100 }",
        "toilet": true,
        "無障礙": true,
        "family": false,
        "steal_count": 17,
        "steal_score": 1,
        "hotel": true
      }
    },
    {
      "type": "Feature",
      "geometry": {
        "type": "Point",
        "coordinates": [
          121.48728,
          25.08257
        ]
      },
      "properties": {
        "館所名稱": "碧華寺",
        "建物屬性": "藝文古蹟",
        "行政區": "三重區",
        "地址": "新北市241三重區碧華街236號",
        "景點介紹": "仿北方式佛教建築，儒道佛合一",
        "parking_score": 10.0,
        "nearest_parking": "{ \"area_name\": \"三重區\", \"roadname\": \"仁愛街\", \"distance_m\": 138 }",
        "toilet": true,
        "無障礙": true,
        "family": false,
        "steal_count": 15,
        "steal_score": 1,
        "hotel": true
      }
    },
    {
      "type": "Feature",
      "geometry": {
        "type": "Point",
        "coordinates": [
          121.7481,
          25.03012
        ]
      },
      "properties": {
        "館所名稱": "嶺腳車站",
        "建物屬性": "熱門景點",
        "行政區": "平溪區",
        "地址": "新北市226平溪區嶺腳車站",
        "景點介紹": "嶺腳，聽這個名字一定能馬上猜到這是個位在山腳下的地方。約在清乾隆年間，由興化人林國華所闢，因為處於海拔七百公尺以上的姜子寮山南邊，故以嶺腳為名。在這個有山有水之地，當然少不了好玩的地方，嶺腳瀑布就在車站附近，在車站稍作休憩，遠觀瀑布景致，是個不錯的選擇。",
        "parking_score": 0.0,
        "nearest_parking": "{ \"area_name\": \"汐止區\", \"roadname\": \"新台五路二段\", \"distance_m\": 8037 }",
        "toilet": true,
        "無障礙": true,
        "family": false,
        "steal_count": 0,
        "steal_score": 10,
        "hotel": false
      }
    },
    {
      "type": "Feature",
      "geometry": {
        "type": "Point",
        "coordinates": [
          121.45069,
          25.0339
        ]
      },
      "properties": {
        "館所名稱": "新莊廟街商圈",
        "建物屬性": "藝文古蹟",
        "行政區": "新莊區",
        "地址": "新北市242新莊區新莊路(思源路、新泰路中間約1公里的菁華地帶)",
        "景點介紹": "千帆林立新莊港，市肆聚千家燈火",
        "parking_score": 7.0,
        "nearest_parking": "{ \"area_name\": \"新莊區\", \"roadname\": \"文昌陸橋側高灘地\", \"distance_m\": 240 }",
        "toilet": true,
        "無障礙": false,
        "family": false,
        "steal_count": 19,
        "steal_score": 1,
        "hotel": true
      }
    },
    {
      "type": "Feature",
      "geometry": {
        "type": "Point",
        "coordinates": [
          121.45526,
          25.0356
        ]
      },
      "properties": {
        "館所名稱": "新莊廣福宮",
        "建物屬性": "藝文古蹟",
        "行政區": "新莊區",
        "地址": "新北市242新莊區新莊路150號",
        "景點介紹": "見證客家先民於新莊的開墾，是新莊唯一的國定古蹟",
        "parking_score": 7.6,
        "nearest_parking": "{ \"area_name\": \"新莊區\", \"roadname\": \"文昌陸橋側高灘地\", \"distance_m\": 122 }",
        "toilet": true,
        "無障礙": false,
        "family": false,
        "steal_count": 16,
        "steal_score": 1,
        "hotel": true
      }
    },
    {
      "type": "Feature",
      "geometry": {
        "type": "Point",
        "coordinates": [
          121.45209,
          25.05421
        ]
      },
      "properties": {
        "館所名稱": "中港大排親水步道",
        "建物屬性": "自然生態",
        "行政區": "新莊區",
        "地址": "新北市242新莊區中原路191號",
        "景點介紹": "誰能想到熱門打卡點過去曾經是條臭水溝？整治後的中港大排，彷彿有了新生命，兩旁綠意盎然，中間水流清澈，魚兒悠遊自在，豐富的生態隨處可見。中港大排親水步道入口繪上立體海底世界彩繪，彷彿進入水底世界，從夢幻的彩虹橋進入，河道兩旁有著充滿童趣的彩繪牆，融入地景素材中，3D立體彩繪，讓人好像身歷其境。親水步道分成四個部分，分別是綠之聲、風之動、水之戀、光之舞，分別是水舞體驗區、靜態水生植物展現區、水域活動區、生態展現區，全長約2.6公里。對於無障礙空間設計也相當完善，讓乘坐輪椅的朋友很方便下來。廊道的地面上有很多變化，石板地偶爾穿插木板橋，即便是對大人來說，也很新奇有趣，但到底多有趣，可能還是要大家親自來走走看囉！別忘了必拍「彩色積木」，繽紛的大小積木散落河道間，這裡可是IG最夯的美照拍攝處，一定要記...",
        "parking_score": 10.0,
        "nearest_parking": "{ \"area_name\": \"新莊區\", \"roadname\": \"中華路三段\", \"distance_m\": 106 }",
        "toilet": false,
        "無障礙": false,
        "family": false,
        "steal_count": 8,
        "steal_score": 1,
        "hotel": true
      }
    },
    {
      "type": "Feature",
      "geometry": {
        "type": "Point",
        "coordinates": [
          121.40979,
          25.031
        ]
      },
      "properties": {
        "館所名稱": "新莊青年公園(牡丹心生態公園)",
        "建物屬性": "自然生態",
        "行政區": "新莊區",
        "地址": "新北市242新莊區壽山路(主要入口處:壽山路61號對面)",
        "景點介紹": "新莊豐富多樣的自然生態步道，悠遊青山趣",
        "parking_score": 4.8,
        "nearest_parking": "{ \"area_name\": \"新莊區\", \"roadname\": \"壽山路\", \"distance_m\": 224 }",
        "toilet": false,
        "無障礙": false,
        "family": false,
        "steal_count": 3,
        "steal_score": 1,
        "hotel": false
      }
    },
    {
      "type": "Feature",
      "geometry": {
        "type": "Point",
        "coordinates": [
          121.70458,
          24.93265
        ]
      },
      "properties": {
        "館所名稱": "坪林觀魚步道",
        "建物屬性": "自然生態",
        "行政區": "坪林區",
        "地址": "新北市232坪林區水柳腳",
        "景點介紹": "沿途有魚群與水鳥相伴，是全台最長的觀魚步道",
        "parking_score": 2.6,
        "nearest_parking": "{ \"area_name\": \"坪林區\", \"roadname\": \"北宜路八段\", \"distance_m\": 289 }",
        "toilet": true,
        "無障礙": true,
        "family": false,
        "steal_count": 0,
        "steal_score": 10,
        "hotel": false
      }
    },
    {
      "type": "Feature",
      "geometry": {
        "type": "Point",
        "coordinates": [
          121.71168,
          24.93634
        ]
      },
      "properties": {
        "館所名稱": "坪林茶產業文化館",
        "建物屬性": "藝文古蹟",
        "行政區": "坪林區",
        "地址": "新北市232坪林區坪林街103號2樓",
        "景點介紹": "坪林農會創立於1919年，致力於推動農業生產，並協助坪林區的農務狀況。一路走來，坪林農會經歷了更名，成立修護站、茶葉加工站、茶籽油加工廠等。2001年時，在既有的基礎上推動各項軟硬體建設，開發多元茶類商品，並引領農會轉型為多元化之綜合服務事業體，於坪林區北宜公路旁與板橋區設立農特產品直銷中心。2015年坪林農會轉型成立坪林茶產業文化館，提供一個介紹茶葉與茶籽油文化知識的地方，讓大家可以更進一步了解坪林的產業與發展。",
        "parking_score": 5.5,
        "nearest_parking": "{ \"area_name\": \"坪林區\", \"roadname\": \"國中路\", \"distance_m\": 77 }",
        "toilet": true,
        "無障礙": true,
        "family": false,
        "steal_count": 0,
        "steal_score": 10,
        "hotel": false
      }
    },
    {
      "type": "Feature",
      "geometry": {
        "type": "Point",
        "coordinates": [
          121.5515,
          24.8641
        ]
      },
      "properties": {
        "館所名稱": "烏來泰雅民族博物館",
        "建物屬性": "自然生態",
        "行政區": "烏來區",
        "地址": "新北市233烏來區烏來街12號",
        "景點介紹": "烏來過去就是泰雅族人的生活部落，是烏來真正的主人，在新北市唯一的山地區「烏來」成立泰雅民族博物館別具意義，精心策劃的展覽中，泰雅族人食、衣、住等生活面貌與文化哲學一覽無遺，所以泰雅民族博物館裡，就是在介紹泰雅族人的歷史和生活概況。一樓展示泰雅族發源、遷徒、狩獵等文物及烏來地區的自然生態；二樓有紋面傳統的介紹，紋面在泰雅文化中是極為重要的儀式，只有具備狩獵及編織技術的男女才有資格紋面及具有嫁娶資格。三樓則展示泰雅族人的生活器具與傳統工藝。假日可觀賞當地泰雅族人的歌舞展演，還能體驗琉璃串珠、泰雅編織、手鍊製作等DIY 課程活動。",
        "parking_score": 0.0,
        "nearest_parking": "{ \"area_name\": \"新店區\", \"roadname\": \"竹林路2巷\", \"distance_m\": 9555 }",
        "toilet": true,
        "無障礙": true,
        "family": false,
        "steal_count": 0,
        "steal_score": 10,
        "hotel": true
      }
    },
    {
      "type": "Feature",
      "geometry": {
        "type": "Point",
        "coordinates": [
          121.52558,
          24.83385
        ]
      },
      "properties": {
        "館所名稱": "內洞森林遊樂區",
        "建物屬性": "熱門景點",
        "行政區": "烏來區",
        "地址": "新北市233烏來區哪哮里",
        "景點介紹": "瀑聲隆隆，依山傍水的蕨類樂園",
        "parking_score": 0.0,
        "nearest_parking": "{ \"area_name\": \"新店區\", \"roadname\": \"車子路132巷\", \"distance_m\": 12877 }",
        "toilet": true,
        "無障礙": false,
        "family": false,
        "steal_count": 0,
        "steal_score": 10,
        "hotel": false
      }
    },
    {
      "type": "Feature",
      "geometry": {
        "type": "Point",
        "coordinates": [
          121.58182,
          25.29278
        ]
      },
      "properties": {
        "館所名稱": "石門風力發電站(風車公園)",
        "建物屬性": "自然生態",
        "行政區": "石門區",
        "地址": "新北市253石門區乾華里小坑12號",
        "景點介紹": "石門不但擁有豐富的海洋景觀，特殊的地形更使得風力資源成為石門另一項特色，沿著石門往十八王公廟方向前進，便能看見遠方的山頭上，矗立著一座座巨型風車，這就是石門風力發電站。風力發電不但減少了二氧化碳排放量，也成為北海岸特有的觀光景致。位於北岸海淡金公路十八王公廟山頭附近的風車公園，是台電規劃在台灣本島的首座風力發電機組。全區共有六座風車，風車紅白相間，不同於澎湖的純白造形，遠看相當醒目。公園內規劃一條木製棧道供遊客行走，下方有一個觀景平台，景色優美，非常推薦到此散步。",
        "parking_score": 0.0,
        "nearest_parking": "{ \"area_name\": \"金山區\", \"roadname\": \"中山路\", \"distance_m\": 8996 }",
        "toilet": false,
        "無障礙": false,
        "family": false,
        "steal_count": 1,
        "steal_score": 1,
        "hotel": false
      }
    },
    {
      "type": "Feature",
      "geometry": {
        "type": "Point",
        "coordinates": [
          121.43627,
          25.1742
        ]
      },
      "properties": {
        "館所名稱": "小白宮(新北市立淡水古蹟博物館)",
        "建物屬性": "自然生態",
        "行政區": "淡水區",
        "地址": "新北市251淡水區真理街15號",
        "景點介紹": "「前清淡水關稅務司官邸」又名「小白宮」，興建於1862年，已有百年以上歷史，取名自外觀搶眼的西班牙式白色建築。位於昔稱的「砲臺埔」地區，為淡水河口數來第二個山崗位置的至高處。1860年代淡水開港通商，這裡成為洋人在淡水經商、貿易、居住的主要地區，當時興建許多異國風貌的建築，而小白宮即為其中的一棟，屬於殖民地式建築。殖民地式建築之特徵有抬高地基、四周有類似迴廊之 Verandah（涼台）的設置、落地門窗、煙囪等等。在地人習慣由房屋外觀的顏色為西式建築命名，由於前清淡水關稅務司官邸室內外皆漆成白色，因而被在地人暱稱為「小白宮」。到小白宮一定要看整齊排列的「半圓拱門」，當陽光灑下來，白色建築會更顯潔白優雅，這片簡約的西班牙白堊迴廊式建築，極受寫真族青睞，也是「婚紗攝影」的熱門首選。在庭園的觀景台可...",
        "parking_score": 1.3,
        "nearest_parking": "{ \"area_name\": \"淡水區\", \"roadname\": \"中正路382號前迴轉道\", \"distance_m\": 629 }",
        "toilet": true,
        "無障礙": false,
        "family": false,
        "steal_count": 20,
        "steal_score": 1,
        "hotel": true
      }
    },
    {
      "type": "Feature",
      "geometry": {
        "type": "Point",
        "coordinates": [
          121.43744,
          25.17226
        ]
      },
      "properties": {
        "館所名稱": "淡水藝術工坊",
        "建物屬性": "熱門景點",
        "行政區": "淡水區",
        "地址": "新北市251淡水區中正路298號",
        "景點介紹": "漫步淡水河岸，欣賞綠建築藝術之美",
        "parking_score": 1.3,
        "nearest_parking": "{ \"area_name\": \"淡水區\", \"roadname\": \"中正路382號前迴轉道\", \"distance_m\": 813 }",
        "toilet": true,
        "無障礙": true,
        "family": false,
        "steal_count": 20,
        "steal_score": 1,
        "hotel": true
      }
    },
    {
      "type": "Feature",
      "geometry": {
        "type": "Point",
        "coordinates": [
          121.44698,
          25.16589
        ]
      },
      "properties": {
        "館所名稱": "淡水文化園區-殼牌倉庫",
        "建物屬性": "自然生態",
        "行政區": "淡水區",
        "地址": "新北市251淡水區鼻頭街22號",
        "景點介紹": "淡水捷運站一帶舊稱「鼻仔頭」，淡水開港後，洋樓、洋行林立，除五大洋行─寶順、德記、水陸、和記、怡記洋行外，嘉士洋行也並列其中，位於今鼻頭街22號的殼牌(Shell)公司之儲油倉庫及油槽，前身便是「英商嘉士洋行倉庫」，現為「淡水文化基金會」與「淡水社區大學」用地。同治元年 (1862) 淡水海關正式開市，淡水港迅速成為北臺灣第一大港、佔全臺貿易量六成以上，茶、煤、樟腦為出口大宗。最著名便是英商寶順洋行住宅及殼牌公司之儲油槽倉庫。百年後，大多數的洋行、倉庫都已不復蹤跡，但殼牌倉庫因產權的糾葛被留下來，且在淡水河岸景觀保衛的行動下，進而被提報成歷史古蹟，而成為淡水開港通商的黃金時代之重要證物。現為市定古蹟。新北市市定古蹟原英商嘉士洋行倉庫(淡水殼牌倉庫)擁有四座大倉庫、三座小建築物、油槽遺址，約近...",
        "parking_score": 3.0,
        "nearest_parking": "{ \"area_name\": \"淡水區\", \"roadname\": \"竿蓁大型停車場\", \"distance_m\": 322 }",
        "toilet": true,
        "無障礙": false,
        "family": false,
        "steal_count": 15,
        "steal_score": 1,
        "hotel": true
      }
    },
    {
      "type": "Feature",
      "geometry": {
        "type": "Point",
        "coordinates": [
          121.53128,
          25.28763
        ]
      },
      "properties": {
        "館所名稱": "石門婚紗廣場",
        "建物屬性": "熱門景點",
        "行政區": "石門區",
        "地址": "新北市253石門區尖鹿里臺2線24公里處(2號省道24.3公里處)",
        "景點介紹": "全臺首座婚紗廣場，希臘風情的造景彷彿置身於地中海",
        "parking_score": 0.0,
        "nearest_parking": "{ \"area_name\": \"金山區\", \"roadname\": \"中山路\", \"distance_m\": 12281 }",
        "toilet": false,
        "無障礙": false,
        "family": false,
        "steal_count": 0,
        "steal_score": 10,
        "hotel": false
      }
    },
    {
      "type": "Feature",
      "geometry": {
        "type": "Point",
        "coordinates": [
          121.45288,
          25.03438
        ]
      },
      "properties": {
        "館所名稱": "新莊慈祐宮",
        "建物屬性": "自然生態",
        "行政區": "新莊區",
        "地址": "新北市242新莊區新莊路218號",
        "景點介紹": "慈祐宮是新莊最古老的寺廟，相傳創建於康熙二十五年(西元1686年)，雍正九年(西元1731)重修時，改稱「慈祐宮」，一般人也常稱「新莊媽祖宮」，後分別於乾隆、嘉慶、咸豐、同治、光緒、日治時期、光復後進行重修。民國七十四年，慈祐宮被列入臺閩地區第三級古蹟。這個廟宇在《台灣通史》中也有相關記載，原本只是一個不起眼的小廟，但隨著新裝的發展而成為信想中心，因而改建成具有相當規模的「天后宮」。慈祐宮正殿主祀媽祖，左側配祀伽藍王爺，右側配祀福德正神；後殿主祀觀音佛祖，左右配祀達摩祖師、註生娘娘；開山殿供奉歷代祖師與住持僧侶之牌位。媽祖不僅是航海者的守護神，更是新莊人精神上的寄託，因此新莊人對慈祐宮有著化不開之感情。宮內生動活現的雕龍畫棟，塑造精巧細膩的鳳鳥花木、故事人像及前殿神社龍雕工等，為極具藝術價值...",
        "parking_score": 6.4,
        "nearest_parking": "{ \"area_name\": \"新莊區\", \"roadname\": \"文昌陸橋側高灘地\", \"distance_m\": 123 }",
        "toilet": true,
        "無障礙": true,
        "family": false,
        "steal_count": 16,
        "steal_score": 1,
        "hotel": true
      }
    },
    {
      "type": "Feature",
      "geometry": {
        "type": "Point",
        "coordinates": [
          121.47152,
          25.16454
        ]
      },
      "properties": {
        "館所名稱": "三空泉登山步道",
        "建物屬性": "熱門景點",
        "行政區": "淡水區",
        "地址": "新北市251淡水區三空泉",
        "景點介紹": "三空泉別名三孔泉，當地人稱為「三港泉」(台語)，位於淡水樹興里，因地有三處天然泉水出口，冒出湧泉而得名。然而三空泉登山步道入口不明顯，長度不長，沿著坪頂路走，可見三空泉登山步道入口在聲寶公司(聲寶訓練中心)的旁邊。",
        "parking_score": 0.0,
        "nearest_parking": "{ \"area_name\": \"淡水區\", \"roadname\": \"紅樹林路\", \"distance_m\": 1264 }",
        "toilet": false,
        "無障礙": false,
        "family": false,
        "steal_count": 1,
        "steal_score": 1,
        "hotel": false
      }
    },
    {
      "type": "Feature",
      "geometry": {
        "type": "Point",
        "coordinates": [
          121.72109,
          25.02039
        ]
      },
      "properties": {
        "館所名稱": "平溪藍染工作坊",
        "建物屬性": "自然生態",
        "行政區": "平溪區",
        "地址": "新北市226平溪區白石里白石腳 24之1號",
        "景點介紹": "早期的先民來到平溪時，並不知道在他們的腳底下蘊藏著豐富的黑色金子，平時的生活依靠著種植稻米及蕃薯做為食物，而金錢的來源便是種植大菁植物，製成藍靛銷售到大陸。",
        "parking_score": 0.0,
        "nearest_parking": "{ \"area_name\": \"汐止區\", \"roadname\": \"新台五路二段\", \"distance_m\": 6711 }",
        "toilet": false,
        "無障礙": false,
        "family": false,
        "steal_count": 0,
        "steal_score": 10,
        "hotel": false
      }
    },
    {
      "type": "Feature",
      "geometry": {
        "type": "Point",
        "coordinates": [
          121.53303,
          24.95915
        ]
      },
      "properties": {
        "館所名稱": "太平宮",
        "建物屬性": "自然生態",
        "行政區": "新店區",
        "地址": "新北市231新店區太平里太平路61號",
        "景點介紹": "位處碧潭西岸安坑社區的「太平宮」，鄰近太平運動公園與空軍紀念公墓，經碧潭大橋左轉，沿太平路約50公尺即可見到，傳統的閩南建築內供奉著主神「開漳聖王」，自清朝嘉慶十二年建廟，至今已有200年的歷史。其間或因戰禍、或因天災、或因蟲蟻侵損，而經數次改建，今日的太平宮則非常雄偉壯觀。緊偎碧潭大坪頂山坡上的太平宮，是新店古老的廟宇之一，也是臺灣百來座奉祀開漳聖王的廟宇中，頗具規模和代表性的一座。香火鼎盛，長久以來是安坑外五張庄民信仰中心，每年農曆二月，廟會盛況空前。宮中保有同治年間鎮宮三寶─香爐、供桌與木門聯，彌足珍貴。",
        "parking_score": 10.0,
        "nearest_parking": "{ \"area_name\": \"新店區\", \"roadname\": \"太平公園停車場\", \"distance_m\": 86 }",
        "toilet": true,
        "無障礙": false,
        "family": false,
        "steal_count": 3,
        "steal_score": 1,
        "hotel": true
      }
    },
    {
      "type": "Feature",
      "geometry": {
        "type": "Point",
        "coordinates": [
          121.78285,
          25.04741
        ]
      },
      "properties": {
        "館所名稱": "十分風景特定區(十分遊客中心)",
        "建物屬性": "熱門景點",
        "行政區": "平溪區",
        "地址": "新北市226平溪區南山坪136號",
        "景點介紹": "著名的十分瀑布，欣賞壯麗瀑布群，享受大自然美景",
        "parking_score": 0.0,
        "nearest_parking": "{ \"area_name\": \"汐止區\", \"roadname\": \"新台五路二段\", \"distance_m\": 10594 }",
        "toilet": true,
        "無障礙": true,
        "family": false,
        "steal_count": 0,
        "steal_score": 10,
        "hotel": true
      }
    },
    {
      "type": "Feature",
      "geometry": {
        "type": "Point",
        "coordinates": [
          121.57069,
          25.25558
        ]
      },
      "properties": {
        "館所名稱": "佛光山石門北海道場",
        "建物屬性": "自然生態",
        "行政區": "石門區",
        "地址": "新北市253石門區內石門靈山路106號",
        "景點介紹": "佛光山是個菩薩道場，主張佛光人要先入世後出世，先度生後度死，先生活後生死，先縮小後擴大，以常住大眾及佛教事業為優先，舉凡教育、文化、慈善、醫療等各種利生的事業，都積極參與。佛光教團提倡人間佛教，致力宣揚佛法與生活的融和，今日的佛光教團，是由許多默默耕耘的佛光人所凝聚而成，上承教主佛陀的真理妙諦，中循歷代祖師的遺風德範，下啟萬代子孫的幸福安樂。佛光教團以悲智願行的菩薩精神，為佛光人組織的架構；以慈悲濟世的願心從事文化教育，為佛光人實踐的內容；以群我關係的調和，為佛光人思想的基礎；以散播人間歡喜，為佛光人修持的法門。佛光人均矢志發揚此佛光精神，俾能達到光大佛教，普利群倫的目的。",
        "parking_score": 0.0,
        "nearest_parking": "{ \"area_name\": \"金山區\", \"roadname\": \"中山路\", \"distance_m\": 7047 }",
        "toilet": false,
        "無障礙": false,
        "family": false,
        "steal_count": 0,
        "steal_score": 10,
        "hotel": false
      }
    },
    {
      "type": "Feature",
      "geometry": {
        "type": "Point",
        "coordinates": [
          121.4442,
          24.9727
        ]
      },
      "properties": {
        "館所名稱": "土城廣承岩寺",
        "建物屬性": "自然生態",
        "行政區": "土城區",
        "地址": "新北市236土城區金城路一段78號",
        "景點介紹": "位於土城捷運站正對面，民國58年(1969年)創建，廣欽老和尚弟子傳斌法師為首任住持。民國67年依小山崙地形擴建華藏塔、大雄寶殿、藏經閣等建築。現今的廣承岩，為民國83年所闢建的現代化大樓，由於金城路拓寬改建，原有的1400餘坪寺地被徵收1000坪左右，只好改建成大樓，然外觀仍保留傳統廟宇式建築。",
        "parking_score": 10.0,
        "nearest_parking": "{ \"area_name\": \"土城區\", \"roadname\": \"金城路一段\", \"distance_m\": 129 }",
        "toilet": true,
        "無障礙": true,
        "family": false,
        "steal_count": 40,
        "steal_score": 1,
        "hotel": true
      }
    },
    {
      "type": "Feature",
      "geometry": {
        "type": "Point",
        "coordinates": [
          121.42293,
          24.97378
        ]
      },
      "properties": {
        "館所名稱": "大漢溪自行車道",
        "建物屬性": "熱門景點",
        "行政區": "樹林區",
        "地址": "新北市238樹林區環河路",
        "景點介紹": "跨越新北市各區的大漢溪自行車道，可分成左、右岸兩條：大漢溪左岸可連接新莊、樹林、鶯歌的綠色溪畔車道，沿著大漢溪最遠騎到鶯歌，沿路自行車道狀況良好，騎起來十分心曠神怡。而右岸以板橋華江大橋為點起點，一直期到土城，單車雖然12公里，但河岸景色十分迷人。體力好的人，大漢溪左岸自行車道還能連接二重環狀自行車道、八里左岸自行車道或金色海岸自行車道；而右岸自行車道能連接新店溪自行車道。大漢溪左、右岸建有多座河濱公園及自行車道，其中左岸自行車道連接新莊、樹林、鶯歌；自後江堰經柑園陸橋，往三鶯陶花源的途中會看到自行車道兩旁，種有「四色花」美名的「台灣欒樹」夾道歡迎；繼續前行便能抵達三鶯陶花源中的三鶯租借站，在此歸還自行車後，可沿著寬大的木棧階梯往下一個景點「東鶯故事小徑」前進。",
        "parking_score": 10.0,
        "nearest_parking": "{ \"area_name\": \"樹林區\", \"roadname\": \"八德街\", \"distance_m\": 292 }",
        "toilet": false,
        "無障礙": false,
        "family": false,
        "steal_count": 4,
        "steal_score": 1,
        "hotel": false
      }
    },
    {
      "type": "Feature",
      "geometry": {
        "type": "Point",
        "coordinates": [
          121.58267,
          25.17065
        ]
      },
      "properties": {
        "館所名稱": "金包里大路(魚路古道)",
        "建物屬性": "自然生態",
        "行政區": "金山區",
        "地址": "新北市208金山區",
        "景點介紹": "早年金山運送魚貨至台北的必經之路",
        "parking_score": 0.0,
        "nearest_parking": "{ \"area_name\": \"金山區\", \"roadname\": \"仁愛路\", \"distance_m\": 7664 }",
        "toilet": false,
        "無障礙": false,
        "family": false,
        "steal_count": 0,
        "steal_score": 10,
        "hotel": false
      }
    },
    {
      "type": "Feature",
      "geometry": {
        "type": "Point",
        "coordinates": [
          121.64574,
          25.22533
        ]
      },
      "properties": {
        "館所名稱": "獅頭山公園(獅頭山步道)",
        "建物屬性": "自然生態",
        "行政區": "金山區",
        "地址": "新北市208金山區磺港路171-2號",
        "景點介紹": "保留軍事特色及原始生態，是三面臨海且視野佳的步道",
        "parking_score": 4.7,
        "nearest_parking": "{ \"area_name\": \"金山區\", \"roadname\": \"磺港路\", \"distance_m\": 358 }",
        "toilet": true,
        "無障礙": false,
        "family": false,
        "steal_count": 1,
        "steal_score": 1,
        "hotel": true
      }
    },
    {
      "type": "Feature",
      "geometry": {
        "type": "Point",
        "coordinates": [
          121.86448,
          25.03461
        ]
      },
      "properties": {
        "館所名稱": "雙溪老街",
        "建物屬性": "熱門景點",
        "行政區": "雙溪區",
        "地址": "新北市227雙溪區長安街15號",
        "景點介紹": "位在新北市雙溪區的雙溪老街，在當地信仰中心的「三忠廟」附近，特色是保留了完整的老式建築，包括有百年歷史的林益和堂中藥店、附近的周家古厝、雙溪教會等；昔日的長安街非常繁華，短短一條街上開滿了各式商店，而街尾就是舊時的渡船頭不同於充滿人潮與店家的深坑老街、平溪老街等，雙溪老街有種寧靜的生活氛圍，適合放慢腳步，透過步行或自行車等低碳旅遊方式，好好欣賞這些懷舊建築的美感，或在隱藏於小鎮的店舖裡尋寶，可能會有意想不到的收獲喔！",
        "parking_score": 0.0,
        "nearest_parking": "{ \"area_name\": \"坪林區\", \"roadname\": \"國中路\", \"distance_m\": 18536 }",
        "toilet": true,
        "無障礙": false,
        "family": false,
        "steal_count": 1,
        "steal_score": 1,
        "hotel": false
      }
    },
    {
      "type": "Feature",
      "geometry": {
        "type": "Point",
        "coordinates": [
          121.86137,
          25.12239
        ]
      },
      "properties": {
        "館所名稱": "山城美館展演藝廊",
        "建物屬性": "熱門景點",
        "行政區": "瑞芳區",
        "地址": "新北市224瑞芳區濂洞里洞頂路155-8號",
        "景點介紹": "水湳洞十三層遺址是臺灣鍊銅史不可磨滅的記憶，礦山遺址有顯著的普世價值，礦山停採後其機能雖已消失，但是鄰近礦山聚落的機能仍持續運作，若經過適當整理與保存，一如日本的石見銀山為東瀛首位以「產業遺產」登錄世界文化遺產的地區，水金九地區的礦業遺跡非常符合聯合國科教文組織對世界文化遺產的期待，尤其是水湳洞地區具有陰陽海、水湳洞選鍊廠、廢煙道及黃金瀑布等世界級的四大奇景，所表現出來的環境特色既富有時代意義又具有人文情懷的空間，以及富涵與自然景觀相融合的水岸與山景，結合水岸與山景為環境地景的特色。展演藝廊為臺電閒置舊禮堂為挑高式一層樓紅磚建築物改建，並規劃為「展演藝廊」之用。 完成整修的「展演藝廊」未來將提供定期開放藝術展覽，現由『山城美館』藝術家團隊的進駐，經常舉辦藝術家聯展、茶席體驗、藝術家創作空間等...",
        "parking_score": 0.0,
        "nearest_parking": "{ \"area_name\": \"汐止區\", \"roadname\": \"新台五路二段\", \"distance_m\": 19200 }",
        "toilet": true,
        "無障礙": true,
        "family": false,
        "steal_count": 0,
        "steal_score": 10,
        "hotel": false
      }
    },
    {
      "type": "Feature",
      "geometry": {
        "type": "Point",
        "coordinates": [
          121.63138,
          24.83681
        ]
      },
      "properties": {
        "館所名稱": "桶後溪",
        "建物屬性": "自然生態",
        "行政區": "烏來區",
        "地址": "新北市233烏來區桶後溪",
        "景點介紹": "泰雅族狩獵時所踏踩出來的路徑，電影《賽德克．巴萊》的拍攝場景",
        "parking_score": 0.0,
        "nearest_parking": "{ \"area_name\": \"坪林區\", \"roadname\": \"北宜路八段\", \"distance_m\": 13184 }",
        "toilet": false,
        "無障礙": false,
        "family": false,
        "steal_count": 0,
        "steal_score": 10,
        "hotel": false
      }
    },
    {
      "type": "Feature",
      "geometry": {
        "type": "Point",
        "coordinates": [
          121.45598,
          24.94614
        ]
      },
      "properties": {
        "館所名稱": "天上山系步道",
        "建物屬性": "自然生態",
        "行政區": "土城區",
        "地址": "新北市236土城區天上山",
        "景點介紹": "天上山位於新店、三峽及土城三區的界線上，原名為內坡山，受到新店溪和橫溪橫流切割山谷之影響，使山頭顯得特別突出而有「高高在天上」之態，因而亦被稱為「皇帝山」。天上山山頂有一堆小岩石，稜脊瘦狹，坡度陡峭，展望頗佳；傲視群倫的姿態甚為搶眼，讓人一望即能指出。",
        "parking_score": 0.0,
        "nearest_parking": "{ \"area_name\": \"土城區\", \"roadname\": \"承天路\", \"distance_m\": 2687 }",
        "toilet": false,
        "無障礙": false,
        "family": false,
        "steal_count": 0,
        "steal_score": 10,
        "hotel": false
      }
    },
    {
      "type": "Feature",
      "geometry": {
        "type": "Point",
        "coordinates": [
          121.35824,
          24.95349
        ]
      },
      "properties": {
        "館所名稱": "三鶯藝術村",
        "建物屬性": "自然生態",
        "行政區": "鶯歌區",
        "地址": "新北市239鶯歌區館前路300號",
        "景點介紹": "為推廣藝術文化，新北市政府於鶯歌區大漢溪旁佔地32公頃的三鶯陶花源上規劃籌建三鶯藝術村，於2012年5月12日營運。初期由新北市立鶯歌陶瓷博物館以「兒童藝術教育」為主題，分為「工作坊」、「展示廳」的室內展演區域，同時設置規劃戶外造景藝術，邀請來自各地的藝術家進駐工作坊，並進行相關主題展覽規劃，打造三鶯藝術村成為一座兼具文化、藝術、教育、生態的休閒場所；藉由展覽的觀賞及工作坊裡與藝術家的互動，使孩子在實作互動中學習及培養美學的基礎。",
        "parking_score": 2.5,
        "nearest_parking": "{ \"area_name\": \"鶯歌區\", \"roadname\": \"建國路\", \"distance_m\": 335 }",
        "toilet": true,
        "無障礙": true,
        "family": false,
        "steal_count": 8,
        "steal_score": 1,
        "hotel": false
      }
    },
    {
      "type": "Feature",
      "geometry": {
        "type": "Point",
        "coordinates": [
          121.35828,
          24.95324
        ]
      },
      "properties": {
        "館所名稱": "三鶯陶花源",
        "建物屬性": "熱門景點",
        "行政區": "鶯歌區",
        "地址": "新北市239鶯歌區館前路300號",
        "景點介紹": "三鶯陶花源位於新北市鶯歌區南端大漢溪、鶯歌溪匯流處所形成之新生地，面積達32公頃，結合景觀綠地外、自行車道、大型陶瓷公共藝術作品、三鶯藝術村、水上舞臺等，很適合用徒步遊逛或騎自行車的方式邊走邊玩。三鶯之心空間藝術特區，展出多個大型陶瓷公共藝術作品，其中最醒目的就是高15公尺的橘紅色立坏，以及散落四處比人還高大的陶瓷藝術品，包括盤子、杯子、水瓶、陶甕，不論開心坐在杯子上面拍照，或是躲進大碗中玩捉迷藏，都別有一番風味。周邊的鶯歌溪左岸設有自行車道，可以一路騎到大漢溪左岸，沿途還可以遙望臺灣小百岳之一的「鳶山」美景。",
        "parking_score": 2.6,
        "nearest_parking": "{ \"area_name\": \"鶯歌區\", \"roadname\": \"建國路\", \"distance_m\": 359 }",
        "toilet": true,
        "無障礙": true,
        "family": false,
        "steal_count": 8,
        "steal_score": 1,
        "hotel": false
      }
    },
    {
      "type": "Feature",
      "geometry": {
        "type": "Point",
        "coordinates": [
          121.41163,
          25.16486
        ]
      },
      "properties": {
        "館所名稱": "八里十三行文化公園",
        "建物屬性": "藝文古蹟",
        "行政區": "八里區",
        "地址": "新北市249八里區挖子尾街111號",
        "景點介紹": "提到八里，大家很容易聯想到考古遺址、挖掘古器等，該地是一個可以近距離體驗十三行遺址的場域，十三行文化公園位於八里十三行博物館周邊，是結合史蹟與地形的兒童共融式遊戲場，公園裡不只有刺激的20公尺磨石子滑梯，在綠色的草坪大斜坡上，自高處往低處並排滑落的3道陶罐溜滑梯，採用彎彎的曲線設計。還有滑草場及滑索等給小朋友新穎體驗，並配合文化探索的性質，設置以考古為主題的尋寶沙坑，成為北臺灣第一座結合文化探索與環境地貌的兒童共融遊戲場。若想體驗探險尋寶的樂趣，不妨考慮前往八里十三行文化公園欣賞八里地區的不同面貌。",
        "parking_score": 10.0,
        "nearest_parking": "{ \"area_name\": \"八里區\", \"roadname\": \"博物館路\", \"distance_m\": 323 }",
        "toilet": false,
        "無障礙": false,
        "family": false,
        "steal_count": 0,
        "steal_score": 10,
        "hotel": false
      }
    },
    {
      "type": "Feature",
      "geometry": {
        "type": "Point",
        "coordinates": [
          121.55104,
          24.848
        ]
      },
      "properties": {
        "館所名稱": "酋長文創園區",
        "建物屬性": "自然生態",
        "行政區": "烏來區",
        "地址": "新北市233烏來區烏來里瀑布路34號",
        "景點介紹": "歌舞劇傳達泰雅文化的精髓，親手織布深入傳統",
        "parking_score": 0.0,
        "nearest_parking": "{ \"area_name\": \"新店區\", \"roadname\": \"竹林路2巷\", \"distance_m\": 11338 }",
        "toilet": true,
        "無障礙": true,
        "family": false,
        "steal_count": 1,
        "steal_score": 1,
        "hotel": true
      }
    },
    {
      "type": "Feature",
      "geometry": {
        "type": "Point",
        "coordinates": [
          121.55126,
          24.84845
        ]
      },
      "properties": {
        "館所名稱": "烏來瀑布遊客中心",
        "建物屬性": "熱門景點",
        "行政區": "烏來區",
        "地址": "新北市233烏來區瀑布路34號",
        "景點介紹": "烏來瀑布遊客中心為遊客提供貼心、多元的旅遊服務！(精緻餐點)：提供套餐及飲料，讓您看瀑布、享美食！貼心的外帶餐飲服務，更滿足了旅客機動性需求。(瀑布)：戶外觀瀑大平台是觀瀑最佳所在。嶄新裝置，不單白天美，更是賞烏來夜景最新景點！(資訊)：旅遊資訊諮詢、推薦行程及免費使用自行車等服務。(DIY體驗)：原鄉體驗及互動樂趣，泰雅織布體驗及舞蹈教學！",
        "parking_score": 0.0,
        "nearest_parking": "{ \"area_name\": \"新店區\", \"roadname\": \"竹林路2巷\", \"distance_m\": 11288 }",
        "toilet": true,
        "無障礙": true,
        "family": false,
        "steal_count": 1,
        "steal_score": 1,
        "hotel": true
      }
    },
    {
      "type": "Feature",
      "geometry": {
        "type": "Point",
        "coordinates": [
          121.55159,
          24.84904
        ]
      },
      "properties": {
        "館所名稱": "烏來空中纜車",
        "建物屬性": "熱門景點",
        "行政區": "烏來區",
        "地址": "新北市233烏來區瀑布路1-1號",
        "景點介紹": "高達80公尺的烏來瀑布自峰巒之巔傾瀉而下，白色水帶渾然天成，波綠紛飛每每吸引遊客駐足對岸勇士廣場靜謐觀賞。溫泉街旁橫跨南勢溪的烏來纜車，除呈現烏來迷人地標，凌空而上，也是俯瞰瀑布的絕佳位置。",
        "parking_score": 0.0,
        "nearest_parking": "{ \"area_name\": \"新店區\", \"roadname\": \"竹林路2巷\", \"distance_m\": 11223 }",
        "toilet": true,
        "無障礙": true,
        "family": false,
        "steal_count": 1,
        "steal_score": 1,
        "hotel": true
      }
    },
    {
      "type": "Feature",
      "geometry": {
        "type": "Point",
        "coordinates": [
          121.50069,
          24.77468
        ]
      },
      "properties": {
        "館所名稱": "大羅蘭溪",
        "建物屬性": "自然生態",
        "行政區": "烏來區",
        "地址": "新北市233烏來區福山部落",
        "景點介紹": "在以前沒有路標、路名的時候，泰雅朋友常在兩條溪流匯合處相約會面，而「德拉楠」在泰雅族語中就是兩條溪匯合處的意思，國語翻成「大羅蘭」。定睛望去，大羅蘭溪水中好多閃閃發光的銀色流星！原來是苦花魚在水中翻滾嬉戲時，魚肚翻起閃亮銀白的光芒，在陽光照射下宛如一閃而過的流星，非常漂亮。除了苦花魚，河裡還有石斑與白鰻，水質純淨可見一班。",
        "parking_score": 0.0,
        "nearest_parking": "{ \"area_name\": \"新店區\", \"roadname\": \"安一路三段\", \"distance_m\": 19113 }",
        "toilet": false,
        "無障礙": false,
        "family": false,
        "steal_count": 0,
        "steal_score": 10,
        "hotel": false
      }
    },
    {
      "type": "Feature",
      "geometry": {
        "type": "Point",
        "coordinates": [
          121.55198,
          24.86493
        ]
      },
      "properties": {
        "館所名稱": "烏來遊客中心",
        "建物屬性": "熱門景點",
        "行政區": "烏來區",
        "地址": "新北市233烏來區烏來里烏來街45-1號",
        "景點介紹": "遊客服務中心為三層樓建築，位於烏來立體停車場及烏來老街入口處，為遊客抵達烏來風景特定區之第一站。想要更認識烏來的旅遊資訊，可以透過館內觀光摺頁及現場服務人員獲得更完整的資訊。此外，在遊客中心二樓內亦提供桌椅供遊客休息。",
        "parking_score": 0.0,
        "nearest_parking": "{ \"area_name\": \"新店區\", \"roadname\": \"竹林路2巷\", \"distance_m\": 9464 }",
        "toilet": true,
        "無障礙": true,
        "family": false,
        "steal_count": 0,
        "steal_score": 10,
        "hotel": true
      }
    },
    {
      "type": "Feature",
      "geometry": {
        "type": "Point",
        "coordinates": [
          121.41182,
          24.96983
        ]
      },
      "properties": {
        "館所名稱": "樹林原住民主題部落公園",
        "建物屬性": "熱門景點",
        "行政區": "樹林區",
        "地址": "新北市238樹林區鹿角溪濕地下游300公尺",
        "景點介紹": "綠地休閒場所，原住民圖騰特色公園",
        "parking_score": 10.0,
        "nearest_parking": "{ \"area_name\": \"樹林區\", \"roadname\": \"八德街\", \"distance_m\": 71 }",
        "toilet": false,
        "無障礙": false,
        "family": false,
        "steal_count": 1,
        "steal_score": 1,
        "hotel": false
      }
    },
    {
      "type": "Feature",
      "geometry": {
        "type": "Point",
        "coordinates": [
          121.42748,
          25.0567
        ]
      },
      "properties": {
        "館所名稱": "泰山森林書屋",
        "建物屬性": "自然生態",
        "行政區": "泰山區",
        "地址": "新北市243泰山區辭修路9號",
        "景點介紹": "「泰山森林書屋」(泰山原住民族文化活動中心)，位於泰山辭修公園內一棟 紅色建築，建築外觀的紅磚，象徵著原住民族的活力與熱情，四周圍樹林及親 山步道圍繞，貼近原住民族與自然共生的民族特性。泰山森林書屋四面採光，供民眾在青翠綠意及明亮清幽的環境下享受閱讀，從書屋步行五分鐘有一 處賞景平台可鳥瞰泰山市區視野遼闊，且距離泰山明志路僅三分鐘車程，是都會區少見適合親子共同參訪的人文據點。泰山森林書屋由新北市政府原住民族行政局規劃並集合民間之力共同募 書，目前約有四千本書籍，分為「繪本」、「原住民圖書」、「兒童文學」、 「自然科學」、「外文繪本」及「親職教養」等類別，書屋內最珍貴的寶藏為 許多原住民兒童繪本，也特別收藏由日本官方出版的全套愛努民族傳說故事繪 本，也正在蒐集世界各國的原住民繪本，期待透過豐富...",
        "parking_score": 6.7,
        "nearest_parking": "{ \"area_name\": \"泰山區\", \"roadname\": \"辭修路\", \"distance_m\": 126 }",
        "toilet": false,
        "無障礙": false,
        "family": false,
        "steal_count": 5,
        "steal_score": 1,
        "hotel": false
      }
    },
    {
      "type": "Feature",
      "geometry": {
        "type": "Point",
        "coordinates": [
          121.55172,
          24.84851
        ]
      },
      "properties": {
        "館所名稱": "烏來林業生活館",
        "建物屬性": "藝文古蹟",
        "行政區": "烏來區",
        "地址": "新北市233烏來區瀑布路1-2號",
        "景點介紹": "烏來與台車文化的歷史場域，寓教於樂",
        "parking_score": 0.0,
        "nearest_parking": "{ \"area_name\": \"新店區\", \"roadname\": \"竹林路2巷\", \"distance_m\": 11282 }",
        "toilet": true,
        "無障礙": true,
        "family": false,
        "steal_count": 1,
        "steal_score": 1,
        "hotel": true
      }
    },
    {
      "type": "Feature",
      "geometry": {
        "type": "Point",
        "coordinates": [
          121.55109,
          24.86131
        ]
      },
      "properties": {
        "館所名稱": "烏來觀光台車",
        "建物屬性": "自然生態",
        "行政區": "烏來區",
        "地址": "新北市233烏來區覽勝大橋與溫泉路口交會處",
        "景點介紹": "全臺唯一僅存的輕便鐵路，感受原民山林之美",
        "parking_score": 0.0,
        "nearest_parking": "{ \"area_name\": \"新店區\", \"roadname\": \"竹林路2巷\", \"distance_m\": 9864 }",
        "toilet": true,
        "無障礙": true,
        "family": false,
        "steal_count": 1,
        "steal_score": 1,
        "hotel": true
      }
    },
    {
      "type": "Feature",
      "geometry": {
        "type": "Point",
        "coordinates": [
          121.42038,
          24.96669
        ]
      },
      "properties": {
        "館所名稱": "土城媽祖田運動公園",
        "建物屬性": "熱門景點",
        "行政區": "土城區",
        "地址": "新北市236土城區",
        "景點介紹": "自行車道與機車道分開規劃，單車旅客可以很放心的在這裡騎乘，一大片的綠草如茵，看了讓人心情寬廣輕鬆，到處都有座椅可以休息，浮洲橋底附近還可以餵羊吃東西。以這裡當成單車之旅的最後一站，可以說是完美的句點。",
        "parking_score": 7.4,
        "nearest_parking": "{ \"area_name\": \"土城區\", \"roadname\": \"中央路四段\", \"distance_m\": 564 }",
        "toilet": false,
        "無障礙": false,
        "family": false,
        "steal_count": 8,
        "steal_score": 1,
        "hotel": false
      }
    },
    {
      "type": "Feature",
      "geometry": {
        "type": "Point",
        "coordinates": [
          121.53468,
          24.95743
        ]
      },
      "properties": {
        "館所名稱": "小赤壁",
        "建物屬性": "熱門景點",
        "行政區": "新店區",
        "地址": "新北市231新店區碧潭風景區內",
        "景點介紹": "陡峭千仞連綿不絕，比擬長江赤壁的地景",
        "parking_score": 10.0,
        "nearest_parking": "{ \"area_name\": \"新店區\", \"roadname\": \"溪洲路\", \"distance_m\": 275 }",
        "toilet": true,
        "無障礙": true,
        "family": false,
        "steal_count": 3,
        "steal_score": 1,
        "hotel": true
      }
    },
    {
      "type": "Feature",
      "geometry": {
        "type": "Point",
        "coordinates": [
          121.69136,
          25.20519
        ]
      },
      "properties": {
        "館所名稱": "野柳海洋世界",
        "建物屬性": "熱門景點",
        "行政區": "萬里區",
        "地址": "新北市207萬里區野柳里港東路167-3號",
        "景點介紹": "野柳海洋世界提供豐富的海洋動物表演及上百種海洋生物展示，多種可愛活潑的動物明星如海獅和海豚等，會表演水上跳躍、頂球、玩呼拉圈，還會和遊客握手和親臉示好。這裡的海洋生物展示強調特有習性及不常見的魚類，可以透過透明的大玻璃窗來觀賞在野柳週邊海域的特別海洋生物。置身在隧道裡，彷彿自己就像身在神話中的藍色水晶龍宮一般，還有各種海洋動物的標本陳列其中，是提供親子同樂的最佳課外教材。",
        "parking_score": 0.0,
        "nearest_parking": "{ \"area_name\": \"金山區\", \"roadname\": \"磺港路\", \"distance_m\": 5111 }",
        "toilet": true,
        "無障礙": true,
        "family": false,
        "steal_count": 0,
        "steal_score": 10,
        "hotel": true
      }
    },
    {
      "type": "Feature",
      "geometry": {
        "type": "Point",
        "coordinates": [
          121.81182,
          25.06158
        ]
      },
      "properties": {
        "館所名稱": "三貂嶺瀑布步道",
        "建物屬性": "熱門景點",
        "行政區": "瑞芳區",
        "地址": "新北市224瑞芳區碩仁里魚寮路1號",
        "景點介紹": "欣賞壯觀的瀑布群、峭壁、壺穴與岩窟景觀",
        "parking_score": 0.0,
        "nearest_parking": "{ \"area_name\": \"汐止區\", \"roadname\": \"新台五路二段\", \"distance_m\": 13277 }",
        "toilet": false,
        "無障礙": false,
        "family": false,
        "steal_count": 0,
        "steal_score": 10,
        "hotel": false
      }
    },
    {
      "type": "Feature",
      "geometry": {
        "type": "Point",
        "coordinates": [
          121.86478,
          25.03476
        ]
      },
      "properties": {
        "館所名稱": "三忠廟",
        "建物屬性": "自然生態",
        "行政區": "雙溪區",
        "地址": "新北市227雙溪區長安街15號",
        "景點介紹": "三忠廟亦稱三公廟、座落雙溪里長安街，是新北市雙溪區奉祀南宋末葉三位忠臣－文天祥、陸秀夫、張世傑神像的廟宇。清朝乾隆四十六年(西元1781年)，福建省長泰縣江都鄉人連元喬率眾渡海來臺，當時帶有文天祥公神像一尊，翻山越嶺到達雙溪後，發現雙溪一片荒野，尚未開墾，但山明水秀，因而定居於此，從事開疆墾殖，並建茅屋奉祀。遷臺民眾，雖非戰亂避難，但反清復明之漢族精神猶熾，加以離鄉背井，遠渡重洋，心靈上難免有空寂之感，莫不將精神寄託於神明庇佑，以求平安順適，因此，膜拜文天祥公神像者日益增多。連元喬自大陸率眾來臺，正是抗拒異族統治，與南宋末葉抗拒蒙族之精神相同，而宋末力圖挽救宋朝國運之忠臣，除文天祥外，尚有陸秀夫、張世傑，最後雖失敗，但其忠烈事蹟，卻為後人永遠追念。於是眾議再塑陸秀夫、張世傑神像，與文天祥合祀...",
        "parking_score": 0.0,
        "nearest_parking": "{ \"area_name\": \"坪林區\", \"roadname\": \"國中路\", \"distance_m\": 18570 }",
        "toilet": true,
        "無障礙": false,
        "family": false,
        "steal_count": 1,
        "steal_score": 1,
        "hotel": false
      }
    },
    {
      "type": "Feature",
      "geometry": {
        "type": "Point",
        "coordinates": [
          121.7588,
          25.03488
        ]
      },
      "properties": {
        "館所名稱": "望古瀑布",
        "建物屬性": "熱門景點",
        "行政區": "平溪區",
        "地址": "新北市226平溪區慶和橋26號(望古車站旁)",
        "景點介紹": "山古寂靜中的秘境，夢幻的翠綠色湖水",
        "parking_score": 0.0,
        "nearest_parking": "{ \"area_name\": \"汐止區\", \"roadname\": \"新台五路二段\", \"distance_m\": 8737 }",
        "toilet": false,
        "無障礙": false,
        "family": false,
        "steal_count": 0,
        "steal_score": 10,
        "hotel": false
      }
    },
    {
      "type": "Feature",
      "geometry": {
        "type": "Point",
        "coordinates": [
          121.6313,
          25.07427
        ]
      },
      "properties": {
        "館所名稱": "金龍山北峰寺",
        "建物屬性": "自然生態",
        "行政區": "汐止區",
        "地址": "新北市221汐止區湖前街110巷101號",
        "景點介紹": "金龍山北峰寺座落於風景秀麗的金龍湖畔，創建於日據時代，建築外觀雄偉，早已成為社后地區近十萬人民間信仰中心。據部分信徒說法，北峰寺初期興建時還是座小廟，土地全為私人所有，後來因所供奉的觀世音菩薩非常靈驗，加上長期有效管理，才使其規模不斷擴大，最後終於增建成今日擁有數座大殿的規模。",
        "parking_score": 10.0,
        "nearest_parking": "{ \"area_name\": \"汐止區\", \"roadname\": \"明峰街\", \"distance_m\": 344 }",
        "toilet": true,
        "無障礙": false,
        "family": false,
        "steal_count": 5,
        "steal_score": 1,
        "hotel": true
      }
    },
    {
      "type": "Feature",
      "geometry": {
        "type": "Point",
        "coordinates": [
          121.39959,
          25.14154
        ]
      },
      "properties": {
        "館所名稱": "柚花香道",
        "建物屬性": "自然生態",
        "行政區": "八里區",
        "地址": "新北市249八里區荖阡坑路（北49鄉道）",
        "景點介紹": "3月限定的香花道，就在荖阡坑路（北49鄉道）整條路上，不用跑遠就可以在荖阡坑路探訪特色餐廳與景點，徜徉在壯麗的八里山海線中，享受與世隔絕的寧靜氛圍，避開防疫的緊張感。八里坐擁觀音山、淡水河口風光及台北港-港灣風情，景色壯麗，特別是荖阡坑路沿線有許多景觀餐廳，可以享受美食同時遠眺群山及台北港；道路兩側展開的是充滿田園風情的柚子林，這裡是八里文旦柚的主要產區，每年柚子花開空氣中總是飄著清甜的柚花香，柚子產季也能體驗採果樂趣。",
        "parking_score": 6.9,
        "nearest_parking": "{ \"area_name\": \"八里區\", \"roadname\": \"訊塘二路\", \"distance_m\": 511 }",
        "toilet": false,
        "無障礙": false,
        "family": false,
        "steal_count": 2,
        "steal_score": 1,
        "hotel": false
      }
    },
    {
      "type": "Feature",
      "geometry": {
        "type": "Point",
        "coordinates": [
          121.63998,
          25.22198
        ]
      },
      "properties": {
        "館所名稱": "中山溫泉公園",
        "建物屬性": "熱門景點",
        "行政區": "金山區",
        "地址": "新北市208金山區溫泉路2巷10號",
        "景點介紹": "開放式半露天建築，享受黃金之湯的治癒",
        "parking_score": 10.0,
        "nearest_parking": "{ \"area_name\": \"金山區\", \"roadname\": \"民生路\", \"distance_m\": 296 }",
        "toilet": true,
        "無障礙": true,
        "family": false,
        "steal_count": 5,
        "steal_score": 1,
        "hotel": true
      }
    },
    {
      "type": "Feature",
      "geometry": {
        "type": "Point",
        "coordinates": [
          121.41822,
          25.12955
        ]
      },
      "properties": {
        "館所名稱": "觀音山遊客中心",
        "建物屬性": "熱門景點",
        "行政區": "五股區",
        "地址": "新北市248五股區凌雲路三段130號",
        "景點介紹": "觀音山旅遊服務中心，紅瓦白牆的建築外觀，環抱在綠意蔥蔥的群山間，內部展示觀音山旅遊資源、登山步道系統，以及觀音山史前人文活動暨周邊出土的遺址與史前陶器。位在二樓的觀音山猛禽展示館，為北臺灣首座以猛禽教育為主題展館，歷經4年籌劃及施工，於109年9月26日正式開幕，展館內以圖文、生態仿真模型、標本及影音多媒體設施，展示觀音群鷹會，認識觀音山猛禽，多達30種，介紹臺灣的猛禽種類及觀音四秀(大冠鷲、鳳頭蒼鷹、灰面鵟鷹及赤腹鷹)。館內共有六大主題區可透過地形及猛禽生態模型、互動多媒體及VR設施，經由五感體驗進一步了解觀音山猛禽及自然生態獨特性。每年4-5月在觀音山區可見成群的赤腹鷹、灰面鵟鷹等猛禽向北而去，還有「觀音&bull;觀鷹」導覽活動，可深入了解老鷹與猛禽們的活動習性。",
        "parking_score": 0.0,
        "nearest_parking": "{ \"area_name\": \"八里區\", \"roadname\": \"八里大道\", \"distance_m\": 2678 }",
        "toilet": true,
        "無障礙": false,
        "family": false,
        "steal_count": 0,
        "steal_score": 10,
        "hotel": false
      }
    },
    {
      "type": "Feature",
      "geometry": {
        "type": "Point",
        "coordinates": [
          121.48865,
          24.99292
        ]
      },
      "properties": {
        "館所名稱": "錦和運動公園",
        "建物屬性": "熱門景點",
        "行政區": "中和區",
        "地址": "新北市235中和區錦和路、中正路口",
        "景點介紹": "大面積的綠色草坪，設施完備的運動公園",
        "parking_score": 10.0,
        "nearest_parking": "{ \"area_name\": \"中和區\", \"roadname\": \"錦和路\", \"distance_m\": 272 }",
        "toilet": true,
        "無障礙": true,
        "family": false,
        "steal_count": 3,
        "steal_score": 1,
        "hotel": true
      }
    },
    {
      "type": "Feature",
      "geometry": {
        "type": "Point",
        "coordinates": [
          121.60703,
          24.98655
        ]
      },
      "properties": {
        "館所名稱": "炮子崙瀑布",
        "建物屬性": "熱門景點",
        "行政區": "深坑區",
        "地址": "新北市222深坑區炮子崙",
        "景點介紹": "四道水柱由瀑頂直下，亦稱四龍瀑布",
        "parking_score": 0.0,
        "nearest_parking": "{ \"area_name\": \"深坑區\", \"roadname\": \"北深路三段\", \"distance_m\": 1637 }",
        "toilet": false,
        "無障礙": false,
        "family": false,
        "steal_count": 0,
        "steal_score": 10,
        "hotel": false
      }
    },
    {
      "type": "Feature",
      "geometry": {
        "type": "Point",
        "coordinates": [
          121.45962,
          25.00939
        ]
      },
      "properties": {
        "館所名稱": "府中15新北市動畫故事館暨新北市紀錄片放映院",
        "建物屬性": "熱門景點",
        "行政區": "板橋區",
        "地址": "新北市220板橋區府中路15號",
        "景點介紹": "國內首座結合影視動畫藝術及紀錄片放映的主題館舍",
        "parking_score": 10.0,
        "nearest_parking": "{ \"area_name\": \"板橋區\", \"roadname\": \"縣民大道一段\", \"distance_m\": 69 }",
        "toilet": true,
        "無障礙": true,
        "family": false,
        "steal_count": 64,
        "steal_score": 1,
        "hotel": true
      }
    },
    {
      "type": "Feature",
      "geometry": {
        "type": "Point",
        "coordinates": [
          121.43843,
          25.17201
        ]
      },
      "properties": {
        "館所名稱": "淡水禮拜堂",
        "建物屬性": "藝文古蹟",
        "行政區": "淡水區",
        "地址": "新北市251淡水區馬偕街8號",
        "景點介紹": "馬偕博士抵達淡水後，積極展開傳教工作，淡水因此成為北臺灣基督長老教會的根據地。仿哥德式的建築樣式，有高聳的鐘塔搭配彩色鑲嵌玻璃，屋頂上柱頭有尖帽飾，精湛的磚工，讓教堂外牆看起來層次有序，且磚質優良，從1933年落成至今，仍未見風化或剝落，是淡水有名的觀光景點，現為市定古蹟。",
        "parking_score": 0.8,
        "nearest_parking": "{ \"area_name\": \"淡水區\", \"roadname\": \"中正路382號前迴轉道\", \"distance_m\": 915 }",
        "toilet": true,
        "無障礙": true,
        "family": false,
        "steal_count": 23,
        "steal_score": 1,
        "hotel": true
      }
    },
    {
      "type": "Feature",
      "geometry": {
        "type": "Point",
        "coordinates": [
          121.43447,
          25.17518
        ]
      },
      "properties": {
        "館所名稱": "牧師樓",
        "建物屬性": "熱門景點",
        "行政區": "淡水區",
        "地址": "新北市251淡水區真理街32號",
        "景點介紹": "牧師樓建於1906年，充滿特色的紅磚拱形迴廊在綠樹的襯托下顯得更美，庭園春夏時綠草如茵，亦有種植櫻花樹，冬季前來又是另一番景，致是一處適合觀賞淡水夕陽落日的私房景點，其建築特色在於紅磚外觀、斜屋頂、迴廊及高台階等，因曾有兩位牧師在此居住過，因而俗稱「牧師樓」。牧師樓與姑娘樓為兩棟迴廊式洋樓，紅磚外觀、斜屋頂、迴廊及高台階等特色，相當具有懷舊風情，位於真理大學正門對面，隸屬於真理大學的一部份，僅於學校上課期間開放，由於並非公共觀光景點，入內參觀請保持安靜與參觀禮儀，靜靜感受此二棟紅磚洋樓的百年風華。而姑娘樓的由來，為吳威廉牧師在西班牙式的馬偕故居西側擇地建屋，並親自設計督工，聘請當時著名的洋樓匠師黃阿樹施工；建材採用當時廈門的磚材和福杉。由於最先入住的是高姑娘、金姑娘，淡水人就稱它為「姑娘樓」...",
        "parking_score": 4.0,
        "nearest_parking": "{ \"area_name\": \"淡水區\", \"roadname\": \"中正路382號前迴轉道\", \"distance_m\": 432 }",
        "toilet": true,
        "無障礙": false,
        "family": false,
        "steal_count": 19,
        "steal_score": 1,
        "hotel": true
      }
    },
    {
      "type": "Feature",
      "geometry": {
        "type": "Point",
        "coordinates": [
          121.43692,
          25.17261
        ]
      },
      "properties": {
        "館所名稱": "得忌利士商行",
        "建物屬性": "熱門景點",
        "行政區": "淡水區",
        "地址": "新北市251淡水區中正路316、316-1號",
        "景點介紹": "早年淡水河水深足以停泊大型船隻，成為淡水開放通商口岸後非常重要的港埠區域，而「得忌利士洋行」是當時淡水前五大洋行之一(德記、和記、怡記、德忌利、寶順)。特別的是，「得忌利士洋行」除具備一般洋行的貿易功能外，航運更是其主要業務，曾獨佔台灣航路三十年之久，不僅見證淡水開港後的蓬勃發展，包括馬偕博士來台所搭乘的就是「得忌利士洋行」旗下的「海龍號」輪船。",
        "parking_score": 1.3,
        "nearest_parking": "{ \"area_name\": \"淡水區\", \"roadname\": \"中正路382號前迴轉道\", \"distance_m\": 749 }",
        "toilet": true,
        "無障礙": true,
        "family": false,
        "steal_count": 20,
        "steal_score": 1,
        "hotel": true
      }
    },
    {
      "type": "Feature",
      "geometry": {
        "type": "Point",
        "coordinates": [
          121.63235,
          25.07404
        ]
      },
      "properties": {
        "館所名稱": "汐止金龍湖環湖步道",
        "建物屬性": "自然生態",
        "行政區": "汐止區",
        "地址": "新北市221汐止區湖前路114巷101號",
        "景點介紹": "金龍湖是人工湖，為早期農田灌溉用的埤塘，今日已成汐止休閒好去處。沿著環湖步道散步，可欣賞到不同角度的湖景，精華路段在福德宮與北峰寺之間，湖光山色，美不勝收，繞行一圈約1小時，老少咸宜。",
        "parking_score": 10.0,
        "nearest_parking": "{ \"area_name\": \"汐止區\", \"roadname\": \"明峰街\", \"distance_m\": 305 }",
        "toilet": true,
        "無障礙": false,
        "family": false,
        "steal_count": 5,
        "steal_score": 1,
        "hotel": true
      }
    },
    {
      "type": "Feature",
      "geometry": {
        "type": "Point",
        "coordinates": [
          121.86559,
          25.09299
        ]
      },
      "properties": {
        "館所名稱": "燦光寮古道",
        "建物屬性": "熱門景點",
        "行政區": "雙溪區",
        "地址": "新北市227雙溪區金瓜石燦光寮山",
        "景點介紹": "燦光寮山緊鄰著名的金瓜石風景區，海拔739公尺，是基隆火山群裡最高的一座山頭，茂盛的芒草是這一帶山區的特色，每到秋天的時候，滿山的芒花，在陽光照射下，銀光燦爛，相傳這就是「燦光寮」這個名字的由來，而燦光寮山頂沒有遮蔽，四周也沒有比他更高的山，視野半徑可以廣達將近100公里，三百六十度的展望，在空氣清徹的氣候下一面可以眺望到台北市，另一面可以看到三貂角燈塔，與東北角海岸。",
        "parking_score": 0.0,
        "nearest_parking": "{ \"area_name\": \"汐止區\", \"roadname\": \"新台五路二段\", \"distance_m\": 18873 }",
        "toilet": false,
        "無障礙": false,
        "family": false,
        "steal_count": 0,
        "steal_score": 10,
        "hotel": false
      }
    },
    {
      "type": "Feature",
      "geometry": {
        "type": "Point",
        "coordinates": [
          121.49279,
          24.98236
        ]
      },
      "properties": {
        "館所名稱": "圓通禪寺(圓通寺)",
        "建物屬性": "自然生態",
        "行政區": "中和區",
        "地址": "新北市235中和區圓通路367巷64號",
        "景點介紹": "北台灣知名的曹洞宗寺廟，依山而立氣象莊嚴",
        "parking_score": 4.2,
        "nearest_parking": "{ \"area_name\": \"中和區\", \"roadname\": \"圓通路367巷\", \"distance_m\": 595 }",
        "toilet": true,
        "無障礙": false,
        "family": false,
        "steal_count": 0,
        "steal_score": 10,
        "hotel": false
      }
    },
    {
      "type": "Feature",
      "geometry": {
        "type": "Point",
        "coordinates": [
          121.49918,
          25.18721
        ]
      },
      "properties": {
        "館所名稱": "楓樹湖",
        "建物屬性": "熱門景點",
        "行政區": "淡水區",
        "地址": "新北市251淡水區楓樹湖",
        "景點介紹": "欣賞長在樹上的蓮花，感受寧靜之美",
        "parking_score": 0.0,
        "nearest_parking": "{ \"area_name\": \"淡水區\", \"roadname\": \"淡金路一段\", \"distance_m\": 4451 }",
        "toilet": false,
        "無障礙": false,
        "family": false,
        "steal_count": 0,
        "steal_score": 10,
        "hotel": false
      }
    },
    {
      "type": "Feature",
      "geometry": {
        "type": "Point",
        "coordinates": [
          121.47161,
          25.19226
        ]
      },
      "properties": {
        "館所名稱": "北新有機休閒農場",
        "建物屬性": "熱門景點",
        "行政區": "淡水區",
        "地址": "新北市251淡水區忠寮里7鄰演戲埔腳3之2號",
        "景點介紹": "北新有機休閒農場是由2005年神農獎得主簡連生先生所經營，主要以有機蔬果栽培以及有機農業推廣為主。農場細心規劃一系列的有機蔬果生產導覽，帶領大家參觀農場，說明有機蔬果生產過程，並分享自己的種植經驗。除此之外，農場也規劃了許多農村體驗活動，小朋友可以學習農夫農作技巧，或利用落葉、樹枝作出獨一無二的手工染布，也可親手製作阿公小時候的玩具，累了還可以和家人一起搓湯圓、吃烤地瓜等，非常適合親子同樂。",
        "parking_score": 0.0,
        "nearest_parking": "{ \"area_name\": \"淡水區\", \"roadname\": \"淡金路一段\", \"distance_m\": 2290 }",
        "toilet": false,
        "無障礙": false,
        "family": false,
        "steal_count": 0,
        "steal_score": 10,
        "hotel": false
      }
    },
    {
      "type": "Feature",
      "geometry": {
        "type": "Point",
        "coordinates": [
          121.47871,
          25.262
        ]
      },
      "properties": {
        "館所名稱": "南勢崗公園",
        "建物屬性": "自然生態",
        "行政區": "三芝區",
        "地址": "新北市252三芝區淡金公路旁（台2線約17.3公里處）",
        "景點介紹": "南勢崗公園位於台二線三芝往淡水方向的右側路旁，是三芝區距離沙灘最近的公園。110年11月底，南勢崗公園鋪上了靜謐的藍色地坪，入口車道上畫下了一道道深藍淺藍的波浪，大海就這樣躍過了海平面，一路延伸到陸地。圓弧造型小巧涼亭 色彩繽紛大大小小的圓形飾板，在藍色地坪襯托下更顯閃耀 濃濃異國風，讓你宛如秒飛國外涼亭內，坐著就能看見大海，溫暖灑落的陽光讓你瞬間幸福感滿滿！登上石板步道遠眺大海心曠神怡，傍晚這裡更是賞夕陽的秘境唷！",
        "parking_score": 0.0,
        "nearest_parking": "{ \"area_name\": \"淡水區\", \"roadname\": \"崁頂二路\", \"distance_m\": 8025 }",
        "toilet": false,
        "無障礙": false,
        "family": false,
        "steal_count": 0,
        "steal_score": 10,
        "hotel": false
      }
    },
    {
      "type": "Feature",
      "geometry": {
        "type": "Point",
        "coordinates": [
          121.51249,
          25.00143
        ]
      },
      "properties": {
        "館所名稱": "國立臺灣圖書館",
        "建物屬性": "熱門景點",
        "行政區": "中和區",
        "地址": "新北市235中和區中和區中安街85號",
        "景點介紹": "臺灣第一間現代化圖書館，典藏清代與日治時期的文獻",
        "parking_score": 10.0,
        "nearest_parking": "{ \"area_name\": \"中和區\", \"roadname\": \"安樂路\", \"distance_m\": 204 }",
        "toilet": true,
        "無障礙": false,
        "family": false,
        "steal_count": 21,
        "steal_score": 1,
        "hotel": true
      }
    },
    {
      "type": "Feature",
      "geometry": {
        "type": "Point",
        "coordinates": [
          121.5174,
          25.0117
        ]
      },
      "properties": {
        "館所名稱": "中興街(韓國街)",
        "建物屬性": "熱門景點",
        "行政區": "永和區",
        "地址": "新北市234永和區中興街",
        "景點介紹": "韓流集中地，五花八門的韓式美食特色",
        "parking_score": 10.0,
        "nearest_parking": "{ \"area_name\": \"永和區\", \"roadname\": \"中興街\", \"distance_m\": 14 }",
        "toilet": true,
        "無障礙": false,
        "family": false,
        "steal_count": 28,
        "steal_score": 1,
        "hotel": true
      }
    },
    {
      "type": "Feature",
      "geometry": {
        "type": "Point",
        "coordinates": [
          121.74005,
          25.02557
        ]
      },
      "properties": {
        "館所名稱": "平溪車站",
        "建物屬性": "熱門景點",
        "行政區": "平溪區",
        "地址": "新北市226平溪區中華街12號",
        "景點介紹": "平溪車站位於平溪區嶺腳里內，早年稱為「石底驛」，若往菁桐站開去，會經過一座鐵橋，鐵橋橫跨三坑溪，向下俯瞰可看到平溪與石底聚落。車站一出來就是中華街，沿著緩坡向下走，與平溪街交叉處，這一帶就是老街。車站地理位置介於平溪與嶺腳間，居高臨下，下方是基隆河。門口老樹樹枝停滿覓食的鳥群，運氣好的時候，還能看見牠們俯衝獵食輕巧的飛行動作。",
        "parking_score": 0.0,
        "nearest_parking": "{ \"area_name\": \"汐止區\", \"roadname\": \"新台五路二段\", \"distance_m\": 7659 }",
        "toilet": true,
        "無障礙": true,
        "family": false,
        "steal_count": 0,
        "steal_score": 10,
        "hotel": false
      }
    },
    {
      "type": "Feature",
      "geometry": {
        "type": "Point",
        "coordinates": [
          121.38428,
          24.99599
        ]
      },
      "properties": {
        "館所名稱": "大棟山",
        "建物屬性": "自然生態",
        "行政區": "樹林區",
        "地址": "新北市238樹林區大棟山登山步道",
        "景點介紹": "林口臺地稜脈的第一峰，俯瞰遼闊視野",
        "parking_score": 0.0,
        "nearest_parking": "{ \"area_name\": \"樹林區\", \"roadname\": \"中山路三段\", \"distance_m\": 2764 }",
        "toilet": false,
        "無障礙": false,
        "family": false,
        "steal_count": 0,
        "steal_score": 10,
        "hotel": false
      }
    },
    {
      "type": "Feature",
      "geometry": {
        "type": "Point",
        "coordinates": [
          121.51697,
          25.25446
        ]
      },
      "properties": {
        "館所名稱": "橫山梯田",
        "建物屬性": "自然生態",
        "行政區": "三芝區",
        "地址": "新北市252三芝區橫山里",
        "景點介紹": "隨山勢蜿蜒的梯田風景，是三芝區著名的地景",
        "parking_score": 0.0,
        "nearest_parking": "{ \"area_name\": \"淡水區\", \"roadname\": \"義山路二段\", \"distance_m\": 10064 }",
        "toilet": false,
        "無障礙": false,
        "family": false,
        "steal_count": 1,
        "steal_score": 1,
        "hotel": false
      }
    },
    {
      "type": "Feature",
      "geometry": {
        "type": "Point",
        "coordinates": [
          121.63356,
          25.25741
        ]
      },
      "properties": {
        "館所名稱": "金山跳石海岸",
        "建物屬性": "自然生態",
        "行政區": "金山區",
        "地址": "新北市208金山區北部濱海公路",
        "景點介紹": "夏日眺望蔚藍海景，秋冬欣賞多變雲海",
        "parking_score": 0.0,
        "nearest_parking": "{ \"area_name\": \"金山區\", \"roadname\": \"中山路\", \"distance_m\": 3483 }",
        "toilet": true,
        "無障礙": false,
        "family": false,
        "steal_count": 0,
        "steal_score": 10,
        "hotel": false
      }
    },
    {
      "type": "Feature",
      "geometry": {
        "type": "Point",
        "coordinates": [
          121.64583,
          25.22167
        ]
      },
      "properties": {
        "館所名稱": "萬金自行車道",
        "建物屬性": "熱門景點",
        "行政區": "萬里區",
        "地址": "新北市207萬里區金山區",
        "景點介紹": "跟著青春海線騎進北海岸，萬金自行車道的起點於金山區的中角灣至終點萬里區的翡翠灣，全長約 15公里，鋪面為柏油、木棧道交錯而行，自行車道的路線沿著海岸及田園，沿途綠樹成蔭，從中角灣出發，沿途會經過磺清大橋、金山青年活動中心、水尾漁港等，有沙灘、海景，還有迷人的小漁村風光。騎累了可以就近泡溫泉，享受金山萬里的美湯、美景、美食。金山：中角灣&rarr;磺清大橋&rarr;金山青年活動中心&rarr;水尾漁港如果您喜歡年輕活力的水上活動，相信「金山萬里自行車道」金山線會是您不錯的選擇，可以到海水浴場或是沙灘上度過悠閒的午后；金山萬里自行車道金山線沿途會經過中角灣、磺港大橋、金山青年活動中心、水尾漁港等，騎累了可以在水尾漁港歇息，觀賞著名的「水尾泛月」（農曆十五夜間限定）。萬里：台電核二廠&rarr;...",
        "parking_score": 7.7,
        "nearest_parking": "{ \"area_name\": \"金山區\", \"roadname\": \"磺港路\", \"distance_m\": 173 }",
        "toilet": true,
        "無障礙": true,
        "family": false,
        "steal_count": 1,
        "steal_score": 1,
        "hotel": false
      }
    },
    {
      "type": "Feature",
      "geometry": {
        "type": "Point",
        "coordinates": [
          121.99152,
          25.01255
        ]
      },
      "properties": {
        "館所名稱": "卯澳漁港",
        "建物屬性": "熱門景點",
        "行政區": "貢寮區",
        "地址": "新北市228貢寮區卯澳漁港",
        "景點介紹": "東北角傳統漁村風貌，延續保留百年石頭屋",
        "parking_score": 0.0,
        "nearest_parking": "{ \"area_name\": \"坪林區\", \"roadname\": \"國中路\", \"distance_m\": 29236 }",
        "toilet": true,
        "無障礙": true,
        "family": false,
        "steal_count": 0,
        "steal_score": 10,
        "hotel": false
      }
    },
    {
      "type": "Feature",
      "geometry": {
        "type": "Point",
        "coordinates": [
          122.00478,
          25.01378
        ]
      },
      "properties": {
        "館所名稱": "馬崗漁港",
        "建物屬性": "自然生態",
        "行政區": "貢寮區",
        "地址": "新北市228貢寮區福連里馬崗",
        "景點介紹": "位在新北市貢寮區的馬崗漁港，是臺灣最東邊的漁村，毗鄰北部濱海公路旁，就在三貂角燈塔的正下方海岸邊，附近有適合磯釣的萊萊磯釣場及馬崗磯釣場，後山上有三貂角燈塔，是一個地理位置相當好的漁港。馬崗港的漁船多至龜山島及三貂灣漁場作業，屬於沿近海漁業，當日往返。主要漁獲物有鯛、鰹、小卷、軟絲、龍蝦等。漁獲物一半在當地自售，另一半運往基隆市市場拍賣或加工廠加工。馬崗有著大片的海蝕平台，部分地形的海蝕紋理帶著美麗的曲線，是觀賞海浪與當地人捕魚採海菜的絕佳地點。吹著海風欣賞遼闊海景，順道拜訪台灣的極東咖啡館，喝杯咖啡。網路上也有人稱馬岡漁港為貓村，是因為這裡有非常多的貓咪，廣場、堤岸、巷弄轉角、老房子的屋頂上，處處可發現牠們的身影。",
        "parking_score": 0.0,
        "nearest_parking": "{ \"area_name\": \"坪林區\", \"roadname\": \"國中路\", \"distance_m\": 30561 }",
        "toilet": false,
        "無障礙": false,
        "family": false,
        "steal_count": 0,
        "steal_score": 10,
        "hotel": false
      }
    },
    {
      "type": "Feature",
      "geometry": {
        "type": "Point",
        "coordinates": [
          121.47234,
          25.02611
        ]
      },
      "properties": {
        "館所名稱": "新北市藝文中心",
        "建物屬性": "藝文古蹟",
        "行政區": "板橋區",
        "地址": "新北市220板橋區莊敬路62號",
        "景點介紹": "以提供圖書資訊，推廣社會教育及辦理文化活動為主要任務。",
        "parking_score": 10.0,
        "nearest_parking": "{ \"area_name\": \"板橋區\", \"roadname\": \"莊敬路\", \"distance_m\": 26 }",
        "toilet": true,
        "無障礙": true,
        "family": false,
        "steal_count": 7,
        "steal_score": 1,
        "hotel": true
      }
    },
    {
      "type": "Feature",
      "geometry": {
        "type": "Point",
        "coordinates": [
          121.6306,
          25.23972
        ]
      },
      "properties": {
        "館所名稱": "新北市衝浪運動教育園區",
        "建物屬性": "熱門景點",
        "行政區": "金山區",
        "地址": "新北市208金山區海興路49號",
        "景點介紹": "全臺首創衝浪新基地，運動觀光新景點",
        "parking_score": 0.0,
        "nearest_parking": "{ \"area_name\": \"金山區\", \"roadname\": \"中山路\", \"distance_m\": 1535 }",
        "toilet": false,
        "無障礙": false,
        "family": false,
        "steal_count": 0,
        "steal_score": 10,
        "hotel": false
      }
    },
    {
      "type": "Feature",
      "geometry": {
        "type": "Point",
        "coordinates": [
          121.86161,
          25.12193
        ]
      },
      "properties": {
        "館所名稱": "水湳洞遊客中心(山城食堂)",
        "建物屬性": "自然生態",
        "行政區": "瑞芳區",
        "地址": "新北市224瑞芳區濂洞里洞頂路155-8號",
        "景點介紹": "水湳洞的濂洞社區是採礦時期，日人規劃建置的宿舍群落，屋舍排列整齊，有完整的自來水系統、消防設備、郵局、派出所、醫院、供應社等，生活機能完整。目前濂洞社區的礦工聚落保持完整，當時宿舍依職等分配，主管級職員的宿舍為一棟兩戶格式，連棟式的建築係提供給一般工人的眷屬宿舍，四戶或六戶一排，相依而建，社區內有餐廳、澡堂、球場等設施。台電閒置舊餐廳為一層樓RC建築物，由臺金公司留有「水湳洞地區供水管路平面圖」可知，本建築原為醫院，後歷經整建由瑞芳區公所租用作為里民活動中心使用，為建立濂洞里為名符其實的新興景點。經新北市觀光旅遊局選擇此處建立旅客服務中心，以提升濂洞里觀光服務。旅遊服務中心的位置即原來的社區餐廳，而藝文展演中心則是昔日的戲院，定期播放電影，是當時居民主要的娛樂活動。因此本旅客服務中心建築概念...",
        "parking_score": 0.0,
        "nearest_parking": "{ \"area_name\": \"汐止區\", \"roadname\": \"新台五路二段\", \"distance_m\": 19207 }",
        "toilet": true,
        "無障礙": true,
        "family": false,
        "steal_count": 0,
        "steal_score": 10,
        "hotel": false
      }
    },
    {
      "type": "Feature",
      "geometry": {
        "type": "Point",
        "coordinates": [
          121.53965,
          25.23847
        ]
      },
      "properties": {
        "館所名稱": "富福頂山寺(貝殼廟)",
        "建物屬性": "自然生態",
        "行政區": "三芝區",
        "地址": "新北市252三芝區圓山里二坪頂69號",
        "景點介紹": "隱身於三芝橫山山區的富福頂山寺，又稱「三芝貝殼廟」或「十八羅漢洞」，主奉祀濟公活佛、十八羅漢及聖母娘娘等神像，廟宇內並設有近半人身高的琥珀大元寶，常吸引香客上山觸摸，香火極盛。，主祀濟公禪師，廟宇位於三芝圓山里二坪頂山上，隱藏於櫻花步道旁。廟宇內外裝潢，全部以貝殼及珊瑚堆砌拼貼而成，因此顯得極為富麗堂皇，猶如海底龍宮一般，長年吸引遊客前來上香，也被稱為「貝殼廟」，反而蓋過廟宇的原名。貝殼廟的創建極富傳奇色彩，落成至今已有十多年的歷史。廟宇創建前，現任住持曾在夜晚夢見濟公托夢，表示曾因故被囚禁在海底龍宮一段時間，希望住持可以興建一座類似的廟宇。然而早年臺灣的貝殼及珊瑚大多外銷至其他國家，價格昂貴，搜集不易，恰巧有位外銷貝殼珊瑚類飾品的貿易商也有類似的夢境，才將一批原本要運往日本的貝殼及珊瑚轉贈...",
        "parking_score": 0.0,
        "nearest_parking": "{ \"area_name\": \"金山區\", \"roadname\": \"中山路\", \"distance_m\": 9468 }",
        "toilet": false,
        "無障礙": false,
        "family": false,
        "steal_count": 0,
        "steal_score": 10,
        "hotel": false
      }
    },
    {
      "type": "Feature",
      "geometry": {
        "type": "Point",
        "coordinates": [
          121.86883,
          25.03991
        ]
      },
      "properties": {
        "館所名稱": "南天花苑",
        "建物屬性": "自然生態",
        "行政區": "雙溪區",
        "地址": "新北市227雙溪區新基北街64號",
        "景點介紹": "南天花苑在新基里南天宮後面，距雙溪火車站僅五分鐘途程。南天宮奉祀關聖帝君，廟貌巍峨，香火鼎盛，四週遍植花木，長年開花，尤其廟後三座山丘上之杜鵑、櫻花、楓香相互爭妍，美不勝收，且有古砲、涼亭、健康步道等，仿木欄杆，曲徑通幽，香客來此，皆為幽美的景色所吸引，穿梭花木之間，流連忘返。 南天花苑由於景色幽美，空氣新鮮，現已成為鄉民晨間健身活動之勝地，每天黎明時分，到此活動者絡繹不絕。",
        "parking_score": 0.0,
        "nearest_parking": "{ \"area_name\": \"坪林區\", \"roadname\": \"國中路\", \"distance_m\": 19231 }",
        "toilet": true,
        "無障礙": false,
        "family": false,
        "steal_count": 1,
        "steal_score": 1,
        "hotel": false
      }
    },
    {
      "type": "Feature",
      "geometry": {
        "type": "Point",
        "coordinates": [
          121.84641,
          25.03141
        ]
      },
      "properties": {
        "館所名稱": "茶花莊",
        "建物屬性": "自然生態",
        "行政區": "雙溪區",
        "地址": "新北市227雙溪區梅竹蹊67號",
        "景點介紹": "茶花莊花園位於梅竹蹊往上林里新寮子的中途公路旁，距雙溪車站約二公里，茶花種植面積達2.5公頃，栽培世界各國品種茶花800種，包含有大陸、日本、美國、加拿大、歐洲等外國優良品種，花朵五顏六色，花瓣無奇不有，花形大小長短俱備，爭奇鬥妍，令人目不暇給，更以嫁接技術，栽培許多茶花盆景，所以茶花花期雖然只有每年12月至翌年4月，其餘的時間也可來此觀賞茶花盆景者。",
        "parking_score": 0.0,
        "nearest_parking": "{ \"area_name\": \"坪林區\", \"roadname\": \"國中路\", \"distance_m\": 16848 }",
        "toilet": false,
        "無障礙": false,
        "family": false,
        "steal_count": 1,
        "steal_score": 1,
        "hotel": false
      }
    },
    {
      "type": "Feature",
      "geometry": {
        "type": "Point",
        "coordinates": [
          121.62032,
          25.16934
        ]
      },
      "properties": {
        "館所名稱": "鹿堀(窟)坪古道",
        "建物屬性": "自然生態",
        "行政區": "萬里區",
        "地址": "新北市207萬里區鹿堀(窟)坪",
        "景點介紹": "鹿堀(窟)坪古道是北海岸小村與臺北間的一條通道，是條小型的越嶺路。從萬里經中幅里進入崁腳村後有一叉路，可往大坪國小方向爬坡，沿指標右轉經大坪國小後遇公車站左轉，可進入鹿堀(窟)坪入口處，四周佈滿地瓜田，沿溝渠旁小路直行，路上有幾間老屋子，不久即抵達一座土地公廟，此處已是陽明山國家公園管轄區，循水圳旁小道進入，沿途溪水淙淙，風光明媚，檜木林立，是森林浴的最佳處所，往前直行則可見一叉路口，往上是鹿堀(窟)坪口方向，可由此攻頂，但路況險峻且坡近70度，雖可藉樹枝、繩索攀爬，建議體力不佳者不宜輕易嘗試；若沿另一路段前行，則為上鹿堀(窟)方向，一片梯田疊石圍成良田，可惜目前已不耕作，遍野翠綠，風景優美，古道較為平坦。鹿堀(窟)坪頂受群山環抱，四周圍繞著各種灌木花草，中間則有似高爾夫球道的草坡，雲霧飄渺...",
        "parking_score": 0.0,
        "nearest_parking": "{ \"area_name\": \"金山區\", \"roadname\": \"仁愛路\", \"distance_m\": 5776 }",
        "toilet": true,
        "無障礙": true,
        "family": false,
        "steal_count": 0,
        "steal_score": 10,
        "hotel": false
      }
    },
    {
      "type": "Feature",
      "geometry": {
        "type": "Point",
        "coordinates": [
          121.61505,
          24.99157
        ]
      },
      "properties": {
        "館所名稱": "鎮南宮",
        "建物屬性": "熱門景點",
        "行政區": "深坑區",
        "地址": "新北市222深坑區大崙腳8號",
        "景點介紹": "位於阿柔里大崙腳地段山區，創建於前清光緒年間，迄今已逾百年歷史，主祀神祇為一塊形似媽祖的風化巨石，鄉民以石媽祖稱之，四周牆圍皆以方形石塊堆砌而成，為深坑區最有的特色廟宇。宮內最大特色，在於主神石媽祖連著神桌及左右二根石柱，皆為同一座長約一‧五公尺且形以鶴狀的石頭公，鄉民稱為白鶴仙師。連接鎮南宮的登山石階步道，建於昭和五年(1930)，約三百八十四階，路旁並立有「石媽祖路碑」以紀錄建築步道的歷史。",
        "parking_score": 0.0,
        "nearest_parking": "{ \"area_name\": \"深坑區\", \"roadname\": \"平埔街22巷\", \"distance_m\": 1029 }",
        "toilet": false,
        "無障礙": false,
        "family": false,
        "steal_count": 0,
        "steal_score": 10,
        "hotel": false
      }
    },
    {
      "type": "Feature",
      "geometry": {
        "type": "Point",
        "coordinates": [
          121.71818,
          24.97501
        ]
      },
      "properties": {
        "館所名稱": "獅公髻尾山登山步道",
        "建物屬性": "熱門景點",
        "行政區": "坪林區",
        "地址": "新北市232坪林區漁光里",
        "景點介紹": "獅公髻尾山也稱火燒寮山，為石碇山群中之最高峰，山頂芒草茀然高聳，時有山豬藏匿其間，打擾山友的登山雅興。由於南坡開發較早，由坪林區放眼望去，只見茶園和梯田交錯落置，重重疊疊，若從北面石碇區玉桂村方向望去，一片林木蒼茫如海，舉目唯見峰巒重重，時有雲霧掩映，讓大山削弱了陽剛味，顯得格外柔和。",
        "parking_score": 0.0,
        "nearest_parking": "{ \"area_name\": \"坪林區\", \"roadname\": \"國中路\", \"distance_m\": 3922 }",
        "toilet": false,
        "無障礙": false,
        "family": false,
        "steal_count": 0,
        "steal_score": 10,
        "hotel": false
      }
    },
    {
      "type": "Feature",
      "geometry": {
        "type": "Point",
        "coordinates": [
          121.92594,
          24.98061
        ]
      },
      "properties": {
        "館所名稱": "虎字碑",
        "建物屬性": "熱門景點",
        "行政區": "貢寮區",
        "地址": "新北市228貢寮區草嶺古道",
        "景點介紹": "座落在草嶺古道臺北與宜蘭縣界風口處的虎字碑，立碑人是臺灣鎮台總兵劉明燈，碑址處因長年風勢強勁，肆虐往來的旅人，特於此地題了個「虎」字，意在「雲從龍，風從虎」，以除風害。先人立碑鎮妖正好也提醒旅人這裡常有強風吹襲，路過此地須特別小心。",
        "parking_score": 0.0,
        "nearest_parking": "{ \"area_name\": \"坪林區\", \"roadname\": \"國中路\", \"distance_m\": 21948 }",
        "toilet": false,
        "無障礙": false,
        "family": false,
        "steal_count": 0,
        "steal_score": 10,
        "hotel": false
      }
    },
    {
      "type": "Feature",
      "geometry": {
        "type": "Point",
        "coordinates": [
          121.56469,
          25.24074
        ]
      },
      "properties": {
        "館所名稱": "尖山湖紀念碑",
        "建物屬性": "熱門景點",
        "行政區": "石門區",
        "地址": "新北市253石門區尖山湖紀念碑",
        "景點介紹": "位於山溪里距青山瀑布一公里處的尖山湖紀念碑，是日據時代戰機空難神社遺址。遺址頹高1.2公尺，上刻有「海軍將士戰死之地」碑文，背面文字仍可隱約看出發生於昭和十二年的一場軍機撞山事故，為了保存這段史實，而在原址建立神祉。",
        "parking_score": 0.0,
        "nearest_parking": "{ \"area_name\": \"金山區\", \"roadname\": \"中山路\", \"distance_m\": 7035 }",
        "toilet": false,
        "無障礙": false,
        "family": false,
        "steal_count": 0,
        "steal_score": 10,
        "hotel": false
      }
    },
    {
      "type": "Feature",
      "geometry": {
        "type": "Point",
        "coordinates": [
          121.44427,
          24.95722
        ]
      },
      "properties": {
        "館所名稱": "桐花公園",
        "建物屬性": "自然生態",
        "行政區": "土城區",
        "地址": "新北市236土城區承天路90-1號",
        "景點介紹": "這一座自然公園內，興建有露天表演及看台區、木炭窯展示區、泡茶休憩平台、俯瞰土城市區的觀景平台、供兒童戲耍的三角吊橋、立體爬網，以及螢火蟲復育區及扶輪區、獅子亭，是個多功能的休閒公園。",
        "parking_score": 0.1,
        "nearest_parking": "{ \"area_name\": \"土城區\", \"roadname\": \"承天路\", \"distance_m\": 986 }",
        "toilet": false,
        "無障礙": false,
        "family": false,
        "steal_count": 1,
        "steal_score": 1,
        "hotel": false
      }
    },
    {
      "type": "Feature",
      "geometry": {
        "type": "Point",
        "coordinates": [
          121.47097,
          25.03026
        ]
      },
      "properties": {
        "館所名稱": "板橋農村公園",
        "建物屬性": "熱門景點",
        "行政區": "板橋區",
        "地址": "新北市220板橋區吳鳳路50巷46號",
        "景點介紹": "為板橋區農會所興建，佔地約10,000平方公尺，以臺灣光復初期農村景象及田園風光為規畫主題。園內分為「仿古三合院」、「長春園區」、「愛心長廊」、「植物教學園區」、「假山瀑布景觀區」等5大部分。隨著都市的快速發展，農村與舊日的三合院景觀已經逐漸消逝。快速發展的板橋也是一個念舊的地方，特別在繁華的都會區裡興建了全國第一座以農村造景為主的休閒公園，讓今日的「城市土包子」們可以認識過往的生活。公園正門旁有個長廊跟舞台，平時有許多老人家喜歡聚集在長廊下棋、聊天，舞台則不定期播放一些老電影，或是演演歌仔戲，讓人沉浸在過去的美好回憶之中。",
        "parking_score": 8.9,
        "nearest_parking": "{ \"area_name\": \"板橋區\", \"roadname\": \"雙十路二段\", \"distance_m\": 205 }",
        "toilet": true,
        "無障礙": false,
        "family": false,
        "steal_count": 5,
        "steal_score": 1,
        "hotel": true
      }
    },
    {
      "type": "Feature",
      "geometry": {
        "type": "Point",
        "coordinates": [
          121.35327,
          24.95267
        ]
      },
      "properties": {
        "館所名稱": "汪洋居古厝",
        "建物屬性": "藝文古蹟",
        "行政區": "鶯歌區",
        "地址": "新北市239鶯歌區文化路275、277、279號",
        "景點介紹": "位於鶯歌區文化路上，同面已是樓房林立，對面則昃火車站鐵軌區，火車站區域有圍以圍牆。立面二層西洋式騎樓，具巴洛克式裝飾。建築優美、格局大，堅固美觀。磚造街屋，共三開間，建築為二層，樓下為店面，樓上為居住空間，有木造樓梯銜通，屋前有騎樓，騎樓連接二樓立面，採巴洛克風格建築樣式。約建於日治時期，距今八、九十年，為三開間二層樓磚造街屋。騎樓及二樓立面磚牆採巴洛克式裝飾，頗見精緻及藝術價值。保存狀況尚好，昔日經營米糧之錢櫃等依保留，可以見證昔日鶯歌商業歷史。",
        "parking_score": 9.7,
        "nearest_parking": "{ \"area_name\": \"鶯歌區\", \"roadname\": \"文化路\", \"distance_m\": 121 }",
        "toilet": true,
        "無障礙": true,
        "family": false,
        "steal_count": 11,
        "steal_score": 1,
        "hotel": true
      }
    },
    {
      "type": "Feature",
      "geometry": {
        "type": "Point",
        "coordinates": [
          121.87594,
          25.01713
        ]
      },
      "properties": {
        "館所名稱": "丁蘭谷",
        "建物屬性": "自然生態",
        "行政區": "雙溪區",
        "地址": "新北市227雙溪區丁蘭谷",
        "景點介紹": "丁蘭谷是雙溪一處結合自然美景與生態工法造景的風景名勝。位於魚行里丁子蘭坑，由雙溪往貢寮方向，沿一○二線公路走，約二公里處丁子蘭坑口轉入北三九號道即可到達，為一蜿蜒曲折，風景優美的溪谷，溪水清澈，深淺適度，兩邊清山高聳，林木密茂，清翠欲滴，林中尚有空谷幽蘭，是一處宜於戲水、捉蝦、烤肉、露營等活動的避暑勝地，每年炎夏，總是吸引各地遊客前來消暑、戲水、野餐。透過與自然環境的和諧共存，丁蘭谷展現了現代的最佳典範。",
        "parking_score": 0.0,
        "nearest_parking": "{ \"area_name\": \"坪林區\", \"roadname\": \"國中路\", \"distance_m\": 18532 }",
        "toilet": false,
        "無障礙": false,
        "family": false,
        "steal_count": 0,
        "steal_score": 10,
        "hotel": false
      }
    },
    {
      "type": "Feature",
      "geometry": {
        "type": "Point",
        "coordinates": [
          121.84961,
          25.10137
        ]
      },
      "properties": {
        "館所名稱": "樹梅坪古道",
        "建物屬性": "熱門景點",
        "行政區": "瑞芳區",
        "地址": "新北市224瑞芳區102縣道18.7~18.8公里處",
        "景點介紹": "樹梅坪古道是座落在102縣道19K指標旁邊(18.7~18.8K)的一塊開闊停車場，海拔約502公尺，位於102縣道海拔最高的路段上。若從九份金瓜石交界的隔頂算起，需再前進約3,500公尺。過去102縣道主要是為了軍事用途而拓寬整建，現在成了民眾欣賞水金九風景最佳的觀景場所之一。",
        "parking_score": 0.0,
        "nearest_parking": "{ \"area_name\": \"汐止區\", \"roadname\": \"新台五路二段\", \"distance_m\": 17448 }",
        "toilet": false,
        "無障礙": false,
        "family": false,
        "steal_count": 0,
        "steal_score": 10,
        "hotel": false
      }
    },
    {
      "type": "Feature",
      "geometry": {
        "type": "Point",
        "coordinates": [
          121.49342,
          25.26008
        ]
      },
      "properties": {
        "館所名稱": "八連溪休閒步道",
        "建物屬性": "自然生態",
        "行政區": "三芝區",
        "地址": "新北市252三芝區淡金公路18.5公里處(2號省道)",
        "景點介紹": "淡金公路上明顯的「八連溪休閒步道」石塊，提醒著大家絕對不要錯過這個好地方。總長約1.79公里，位於埔頭橋下方之八連溪河岸兩旁，此地河面較寬廣，河水平緩，經過整治後，規劃完成八連溪休閒步道，不僅成為當地避暑戲水的親水公園，更躍升為新北市知名觀光景點。",
        "parking_score": 0.0,
        "nearest_parking": "{ \"area_name\": \"淡水區\", \"roadname\": \"崁頂二路\", \"distance_m\": 8739 }",
        "toilet": true,
        "無障礙": false,
        "family": false,
        "steal_count": 0,
        "steal_score": 10,
        "hotel": false
      }
    },
    {
      "type": "Feature",
      "geometry": {
        "type": "Point",
        "coordinates": [
          121.82761,
          24.9721
        ]
      },
      "properties": {
        "館所名稱": "虎豹潭",
        "建物屬性": "自然生態",
        "行政區": "雙溪區",
        "地址": "新北市227雙溪區雙泰產業道路虎豹潭",
        "景點介紹": "墨綠深邃的湖水，倒映著山色樹影",
        "parking_score": 0.0,
        "nearest_parking": "{ \"area_name\": \"坪林區\", \"roadname\": \"國中路\", \"distance_m\": 12099 }",
        "toilet": false,
        "無障礙": false,
        "family": false,
        "steal_count": 1,
        "steal_score": 1,
        "hotel": false
      }
    },
    {
      "type": "Feature",
      "geometry": {
        "type": "Point",
        "coordinates": [
          121.49076,
          25.0487
        ]
      },
      "properties": {
        "館所名稱": "鴨鴨公園",
        "建物屬性": "自然生態",
        "行政區": "三重區",
        "地址": "新北市241三重區環河南路299號",
        "景點介紹": "鴨鴨公園位處大漢溪及新店溪匯流處，河水中泥沙經年累月的沉積形成沙洲，成為許多水鳥棲息處。為了讓大家更重視保護水鳥自然生態環境，此地即規劃為一處可觀賞水鳥生態、休閒與活動的公園。每年冬季會舉辦鴨鴨公園地景藝術節，以鴨鴨為創意發想，打造兼具趣味、休憩、寓教於樂的特色場域園區內還設置了三座不同種類的Q版水鴨造景，一邊看立牌解說，一邊還能增長自然生態知識。由於有豐富的水生動植物提供穩定食物，此地也成為許多候鳥的主要棲息地，每年9月至隔年4月是小水鴨過境期。假日來此除了散步、騎車，還有機會看到小水鴨在水岸悠閒划行喔！鴨鴨公園除了有超大草皮，還有好幾個籃球場，建議來玩時不妨帶一些飛盤、風箏等適合戶外活動的用具，可以在此玩個大半天！另外要提醒由於遮陽區不多，建議不要在大太陽時來玩，並多注意防曬喝水。",
        "parking_score": 10.0,
        "nearest_parking": "{ \"area_name\": \"三重區\", \"roadname\": \"新北環河快速道路下方平面停車場\", \"distance_m\": 37 }",
        "toilet": true,
        "無障礙": true,
        "family": false,
        "steal_count": 10,
        "steal_score": 1,
        "hotel": true
      }
    },
    {
      "type": "Feature",
      "geometry": {
        "type": "Point",
        "coordinates": [
          121.42953,
          24.95293
        ]
      },
      "properties": {
        "館所名稱": "土城區原住民族生態公園",
        "建物屬性": "自然生態",
        "行政區": "土城區",
        "地址": "新北市236土城區永寧路68巷 ‎",
        "景點介紹": "以原住民族及自然生態為主題公園，公園內設有多樣性原住民族相關主題空間營造，環境規劃上以自然生態為主，維原山野自然景觀風貌，設有停憩空間、生態池、景觀步道、原主民族木作涼亭等。",
        "parking_score": 0.0,
        "nearest_parking": "{ \"area_name\": \"土城區\", \"roadname\": \"中央路四段53號週邊道路\", \"distance_m\": 1119 }",
        "toilet": false,
        "無障礙": false,
        "family": false,
        "steal_count": 0,
        "steal_score": 10,
        "hotel": false
      }
    },
    {
      "type": "Feature",
      "geometry": {
        "type": "Point",
        "coordinates": [
          121.74657,
          25.00211
        ]
      },
      "properties": {
        "館所名稱": "紫東社區(平溪區農會東勢生態教育會館)",
        "建物屬性": "熱門景點",
        "行政區": "平溪區",
        "地址": "新北市226平溪區火燒寮6號(農會東勢生態教育會館)",
        "景點介紹": "「紫東社區」位於平溪區東勢里，屬於北台灣農村地景中的茶園類型。因位於山谷間農作耕地面積狹小，但林相資源豐富又水源豐沛，具有豐富又多樣性的生態資源。此外，社區中的石頭古厝保存完整，成為社區重要的特色資源，社區內具有文化歷史意義的「芊蓁坑古道」、提供風味餐、環境教育的「東勢生態教育會館」、手作體驗農家產品的「陳家山居」與「登山榮莊」，民眾來到此可以探尋古道、走訪農家、接近大自然。",
        "parking_score": 0.0,
        "nearest_parking": "{ \"area_name\": \"坪林區\", \"roadname\": \"國中路\", \"distance_m\": 7674 }",
        "toilet": true,
        "無障礙": false,
        "family": false,
        "steal_count": 0,
        "steal_score": 10,
        "hotel": false
      }
    },
    {
      "type": "Feature",
      "geometry": {
        "type": "Point",
        "coordinates": [
          121.64424,
          25.21498
        ]
      },
      "properties": {
        "館所名稱": "汪汪地瓜園產業故事館",
        "建物屬性": "自然生態",
        "行政區": "萬里區",
        "地址": "新北市207萬里區加投路197-6號",
        "景點介紹": "金山種植的地瓜外型佳、品質高，汪汪地瓜園的賴家兄妹在地經營15年，販售地瓜和控窯體驗，在2019打造汪汪地瓜園產業故事館，店門口可愛的小黃狗雕像旺旺跟遊客招手，也成為拍照打卡點。在這裏有超過300度的碳火甕烤地瓜，香氣逼人，吃起來很不一樣；館內有不同地瓜的模型、VR虛擬實境體驗，互動式裝置寓教於樂；此外，豐富的地瓜口味商品（地瓜布丁蛋糕、地瓜磅蛋糕、地瓜聖代、地瓜葉手工皂、地瓜薯條等）多元的伴手禮，讓人帶回去與親友分享，往來金山的旅客能夠享受在地美味。",
        "parking_score": 6.5,
        "nearest_parking": "{ \"area_name\": \"金山區\", \"roadname\": \"中興路\", \"distance_m\": 418 }",
        "toilet": false,
        "無障礙": false,
        "family": false,
        "steal_count": 0,
        "steal_score": 10,
        "hotel": true
      }
    },
    {
      "type": "Feature",
      "geometry": {
        "type": "Point",
        "coordinates": [
          121.73772,
          25.02581
        ]
      },
      "properties": {
        "館所名稱": "觀音巖警報鐘亭",
        "建物屬性": "自然生態",
        "行政區": "平溪區",
        "地址": "新北市226平溪區石底里觀音巖",
        "景點介紹": "二次大戰末期，美軍對臺灣的日軍設施實施轟炸，日本人為了確保煤礦開採及運煤火車的安全，於是在石底里後山山坡上興建警哨亭，作為警戒監測之用。",
        "parking_score": 0.0,
        "nearest_parking": "{ \"area_name\": \"汐止區\", \"roadname\": \"新台五路二段\", \"distance_m\": 7459 }",
        "toilet": true,
        "無障礙": true,
        "family": false,
        "steal_count": 0,
        "steal_score": 10,
        "hotel": false
      }
    },
    {
      "type": "Feature",
      "geometry": {
        "type": "Point",
        "coordinates": [
          121.42978,
          25.05946
        ]
      },
      "properties": {
        "館所名稱": "敢部隊指揮部碉堡遺址(文史影像公園)",
        "建物屬性": "自然生態",
        "行政區": "泰山區",
        "地址": "新北市243泰山區明志路一段352巷巷底",
        "景點介紹": "二次大戰末期，日本為防衛美軍攻擊臺灣，在臺灣本島部署五個師團、七個旅團，北部最主要者為部署於臺北的第六十六師團，師團長為中島吉三郎，部隊代號「敢」，就是泰山區民口中「敢部隊」。「敢部隊碉堡遺址」在明志路一段352巷底，隸屬同榮里，位居隱密視野良好的半山腰，當時是日軍戰鬥司令部，作為參謀本部及發號司令處。",
        "parking_score": 5.4,
        "nearest_parking": "{ \"area_name\": \"泰山區\", \"roadname\": \"明志路一段\", \"distance_m\": 161 }",
        "toilet": true,
        "無障礙": true,
        "family": false,
        "steal_count": 5,
        "steal_score": 1,
        "hotel": false
      }
    },
    {
      "type": "Feature",
      "geometry": {
        "type": "Point",
        "coordinates": [
          121.39607,
          24.97171
        ]
      },
      "properties": {
        "館所名稱": "鹿角溪公園",
        "建物屬性": "自然生態",
        "行政區": "樹林區",
        "地址": "新北市238樹林區中洲街51巷",
        "景點介紹": "鹿角溪公園為新北市第3座全齡化公園，面積高達7022平方公尺，為落實全齡化公園目標，公園共分4期進行闢建，自101年起陸續完成第1期鄰里休閒區、第2期兒童遊戲場及第3期銀髮體健區等多元化設施，滿足當地居民日常生活的休閒需求。目前定位為「熱血信念青春無限」的動態主題公園，提供完善的籃球運動場，讓不同年齡層的籃球愛好者可以享受運動的好去處。距離山佳火車站步行只要5分鐘的鹿角溪公園，過去是鐵皮工廠林立，如今完成公園闢建後，可沿著鹿角溪畔與山仔腳公園相映，周遭環境更加舒適宜人，充分滿足各年齡層民眾休閒需求。為佔地近千坪的帶狀公園，沿鹿角溪而行，一路垂柳綠意盎然，木棧道可連接山佳火車站和客家藝文中心。區公所將進一步淨化鹿角溪，讓公園旁的溪水更加清澈且有魚蝦棲息。",
        "parking_score": 10.0,
        "nearest_parking": "{ \"area_name\": \"樹林區\", \"roadname\": \"地政街14巷\", \"distance_m\": 16 }",
        "toilet": true,
        "無障礙": true,
        "family": false,
        "steal_count": 0,
        "steal_score": 10,
        "hotel": false
      }
    },
    {
      "type": "Feature",
      "geometry": {
        "type": "Point",
        "coordinates": [
          121.41077,
          24.99583
        ]
      },
      "properties": {
        "館所名稱": "南寮福德宮",
        "建物屬性": "熱門景點",
        "行政區": "樹林區",
        "地址": "新北市238樹林區坡內里3鄰保安街二段45巷53號",
        "景點介紹": "位於新北市樹林區的南寮福德宮前身為「三粒石土地公」，因樹林聞人楊添財還願所擴建，已有30年以上歷史，是樹林最大的土地公廟，也是當地的信仰中心，南寮福德宮有超過30年以上歷史。廟前的大廣場是最佳運動休閒場所，而廟右方是樹林唯一的冷礦泉池「添財紀念嬉水池」，屬微鹼性的冷磺泉水，因極為罕見，還被稱為「樹林之寶」，是北台灣3大冷泉勝地之一。夏天去浸泡不僅沁涼，更可促進血液循環功能。冷泉嬉水池設施完善，設有泳池、高壓活水衝擊區、按摩池、中藥蒸氣室等。值得一提的是每逢2月左右，福德宮旁的大同山登山步道還有山櫻花綻放的美景可欣賞。前身為「三粒石土地公」，後因樹林聞人楊添財還願所擴建，並命名「福德宮」，因處於樹林區南寮仔地區，因此而得名。由於經土地公指示開鑿出冷礦泉，而成為臺北近郊知名的休閒勝地。",
        "parking_score": 10.0,
        "nearest_parking": "{ \"area_name\": \"樹林區\", \"roadname\": \"保安街二段\", \"distance_m\": 714 }",
        "toilet": false,
        "無障礙": false,
        "family": false,
        "steal_count": 1,
        "steal_score": 1,
        "hotel": false
      }
    },
    {
      "type": "Feature",
      "geometry": {
        "type": "Point",
        "coordinates": [
          121.37286,
          24.93056
        ]
      },
      "properties": {
        "館所名稱": "李梅樹紀念館",
        "建物屬性": "藝文古蹟",
        "行政區": "三峽區",
        "地址": "新北市237三峽區中華路43巷10號",
        "景點介紹": "位於臺灣新北市三峽區，在1995年4月成立，是一間以紀念臺灣畫家李梅樹和展出其作品為宗旨所設立的紀念館，紀念館收藏有李梅樹先生一生傑作及各項文物資料。李教授創作內容以呈現臺灣鄉土之美為主要訴求，畫風走寫實路線，一生最鍾愛的三峽風光畫作，充滿了他強調的「風、土、民、情」藝術理念。然而他有些作品風格卻極為特殊，例如《戲弄火雞的男孩》採用3D畫法，與世界名畫《蒙娜麗莎的微笑》有異曲同工之妙。李梅樹大師熱愛家鄉三峽，更願意耗費半生歲月修建祖師廟，造就祖師廟成為臺灣修整最久、作工最細的廟宇。紀念館內的導覽員之一正是李梅樹大師的兒子，他本身也是畫中不時出現的人物，聽著畫中之人講解畫作，更讓人增添許多趣味感與想像空間。",
        "parking_score": 10.0,
        "nearest_parking": "{ \"area_name\": \"三峽區\", \"roadname\": \"光明路\", \"distance_m\": 66 }",
        "toilet": true,
        "無障礙": true,
        "family": false,
        "steal_count": 25,
        "steal_score": 1,
        "hotel": false
      }
    },
    {
      "type": "Feature",
      "geometry": {
        "type": "Point",
        "coordinates": [
          121.38411,
          24.91234
        ]
      },
      "properties": {
        "館所名稱": "茶山房肥皂文化體驗館",
        "建物屬性": "自然生態",
        "行政區": "三峽區",
        "地址": "新北市237三峽區白雞路64-11號",
        "景點介紹": "位於三峽山區的茶山房肥皂文化體驗館，是新北市政府認證的優質觀光工廠，將200坪左右的廠房，闢成可觀光的工廠，一探館內神祕的熱煮製皂法與茶山房獨家製皂十式，經由趣味導覽、瞭解手工皂的嚴選物料、清潔用品文物展示、生產線參觀與手作肥皂DIY課程，多元的空間，蘊含著無窮盡的趣味與歷史價值。來到茶山房，可以看到手工肥皂如何跟三峽在地特產的碧螺春綠茶、天然茶樹籽產生化學作用，交織出純粹而美好的自然芳香。體驗館一樓設有周邊商品館，販售各種種類的手工肥皂，若想要體驗製造樂趣，直接與櫃檯預約報名即可。謹記「做肥皂是一項良心事業」的傳統中，茶山房期盼將台灣豐富的肥皂歷史文化傳承下去，學習清潔用品對土地環境的重要性。藉由開放參訪的過程中，與遊客們共同製「皂」美好的回憶。",
        "parking_score": 0.0,
        "nearest_parking": "{ \"area_name\": \"三峽區\", \"roadname\": \"安溪路\", \"distance_m\": 1805 }",
        "toilet": false,
        "無障礙": false,
        "family": false,
        "steal_count": 0,
        "steal_score": 10,
        "hotel": false
      }
    },
    {
      "type": "Feature",
      "geometry": {
        "type": "Point",
        "coordinates": [
          121.3299,
          24.94018
        ]
      },
      "properties": {
        "館所名稱": "宏洲磁磚觀光工廠",
        "建物屬性": "熱門景點",
        "行政區": "鶯歌區",
        "地址": "新北市239鶯歌區中正三路230巷16號",
        "景點介紹": "宏洲窯業創立於西元1976年，曾是個擁有許多「台灣第一」的磁磚工廠，擁有全國最長一次燒成滾軸窯及全世界最大噸數成型機、也是第一家陶瓷業空氣污染防制示範觀摩工廠進入宏洲的廠房，原本應該塵土飛揚的磁磚工廠，竟然有如科技廠房一般清爽，令人驚豔。結合「磁磚應用」與「DIY體驗」的觀光工廠，最大亮點是工廠內部特別斥資打造一條直達製程核心的空中走道與瞭望台，讓遊客可近距離觀看磁磚製程。此外，還可在專業陶藝老師指導下，親身體驗製作磁磚DIY，不但可全程參與，還可將完成後的實品帶回家，規劃有繽紛彩繪、快樂拼貼、趣味轉印等創意陶藝活動。最大亮點是工廠內部特別斥資打造一條直達製程核心的空中走道與瞭望台，讓遊客可近距離觀看磁磚製程。",
        "parking_score": 2.8,
        "nearest_parking": "{ \"area_name\": \"鶯歌區\", \"roadname\": \"高職西街\", \"distance_m\": 631 }",
        "toilet": false,
        "無障礙": false,
        "family": false,
        "steal_count": 2,
        "steal_score": 1,
        "hotel": false
      }
    },
    {
      "type": "Feature",
      "geometry": {
        "type": "Point",
        "coordinates": [
          121.43203,
          25.06075
        ]
      },
      "properties": {
        "館所名稱": "下泰山巖",
        "建物屬性": "自然生態",
        "行政區": "泰山區",
        "地址": "新北市243泰山區明志路一段254號",
        "景點介紹": "下泰山巖又名下廟、顯應祖師泰山巖。泰山區有二座泰山巖，由於泰山地勢西南高稱頂泰山，東北低稱下泰山，因此二座廟就以所在位置區分為頂泰山巖與下泰山巖。兩座泰山巖奉祀主神同為顯應祖師。頂泰山巖在清乾隆年間建於崎子腳，距今約250年，乃福建泉州安溪人李符記氏之祖父序彥、祖叔父序原，由原鄉奉迎來臺奉祀。後因香火鼎盛，信徒日眾，下泰山地區信眾咸認「朝山不便」，醞釀分祀，距今128年前，即光緒元年(1875)，由黃永來及蔡烏豬二位董事倡議並獲諸信徒捐應，逐自頂泰山巖分祀創建，即是今下泰山巖的由來。下泰山巖於日本大正10年(1921)曾擴建，民國56年又重修，至65年完成，民國71年再修正殿圓柱等處。大正年間重修碑記崁在鐘鼓樓牆面，記載捐資者姓名、金額、用料及收支等。前殿左右牆面為民國65年所立重修碑記。廟...",
        "parking_score": 7.1,
        "nearest_parking": "{ \"area_name\": \"泰山區\", \"roadname\": \"明志路一段\", \"distance_m\": 112 }",
        "toilet": true,
        "無障礙": true,
        "family": false,
        "steal_count": 4,
        "steal_score": 1,
        "hotel": false
      }
    },
    {
      "type": "Feature",
      "geometry": {
        "type": "Point",
        "coordinates": [
          121.42349,
          25.04377
        ]
      },
      "properties": {
        "館所名稱": "頂泰山巖",
        "建物屬性": "自然生態",
        "行政區": "泰山區",
        "地址": "新北市243泰山區應化街32號",
        "景點介紹": "頂泰山巖建於清乾隆19年(西元1754年)，是泰山地區歷史最悠久的廟宇，現列為國家三級古蹟。最近一次修建於日治昭和年間，由名匠陳應彬率徒規劃設計。建築格局乃二進二廊雙護龍，內部木雕、石刻、彩繪等裝飾精緻細膩，呈現傳統工藝技術之美，且富含吉祥寓意。頂泰山巖主祀顯應祖師，每年9月18日循例舉辦盛大慶典，恭祝祖師聖誕。附近還有一條崎頭步道，是泰山當地有名的古道，還可通往義學坑與明志書院，一舉遊賞泰山文物之美。",
        "parking_score": 6.0,
        "nearest_parking": "{ \"area_name\": \"泰山區\", \"roadname\": \"明志路三段\", \"distance_m\": 219 }",
        "toilet": true,
        "無障礙": true,
        "family": false,
        "steal_count": 2,
        "steal_score": 1,
        "hotel": false
      }
    },
    {
      "type": "Feature",
      "geometry": {
        "type": "Point",
        "coordinates": [
          121.36934,
          24.93445
        ]
      },
      "properties": {
        "館所名稱": "三峽歷史文物館",
        "建物屬性": "熱門景點",
        "行政區": "三峽區",
        "地址": "新北市237三峽區中山路18號",
        "景點介紹": "三峽歷史文物館可說是古老建築再生利用的最佳典範，建於1929年，原為日據時代的舊鎮公所，當時是三峽最具代表性的紅磚建築，號稱「全台最美麗的辦公大樓」，1995年改設為「歷史文物館」。文物館本身分為兩層，一樓定期籌辦交流展、主題展，還有各類美術作品的展覽，二樓為三峽人文史蹟文物的展示空間，收藏了為數眾多的當地史料與文物，對於承傳地方文化有相當的貢獻。廣達70坪的兩層樓磚造廳舍，與臺大醫院、公賣局、監察院屬於同一時期的建築物，仔細觀察這些日洋合璧的紅磚建築，會發現它們在設計上有不少共通點。放慢腳步走訪這裡，可看到過去三峽發展的軌跡、昔日的產業類型、瀏覽老街的過往風華，以及曾經興盛的煤礦、染布、茶、樟腦等產業。文物館旁還有一個藍染展示中心，與老街後方的藍染公園連成一氣，在這裡有藍染教學、DIY藍染...",
        "parking_score": 10.0,
        "nearest_parking": "{ \"area_name\": \"三峽區\", \"roadname\": \"中山路\", \"distance_m\": 10 }",
        "toilet": true,
        "無障礙": true,
        "family": false,
        "steal_count": 29,
        "steal_score": 1,
        "hotel": false
      }
    },
    {
      "type": "Feature",
      "geometry": {
        "type": "Point",
        "coordinates": [
          121.53982,
          25.28134
        ]
      },
      "properties": {
        "館所名稱": "石門情人廟",
        "建物屬性": "藝文古蹟",
        "行政區": "石門區",
        "地址": "新北市253石門區富基里楓林路42號",
        "景點介紹": "位於新北市石門區富基漁港上方，供奉的主神為西藏愛情如意佛，主廟兩旁還有一對枝幹糾結在一起的夫妻樹，每逢星期假日，慕名前來祈求姻緣與家庭和睦的香客總是絡繹不絕。情人廟的緣起，來自廟旁兩顆老榕樹─老樹公、老樹婆，雖分立主廟兩側，枝幹卻糾結在一起，蔚為奇觀，信徒們都稱呼為夫妻樹或情人樹。情人廟創建以後，老廟公江政義與玄學專家王落九討論後，決定到中國大陸西藏請回愛情如意佛「咕嚕咕咧佛母」供奉。在西藏佛教中，佛母主掌姻緣、夫妻感情、家庭平安、生男育女、正財、事業、學業等，又有夫妻神、愛情神兩種尊稱。一手拿愛情人緣弓箭，一手拿愛情繩索的佛母造型，也是特色所在。一般情人廟，情侶、夫妻比較不適合一同參拜，但石門情人廟則無此顧慮。",
        "parking_score": 0.0,
        "nearest_parking": "{ \"area_name\": \"金山區\", \"roadname\": \"中山路\", \"distance_m\": 11179 }",
        "toilet": true,
        "無障礙": false,
        "family": false,
        "steal_count": 0,
        "steal_score": 10,
        "hotel": false
      }
    },
    {
      "type": "Feature",
      "geometry": {
        "type": "Point",
        "coordinates": [
          121.98926,
          25.01328
        ]
      },
      "properties": {
        "館所名稱": "卯澳石頭古厝建築",
        "建物屬性": "自然生態",
        "行政區": "貢寮區",
        "地址": "新北市228貢寮區福連里",
        "景點介紹": "卯澳的石頭厝是「就地取材」的典範，石材是來自海岸的砂岩，屋架取自後山的竹材，屋頂在過去多以野生茅草鋪成。卯澳的石頭厝大致可分成三種不同的格局與砌法，第一種型式為一條龍、亂石砌的格局，這是最普遍也最經濟的方式，牆面以大小相近的自然卵石或粗略打鑿過的石塊組砌而成，頗具粗獷之美。第二種型式是單伸手、水平砌的方式，先將石頭打鑿成高度相當的石條，再一層層水平疊砌而 成，牆面簡潔有序。第三種為三合院式的人字砌法建築型式，不論技巧、強度、費用都較高，牆面以加工過、大小等長的石塊斜倚約45度疊砌而成，灰縫曲折交織如 「人」字，頗具特色。",
        "parking_score": 0.0,
        "nearest_parking": "{ \"area_name\": \"坪林區\", \"roadname\": \"國中路\", \"distance_m\": 29040 }",
        "toilet": true,
        "無障礙": true,
        "family": false,
        "steal_count": 0,
        "steal_score": 10,
        "hotel": false
      }
    },
    {
      "type": "Feature",
      "geometry": {
        "type": "Point",
        "coordinates": [
          121.43733,
          25.172
        ]
      },
      "properties": {
        "館所名稱": "新北市滬尾防災宣導主題館",
        "建物屬性": "熱門景點",
        "行政區": "淡水區",
        "地址": "新北市251淡水區中正路15巷5號",
        "景點介紹": "本市首座防災宣導主題館，位處淡水河畔，且場館前方為歷史景點「馬偕博士上岸處」。場館外觀以消防車造型為主題設計，門口設有消防吉祥物郵筒，提供明信片代寄服務! 場館內部包含2大主題遊戲：「沉浸式投影互動遊戲」及「VR虛擬實境互動遊戲」，以寓教於樂的方式宣導正確防災觀念，除此之外，亦有3D彩繪拍照牆及可愛犀牛公仔，可以與大家合影留念!",
        "parking_score": 1.3,
        "nearest_parking": "{ \"area_name\": \"淡水區\", \"roadname\": \"中正路382號前迴轉道\", \"distance_m\": 816 }",
        "toilet": true,
        "無障礙": true,
        "family": false,
        "steal_count": 20,
        "steal_score": 1,
        "hotel": true
      }
    },
    {
      "type": "Feature",
      "geometry": {
        "type": "Point",
        "coordinates": [
          121.58104,
          24.90973
        ]
      },
      "properties": {
        "館所名稱": "翡翠水庫",
        "建物屬性": "自然生態",
        "行政區": "新店區",
        "地址": "新北市231新店區新烏路三段43號",
        "景點介紹": "供給大臺北地區用水與發電的翡翠水庫，位於新店溪支流北勢溪上，集水區面積廣達303平方公里，是全臺第二大水庫，僅次於曾文水庫。集水區周邊動植物生態多元，最特別的莫過於烏來杜鵑，屬臺灣特有種，每年三月壯觀花海美不勝收；動物則可見臺灣獼猴、臺灣藍鵲的身影，翡翠樹蛙更因在水庫附近發現而得名。想了解水庫奧妙，可從水資源生態教育館開始，這裡提供水源保育、水庫生態與水庫建設等資訊，適合親子同遊。",
        "parking_score": 0.0,
        "nearest_parking": "{ \"area_name\": \"新店區\", \"roadname\": \"北宜路二段\", \"distance_m\": 5087 }",
        "toilet": false,
        "無障礙": false,
        "family": false,
        "steal_count": 0,
        "steal_score": 10,
        "hotel": false
      }
    },
    {
      "type": "Feature",
      "geometry": {
        "type": "Point",
        "coordinates": [
          121.85878,
          25.10166
        ]
      },
      "properties": {
        "館所名稱": "金瓜石地質公園 (本山礦體)",
        "建物屬性": "自然生態",
        "行政區": "瑞芳區",
        "地址": "新北市224瑞芳區102縣道18公里處",
        "景點介紹": "歷經百年開採，山頭顯露成為最佳的野外地質教室",
        "parking_score": 0.0,
        "nearest_parking": "{ \"area_name\": \"汐止區\", \"roadname\": \"新台五路二段\", \"distance_m\": 18360 }",
        "toilet": false,
        "無障礙": false,
        "family": false,
        "steal_count": 0,
        "steal_score": 10,
        "hotel": false
      }
    },
    {
      "type": "Feature",
      "geometry": {
        "type": "Point",
        "coordinates": [
          121.86646,
          25.03897
        ]
      },
      "properties": {
        "館所名稱": "雙溪低碳驛站",
        "建物屬性": "熱門景點",
        "行政區": "雙溪區",
        "地址": "新北市227雙溪區自強路",
        "景點介紹": "提供自行車、電動機車租借，並設置全國首創沐浴間， 2 間淋浴間特別加大空間並設有吹風機、置物櫃、廁所與緊急求救按鈕，車友可自備換洗衣物、浴巾、盥洗物品，並將自行車或隨身物品牽 ( 帶 ) 入內確保安全。",
        "parking_score": 0.0,
        "nearest_parking": "{ \"area_name\": \"坪林區\", \"roadname\": \"國中路\", \"distance_m\": 18976 }",
        "toilet": true,
        "無障礙": true,
        "family": false,
        "steal_count": 1,
        "steal_score": 1,
        "hotel": false
      }
    },
    {
      "type": "Feature",
      "geometry": {
        "type": "Point",
        "coordinates": [
          121.69725,
          25.21357
        ]
      },
      "properties": {
        "館所名稱": "野柳燈塔",
        "建物屬性": "自然生態",
        "行政區": "萬里區",
        "地址": "新北市207萬里區野柳燈塔",
        "景點介紹": "野柳燈塔於民國56年設立，塔高11.3公尺，位於第三區龜頭山最高處，可從岬頂主要步道上通向燈塔的岔路前往，為了搭配野柳享譽中外的地形景觀，以燭臺石為範本設計成燭臺造型。燈塔設立在富貴角燈塔及基隆燈塔光照半徑之間，用以加強基隆港的導航功能。",
        "parking_score": 0.0,
        "nearest_parking": "{ \"area_name\": \"金山區\", \"roadname\": \"磺港路\", \"distance_m\": 5425 }",
        "toilet": false,
        "無障礙": false,
        "family": false,
        "steal_count": 0,
        "steal_score": 10,
        "hotel": false
      }
    },
    {
      "type": "Feature",
      "geometry": {
        "type": "Point",
        "coordinates": [
          121.92955,
          24.99984
        ]
      },
      "properties": {
        "館所名稱": "草嶺古道",
        "建物屬性": "熱門景點",
        "行政區": "貢寮區",
        "地址": "新北市228貢寮區 遠望坑到宜蘭縣頭城鎮之大里之間",
        "景點介紹": "途經新北及宜蘭交界，途經兩個重要石碑，而聲名遠播",
        "parking_score": 0.0,
        "nearest_parking": "{ \"area_name\": \"坪林區\", \"roadname\": \"國中路\", \"distance_m\": 22839 }",
        "toilet": false,
        "無障礙": false,
        "family": false,
        "steal_count": 0,
        "steal_score": 10,
        "hotel": false
      }
    },
    {
      "type": "Feature",
      "geometry": {
        "type": "Point",
        "coordinates": [
          121.46661,
          24.97804
        ]
      },
      "properties": {
        "館所名稱": "手信坊創意和菓子文化館",
        "建物屬性": "自然生態",
        "行政區": "土城區",
        "地址": "新北市236土城區國際路55號",
        "景點介紹": "三叔公食品創辦人陳世洋先生以承襲傳統並開創未來的理念，於2003年成立「手信坊」品牌，為商品再創新風貌。多年來不斷往返日本向和菓子名師勝田安一拜師學藝，以不斷的創意及美感來研發製作，並豐富和果子口感及味覺層次，努力讓每項產品不只乍見令人驚豔，入口更要回味無窮。手信坊在傳承與創新之間不斷地成長及蜕變，於2009年投入觀光工廠轉型，開放麻糬和糕點製程供遊客參觀，讓消費者可以近距離接觸製作過程。近年健康意識興起，手信坊引領和果子邁向低糖、少油、高纖、低熱量的輕食新風尚。夏目名師巡迴駐店，傳承手藝，從醫食同源的傳統食材中找出健康新創意，率先將日本養生食材‐葛粉，做為和果子主要餅皮原料。葛粉由葛根精製而成，粉質細緻，優於薯類及穀物製成的澱粉，可低溫凝結，如晶玉，似凝凍，口感Q彈帶勁，享受低熱量點心。",
        "parking_score": 10.0,
        "nearest_parking": "{ \"area_name\": \"土城區\", \"roadname\": \"永豐路242巷\", \"distance_m\": 227 }",
        "toilet": false,
        "無障礙": false,
        "family": false,
        "steal_count": 5,
        "steal_score": 1,
        "hotel": false
      }
    },
    {
      "type": "Feature",
      "geometry": {
        "type": "Point",
        "coordinates": [
          121.45878,
          25.15469
        ]
      },
      "properties": {
        "館所名稱": "紅樹林生態教育館",
        "建物屬性": "自然生態",
        "行政區": "淡水區",
        "地址": "新北市251淡水區中正東路二段68號2樓",
        "景點介紹": "公告110/4/1起關閉休館，重新整修",
        "parking_score": 1.1,
        "nearest_parking": "{ \"area_name\": \"淡水區\", \"roadname\": \"中正東路二段25巷\", \"distance_m\": 331 }",
        "toilet": true,
        "無障礙": true,
        "family": false,
        "steal_count": 1,
        "steal_score": 1,
        "hotel": true
      }
    },
    {
      "type": "Feature",
      "geometry": {
        "type": "Point",
        "coordinates": [
          121.63525,
          25.2298
        ]
      },
      "properties": {
        "館所名稱": "磺清大橋",
        "建物屬性": "自然生態",
        "行政區": "金山區",
        "地址": "新北市208金山區磺清大橋",
        "景點介紹": "新北市金山區磺清大橋因道路筆直又長，高低起伏道路被當地民眾稱為「波浪大道」，磺清路是金山最活潑的道路特有坡度有如跳舞一般，更是萬金石馬拉松的重點路段之一。途中行經金山清水農地，一探自然生態友善田園的小鶴基地，及牡丹蓮花盛開綻放的數大之美，感受獨特不凡的金山景致在金山區內清水農地、磺清大橋及臺二線40.5km旁，皆可見到牡丹蓮盛開景象及淡淡蓮花清香，牡丹蓮的花瓣有數十片至百片，因花朵碩大而狀似牡丹，故名為牡丹蓮；金山牡丹蓮花期約在每年的6月中旬至8月，想賞蓮的民眾請把握開花期，如想賞蓮或購買蓮花、蓮子相關產品的民眾，建議在上午前往，因蓮花通常在清晨開花，再加上早上露水較多、蓮花較綻放，拍照會更為美艷動人。",
        "parking_score": 2.9,
        "nearest_parking": "{ \"area_name\": \"金山區\", \"roadname\": \"中山路\", \"distance_m\": 500 }",
        "toilet": false,
        "無障礙": false,
        "family": false,
        "steal_count": 5,
        "steal_score": 1,
        "hotel": false
      }
    },
    {
      "type": "Feature",
      "geometry": {
        "type": "Point",
        "coordinates": [
          121.83261,
          25.10851
        ]
      },
      "properties": {
        "館所名稱": "琉榔路步道",
        "建物屬性": "自然生態",
        "行政區": "瑞芳區",
        "地址": "新北市224瑞芳區瑞柑琉榔路",
        "景點介紹": "琉榔路步道步道位於瑞芳琉榔腳附近，入口在九號停車場旁，這是一條由流籠路底之古道所翻修的觀光步道，古道的是山居的住民下山採買物品所走出來的路，早年九番坑也是一處礦坑口，因產量不多而沒落，然而踏踩出來的山徑重新整建後，成了大S形的步道，遊客走起來格外新鮮，登頂後兩處展望臺可以眺望基隆、瑞芳山城與海濱的景象，開闊而好看。",
        "parking_score": 0.0,
        "nearest_parking": "{ \"area_name\": \"汐止區\", \"roadname\": \"新台五路二段\", \"distance_m\": 15976 }",
        "toilet": false,
        "無障礙": false,
        "family": false,
        "steal_count": 0,
        "steal_score": 10,
        "hotel": false
      }
    },
    {
      "type": "Feature",
      "geometry": {
        "type": "Point",
        "coordinates": [
          121.6334,
          25.2412
        ]
      },
      "properties": {
        "館所名稱": "中角灣(中角灣國際衝浪基地)",
        "建物屬性": "熱門景點",
        "行政區": "金山區",
        "地址": "新北市208金山區台2線39公里處",
        "景點介紹": "徜徉在金色沙岸與雪白長浪，恣意揮灑青春的衝浪天堂",
        "parking_score": 0.0,
        "nearest_parking": "{ \"area_name\": \"金山區\", \"roadname\": \"中山路\", \"distance_m\": 1688 }",
        "toilet": true,
        "無障礙": false,
        "family": false,
        "steal_count": 0,
        "steal_score": 10,
        "hotel": false
      }
    },
    {
      "type": "Feature",
      "geometry": {
        "type": "Point",
        "coordinates": [
          121.82142,
          24.96838
        ]
      },
      "properties": {
        "館所名稱": "泰平假日農夫市集(壽山宮假日農夫市集)",
        "建物屬性": "熱門景點",
        "行政區": "雙溪區",
        "地址": "新北市227雙溪區泰平里溪尾寮45號 壽山宮牌樓下",
        "景點介紹": "「泰平假日農夫市集(壽山宮假日農夫市集)」主打當季優質蔬菜販售，標榜在地農民自給自足的優良成果。地點位於泰平里壽山宮牌樓旁，固定在每週六日及國定假日上午 9 時至中午12 時營業，現場分有農產品區及熟食區，農產品區販售絲瓜、瓠瓜、黑木耳等當地友善種植的葉菜類；熟食區則販售可立即食用的炒米粉、仙草雞及冰品等，市集寬廣約可容納 20 餘攤。遊客可以在虎豹潭風景區遊玩，體驗泰平的山林之美後，在泰平假日農夫市集稍事休息，並選購在地優質蔬菜。",
        "parking_score": 0.0,
        "nearest_parking": "{ \"area_name\": \"坪林區\", \"roadname\": \"國中路\", \"distance_m\": 11380 }",
        "toilet": true,
        "無障礙": false,
        "family": false,
        "steal_count": 0,
        "steal_score": 10,
        "hotel": false
      }
    },
    {
      "type": "Feature",
      "geometry": {
        "type": "Point",
        "coordinates": [
          121.7073,
          24.9344
        ]
      },
      "properties": {
        "館所名稱": "綠光農園",
        "建物屬性": "熱門景點",
        "行政區": "坪林區",
        "地址": "新北市232坪林區北宜路八段160號",
        "景點介紹": "在綠光農園可以品嚐到園主用心製作的綠茶、紅茶、烏龍茶、包種茶、東方美人茶等茶種，也能透過事前預約進行採茶、製茶體驗。",
        "parking_score": 5.5,
        "nearest_parking": "{ \"area_name\": \"坪林區\", \"roadname\": \"北宜路八段\", \"distance_m\": 173 }",
        "toilet": false,
        "無障礙": false,
        "family": false,
        "steal_count": 0,
        "steal_score": 10,
        "hotel": false
      }
    },
    {
      "type": "Feature",
      "geometry": {
        "type": "Point",
        "coordinates": [
          121.94472,
          25.01589
        ]
      },
      "properties": {
        "館所名稱": "福隆車站",
        "建物屬性": "熱門景點",
        "行政區": "貢寮區",
        "地址": "新北市228貢寮區福隆里福隆街2號",
        "景點介紹": "福隆是遊客夏日來北部出遊的熱門景點之一，最有名的就是便當與海水浴場，一出「福隆車站」就能看到四、五間便當店、單車店與海灘用品店，生意門庭若市。想挑戰「舊草嶺環狀自行車道」的單車遊客可以在這裡租車買便當，吃飽了再上路，出發前別忘了先做好防曬工作、買好補給水與點心喔！",
        "parking_score": 0.0,
        "nearest_parking": "{ \"area_name\": \"坪林區\", \"roadname\": \"國中路\", \"distance_m\": 24853 }",
        "toilet": true,
        "無障礙": true,
        "family": false,
        "steal_count": 0,
        "steal_score": 10,
        "hotel": true
      }
    },
    {
      "type": "Feature",
      "geometry": {
        "type": "Point",
        "coordinates": [
          121.64406,
          25.22779
        ]
      },
      "properties": {
        "館所名稱": "磺港公共浴室(黃金之湯)",
        "建物屬性": "熱門景點",
        "行政區": "金山區",
        "地址": "新北市208金山區磺港路208號",
        "景點介紹": "新北市金山區的溫泉屬大屯山地熱帶，而磺港公共浴室源泉湧出時為透明無色的泉質，經「台灣溫泉研究發展中心」證實為&quot;鐵泉&quot;，源泉湧出時為透明無色，泉中的鐵離子經接觸空氣氧化後呈金褐色泉質。此泉質在日本有「黃金之湯」的美譽，池底會產生鐵離子氧化後的沉積物，池面有礦物離子結合後的漂浮物 (在日本稱之為&quot;湯の花&quot;)，均為自然現象。戶外泡腳池溫泉採流放式，建議將原湯放涼至適溫後再浸泡，健康促進效果更佳。地點鄰近金山海水浴場、獅頭山公園及金山清水溼地，在踏完海水後，走到此處泡腳池歇息，欣賞空中乘風翱翔的老鷹和磺溪中捕食的水鳥，在金色的夕陽中浸泡著黃金之湯，享受沉靜之美。",
        "parking_score": 3.1,
        "nearest_parking": "{ \"area_name\": \"金山區\", \"roadname\": \"磺港路\", \"distance_m\": 600 }",
        "toilet": true,
        "無障礙": false,
        "family": false,
        "steal_count": 3,
        "steal_score": 1,
        "hotel": true
      }
    },
    {
      "type": "Feature",
      "geometry": {
        "type": "Point",
        "coordinates": [
          121.68721,
          25.20499
        ]
      },
      "properties": {
        "館所名稱": "野柳漁港",
        "建物屬性": "熱門景點",
        "行政區": "萬里區",
        "地址": "新北市207萬里區港西路",
        "景點介紹": "野柳漁港位於萬里區野柳里，是利用野柳半島西側之天然灣澳建成。走在野柳街上，可以感受到屬於小鎮的漁港風情，海風緩緩吹過，迎面而來的是一股海的味道。沿著野柳國小旁的仁武宮往上走，整個野柳漁港的風貌盡收眼前，當夜晚來臨，漁舟點點，非常美麗。",
        "parking_score": 0.0,
        "nearest_parking": "{ \"area_name\": \"金山區\", \"roadname\": \"磺港路\", \"distance_m\": 4734 }",
        "toilet": true,
        "無障礙": true,
        "family": false,
        "steal_count": 0,
        "steal_score": 10,
        "hotel": true
      }
    },
    {
      "type": "Feature",
      "geometry": {
        "type": "Point",
        "coordinates": [
          121.64199,
          25.22542
        ]
      },
      "properties": {
        "館所名稱": "金山青年活動中心",
        "建物屬性": "熱門景點",
        "行政區": "金山區",
        "地址": "新北市208金山區青年路1號",
        "景點介紹": "金山青年活動中心是救國團所屬，面積大、也有設立的活動中心，設施完善，有住宿、餐飲、會議中心、烤肉區、露營區、探索教育體驗區、美麗的海水浴場及佔地廣達1000坪的溫泉健身館。",
        "parking_score": 10.0,
        "nearest_parking": "{ \"area_name\": \"金山區\", \"roadname\": \"磺港路\", \"distance_m\": 405 }",
        "toilet": false,
        "無障礙": false,
        "family": false,
        "steal_count": 4,
        "steal_score": 1,
        "hotel": false
      }
    },
    {
      "type": "Feature",
      "geometry": {
        "type": "Point",
        "coordinates": [
          121.62647,
          25.23057
        ]
      },
      "properties": {
        "館所名稱": "芑豐居(李芑豐古宅)",
        "建物屬性": "自然生態",
        "行政區": "金山區",
        "地址": "新北市208金山區清水路21巷3號",
        "景點介紹": "堪稱金山當地最華麗的古厝-芑豐居，屋主當年在北台灣富甲一方，號稱李佈公。依照清朝制度，除了廟宇宗祠外，只有當官或中科舉的人家，才有資格建造燕尾裝飾的屋脊，這座李芑豐古宅可能是官宦世家，才能建造出如此華美大器的住宅；典型的三合院形式，格局方正的正屋，以及左右護龍，看來氣勢非凡，最特別的是前院外埕還保有目前台灣少見的半月形風水池!",
        "parking_score": 0.5,
        "nearest_parking": "{ \"area_name\": \"金山區\", \"roadname\": \"中山路\", \"distance_m\": 800 }",
        "toilet": false,
        "無障礙": false,
        "family": false,
        "steal_count": 0,
        "steal_score": 10,
        "hotel": false
      }
    },
    {
      "type": "Feature",
      "geometry": {
        "type": "Point",
        "coordinates": [
          121.92997,
          25.00253
        ]
      },
      "properties": {
        "館所名稱": "遠望坑親水公園",
        "建物屬性": "自然生態",
        "行政區": "貢寮區",
        "地址": "新北市228貢寮區",
        "景點介紹": "遊客可在入口停車場處，綠油油草坪上或清澈溪流裏嬉戲戲水，或登上居高臨下的木涼亭，眺望古樸的阡陌梯田及自然生態水池風光；再沿著溪旁石塊步道往內走，來到一潭平靜的水塘，池中矗立小巧拱橋及雙水亭，穿越拱橋步上觀景小橋，清澈見底的溪水，溪裏成群的臺灣溪哥魚和苦花魚，密密麻麻成群的游動煞為壯觀；選擇端坐在水中雙亭上，清澈的湖泊映著涼亭及樹影，游魚成群和栩栩如生的蓮花，如此寧靜的幽谷美景，猶如人間仙境，親臨此地，你不妨親自動手搖水泵與動腳踩水車，充分體驗田園生活樂趣。",
        "parking_score": 0.0,
        "nearest_parking": "{ \"area_name\": \"坪林區\", \"roadname\": \"國中路\", \"distance_m\": 22969 }",
        "toilet": true,
        "無障礙": true,
        "family": false,
        "steal_count": 0,
        "steal_score": 10,
        "hotel": false
      }
    },
    {
      "type": "Feature",
      "geometry": {
        "type": "Point",
        "coordinates": [
          121.42752,
          25.10372
        ]
      },
      "properties": {
        "館所名稱": "旗竿湖教育農場",
        "建物屬性": "自然生態",
        "行政區": "五股區",
        "地址": "新北市248五股區御史路166-1號",
        "景點介紹": "沿著御史路，並循著「旗竿湖農場」指示牌一路往山上走，就可以看見路旁的「綠竹筍園木棧道」，全長400公尺，可觀察綠竹筍生態，途中的觀景平臺可遠眺臺北盆地、臺北101大樓，附近還是最佳賞鷹位置，春夏之交可見29種老鷹，夏季則可賞松雀鷹、大冠鷲、鳳頭蒼鷹等留鳥。在旗竿湖教育農場園區可以喝咖啡、泡茶聊天，在魚池垂釣。農場另有拿手獨門菜「刺蔥桶仔雞」，有種特別的淡淡清香，非常好吃。",
        "parking_score": 0.0,
        "nearest_parking": "{ \"area_name\": \"五股區\", \"roadname\": \"御成路\", \"distance_m\": 1707 }",
        "toilet": false,
        "無障礙": false,
        "family": false,
        "steal_count": 0,
        "steal_score": 10,
        "hotel": false
      }
    },
    {
      "type": "Feature",
      "geometry": {
        "type": "Point",
        "coordinates": [
          121.42828,
          25.17896
        ]
      },
      "properties": {
        "館所名稱": "新北市忠烈祠",
        "建物屬性": "藝文古蹟",
        "行政區": "淡水區",
        "地址": "新北市251淡水區中正路一段6巷31號",
        "景點介紹": "忠烈祠位於淡水滬尾砲臺旁邊，古木參天，綠意盎然，為中法戰爭滬尾之役的古戰場，日本佔領台灣後，於昭和十四年(1939年)蓋了一座神社，奉祀明治天皇。台灣光復後，因年久失修，傾倒頹圮，成為廢墟，新北市政府於民國63年將其拆除並按原基座重建，保留神社原有之建築規模，但改採中國宮殿式建築，成為「新北市忠烈祠」，入祀不少抗日烈士亡靈。",
        "parking_score": 10.0,
        "nearest_parking": "{ \"area_name\": \"淡水區\", \"roadname\": \"中正路382號前迴轉道\", \"distance_m\": 366 }",
        "toilet": false,
        "無障礙": false,
        "family": false,
        "steal_count": 11,
        "steal_score": 1,
        "hotel": true
      }
    },
    {
      "type": "Feature",
      "geometry": {
        "type": "Point",
        "coordinates": [
          121.64774,
          25.23042
        ]
      },
      "properties": {
        "館所名稱": "磺港漁港",
        "建物屬性": "熱門景點",
        "行政區": "金山區",
        "地址": "新北市208金山區磺溪下游出海口",
        "景點介紹": "磺港漁港位在金山岬西南邊，利用金山的磺溪入海口闢建而成。金山岬由厚層砂岩所組成，阻擋了冬天強勁的東北季風，使得磺港得以避開東北季風直接吹襲，形成良好的避風港。磺港目前是個以延繩釣為主的港口，其西北部的沙灘從前是漁民「牽罟」捕魚的場所。由於位置良好，磺港的漁獲量豐富，因此成為金山地區重要的海鮮漁港，遊客不妨在享受金山的溫泉洗禮後，再來一頓豐盛的海鮮饗宴，為遊程劃下美好的句點。",
        "parking_score": 0.5,
        "nearest_parking": "{ \"area_name\": \"金山區\", \"roadname\": \"磺港路\", \"distance_m\": 956 }",
        "toilet": true,
        "無障礙": true,
        "family": false,
        "steal_count": 0,
        "steal_score": 10,
        "hotel": true
      }
    },
    {
      "type": "Feature",
      "geometry": {
        "type": "Point",
        "coordinates": [
          121.8563,
          25.0873
        ]
      },
      "properties": {
        "館所名稱": "貂山古道(無緣之墓登山步道)",
        "建物屬性": "熱門景點",
        "行政區": "雙溪區",
        "地址": "新北市227雙溪區瑞芳區102縣道約17公里處",
        "景點介紹": "貂山古道又名無緣之墓登山步道，全長約2700公尺，三五好友相邀漫遊步道，除可鍛鍊身體之外，還可於芳林幽谷中細細領略青山草浪之美，發思古之幽情。春臨大地之際，山崖間繁花盛開，美不勝收，引人玩賞，昔日墨客文人題之為「貂山春色」。貂山古道的建設，源於明治31年（1898年）溪流中發現砂金，一路溯源瑞芳樹梅坪山至雙溪牡丹坑山，因而發現金脈，自此採礦者趨之若鶩，也築造運送礦產之輕便車路，並興建礦務所、醫療站等設施。這條路也成為先民來往瑞芳九份與雙溪、牡丹間，從事買賣、工作所必經之路，昔時行人絡繹於途，同時也傳出如真似幻浪漫淒美之山中傳奇，像是無緣之墓的故事，存在的版本就有多種說法。不同於金字碑古道，古道沿途並沒有什麼遮蔽物，故欲前往的民眾要記得作好防晒措施。",
        "parking_score": 0.0,
        "nearest_parking": "{ \"area_name\": \"汐止區\", \"roadname\": \"新台五路二段\", \"distance_m\": 17862 }",
        "toilet": false,
        "無障礙": false,
        "family": false,
        "steal_count": 0,
        "steal_score": 10,
        "hotel": false
      }
    },
    {
      "type": "Feature",
      "geometry": {
        "type": "Point",
        "coordinates": [
          121.64544,
          25.03094
        ]
      },
      "properties": {
        "館所名稱": "白雲派出所",
        "建物屬性": "熱門景點",
        "行政區": "汐止區",
        "地址": "新北市221汐止區 汐碇路436巷36號一帶",
        "景點介紹": "汐止白雲派出所是新北市汐止區一處歷史建築，於日治時期大正9年（1920年）遺留下的十三分派出所，又稱白雲派出所。建築舊貌尚保持完好，緊鄰白色恐怖時期之鹿窟事件相關之十三分教場(後改為白雲國小)。汐止的十三分地區在1901年即設有「什三份警察官吏派出所」，隸屬於基隆廳金包里支廳。於1920年，改隸屬於臺北州七星郡警察課汐止分室，並更名為「十三分警察官吏派出所」。現在之建築為1939年5月22日落成的新廳舍，廳舍南側為行政辦公空間的洋館、北側為作為警察宿舍的和館。洋館具妻切式屋頂，正面兩側開有長條窗及小口窗、上方設有雨遮、通風陶瓦、警徽（已不存）。洋館的牆面及屋頂在2019年修復完成，而附近還保留著當時的入口門柱、升旗台座。和館則是約在1980年代已坍塌，目前僅存殘蹟。",
        "parking_score": 0.0,
        "nearest_parking": "{ \"area_name\": \"汐止區\", \"roadname\": \"芳園街\", \"distance_m\": 2235 }",
        "toilet": false,
        "無障礙": false,
        "family": false,
        "steal_count": 0,
        "steal_score": 10,
        "hotel": false
      }
    },
    {
      "type": "Feature",
      "geometry": {
        "type": "Point",
        "coordinates": [
          121.40694,
          24.87055
        ]
      },
      "properties": {
        "館所名稱": "簡單生活藍染工作室",
        "建物屬性": "自然生態",
        "行政區": "三峽區",
        "地址": "新北市237三峽區插角里90號",
        "景點介紹": "工作室裡的工作人員在幾年前無意中接觸藍染，進而得知藍染乃是早期家鄉的一項重要的文化產業，但因化學染料的發明而迅速蕭條，於 92年元月回到老家大豹溪畔成立藍染工作室，推廣藍染文化。",
        "parking_score": 0.0,
        "nearest_parking": "{ \"area_name\": \"三峽區\", \"roadname\": \"安溪路\", \"distance_m\": 6791 }",
        "toilet": true,
        "無障礙": false,
        "family": false,
        "steal_count": 0,
        "steal_score": 10,
        "hotel": true
      }
    },
    {
      "type": "Feature",
      "geometry": {
        "type": "Point",
        "coordinates": [
          121.80619,
          25.10862
        ]
      },
      "properties": {
        "館所名稱": "瑞芳火車站旅遊服務中心",
        "建物屬性": "熱門景點",
        "行政區": "瑞芳區",
        "地址": "新北市224瑞芳區明燈路3段82號",
        "景點介紹": "本服務中心位於瑞芳火車站內，每日服務人次達上千人，且瑞芳火車站旅遊服務中心榮獲交通部觀光局98年度全國交通站旅遊服務中心督導考核評比作業成績名列前3名，服務品質卓著。服服務時間為上午9時至下午6時，全年無休提供多項貼心服務。提供包括中、英、日語觀光旅遊專人諮詢服務、旅遊景點介紹、交通住宿、規劃行程服務、慶典活動、導覽解說、網路或電話查詢，97年增設媒體導覽機、電子看板，讓遊客能立即得到新北市旅遊的詳盡資訊。",
        "parking_score": 0.0,
        "nearest_parking": "{ \"area_name\": \"汐止區\", \"roadname\": \"新台五路二段\", \"distance_m\": 13439 }",
        "toilet": true,
        "無障礙": true,
        "family": false,
        "steal_count": 4,
        "steal_score": 1,
        "hotel": false
      }
    },
    {
      "type": "Feature",
      "geometry": {
        "type": "Point",
        "coordinates": [
          121.68922,
          25.20519
        ]
      },
      "properties": {
        "館所名稱": "萬里漁村生活館",
        "建物屬性": "熱門景點",
        "行政區": "萬里區",
        "地址": "新北市207萬里區野柳里港東路167號",
        "景點介紹": "這裡是以野柳國小的海洋教室作為基地而成立的，館內展出有捕魚籠、捕蟹籠、流刺網、魚探器、集魚燈、錨、釣具、釣餌等漁村常見的器物，都是從社區長輩家中倉庫搬出來的，紀錄著漁村衍替的歷史痕跡，也述說著漁民們幾十年來的辛苦血汗，觀看追想，彷彿進入早期漁村生活的時光隧道。",
        "parking_score": 0.0,
        "nearest_parking": "{ \"area_name\": \"金山區\", \"roadname\": \"磺港路\", \"distance_m\": 4911 }",
        "toilet": true,
        "無障礙": true,
        "family": false,
        "steal_count": 0,
        "steal_score": 10,
        "hotel": true
      }
    },
    {
      "type": "Feature",
      "geometry": {
        "type": "Point",
        "coordinates": [
          121.4432,
          24.97315
        ]
      },
      "properties": {
        "館所名稱": "土城藝文館",
        "建物屬性": "熱門景點",
        "行政區": "土城區",
        "地址": "新北市236土城區和平路24號",
        "景點介紹": "新北市土城區公所為提倡藝術創作風氣，發揮社會教育功能，於96年10月成立土城藝文館，為2層樓建築物，面積520平方公尺。提供創作者申辦展覽，是藝術創作者發表作品的舞臺，也是民眾享受藝術薰陶的好場所。",
        "parking_score": 10.0,
        "nearest_parking": "{ \"area_name\": \"土城區\", \"roadname\": \"金城路一段\", \"distance_m\": 134 }",
        "toilet": true,
        "無障礙": true,
        "family": false,
        "steal_count": 40,
        "steal_score": 1,
        "hotel": true
      }
    },
    {
      "type": "Feature",
      "geometry": {
        "type": "Point",
        "coordinates": [
          121.67503,
          25.01336
        ]
      },
      "properties": {
        "館所名稱": "三才靈芝農場",
        "建物屬性": "自然生態",
        "行政區": "石碇區",
        "地址": "新北市223石碇區中民里十八重溪52-1號",
        "景點介紹": "日據時代為日本高級將領軍官俱樂部，光復後成為臺陽煤礦辦公廳舍。民宿主人看中附近清幽的環境和良好的水質，雖隱蔽卻又靠近派出所的特性，既養生又安全，將之買下，也因其中難以言喻的天地靈氣，故稱三才農場。在因緣際會下，民宿主人延續自1972年來的靈芝培育經驗，開了家合法民宿和以靈芝為主食的養生藥膳餐廳。其所培育靈芝於春、秋兩季生長，新鮮靈芝隨時來都有機會嚐到。夜幕低垂時，園區內微微散發桂花香的大道旁，夕陽緩緩從藥王山落下，襯托著森林晚霞，讓人全身舒暢，忘卻俗世煩憂。",
        "parking_score": 0.0,
        "nearest_parking": "{ \"area_name\": \"石碇區\", \"roadname\": \"石崁路\", \"distance_m\": 2522 }",
        "toilet": false,
        "無障礙": false,
        "family": false,
        "steal_count": 0,
        "steal_score": 10,
        "hotel": false
      }
    },
    {
      "type": "Feature",
      "geometry": {
        "type": "Point",
        "coordinates": [
          121.479,
          25.18472
        ]
      },
      "properties": {
        "館所名稱": "錦繡莊文化園區",
        "建物屬性": "自然生態",
        "行政區": "淡水區",
        "地址": "新北市251淡水區瓦窯(磘)坑9號",
        "景點介紹": "「錦繡莊文化園區」位於淡水瓦窯(磘)坑，佔地2000多坪，園內綠草如茵，百花含笑，樹木壯偉。園主用心擘建32年，將其收藏的珍稀石雕古物與原有地景完美結合。涼亭、池塘、地穴、石階步道、詩詞字畫、佛像獅像，古事今現，處處閑雅古意，是一座結合工藝美學、自然生態、休閒遊憩的露天博物館。",
        "parking_score": 0.0,
        "nearest_parking": "{ \"area_name\": \"淡水區\", \"roadname\": \"淡金路一段\", \"distance_m\": 2434 }",
        "toilet": false,
        "無障礙": false,
        "family": false,
        "steal_count": 0,
        "steal_score": 10,
        "hotel": false
      }
    },
    {
      "type": "Feature",
      "geometry": {
        "type": "Point",
        "coordinates": [
          121.45602,
          24.9973
        ]
      },
      "properties": {
        "館所名稱": "玉美人孕婦裝觀光工廠",
        "建物屬性": "熱門景點",
        "行政區": "板橋區",
        "地址": "新北市220板橋區四川路2段16巷10號5樓",
        "景點介紹": "『在地孕玉，以人為美』: 玉美人孕婦觀光工廠 洪氏兄弟從媽媽手上接下孕婦裝生意，秉持「懷孕的女人就像玉一樣美麗」的信念，已持續經營了幾十年，他們不善花言巧語，只知道要腳踏實地在這片土地上深耕。  身為率先取得政府MIT認證的孕婦裝公司，擁有自己的生產線，從選布到成品都經過了玉美人工廠的嚴格品管；現更將工廠改建為觀光工廠，除讓民眾體驗孕婦裝製作過程，並提供多樣化的親子互動體驗，另還有不同懷孕週期的孕婦裝知識講解，現場準備了孕婦模擬道具衣，讓前來民眾能親身體會懷孕的辛苦感受，很適合年輕家庭到此一遊。",
        "parking_score": 10.0,
        "nearest_parking": "{ \"area_name\": \"板橋區\", \"roadname\": \"國慶路\", \"distance_m\": 268 }",
        "toilet": true,
        "無障礙": true,
        "family": false,
        "steal_count": 18,
        "steal_score": 1,
        "hotel": false
      }
    },
    {
      "type": "Feature",
      "geometry": {
        "type": "Point",
        "coordinates": [
          121.63832,
          25.22189
        ]
      },
      "properties": {
        "館所名稱": "廣安宮",
        "建物屬性": "藝文古蹟",
        "行政區": "金山區",
        "地址": "新北市208金山區金包里街104號",
        "景點介紹": "廣安宮創建頗早，為全台開彰聖王廟七十餘廟中的古廟，留有古物甚多，尤以一對小石獅燭台，造型奇特，今為罕見，相傳為創建時古物，距今已有兩百年以上歷史。",
        "parking_score": 10.0,
        "nearest_parking": "{ \"area_name\": \"金山區\", \"roadname\": \"忠孝一路\", \"distance_m\": 174 }",
        "toilet": true,
        "無障礙": false,
        "family": false,
        "steal_count": 5,
        "steal_score": 1,
        "hotel": true
      }
    },
    {
      "type": "Feature",
      "geometry": {
        "type": "Point",
        "coordinates": [
          121.43791,
          25.17705
        ]
      },
      "properties": {
        "館所名稱": "馬偕墓園",
        "建物屬性": "藝文古蹟",
        "行政區": "淡水區",
        "地址": "新北市251淡水區真理街26號",
        "景點介紹": "偕叡理傳教士(Dr. George Leslie Mackay)，就是我們廣為所知的馬偕博士，於1872年抵達淡水後，從此積極投入傳教、醫療以及教育活動，受到當地居民的推崇與愛戴，在1901年6月2日因喉癌病逝於淡水，葬在他深愛的淡水土地上，馬偕墓園位在淡江中學的角落，原為淡水外僑墓園，但依其遺囑用一堵圍牆將其墓與其他洋人的墓隔開，用以表明馬偕為臺灣人。現在馬偕博士的家族墓園，列為市定古蹟。",
        "parking_score": 4.8,
        "nearest_parking": "{ \"area_name\": \"淡水區\", \"roadname\": \"中正路382號前迴轉道\", \"distance_m\": 797 }",
        "toilet": true,
        "無障礙": false,
        "family": false,
        "steal_count": 21,
        "steal_score": 1,
        "hotel": true
      }
    },
    {
      "type": "Feature",
      "geometry": {
        "type": "Point",
        "coordinates": [
          121.52925,
          25.22606
        ]
      },
      "properties": {
        "館所名稱": "木屐寮農莊",
        "建物屬性": "自然生態",
        "行政區": "三芝區",
        "地址": "新北市252三芝區圓山村4鄰38號",
        "景點介紹": "農庄主人吳春發為海霸王前任行政總廚，農會推動一鄉一休閒的計劃時，吳春發毅然辭去高薪，回鄉建設。木炭窯在數十年前的三芝隨處可見，但如今遺址只有兩處，吳春發將家中已廢棄了的木炭窯整理出來，除了窯爐外，還精心設計黑板石步道、筆筒樹涼亭、碧綠竹林及主題式餐飲等。木屐寮農庄是一個世外桃源的好所在，假日可來木屐寮炕蕃薯。",
        "parking_score": 0.0,
        "nearest_parking": "{ \"area_name\": \"淡水區\", \"roadname\": \"淡金路一段\", \"distance_m\": 9146 }",
        "toilet": false,
        "無障礙": false,
        "family": false,
        "steal_count": 0,
        "steal_score": 10,
        "hotel": false
      }
    },
    {
      "type": "Feature",
      "geometry": {
        "type": "Point",
        "coordinates": [
          121.66033,
          24.99099
        ]
      },
      "properties": {
        "館所名稱": "吊腳樓",
        "建物屬性": "熱門景點",
        "行政區": "石碇區",
        "地址": "新北市223石碇區石碇東街",
        "景點介紹": "石碇東街又稱「吊腳樓」也是石碇老街，是全臺目前碩果僅存的不見天街，仔細觀察這裡的房子你就不難發現，這裡的房屋全都倚賴柱子的力量，讓房屋懸空於河床上方是非常特別的建築。過去在山區，人們為了把房屋建築在理想的地方，有時不得不將建築的一部份懸空撐起，所以石碇東街靠溪側的房子都用柱子支撐起來，由日據時代保留至今，成為別具特色的建築。這裡特殊的吊腳樓建築形式，是居民為解決腹地狹小所發展出來的。不過別以為這樣的房屋結構不可靠，因為吊腳樓的建築屹立在此數十年，時間證明了它確實穩固得很呢！",
        "parking_score": 7.7,
        "nearest_parking": "{ \"area_name\": \"石碇區\", \"roadname\": \"石碇淡蘭藝文館\", \"distance_m\": 83 }",
        "toilet": true,
        "無障礙": true,
        "family": false,
        "steal_count": 0,
        "steal_score": 10,
        "hotel": false
      }
    },
    {
      "type": "Feature",
      "geometry": {
        "type": "Point",
        "coordinates": [
          121.84341,
          25.10982
        ]
      },
      "properties": {
        "館所名稱": "九份遊客中心",
        "建物屬性": "熱門景點",
        "行政區": "瑞芳區",
        "地址": "新北市224瑞芳區汽車路89號",
        "景點介紹": "九份遊客中心位於九份派出所的東側，遊客可以從客運站牌「九份派出所」下車，再向前步行幾步路即可抵達。本遊客中心的主管機關是新北市政府觀光旅遊局，一樓是旅客服務區，二樓以上是辦公區域，不開放遊客進入。遊客中心的建築相當現代化，簡潔且清爽大方，一樓以玻璃構成牆面、鑲嵌於方柱中間，透明的內外視覺感可以鼓勵旅客踏進來參觀瀏覽。一樓地面採用洗石子，營造出一種身處礦石區的意象。玻璃牆外側與服務區內部均有木板凳可供遊客小憩。服務台後面有一張大型的三國語言簡要地圖，把水金九地區的一些主要觀光景點及其相對位置標定出來。第一次前來水金九地區的旅客，建議一定要先來遊客中心，可以節省很多不必要的摸索，提前一覽水金九地區的整個概況、取得寶貴資訊。旅客其他狀況例如不知道景點在哪裡、不知道該怎麼走、查詢客運車輛班車時間、各...",
        "parking_score": 0.0,
        "nearest_parking": "{ \"area_name\": \"汐止區\", \"roadname\": \"新台五路二段\", \"distance_m\": 17063 }",
        "toilet": true,
        "無障礙": true,
        "family": false,
        "steal_count": 0,
        "steal_score": 10,
        "hotel": false
      }
    },
    {
      "type": "Feature",
      "geometry": {
        "type": "Point",
        "coordinates": [
          121.84803,
          25.11209
        ]
      },
      "properties": {
        "館所名稱": "山尖路步道",
        "建物屬性": "自然生態",
        "行政區": "瑞芳區",
        "地址": "新北市224瑞芳區山尖路174號",
        "景點介紹": "山尖路步道位於九份隔頂往金瓜石方向，是聯絡九份到金瓜石、水湳洞的古道，這條順著早年開採金礦的山徑而闢建的步道，由於沿線可以緬懷舊淘金時期的舊拱橋（也稱黃金橋）景觀，行走起來讓人不由發思古之幽情。步道位於基隆山東側，古道旁還有許多民居，沿此步道向下行，可遠眺陰陽海。",
        "parking_score": 0.0,
        "nearest_parking": "{ \"area_name\": \"汐止區\", \"roadname\": \"新台五路二段\", \"distance_m\": 17580 }",
        "toilet": false,
        "無障礙": false,
        "family": false,
        "steal_count": 0,
        "steal_score": 10,
        "hotel": false
      }
    },
    {
      "type": "Feature",
      "geometry": {
        "type": "Point",
        "coordinates": [
          121.66094,
          24.99069
        ]
      },
      "properties": {
        "館所名稱": "石碇百年石頭屋",
        "建物屬性": "熱門景點",
        "行政區": "石碇區",
        "地址": "新北市223石碇區石碇東街53號",
        "景點介紹": "石頭厝約民國前六年建造左邊兩邊，右邊(廚房)則是數年後再建造完成。石頭屋是指東街裡兩戶相連的中藥行與雜貨舖，裡頭的階梯牆壁都是鑿石而成，大廳裡擺設中藥櫃、石臼、手秤等先人遺留的器物，從石階往上爬，可以看到一處後花園，石頭桌椅都爬滿了青苔，石壁上還隱約可以看到佛像的痕跡。在石碇東街的街道裡有著近百年歷史的老屋，相當具有早期的石碇特色，裡面有相當多的石器以及古老的製藥器材，讓您可以體驗一下從前人生活在其中的感覺。",
        "parking_score": 7.7,
        "nearest_parking": "{ \"area_name\": \"石碇區\", \"roadname\": \"湳窟路\", \"distance_m\": 73 }",
        "toilet": true,
        "無障礙": true,
        "family": false,
        "steal_count": 0,
        "steal_score": 10,
        "hotel": false
      }
    },
    {
      "type": "Feature",
      "geometry": {
        "type": "Point",
        "coordinates": [
          121.72429,
          25.02396
        ]
      },
      "properties": {
        "館所名稱": "菁桐礦業生活館",
        "建物屬性": "自然生態",
        "行政區": "平溪區",
        "地址": "新北市226平溪區菁桐里菁桐街113-117號",
        "景點介紹": "平溪區因煤礦開採而興盛，亦因煤礦停採而沒落，用過去的臺鐵員工宿舍，重新整修成的菁桐礦業生活館，裡面展示了菁桐礦業的發展歷程，現今區內的礦場皆已停擺，卻遺留下可觀的產業遺址，成為地方的特色資源，如菁桐車站、選洗煤場、平溪招待所，即被列入文建會2001臺灣歷史百景。 結合觀光資源，讓外來遊客藉由本館深入了解在地的歷史文物及鄉土人情。",
        "parking_score": 0.0,
        "nearest_parking": "{ \"area_name\": \"汐止區\", \"roadname\": \"新台五路二段\", \"distance_m\": 6615 }",
        "toilet": true,
        "無障礙": true,
        "family": false,
        "steal_count": 0,
        "steal_score": 10,
        "hotel": false
      }
    },
    {
      "type": "Feature",
      "geometry": {
        "type": "Point",
        "coordinates": [
          121.85738,
          25.0507
        ]
      },
      "properties": {
        "館所名稱": "聖南寺",
        "建物屬性": "自然生態",
        "行政區": "雙溪區",
        "地址": "新北市227雙溪區聖南30號",
        "景點介紹": "牡丹里聖南路興道山上的聖南寺，分為上寺與下寺二處，上寺創建於民國16年，下寺興建於民國29年，寺內奉祀釋迦牟尼佛、藥師佛、日光佛、月光佛、菩薩、護法神、觀音、地藏王等。寺內建築有琉璃光寶殿、彌陀殿、觀音殿、大雄寶殿、地藏殿等，各有其風格與特色，四週林木蒼鬱，環境幽靜雅素，晨鐘暮鼓，令人有如置身世外之感，詩人筆下「雙溪八景」的「聖寺鐘聲」更是名聞遐邇。可駕車自山下直上，每逢朔望或佛祖聖誕，香客絡繹不絕。",
        "parking_score": 0.0,
        "nearest_parking": "{ \"area_name\": \"汐止區\", \"roadname\": \"新台五路二段\", \"distance_m\": 17961 }",
        "toilet": false,
        "無障礙": false,
        "family": false,
        "steal_count": 0,
        "steal_score": 10,
        "hotel": false
      }
    },
    {
      "type": "Feature",
      "geometry": {
        "type": "Point",
        "coordinates": [
          121.84418,
          25.10792
        ]
      },
      "properties": {
        "館所名稱": "聖明宮",
        "建物屬性": "自然生態",
        "行政區": "瑞芳區",
        "地址": "新北市224瑞芳區街頂巷56號",
        "景點介紹": "聖明宮主要祭祀關聖帝君，最初是光緒初年祀奉在金山區的民宅內，昭和11年(1936年)，將關聖帝君神像移到九份的崙仔頂。民國37年(1948年)在原址成立勸忠堂，同祀孚佑帝君、司命真君、豁落靈官以及武穆帝君，合稱五盛恩主公。民國39年(1950年)才在現址建立廟宇，次年將勸忠堂遷來新址。民國65年(1976年)更改名為聖明宮。由於聖明宮地勢高，廟前的平臺又極為寬敞，因此在這裡不僅可以欣賞廟宇之美，還可將瑞濱海域的自然景觀盡收眼裡。聖明宮在各項九份的活動中，為廟宇的中心，所以每年迓媽祖都以聖明宮作為起迄點。",
        "parking_score": 0.0,
        "nearest_parking": "{ \"area_name\": \"汐止區\", \"roadname\": \"新台五路二段\", \"distance_m\": 17083 }",
        "toilet": true,
        "無障礙": false,
        "family": false,
        "steal_count": 0,
        "steal_score": 10,
        "hotel": false
      }
    },
    {
      "type": "Feature",
      "geometry": {
        "type": "Point",
        "coordinates": [
          121.85376,
          25.07851
        ]
      },
      "properties": {
        "館所名稱": "十三層親水園區",
        "建物屬性": "自然生態",
        "行政區": "雙溪區",
        "地址": "新北市227雙溪區",
        "景點介紹": "園區於民國94年竣工，周圍山林綠樹環伺，綠意盎然，藍天白雲佐以徐徐的微風，令人感覺通體舒暢。園區溪水潺潺，草色青青，旁有農家梯田層層，零星的房舍，純樸優雅，是俯拾寧靜的好去處。",
        "parking_score": 0.0,
        "nearest_parking": "{ \"area_name\": \"汐止區\", \"roadname\": \"新台五路二段\", \"distance_m\": 17520 }",
        "toilet": false,
        "無障礙": false,
        "family": false,
        "steal_count": 0,
        "steal_score": 10,
        "hotel": false
      }
    },
    {
      "type": "Feature",
      "geometry": {
        "type": "Point",
        "coordinates": [
          121.56798,
          24.92113
        ]
      },
      "properties": {
        "館所名稱": "直潭山登山步道",
        "建物屬性": "熱門景點",
        "行政區": "新店區",
        "地址": "新北市231新店區直潭山",
        "景點介紹": "海拔728.8公尺直潭山座落在新北市新店區屈尺地區的新店溪附近，山頂西北方可眺望花園新城社區，主稜為雪山北北稜，南與大桶山、羅宏諸山抗禮，西與熊空山、獅子山相望，本區有數條健行活動的路線，路程有長有短，全憑喜好，其中主要的路線為直潭山列大縱走，全程需走過七座山頭，如中嶺山、雞心尖、暗寶劍山、赤腳蘭山、石碇後山等(足足超過 25公里)，但由於路途遠且起伏甚大，除了腳健的山友外，一般是不宜做如此長途跋涉。",
        "parking_score": 0.0,
        "nearest_parking": "{ \"area_name\": \"新店區\", \"roadname\": \"北宜路二段\", \"distance_m\": 3578 }",
        "toilet": false,
        "無障礙": false,
        "family": false,
        "steal_count": 0,
        "steal_score": 10,
        "hotel": false
      }
    },
    {
      "type": "Feature",
      "geometry": {
        "type": "Point",
        "coordinates": [
          121.68187,
          24.91594
        ]
      },
      "properties": {
        "館所名稱": "金溪駐在所",
        "建物屬性": "自然生態",
        "行政區": "坪林區",
        "地址": "新北市232坪林區金瓜寮17號",
        "景點介紹": "坪林是臺灣北部知名的茶鄉，不但有豐富的自然資源，古厝老宅也靜靜紀錄下這裡的人文故事。日治時期為了治安、稅收及監控反抗民眾，日本人在此設立派出所，至今已有百年歷史。現已變身為私人民宅的金溪駐在所，僅將面臨路衝的正門略往左移，石磚、黑瓦和建築形式仍維持原始日式風味，古樸而別緻，隱約還可感覺到昔日派出所的威嚴氣氛。金溪駐在所就在金溪一號橋旁，巷口豎立「日據時代舊派出所」的標誌，從金溪一號橋旁進入即可抵達。",
        "parking_score": 0.0,
        "nearest_parking": "{ \"area_name\": \"坪林區\", \"roadname\": \"北宜路八段\", \"distance_m\": 3123 }",
        "toilet": false,
        "無障礙": false,
        "family": false,
        "steal_count": 0,
        "steal_score": 10,
        "hotel": false
      }
    },
    {
      "type": "Feature",
      "geometry": {
        "type": "Point",
        "coordinates": [
          121.86653,
          25.03855
        ]
      },
      "properties": {
        "館所名稱": "雙溪車站",
        "建物屬性": "自然生態",
        "行政區": "雙溪區",
        "地址": "新北市227雙溪區新基里朝陽街1號",
        "景點介紹": "雙溪站早期被稱為「頂雙溪驛」，原為木造車站，後因煤礦發達，旅客人數日增，客貨業務日益成長，為業務需求，後改建成水泥站房。雙溪站的月臺及路基較高，故車站都比鐵軌及月台還要低。",
        "parking_score": 0.0,
        "nearest_parking": "{ \"area_name\": \"坪林區\", \"roadname\": \"國中路\", \"distance_m\": 18955 }",
        "toilet": true,
        "無障礙": true,
        "family": false,
        "steal_count": 1,
        "steal_score": 1,
        "hotel": false
      }
    },
    {
      "type": "Feature",
      "geometry": {
        "type": "Point",
        "coordinates": [
          121.54307,
          24.96827
        ]
      },
      "properties": {
        "館所名稱": "新店文史館",
        "建物屬性": "熱門景點",
        "行政區": "新店區",
        "地址": "新北市231新店區北新路一段92號",
        "景點介紹": "隸屬於新店圖書館的「新店文史館」位於馬公公園內，即臺北捷運新店區公所站正對面的加油站旁，僅有一樓的平面展場，120坪的展示空間除了有展示前人生活物件(新店地區居民多是閩南漳泉地區移民後裔)與大新店地區發展之文史資料的常設展場，另每半年會有更換主題的特展展場。",
        "parking_score": 10.0,
        "nearest_parking": "{ \"area_name\": \"新店區\", \"roadname\": \"北新路一段88巷\", \"distance_m\": 133 }",
        "toilet": true,
        "無障礙": true,
        "family": false,
        "steal_count": 20,
        "steal_score": 1,
        "hotel": false
      }
    },
    {
      "type": "Feature",
      "geometry": {
        "type": "Point",
        "coordinates": [
          121.4405,
          24.96806
        ]
      },
      "properties": {
        "館所名稱": "義塚大墓公",
        "建物屬性": "自然生態",
        "行政區": "土城區",
        "地址": "新北市236土城區忠義路61號",
        "景點介紹": "義塚大墓公，原稱難民萬善同歸墓，又稱擺接義塚大墓公，俗稱土城大墓公、大墓公，是北臺灣的著名墳墓與有應公廟，據說清領時期土城、板橋一帶原住民時來搶奪漢人金錢、糧食，甚至殺人出草，而鄉民祭祀義塚大墓公均能得到庇佑而擊退原住民，故當地開墾者以佃農田租作為香火錢，香火鼎盛，而今，已經成為土城、板橋、中和三行政區的共同信仰，故本廟廟務由三市區長共同主持。2010年五都改制前，則以三縣轄市市長聯名管理。",
        "parking_score": 10.0,
        "nearest_parking": "{ \"area_name\": \"土城區\", \"roadname\": \"金城路一段\", \"distance_m\": 121 }",
        "toilet": true,
        "無障礙": true,
        "family": false,
        "steal_count": 39,
        "steal_score": 1,
        "hotel": true
      }
    },
    {
      "type": "Feature",
      "geometry": {
        "type": "Point",
        "coordinates": [
          121.36563,
          24.87692
        ]
      },
      "properties": {
        "館所名稱": "五寮尖登山步道",
        "建物屬性": "熱門景點",
        "行政區": "三峽區",
        "地址": "新北市237三峽區五寮尖山",
        "景點介紹": "五寮尖之海拔為639公尺，五寮尖又叫湊合山或鳳髻尖，山形如同五座像拳頭般高低起伏的岩峰，站在山峰上可遠瞰三峽溪流域和鶯歌、樹林，視野開闊。攀登五寮尖常須繩索拉爬、四肢並用才能前進，其中一段名為峭壁雄峰段，為長約30餘公尺的斷崖，崖壁草木不生，左右皆為萬丈深淵，行走起來須小心謹慎。",
        "parking_score": 0.0,
        "nearest_parking": "{ \"area_name\": \"三峽區\", \"roadname\": \"安溪路\", \"distance_m\": 4923 }",
        "toilet": false,
        "無障礙": false,
        "family": false,
        "steal_count": 0,
        "steal_score": 10,
        "hotel": false
      }
    },
    {
      "type": "Feature",
      "geometry": {
        "type": "Point",
        "coordinates": [
          121.4865,
          25.07219
        ]
      },
      "properties": {
        "館所名稱": "三重林氏古厝(崇德居)",
        "建物屬性": "熱門景點",
        "行政區": "三重區",
        "地址": "新北市241三重區自強路三段34巷12號",
        "景點介紹": "又名崇德居，建於八十幾年前，是三重唯一保存完整的古厝。紅牆紅瓦的三合院落，雖置身鬧市裡，卻有恬靜安然的氣息，那種舊時的生活痕跡，溫暖許多人的記憶，屋頂簷樑間的剪黏和厝身的水車堵，出自名師陳天乞之手，大廳則是由建造先嗇宮的師傅群完成，氣派莊嚴，極具觀賞價值，若幸運得遇主人，可詢問是否可以入內參觀。",
        "parking_score": 10.0,
        "nearest_parking": "{ \"area_name\": \"三重區\", \"roadname\": \"自強路三段\", \"distance_m\": 42 }",
        "toilet": true,
        "無障礙": true,
        "family": false,
        "steal_count": 12,
        "steal_score": 1,
        "hotel": false
      }
    },
    {
      "type": "Feature",
      "geometry": {
        "type": "Point",
        "coordinates": [
          121.39374,
          24.97158
        ]
      },
      "properties": {
        "館所名稱": "山仔腳公園",
        "建物屬性": "自然生態",
        "行政區": "樹林區",
        "地址": "新北市238樹林區地政事務所旁",
        "景點介紹": "山仔腳公園位於樹林區地政事務所旁，依隨著鹿角溪，佔地約2600平方公尺，溪岸搭建木棧道，供人欣賞溪中小魚兒，黃昏時，可坐溪岸觀賞日落景色，是山佳地區休閒活動的好地方。",
        "parking_score": 7.9,
        "nearest_parking": "{ \"area_name\": \"樹林區\", \"roadname\": \"地政街\", \"distance_m\": 54 }",
        "toilet": true,
        "無障礙": true,
        "family": false,
        "steal_count": 0,
        "steal_score": 10,
        "hotel": false
      }
    },
    {
      "type": "Feature",
      "geometry": {
        "type": "Point",
        "coordinates": [
          121.3625,
          24.95944
        ]
      },
      "properties": {
        "館所名稱": "二坑隧道",
        "建物屬性": "熱門景點",
        "行政區": "鶯歌區",
        "地址": "新北市239鶯歌區建德二巷14號",
        "景點介紹": "位在孫龍步道途中的鶯石亭附近，以前是輕便車路(運煤鐵路)，供載運煤礦來往附近已封坑多年的五益煤礦二坑。這條小隧道所在的輕便車路段，原本是一處彎度比較大的彎道，相關單位為顧及安全，遂截彎取直，開鑿這段小隧道。由於二坑隧道是鶯歌山區唯一的小隧道，長度僅約有十公尺，寬度也僅五公尺，屬於比較少見的迷你型隧道，常引起登山民眾好奇觀看或拍照留念。",
        "parking_score": 1.5,
        "nearest_parking": "{ \"area_name\": \"鶯歌區\", \"roadname\": \"建國路\", \"distance_m\": 644 }",
        "toilet": false,
        "無障礙": false,
        "family": false,
        "steal_count": 0,
        "steal_score": 10,
        "hotel": false
      }
    },
    {
      "type": "Feature",
      "geometry": {
        "type": "Point",
        "coordinates": [
          121.45494,
          25.03446
        ]
      },
      "properties": {
        "館所名稱": "文昌祠",
        "建物屬性": "藝文古蹟",
        "行政區": "新莊區",
        "地址": "新北市242新莊區文德里碧江街20號",
        "景點介紹": "新莊文昌祠供奉文昌帝君。慈祐宮於雍正七年(西元1729年)重修時配祀文昌帝君，嘉慶十八年(西元1813年)新莊縣丞曹汝霖捐建文昌祠於慈祐宮右後側，之後，艋舺縣丞傳端銓及士紳陳士璋等則於光緒元年(1875年)將其遷建於現址。本祠歷經一百二十一年，經八度重修(查無資料無法確認)，因具開發與歷史價值，且保留較完整，目前列為三級古蹟。文昌祠於興直公學校(光緒二十四年，西元1898年) 設立「臺北國語傳習所新莊分教場」，興建完成前是義塾所在，學童皆在此受教，與孔廟同等地位，具有孔廟功能。新莊於嘉慶年間便有文昌祠，可想見本地文風鼎盛，而本祠對新莊文化的發展也深具意義，應善加維護保存，使其再度發揮社教功能。",
        "parking_score": 5.5,
        "nearest_parking": "{ \"area_name\": \"新莊區\", \"roadname\": \"文昌陸橋側高灘地\", \"distance_m\": 33 }",
        "toilet": true,
        "無障礙": true,
        "family": false,
        "steal_count": 16,
        "steal_score": 1,
        "hotel": true
      }
    },
    {
      "type": "Feature",
      "geometry": {
        "type": "Point",
        "coordinates": [
          121.43449,
          25.17603
        ]
      },
      "properties": {
        "館所名稱": "理學堂大書院",
        "建物屬性": "藝文古蹟",
        "行政區": "淡水區",
        "地址": "新北市251淡水區真理街32號",
        "景點介紹": "「理學堂大書院」又名「牛津學堂」，於1882年落成，是當時教會培訓傳教、醫療、教育等人員的基地。馬偕為了紀念鄉人的支援，乃以其故鄉郡名「牛津」來命名，以示飲水思源之意。牛津學堂可說是真理大學、淡江中學等校的搖籃，建築上頗富中國傳統建築色彩，由馬偕博士親自設計，採用均衡對稱，坐北朝南，同時屋脊立有八座小佛塔，以代替十字架。整體建材使用清水磚與閩南瓦，皆由廈門運入，其中小紅磚外面刷以油漆，以防風雨，且其尺寸比本地稍扁且長；三合土則是以蒸熟的糯米，加上石灰與糖漿搗製而成。目前已被列為國家二級古蹟。",
        "parking_score": 5.9,
        "nearest_parking": "{ \"area_name\": \"淡水區\", \"roadname\": \"中正路382號前迴轉道\", \"distance_m\": 438 }",
        "toilet": true,
        "無障礙": false,
        "family": false,
        "steal_count": 19,
        "steal_score": 1,
        "hotel": false
      }
    },
    {
      "type": "Feature",
      "geometry": {
        "type": "Point",
        "coordinates": [
          121.37749,
          25.06875
        ]
      },
      "properties": {
        "館所名稱": "新北市立圖書館林口東勢閱讀室",
        "建物屬性": "自然生態",
        "行政區": "林口區",
        "地址": "新北市244林口區麗園一街35號2樓",
        "景點介紹": "在室內閱讀也能同時親近大自然的美景？新北市立圖書館林口東勢閱讀室就有這樣的神奇設計，精心打造的銀河帶狀造型天花板，讓你一抬頭就能欣賞絕美星空；而館內的整體空間以白色作為基底色調，並以銀色和灰色作為點綴，讓整個圖書館具有強烈的科技未來感，時尚又前衛，也讓人彷彿有穿梭宇宙和時空的奇妙感受。 林口東勢閱讀室主要分為三大區，包括沙發閱覽區、玻璃屋閱覽區及自修閱覽區。來到這裡，閱讀空間不再是冷冰生硬的無趣擺設，你可以帶著書本進入超夢幻的透明玻璃屋，想像自己漂浮在透明星球上；抑或是窩進舒服的沙發區享受身心放鬆的片刻；也可以坐在大片落地窗旁的典雅白色座椅上，一邊細細品味文字之美，一邊感受自然採光和遼闊視野；若是想要專心研讀，也能選擇設有分隔板的座位區，這裡設有專屬的檯燈和插座，十分貼心。 在圖書館內就能享...",
        "parking_score": 10.0,
        "nearest_parking": "{ \"area_name\": \"林口區\", \"roadname\": \"忠孝路\", \"distance_m\": 59 }",
        "toilet": true,
        "無障礙": true,
        "family": false,
        "steal_count": 1,
        "steal_score": 1,
        "hotel": false
      }
    },
    {
      "type": "Feature",
      "geometry": {
        "type": "Point",
        "coordinates": [
          121.41927,
          25.09637
        ]
      },
      "properties": {
        "館所名稱": "五股智光禪寺",
        "建物屬性": "自然生態",
        "行政區": "五股區",
        "地址": "新北市248五股區民義路二段21號",
        "景點介紹": "智光禪寺位於新北市五股區，是如學法師所創建的三個道場之一。20幾年前原本只是一座私人的小佛堂，為在家人修持的場所，大約於民國87、58年間，機緣成熟乃聘請如學法師到此主持寺務。現在的智光禪寺是一座建築宏偉的佛剎，佔地十分廣闊，寺內草木扶疏，青山綠水美不勝收智光禪寺的舊山門舊山門原本是在大雄寶殿正前方，門前還有一口池塘，後改建在寺院左側，舊山門也因此而廢棄了。智光禪寺」南接林口，有竹林寺可供遊覽，北望八里淡海有「寶纈禪寺」、「西雲禪寺」兩座古剎，又和觀音山的「凌雲禪寺」毗鄰，可謂地靈人傑。",
        "parking_score": 0.0,
        "nearest_parking": "{ \"area_name\": \"五股區\", \"roadname\": \"工商路115巷\", \"distance_m\": 2124 }",
        "toilet": false,
        "無障礙": false,
        "family": false,
        "steal_count": 0,
        "steal_score": 10,
        "hotel": false
      }
    },
    {
      "type": "Feature",
      "geometry": {
        "type": "Point",
        "coordinates": [
          121.45448,
          25.08736
        ]
      },
      "properties": {
        "館所名稱": "蘆堤寵物公園",
        "建物屬性": "熱門景點",
        "行政區": "五股區",
        "地址": "新北市248五股區環提大道",
        "景點介紹": "佔地約17公頃，有一個狹長型的運河-微風運河，天氣晴朗時會有喜歡划船、輕艇的民眾來這裡，公園的南側則設有小型賽車練習場與溜冰場，此地在假日時，亦是民眾戶外休閒活動另一種選擇。",
        "parking_score": 10.0,
        "nearest_parking": "{ \"area_name\": \"蘆洲區\", \"roadname\": \"環堤大道\", \"distance_m\": 83 }",
        "toilet": false,
        "無障礙": false,
        "family": false,
        "steal_count": 17,
        "steal_score": 1,
        "hotel": false
      }
    },
    {
      "type": "Feature",
      "geometry": {
        "type": "Point",
        "coordinates": [
          121.42556,
          25.16234
        ]
      },
      "properties": {
        "館所名稱": "左岸劇場",
        "建物屬性": "自然生態",
        "行政區": "八里區",
        "地址": "新北市249八里區觀海大道",
        "景點介紹": "左岸劇場位在八里左岸的一角，在這裡有時會舉行藝文活動及表演，像是八里的藝術節、街頭藝人即興秀等，讓你在觀賞自然美景之餘，更能感受到來自於人的感動。",
        "parking_score": 10.0,
        "nearest_parking": "{ \"area_name\": \"八里區\", \"roadname\": \"忠四街\", \"distance_m\": 63 }",
        "toilet": true,
        "無障礙": true,
        "family": false,
        "steal_count": 0,
        "steal_score": 10,
        "hotel": false
      }
    },
    {
      "type": "Feature",
      "geometry": {
        "type": "Point",
        "coordinates": [
          121.41644,
          25.16647
        ]
      },
      "properties": {
        "館所名稱": "挖子尾自然保留區",
        "建物屬性": "自然生態",
        "行政區": "八里區",
        "地址": "新北市249八里區挖子尾街",
        "景點介紹": "天然地理教室，觀賞大自然濕地生態",
        "parking_score": 10.0,
        "nearest_parking": "{ \"area_name\": \"八里區\", \"roadname\": \"觀海大道\", \"distance_m\": 400 }",
        "toilet": false,
        "無障礙": false,
        "family": false,
        "steal_count": 0,
        "steal_score": 10,
        "hotel": false
      }
    },
    {
      "type": "Feature",
      "geometry": {
        "type": "Point",
        "coordinates": [
          121.39797,
          25.14211
        ]
      },
      "properties": {
        "館所名稱": "樂福卡丁小型賽車場",
        "建物屬性": "熱門景點",
        "行政區": "八里區",
        "地址": "新北市249八里區荖阡坑路18之18號",
        "景點介紹": "八里樂福卡丁小型賽車場是「雙北地區唯一」提供安全競速的小型賽車場地，400米跑道，適合三五好友，親子出遊或是企業團體一同來體驗小型賽車的飆速快感，並擁有可容納50人之室內空調大面積景觀窗空間，提供輕食及冷熱飲。",
        "parking_score": 9.6,
        "nearest_parking": "{ \"area_name\": \"八里區\", \"roadname\": \"訊塘二路\", \"distance_m\": 337 }",
        "toilet": true,
        "無障礙": true,
        "family": false,
        "steal_count": 2,
        "steal_score": 1,
        "hotel": false
      }
    },
    {
      "type": "Feature",
      "geometry": {
        "type": "Point",
        "coordinates": [
          121.43453,
          25.17368
        ]
      },
      "properties": {
        "館所名稱": "淡水漁業生活文化影像館",
        "建物屬性": "藝文古蹟",
        "行政區": "淡水區",
        "地址": "新北市251淡水區中正路233-2號",
        "景點介紹": "位於淡水河堤旁的淡水漁業生活文化影像館於2007年開幕，館內陳列許多黑白色系的淡水風景明信片，是館長長期拍攝作品，三代世居淡水的他，將對淡水的濃厚情感寄寓於一張張黑白照片中。此處原為老油庫機房，係由館長經兩年努力，才向淡水漁會租借成功。館長因深信「親筆信函的力量」，特別鼓勵活在電腦世代下的小孩親自體驗手寫文字的感動，只要是小學生來此寫信寄給學校老師，都可免費獲得一張明信片。",
        "parking_score": 1.3,
        "nearest_parking": "{ \"area_name\": \"淡水區\", \"roadname\": \"中正路382號前迴轉道\", \"distance_m\": 480 }",
        "toilet": true,
        "無障礙": false,
        "family": false,
        "steal_count": 18,
        "steal_score": 1,
        "hotel": true
      }
    },
    {
      "type": "Feature",
      "geometry": {
        "type": "Point",
        "coordinates": [
          121.46467,
          25.17502
        ]
      },
      "properties": {
        "館所名稱": "滬尾水道",
        "建物屬性": "自然生態",
        "行政區": "淡水區",
        "地址": "新北市251淡水區水源街二段346巷5號",
        "景點介紹": "日據時代，日人為解決臺灣自來水問題，於西元1896年聘英籍技師巴爾頓為臺灣總督府衛生工程顧問技師，負責自來水廠設計與施工，現在的「雙峻頭淡水自來水廠」即是臺灣首座自來水廠。造型古典的石砌拱門，上方刻有「滬尾水源」字樣，歷經一世紀的水道，清澈依舊，至今仍源源不絶地供應淡水地區用水。現在的「滬尾水道」是屬於低海拔的天然地下水源，位處於淡水區水源街的山麓，享有臺灣第一自來水道的美稱。",
        "parking_score": 0.5,
        "nearest_parking": "{ \"area_name\": \"淡水區\", \"roadname\": \"淡金路一段\", \"distance_m\": 826 }",
        "toilet": false,
        "無障礙": false,
        "family": false,
        "steal_count": 0,
        "steal_score": 10,
        "hotel": false
      }
    },
    {
      "type": "Feature",
      "geometry": {
        "type": "Point",
        "coordinates": [
          121.51802,
          25.20721
        ]
      },
      "properties": {
        "館所名稱": "三芝三板橋",
        "建物屬性": "自然生態",
        "行政區": "三芝區",
        "地址": "新北市252三芝區北新路(往上走)",
        "景點介紹": "位於大屯溪上游，店子里菜公坑與圓山里的交界處，橋樑橫跨大屯溪，分三段皆以石板架設而成，故稱三板橋，也是大屯溪古道在北新莊的入口。在清朝時，是通往淡水的要道，更是經濟物資運出的通道，如今這座具有上百年歷史的橋樑，雖已不復當時的地位，但仍可看出當時橋的原貌，實屬不易，已被列為市定古蹟。此處擁有大屯溪自然之美，流水潺潺，兩旁更是翠綠盎然，群山環抱，古木參天，美不勝收。",
        "parking_score": 0.0,
        "nearest_parking": "{ \"area_name\": \"淡水區\", \"roadname\": \"淡金路一段\", \"distance_m\": 7064 }",
        "toilet": true,
        "無障礙": false,
        "family": false,
        "steal_count": 0,
        "steal_score": 10,
        "hotel": false
      }
    },
    {
      "type": "Feature",
      "geometry": {
        "type": "Point",
        "coordinates": [
          121.47742,
          25.24855
        ]
      },
      "properties": {
        "館所名稱": "櫻木花道",
        "建物屬性": "自然生態",
        "行政區": "三芝區",
        "地址": "新北市252三芝區大湖路(鄉道北7線)",
        "景點介紹": "自民國85年起陸續在道路旁栽種櫻花，至目前已種植多達15,000多株，總長近70公里；比較知名的櫻花道包含了大湖路、青山路等，盛產各式貝類，沿線有咖啡站，還有賞景步道和景觀台；在北海岸『海天共一色』的景象中，不論是戲水、弄潮、踏浪、雕沙或漫步於沙灘，或者靜聽濤聲、觀賞黃金落日，晚上細數滿天星辰，在淺水灣少一點喧嘩，卻多一分寧靜。",
        "parking_score": 0.0,
        "nearest_parking": "{ \"area_name\": \"淡水區\", \"roadname\": \"崁頂二路\", \"distance_m\": 6728 }",
        "toilet": false,
        "無障礙": false,
        "family": false,
        "steal_count": 0,
        "steal_score": 10,
        "hotel": false
      }
    },
    {
      "type": "Feature",
      "geometry": {
        "type": "Point",
        "coordinates": [
          121.6511,
          25.07196
        ]
      },
      "properties": {
        "館所名稱": "香帥蛋糕芋製所",
        "建物屬性": "熱門景點",
        "行政區": "汐止區",
        "地址": "新北市221汐止區汐萬路一段211巷26號",
        "景點介紹": "香帥蛋糕成立於1982年開始創辦人王志德先生，每一個向前的步伐都誠懇、用心並且踏實。不斷研發新口味的蛋糕希望能帶來風味多元、口感獨特、物超所值的平民美味甜點。在一次偶然的機會，吃到花蓮的原住民朋友所種植的芋頭，絕佳口感令他印象深刻，也讓他產生製作芋頭蛋糕的想法。憑藉著毅力與決心，最後研究出水分子與糖分的最佳比例，讓蛋糕能保持新鮮原味，這也是招牌爆漿芋泥卷從1985年風行至今，贏得美譽的原因。香帥蛋糕致力於發展汐止地方觀光，藉助自身耕耘多年的品牌力和對產業的影響力，同時投入綠能產業，本館屋頂建置了18kw的太陽能光電發電系統，將香帥蛋糕芋製所結合太陽能光電發電系統，成為實質發揮功效的示範場域，讓更多民眾進一步認識並加入綠能產業，共同守護台灣的環境！",
        "parking_score": 7.9,
        "nearest_parking": "{ \"area_name\": \"汐止區\", \"roadname\": \"汐萬路一段\", \"distance_m\": 359 }",
        "toilet": false,
        "無障礙": false,
        "family": false,
        "steal_count": 2,
        "steal_score": 1,
        "hotel": false
      }
    },
    {
      "type": "Feature",
      "geometry": {
        "type": "Point",
        "coordinates": [
          121.40141,
          25.07585
        ]
      },
      "properties": {
        "館所名稱": "吳福洋襪子故事館",
        "建物屬性": "熱門景點",
        "行政區": "林口區",
        "地址": "新北市244林口區工二工業區工九路3號",
        "景點介紹": "吳福洋襪子故事館完整保存台灣織襪產業發展與企業歷史的珍貴史料，現場並展示織襪流程；館內展覽規劃結合傳統與創新，強調知識與趣味性，讓來參觀的您深入了解襪類織品在歷史歲月中的演變。並特別開發一款專屬的APP「好襪屋」，提供遊戲、新知、購物、旅遊All-in-one的服務。另外搭配季節性主題規劃的DIY課程，讓全家大小一同體驗百年前傳統手搖織襪的樂趣！",
        "parking_score": 10.0,
        "nearest_parking": "{ \"area_name\": \"林口區\", \"roadname\": \"工五路\", \"distance_m\": 100 }",
        "toilet": true,
        "無障礙": false,
        "family": false,
        "steal_count": 1,
        "steal_score": 1,
        "hotel": false
      }
    },
    {
      "type": "Feature",
      "geometry": {
        "type": "Point",
        "coordinates": [
          121.42366,
          24.956
        ]
      },
      "properties": {
        "館所名稱": "王鼎時間科藝體驗館",
        "建物屬性": "熱門景點",
        "行政區": "土城區",
        "地址": "新北市236土城區大暖路136號",
        "景點介紹": "王鼎精密創始於1945年，從最初精密金屬元件之沖壓模具和精密塑膠射出成型模具之設計開發與製造發展至生產電子、醫療、鐘錶等相關產品。王鼎精密憑藉著獨樹一格的技術與設計，創立了自有品牌ATOP World Time世界時區錶，因過人的技術，使得ATOP在國際間占有一席之地。為朝多方面發展以提高企業價值，於2012年結合觀光轉型成為觀光工廠，向顧客們傳達鐘錶的歷史演進及展現專業的技術。",
        "parking_score": 5.2,
        "nearest_parking": "{ \"area_name\": \"土城區\", \"roadname\": \"中央路四段53號週邊道路\", \"distance_m\": 436 }",
        "toilet": false,
        "無障礙": false,
        "family": false,
        "steal_count": 7,
        "steal_score": 1,
        "hotel": false
      }
    },
    {
      "type": "Feature",
      "geometry": {
        "type": "Point",
        "coordinates": [
          121.47665,
          25.18952
        ]
      },
      "properties": {
        "館所名稱": "琉傳天下琉星花園",
        "建物屬性": "熱門景點",
        "行政區": "淡水區",
        "地址": "新北市251淡水區忠寮里口湖子1-7號",
        "景點介紹": "開放知性體驗之旅的台灣琉璃工廠屈指可數，一般民眾眼中，對琉璃有著高貴不可褻玩的印象，更別說願意開放參觀。琉傳天下把琉璃生活化的理念落實於觀光工廠，來到這裡，可以學習琉璃知識、參觀製程以及吹製表演秀、DIY體驗活動，過程中融合豐富的產業知識、高度的技術展現、美學藝品賞析及創作個人獨一無二之作品，這趟知性與美學之旅，適合各種年齡層的遊客造訪。",
        "parking_score": 0.0,
        "nearest_parking": "{ \"area_name\": \"淡水區\", \"roadname\": \"淡金路一段\", \"distance_m\": 2479 }",
        "toilet": false,
        "無障礙": false,
        "family": false,
        "steal_count": 0,
        "steal_score": 10,
        "hotel": false
      }
    },
    {
      "type": "Feature",
      "geometry": {
        "type": "Point",
        "coordinates": [
          121.47523,
          25.24317
        ]
      },
      "properties": {
        "館所名稱": "谷垚陶坊生活藝術館",
        "建物屬性": "自然生態",
        "行政區": "三芝區",
        "地址": "新北市252三芝區後厝里蘭陽街40號(芝蘭別墅)",
        "景點介紹": "三芝的好山好水吸引眾多藝文工作者定居於此，「谷垚陶坊生活藝術館」的主人就是一個不錯的陶藝創作家，谷源滔老師最喜歡陶藝創作。作品特色: 以生活陶為原點，各種形狀、釉色組合搭配、使其變化豐富，延伸以陶為建材取向，舉凡創意地磚，陶壁，洗臉盆等作品，將陶與生活完全結合，更將陶瓷融入更大的生活空間中。",
        "parking_score": 0.0,
        "nearest_parking": "{ \"area_name\": \"淡水區\", \"roadname\": \"崁頂二路\", \"distance_m\": 6125 }",
        "toilet": false,
        "無障礙": false,
        "family": false,
        "steal_count": 0,
        "steal_score": 10,
        "hotel": false
      }
    },
    {
      "type": "Feature",
      "geometry": {
        "type": "Point",
        "coordinates": [
          121.45267,
          25.00496
        ]
      },
      "properties": {
        "館所名稱": "湳仔溝自行車道",
        "建物屬性": "熱門景點",
        "行政區": "板橋區",
        "地址": "新北市220板橋區環河道路",
        "景點介紹": "總長3.5公里的湳仔溝自行車道，起於亞東醫院附近的華東公園，終點為湳仔溝與大漢溪的河流處。全程沿著河的右岸綠帶，一路有高聳挺拔的老樹遮蔭，騎乘起來倒也輕鬆愜意。",
        "parking_score": 10.0,
        "nearest_parking": "{ \"area_name\": \"板橋區\", \"roadname\": \"大觀路一段29巷179弄\", \"distance_m\": 121 }",
        "toilet": true,
        "無障礙": false,
        "family": false,
        "steal_count": 46,
        "steal_score": 1,
        "hotel": true
      }
    },
    {
      "type": "Feature",
      "geometry": {
        "type": "Point",
        "coordinates": [
          121.65301,
          24.99795
        ]
      },
      "properties": {
        "館所名稱": "石碇北宜公路",
        "建物屬性": "熱門景點",
        "行政區": "石碇區",
        "地址": "新北市223石碇區石崁路與雙青公路交接口處",
        "景點介紹": "石碇北宜公路是一段山路自行車挑戰路線，由新店碧潭沿著北宜公路(台9線)左轉接北47或北47-1至石碇接106乙線到雙溪口接106線一直到深坑，一路上、下坡頻繁，完全挑戰騎士的體力與耐力，不過沿路景色相當優美，尤其在3月，滿山桃紅色山櫻花綻放，風吹時落英繽紛，讓人看得神清氣爽。此路線並無自行車出租站，需自行攜帶自行車。",
        "parking_score": 4.0,
        "nearest_parking": "{ \"area_name\": \"石碇區\", \"roadname\": \"雙溪口第二停車場\", \"distance_m\": 203 }",
        "toilet": false,
        "無障礙": false,
        "family": false,
        "steal_count": 0,
        "steal_score": 10,
        "hotel": false
      }
    },
    {
      "type": "Feature",
      "geometry": {
        "type": "Point",
        "coordinates": [
          121.65619,
          25.06837
        ]
      },
      "properties": {
        "館所名稱": "陳萬乞古厝",
        "建物屬性": "熱門景點",
        "行政區": "汐止區",
        "地址": "新北市221汐止區禮門街旁",
        "景點介紹": "汐止老街，以中正路與茄苳路為主，彎彎曲曲的散佈在火車站四周，從清朝開始，這裡便是汐止最熱鬧的地區。儘管物換星移，但只要踏進老街，彷彿就與外界的紛擾脫離了關係，就讓斑駁的紅磚與青苔痕跡跟我們訴說往事。位於汐止交流道旁，有一棟老巴洛克式的風格建築，這棟高兩層樓的老厝建自大正15年（1926年）已有超過90年歷史，建造者陳萬乞以經營中藥生意起家，在當年是汐止當地的富商之一，建築歷經多年完成，建材取自大陸，由泉州師父設計與建築，為典型的巴洛克混合後現代主義的建築，正面呈山尖型的牆壁，尖端處稱為「山牆」，是後現代主義常見的特色，目前是汐止老街上少數保存完幣的古厝。古味十足的老厝與鄰近的高樓大廈展現時代交錯的風貌。",
        "parking_score": 10.0,
        "nearest_parking": "{ \"area_name\": \"汐止區\", \"roadname\": \"大同路二段\", \"distance_m\": 242 }",
        "toilet": true,
        "無障礙": true,
        "family": false,
        "steal_count": 29,
        "steal_score": 1,
        "hotel": false
      }
    },
    {
      "type": "Feature",
      "geometry": {
        "type": "Point",
        "coordinates": [
          121.84313,
          25.10936
        ]
      },
      "properties": {
        "館所名稱": "彭園 (台陽公司附設醫院)",
        "建物屬性": "熱門景點",
        "行政區": "瑞芳區",
        "地址": "新北市224瑞芳區豎崎路41號",
        "景點介紹": "從豎崎路往下快接近汽車路時，左邊可見一個擺設石桌、石椅的小廣場，廣場後矗立著一棟兩層樓的日式建築，保存得十分完整，這就是當地相當著名的｢彭園｣。彭園是一幢超過80年歷史的日式老屋，是為了紀念彭慶火醫師而保留設立。彭醫師在九份行醫一世，救了不少人，當時許多礦工因吸入過多粉塵感染矽肺病，彭醫生還特別鑽研矽肺病，救活無數患病的礦工。 室內掛滿了彭醫師的相關資料與史籍照片，目前不接受預約，可在彭園前廣場欣賞屋外一景。",
        "parking_score": 0.0,
        "nearest_parking": "{ \"area_name\": \"汐止區\", \"roadname\": \"新台五路二段\", \"distance_m\": 17022 }",
        "toilet": true,
        "無障礙": true,
        "family": false,
        "steal_count": 0,
        "steal_score": 10,
        "hotel": false
      }
    },
    {
      "type": "Feature",
      "geometry": {
        "type": "Point",
        "coordinates": [
          121.61972,
          25.1559
        ]
      },
      "properties": {
        "館所名稱": "富士坪古道",
        "建物屬性": "自然生態",
        "行政區": "萬里區",
        "地址": "新北市207萬里區富士坪古道",
        "景點介紹": "萬里區公所於古道入口立有碑記，詳載古道緣起。此乃日據時代遺留下來的古道，古道海拔平均450公尺，源於昔日為了牧牛而開闢，是人走出來的古道，也是一條「牛道」。富士坪古道的入口，可由故宮上萬溪道路，越過風櫃嘴前行，經過靈泉寺左轉，過溪底五號橋到大坪溪底分校，再由分校口登上大尖山西北稜，沿溪畔而行，在闊葉林的蔽蔭下，涼風習習，清爽暢快。",
        "parking_score": 0.0,
        "nearest_parking": "{ \"area_name\": \"金山區\", \"roadname\": \"仁愛路\", \"distance_m\": 7228 }",
        "toilet": false,
        "無障礙": false,
        "family": false,
        "steal_count": 0,
        "steal_score": 10,
        "hotel": false
      }
    },
    {
      "type": "Feature",
      "geometry": {
        "type": "Point",
        "coordinates": [
          121.49455,
          25.23736
        ]
      },
      "properties": {
        "館所名稱": "番婆林觀光花園",
        "建物屬性": "熱門景點",
        "行政區": "三芝區",
        "地址": "新北市252三芝區錫板里17鄰番婆林44號",
        "景點介紹": "清嘉慶年間，錫板里是平埔族聚落，男人常外出打獵，村落族人大都是婦女，因此衍生「番婆林」的地號。 番婆林觀光花園中，四季都開滿了花朵。當１２～５月來到，這裡有著象徵純潔無邪的小蒼蘭靜靜綻放，顏色鮮黃、香氣清甜；在４～６月時，則是有愛情花之稱的百子蓮，有紫有白，煞是艷人，適合盆栽欣賞。花種以海芋居多，除有常見的白海芋，高雅的氣質惹人愛憐，更有黃、粉紫、粉紅、深紅等各色海芋，恣意綻放。",
        "parking_score": 0.0,
        "nearest_parking": "{ \"area_name\": \"淡水區\", \"roadname\": \"義山路二段\", \"distance_m\": 7117 }",
        "toilet": true,
        "無障礙": false,
        "family": false,
        "steal_count": 0,
        "steal_score": 10,
        "hotel": false
      }
    },
    {
      "type": "Feature",
      "geometry": {
        "type": "Point",
        "coordinates": [
          121.35084,
          24.95199
        ]
      },
      "properties": {
        "館所名稱": "鶯歌老街",
        "建物屬性": "熱門景點",
        "行政區": "鶯歌區",
        "地址": "新北市239鶯歌區文化路、尖山埔路",
        "景點介紹": "著名的陶瓷重鎮，最愛到老街尋寶，實用藝術兼具",
        "parking_score": 10.0,
        "nearest_parking": "{ \"area_name\": \"鶯歌區\", \"roadname\": \"建國路\", \"distance_m\": 186 }",
        "toilet": true,
        "無障礙": false,
        "family": false,
        "steal_count": 10,
        "steal_score": 1,
        "hotel": true
      }
    },
    {
      "type": "Feature",
      "geometry": {
        "type": "Point",
        "coordinates": [
          121.68715,
          24.92862
        ]
      },
      "properties": {
        "館所名稱": "坪之鄉自然生態茶園",
        "建物屬性": "自然生態",
        "行政區": "坪林區",
        "地址": "新北市232坪林區粗窟村仁里13號",
        "景點介紹": "坪之鄉自然生態茶園位於四面環山及翡翠水庫水源保護區北勢溪旁，主要種植文山包種茶，茶園旁、北勢溪中有許多魚、蝦及昆蟲生活其中，晴天時，空中老鷹不時盤旋尋找獵物，自然的循環機制，生生不息，一個萬物共生的理念如此延續下去。包種茶製作過程分成七個步驟， 其製造過程繁瑣且細膩，關係著色、香、味製茶品質，我們將茶樹採收一直到焙火完成的整個過程紀錄下來，讓大家更了解我們喝的文山包種茶如何製作出來。包種茶製作過程：1.採茶菁 &rarr;2.日光萎凋 &rarr;3.室內萎凋 &rarr;4.炒菁 &rarr;5.揉捻 &rarr;6.乾燥 &rarr;7.焙火 &rarr;8.包種茶從茶樹採下來的嫩芽嫩葉稱之為「茶菁」，茶菁必須經過加工製造後，才能成為茶葉成品；4斤新鮮的茶菁大約可製成1斤的成茶。在製造加...",
        "parking_score": 0.0,
        "nearest_parking": "{ \"area_name\": \"坪林區\", \"roadname\": \"北宜路八段\", \"distance_m\": 1854 }",
        "toilet": false,
        "無障礙": false,
        "family": false,
        "steal_count": 0,
        "steal_score": 10,
        "hotel": false
      }
    },
    {
      "type": "Feature",
      "geometry": {
        "type": "Point",
        "coordinates": [
          121.43747,
          25.17665
        ]
      },
      "properties": {
        "館所名稱": "淡水八角塔",
        "建物屬性": "自然生態",
        "行政區": "淡水區",
        "地址": "新北市251淡水區真理街26號",
        "景點介紹": "八角塔於1925年完工，是淡江中學的精神堡壘，事後馬偕時代的代表建築。 此建築原名「信望愛塔」，是當年數學老師也是宣教士的羅虔益先生〈Mr.K.Doawie〉所設計，建築形式參考自英美名校，不僅結合中西，也採台灣地方性建築。格局按三合院形式。高60尺的主塔兩旁為二樓，再沿兩翼教室依次降低，前端教室以翼塔收尾，前有陽台、兩翼有迴廊，三塔環繞清翠之前庭，中開椰林道入正門。正門以觀音石為門楣並雕出雀替和宮燈，以突顯中國色彩。 八角塔門楣上方有吳廷芳篆隸「信望愛」為立校時之校訓，門額原有「淡水中學」之隸書，日人治校期間重雕「私立淡水中學校」校名，並在門前通道植兩排亞力山大椰子樹以及在東廂加蓋二樓。1956年男女兩校合併後，也在西廂增蓋二樓而成今貌。 這棟迷人的建築，不僅為淡江中學塑造了高雅的學風，提...",
        "parking_score": 4.7,
        "nearest_parking": "{ \"area_name\": \"淡水區\", \"roadname\": \"中正路382號前迴轉道\", \"distance_m\": 745 }",
        "toilet": true,
        "無障礙": false,
        "family": false,
        "steal_count": 21,
        "steal_score": 1,
        "hotel": true
      }
    },
    {
      "type": "Feature",
      "geometry": {
        "type": "Point",
        "coordinates": [
          121.97316,
          25.01777
        ]
      },
      "properties": {
        "館所名稱": "靈鷲山無生道場",
        "建物屬性": "自然生態",
        "行政區": "貢寮區",
        "地址": "新北市228貢寮區福連里香蘭街7-1號",
        "景點介紹": "靈鷲山無生道場位於臺灣東北角，緊鄰福隆海灘，三面環海，遠眺太平洋，海天一線，寬闊無涯；山上生態豐富多樣，山風海景霧嵐相伴盡顯自然之美。從阿育王柱入山，沿途有造型獨特的天眼門、象徵菩薩悲智願行的四大名山道場、十一面觀音，與遠眺海邊的黑面金身多羅觀音法像、具有濃厚三乘合一特色的舍利塔林，以及隱藏於山林之中的五百羅漢步道，享受漫步於山林當中，緩步禪行的舒閒。無生道場也是靈鷲山佛教教團的總本山所在，成立因緣源於1983年心道法師為覓尋斷食閉關良地，輾轉來至俗稱鷹仔山的荖蘭山，後歷經兩年斷食閉關，發願於此地建立道場弘化度眾，成立靈鷲山無生道場。靈鷲山至今已開山三十餘年，以慈悲與禪為實踐宗風，主張「生活即福田，工作即修行」的生活禪理念，將佛法生活化、實用化，教育信眾在日常生活中要常常觀照自我內心，止惡行...",
        "parking_score": 0.0,
        "nearest_parking": "{ \"area_name\": \"坪林區\", \"roadname\": \"國中路\", \"distance_m\": 27636 }",
        "toilet": false,
        "無障礙": false,
        "family": false,
        "steal_count": 0,
        "steal_score": 10,
        "hotel": false
      }
    },
    {
      "type": "Feature",
      "geometry": {
        "type": "Point",
        "coordinates": [
          121.37384,
          24.93459
        ]
      },
      "properties": {
        "館所名稱": "三峽拱橋",
        "建物屬性": "自然生態",
        "行政區": "三峽區",
        "地址": "新北市237三峽區",
        "景點介紹": "與祖師廟同為三峽特有景觀之三峽拱橋，起造於日據昭和七年(1932)十月七日，翌年(1933)六月二十八日竣工，為當時對外交通之孔道。站在拱橋上，可以看出三峽的自然環境特色，橋下是三峽非常重要的溪流三峽溪；往上游方向看，前方鳶山聳立；右邊建築物密集處為本區之街市中心。此橋以特殊的三個相連彩虹為設計理念，故亦稱虹橋。外形優雅簡鍊，為昔日三峽區主要對外聯絡道路，在水運衰落後，虹橋雖然風光不再，但風采英姿依舊，特別在夜晚燈光照射下，從遠處望去，有如三道彩虹照亮整個三峽區，散發不一樣的古樸美。",
        "parking_score": 10.0,
        "nearest_parking": "{ \"area_name\": \"三峽區\", \"roadname\": \"民生街\", \"distance_m\": 197 }",
        "toilet": true,
        "無障礙": false,
        "family": false,
        "steal_count": 29,
        "steal_score": 1,
        "hotel": false
      }
    },
    {
      "type": "Feature",
      "geometry": {
        "type": "Point",
        "coordinates": [
          121.39449,
          24.97291
        ]
      },
      "properties": {
        "館所名稱": "鐵道地景公園",
        "建物屬性": "自然生態",
        "行政區": "樹林區",
        "地址": "新北市238樹林區山佳街28號",
        "景點介紹": "鐵道地景公園就在山佳車站旁邊，沿著山佳街會發現沿途牆面上有許多時下最夯的3D立體彩繪，如大白鯊、袋鼠、恐龍、台灣黑熊等，個個逗趣又逼真。並於2017年06月設置擁有47年歷史的35H1304型黑色煤斗車及DL1044型調動機進駐山佳鐵道地景公園。為結合台鐵修復山佳車站工程，推動新北市定古蹟山佳車站修復與周邊環境改善工程，將以百年歷史的山佳火車站為核心，結合鐵道意象與時下最夯的3D彩繪，整合站前廣場、山佳街與隧道截彎取直後所留設的鐵路用地空間打造鐵道地景公園，串聯周邊遊憩景點帶動地方觀光。",
        "parking_score": 9.5,
        "nearest_parking": "{ \"area_name\": \"樹林區\", \"roadname\": \"中山路三段\", \"distance_m\": 42 }",
        "toilet": true,
        "無障礙": true,
        "family": false,
        "steal_count": 0,
        "steal_score": 10,
        "hotel": false
      }
    },
    {
      "type": "Feature",
      "geometry": {
        "type": "Point",
        "coordinates": [
          121.41809,
          24.96305
        ]
      },
      "properties": {
        "館所名稱": "聖瑪莉丹麥麵包莊園",
        "建物屬性": "自然生態",
        "行政區": "土城區",
        "地址": "新北市236土城區中山路21號",
        "景點介紹": "歐立食品股份有限公司是由日本SUNMERRY株式会社社長田边速夫與廖德修先生等，一九八五年於台北共同建立。第一家門店位於台北市信義路、永康街口，以「聖瑪莉」為名，多年來已成為永康街的地標，嶄新的商品與日式服務，為台灣烘焙市場注入不一樣的面貌。爾後陸續分店的開立，南京店/民生店店/捷運分店等2012年，聖瑪莉為了帶給顧客全新印象，進行企業重新定位，也以新示人。全門市進行大幅度改裝，升級並重新規畫定位，標誌以基本烘焙形體麵包形狀作為元素，重疊的形體營造出聖瑪莉的對於烘焙及對於大眾的用心，上方的星形則象徵成果的加冕，意味著聖瑪莉在專業上的成就。以用聖瑪莉的心，觸動美好的味覺饗宴＂，象徵聖瑪莉以最好的味覺，觸動大眾你我的心。2017年，因台灣烘焙市場於國際間知名度大開，而聖瑪莉近年在各項比賽亦屢創佳...",
        "parking_score": 5.5,
        "nearest_parking": "{ \"area_name\": \"土城區\", \"roadname\": \"中央路四段\", \"distance_m\": 372 }",
        "toilet": true,
        "無障礙": false,
        "family": false,
        "steal_count": 9,
        "steal_score": 1,
        "hotel": false
      }
    },
    {
      "type": "Feature",
      "geometry": {
        "type": "Point",
        "coordinates": [
          121.4246,
          24.9914
        ]
      },
      "properties": {
        "館所名稱": "樹林車站",
        "建物屬性": "熱門景點",
        "行政區": "樹林區",
        "地址": "新北市238樹林區鎮前街112號",
        "景點介紹": "本站位於縱貫線基隆起41公里30公尺處，地址為新北市樹林區鎮前街112號，站轄包含樹林站、樹林調車場2處，編制為1等站，隸屬臺灣鐵路管理局臺北運務段，係本路東幹線始發站及列車編組基地。",
        "parking_score": 10.0,
        "nearest_parking": "{ \"area_name\": \"樹林區\", \"roadname\": \"中山路一段\", \"distance_m\": 110 }",
        "toilet": true,
        "無障礙": true,
        "family": false,
        "steal_count": 18,
        "steal_score": 1,
        "hotel": true
      }
    },
    {
      "type": "Feature",
      "geometry": {
        "type": "Point",
        "coordinates": [
          121.36611,
          24.96247
        ]
      },
      "properties": {
        "館所名稱": "碧龍宮",
        "建物屬性": "熱門景點",
        "行政區": "鶯歌區",
        "地址": "新北市239鶯歌區中正一路碧龍巷12號",
        "景點介紹": "碧龍宮是臺灣少見的龜公廟，緣由就是廟內一顆形如烏龜的石頭。有「龜公廟」之稱，相傳多年前曾有曾姓父子倆在樹下見到一個奇石，其狀如一隻背有八卦紋路的大龜，曾父認為其有靈性，因此對它膜拜唸禱，久病之身隨即痊癒，為酬謝龜石之恩，曾氏父子於是築廟供奉，龜公石也被尊稱為八卦祖師或伏羲大帝，成為臺灣獨一無二的信仰神祇。目前香火鼎盛的碧龍宮，是香客心目中十分靈驗的廟宇，每到假日總是人潮不斷。如果體力不錯，進香後花一、兩個小時登山健行也不錯，走在周邊的孫龍步道與鶯歌石步道間，遙望尖山與鳶峰，欣賞鶯歌石、宏德宮(孫臏廟)與農林禪寺等景點。今日的碧龍宮在幾經翻新整修後，如今已是一間雕樑畫棟的傳統式廟宇。",
        "parking_score": 0.0,
        "nearest_parking": "{ \"area_name\": \"鶯歌區\", \"roadname\": \"建國路\", \"distance_m\": 1132 }",
        "toilet": false,
        "無障礙": false,
        "family": false,
        "steal_count": 0,
        "steal_score": 10,
        "hotel": false
      }
    },
    {
      "type": "Feature",
      "geometry": {
        "type": "Point",
        "coordinates": [
          121.48119,
          25.05676
        ]
      },
      "properties": {
        "館所名稱": "幸運草地景溜滑梯",
        "建物屬性": "自然生態",
        "行政區": "三重區",
        "地址": "新北市241三重區疏洪東路一段",
        "景點介紹": "位於新北市大都會公園內的幸運草地景溜滑梯，是2018年4月才正式啟用的新興共融式遊戲場，有七米高大型幸運草地景溜滑梯，鄰近捷運三重站，開幕時吸引大量民眾前去遊玩，就連知名的外景旅遊節目《食尚玩家》也曾在此處取景。記得4點後以後再來！晚上還有重新橋觀光市集喔！以往僅透過彩繪、裝飾點綴的河岸堤防，透過巧妙設計讓高低差成了自然的遊樂空間。堤防斜坡上設置了超級吸睛、高七公尺的圓弧型溜滑梯，還有磨石子滑梯、攀爬網、攀爬塊和立體浮球等共融遊具，讓孩子們是玩得不亦樂乎，要注意的是七公尺溜滑梯設有100公分的身高限制呦。附近還有饒富趣味的重新橋觀光市集，匯集了販售各種全新及二手商品的攤販，另附設美食廣場喔！",
        "parking_score": 10.0,
        "nearest_parking": "{ \"area_name\": \"三重區\", \"roadname\": \"疏洪東路一段\", \"distance_m\": 60 }",
        "toilet": false,
        "無障礙": false,
        "family": false,
        "steal_count": 26,
        "steal_score": 1,
        "hotel": true
      }
    },
    {
      "type": "Feature",
      "geometry": {
        "type": "Point",
        "coordinates": [
          121.47858,
          25.06062
        ]
      },
      "properties": {
        "館所名稱": "幸福水漾公園",
        "建物屬性": "自然生態",
        "行政區": "三重區",
        "地址": "新北市241三重區疏洪16路",
        "景點介紹": "以大面積的開闊地景為規劃主軸，藉由拓寬既有中央水渠營造主要景觀水域，以緩坡花海主題公園為主景。幸福水漾花園內的特色景點，更是拍攝戀人紀念照片的最佳場所，幸福儷影雙行、情定I LOVE U、花蝶倩影、蜿蜒小徑旁的戀人排鐘，都是留下雙雙戀影最佳的地點。更別忘了來到舞台區旁最明顯的地標「愛戀終森」，在老樹環繞的鐘塔下輕敲一下銅鐘，便可向世人宣告你倆的愛情，尋找魔法般的愛戀幸福，並透過幸福的鐘聲，找到終身幸福。園內溪流從中流竄，營造出親水的空間，及不同的花卉呈現出不同的風情。幸福甜蜜、色彩豐富的裝置藝術，如果天氣好的話，藍天白雲加上綠地，非常適合拍照。晚上的時候有城市的燈光點綴氣氛更迷人。",
        "parking_score": 10.0,
        "nearest_parking": "{ \"area_name\": \"三重區\", \"roadname\": \"疏洪東路一段\", \"distance_m\": 126 }",
        "toilet": true,
        "無障礙": true,
        "family": false,
        "steal_count": 5,
        "steal_score": 1,
        "hotel": false
      }
    },
    {
      "type": "Feature",
      "geometry": {
        "type": "Point",
        "coordinates": [
          121.62116,
          25.23029
        ]
      },
      "properties": {
        "館所名稱": "金山舊機場遺址",
        "建物屬性": "自然生態",
        "行政區": "金山區",
        "地址": "新北市208金山區三界里三界壇路101號旁",
        "景點介紹": "金山舊機場遺址的由來，源自當年日據時代曾在此建設小型軍機場，但剛啟用不久就飛機失事，最後成為一座尚未正式啟用便被廢棄的機場。如今現地還遺留有當年用來壓實地面的三巨大石輪，為日軍興建機場時用來輾平地面的工具，也是現今僅存的遺跡。而機場原址大部分早已成為農田(位在重光六股花卉農業區內)，是全國不小的杜鵑花花材供應地，一年的輸出量多達幾百萬株，陽明山的杜鵑大都從這裡移植供應。另一處為一座逾200年歷史的閩南式三合院-李芑豐古宅，為北海岸地區保留最完整的閩南式古厝。據悉，芑豐居的主人為李佈，在西元一八○二年自漳州移民來台開墾，白手起家，富甲一方，傳為當時金包里等地區的首富與望族。踏入芑豐居，前有半月池，後有果園，昔人求富求財的風水設計在這一方古厝內表露無遺。依清朝民風，一般庶民的房舍不可出現翹尾燕脊...",
        "parking_score": 0.0,
        "nearest_parking": "{ \"area_name\": \"金山區\", \"roadname\": \"中山路\", \"distance_m\": 1248 }",
        "toilet": true,
        "無障礙": false,
        "family": false,
        "steal_count": 0,
        "steal_score": 10,
        "hotel": false
      }
    },
    {
      "type": "Feature",
      "geometry": {
        "type": "Point",
        "coordinates": [
          121.44844,
          25.06556
        ]
      },
      "properties": {
        "館所名稱": "安美得傷口照護產業文化館",
        "建物屬性": "藝文古蹟",
        "行政區": "五股區",
        "地址": "新北市248五股區五權路七巷6號8樓",
        "景點介紹": "安美得生醫股份有限公司成立於2009年，致力於UV水膠技術，針對不同傷口的照護需求來開發各式敷料，提供妥善的傷口照護解決方案。傷口需要良好的照顧才會痊癒，安美得生醫希望藉由「安美得傷口照護文化館」的成立，呈現傷口醫療觀念與技術的演進發展歷史，並介紹安美得核心技術的研發歷程與產品特性，除了提供參觀者完整的傷口醫療資訊外，也可以與各方先進賢達與醫療相關工作人員交流研討，為台灣傷口醫療照護一起努力。",
        "parking_score": 7.7,
        "nearest_parking": "{ \"area_name\": \"五股區\", \"roadname\": \"五權路\", \"distance_m\": 77 }",
        "toilet": false,
        "無障礙": false,
        "family": false,
        "steal_count": 0,
        "steal_score": 10,
        "hotel": false
      }
    },
    {
      "type": "Feature",
      "geometry": {
        "type": "Point",
        "coordinates": [
          121.3478,
          24.95117
        ]
      },
      "properties": {
        "館所名稱": "新旺集瓷",
        "建物屬性": "藝文古蹟",
        "行政區": "鶯歌區",
        "地址": "新北市239鶯歌區臺灣尖山埔路81號",
        "景點介紹": "來到鶯歌，絕對不能錯過體驗手拉胚、陶瓷DIY的機會！新旺集瓷以創新的方式來推廣傳統陶藝，讓民眾能透過手作，在過程中認識陶瓷。一進入新旺集瓷，就好像走進博物館般，高挑充滿設計感的空間，一一展示著台灣設計師精品和商品。別忘記低下頭看看，地板上可是有玄機的，當年的製陶現場就在這呢！想要製作獨一無二的陶藝作品，建議先至官網預約，現場超快就額滿了，有多種DIY課程可選擇，老師溫柔細心的教導，空間舒適乾淨，最適合親子同樂。",
        "parking_score": 10.0,
        "nearest_parking": "{ \"area_name\": \"鶯歌區\", \"roadname\": \"尖山路\", \"distance_m\": 212 }",
        "toilet": true,
        "無障礙": true,
        "family": false,
        "steal_count": 10,
        "steal_score": 1,
        "hotel": true
      }
    },
    {
      "type": "Feature",
      "geometry": {
        "type": "Point",
        "coordinates": [
          121.35643,
          24.95781
        ]
      },
      "properties": {
        "館所名稱": "宏德宮",
        "建物屬性": "藝文古蹟",
        "行政區": "鶯歌區",
        "地址": "新北市239鶯歌區中正一路303巷1號",
        "景點介紹": "位於中正一路303巷內，規模不大卻精緻華麗的宏德宮，有『宏揚武德』之意，是鎮民口中的孫臏廟，也是全省第一座孫臏廟，主祠神明為戰國時與龐涓鬥法的孫臏，是撰著「孫子兵法」的孫武之後裔。由於農曆正月初三為孫臏誕辰，廟裡每年農曆正月初一至初五都有隆重法會，不少信徒專程包車前來參拜。 孫臏廟興建於民國六年，除了主神孫臏真人外，還包括孫臏的師傅王禪老祖(鬼谷子)、南極仙翁、三清道祖、九天聖帝、華陀真人等。洽詢電話:02-26794029",
        "parking_score": 2.9,
        "nearest_parking": "{ \"area_name\": \"鶯歌區\", \"roadname\": \"建國路\", \"distance_m\": 147 }",
        "toilet": true,
        "無障礙": false,
        "family": false,
        "steal_count": 7,
        "steal_score": 1,
        "hotel": false
      }
    },
    {
      "type": "Feature",
      "geometry": {
        "type": "Point",
        "coordinates": [
          121.83212,
          25.12632
        ]
      },
      "properties": {
        "館所名稱": "蝙蝠洞公園",
        "建物屬性": "熱門景點",
        "行政區": "瑞芳區",
        "地址": "新北市224瑞芳區濱海公路海濱隧道",
        "景點介紹": "蝙蝠洞公園位於濱海公路海濱隧道旁(即臺2線75K處)，內有涼亭及停車場，並設有賞蝠平臺，提供4~9月蝙蝠棲息季節，於傍晚時遊客賞蝠之用，公園可經社區道路(為濂洞支線拆除之鐵道)通往海濱社區，道路原為舊鐵道，目前尚有海濱車站遺跡，供遊客探索過往之繁榮景象。",
        "parking_score": 0.0,
        "nearest_parking": "{ \"area_name\": \"汐止區\", \"roadname\": \"新台五路二段\", \"distance_m\": 16584 }",
        "toilet": true,
        "無障礙": false,
        "family": false,
        "steal_count": 0,
        "steal_score": 10,
        "hotel": false
      }
    },
    {
      "type": "Feature",
      "geometry": {
        "type": "Point",
        "coordinates": [
          121.46337,
          25.01433
        ]
      },
      "properties": {
        "館所名稱": "板橋火車站旅遊服務中心",
        "建物屬性": "熱門景點",
        "行政區": "板橋區",
        "地址": "新北市220板橋區縣民大道2段7號地下1樓",
        "景點介紹": "本服務中心位於板橋火車站內，人潮眾多、交通便利之處，本中心於99年5月6日改建完成，以全新面貌服務旅客，成立6年的板橋捷運站旅遊服務中心榮獲交通部觀光局98年度全國交通場站旅遊服務中心督導考核評比作業成績名列前3名，服務品質卓著。提供包括中、英語觀光旅遊專人諮詢服務、旅遊景點介紹、交通住宿、規劃行程服務、慶典活動、導覽解說、網路或電話查詢，97年增設媒體導覽機、電子看板及規劃閱讀區，以提供更專業、方便、效率、優質且多元化的服務，讓遊客能立即得到新北市旅遊的詳盡資訊。",
        "parking_score": 10.0,
        "nearest_parking": "{ \"area_name\": \"板橋區\", \"roadname\": \"公館街\", \"distance_m\": 261 }",
        "toilet": true,
        "無障礙": true,
        "family": false,
        "steal_count": 51,
        "steal_score": 1,
        "hotel": true
      }
    },
    {
      "type": "Feature",
      "geometry": {
        "type": "Point",
        "coordinates": [
          121.45016,
          25.03362
        ]
      },
      "properties": {
        "館所名稱": "武聖廟",
        "建物屬性": "藝文古蹟",
        "行政區": "新莊區",
        "地址": "新北市242新莊區新莊路340號",
        "景點介紹": "根據記載，武聖廟是在乾隆二十五年(西元1760年)由貢生胡焯猷所建，咸豐三年(西元1853年)新莊發生漳、泉械鬥事件時被焚毀，後於同治七年(西元1868年)擴大修建，今則列為國家三級古蹟。正殿奉祀關聖帝君，左陪祀關平太子，右陪祀周倉將軍。武聖廟大門平常不開放，只在農曆正月一日至三日、正月十一日至十五日、六月二十日至二十四日開啟。在每年元宵節前後，廟前都會舉辦\"擲炮臺\"活動，借以顯示民生安樂。 武聖廟的建築與其他廟宇最大不同處是大門不畫門神，原因是關聖帝君本身就是武藝高超之人，所以不須門神來保護，但大門上卻佈置有108顆門釘，門釘原本功用是遮掩門板上的釘頭，現多做為妝飾用。108為九的倍數，九是最大的吉數，此種裝置是遵循古制的門扇作法。",
        "parking_score": 7.1,
        "nearest_parking": "{ \"area_name\": \"新莊區\", \"roadname\": \"文昌陸橋側高灘地\", \"distance_m\": 285 }",
        "toilet": true,
        "無障礙": false,
        "family": false,
        "steal_count": 19,
        "steal_score": 1,
        "hotel": true
      }
    },
    {
      "type": "Feature",
      "geometry": {
        "type": "Point",
        "coordinates": [
          121.67608,
          25.05338
        ]
      },
      "properties": {
        "館所名稱": "茄苳瀑布",
        "建物屬性": "熱門景點",
        "行政區": "汐止區",
        "地址": "新北市221汐止區秀峰街上山(進馥記山莊後約1.5km)",
        "景點介紹": "茄苳瀑布是大尖山區最具規模的瀑布，上下數層絲綢般的流水，自陡峭岩壁飛瀉而下，形成一潭清池，坐在林蔭間聽瀑聲水響，相當愜意。茄苳瀑布可從馥記山莊進入，或循茄苳古道而行，潺潺溪水聲一路相伴，沿途滄桑古樸的景致，觸動思古之幽情。",
        "parking_score": 0.0,
        "nearest_parking": "{ \"area_name\": \"汐止區\", \"roadname\": \"新台五路二段\", \"distance_m\": 1382 }",
        "toilet": false,
        "無障礙": false,
        "family": false,
        "steal_count": 0,
        "steal_score": 10,
        "hotel": false
      }
    },
    {
      "type": "Feature",
      "geometry": {
        "type": "Point",
        "coordinates": [
          121.39803,
          25.08029
        ]
      },
      "properties": {
        "館所名稱": "王子創意文具國",
        "建物屬性": "藝文古蹟",
        "行政區": "林口區",
        "地址": "新北市244林口區粉寮路一段86號",
        "景點介紹": "王子文具多年來努力深耕於橡皮擦產業的推展，產品不僅擁有國際視野，更具有台灣多元的在地文化特色，為台灣精品市場注入了引領時代潮流的創新能量。 王子文具廠內主要在製造、生產一些國際知名品牌的橡皮擦，但勞工密集的套裝文具已經大都移往大陸生產。二年前在新北市政府的催生下，以部分廠房轉型為觀光工廠，觀光工廠的主軸是讓台灣的民眾及小朋友能了解文具產業的歷史文化背景及台灣傳統產業的在地精神。此外，在王子文具更可以看到許多未見過又新奇的產品，當然也可以帶動林口地區的觀光產業 !王子文具創意國是一個適合全家大小共同參觀體驗.可在充滿歡樂的環境中，認識橡皮擦的製作過程及有完整的導覽，和有完全無毒環保材質的DIY 寓教於樂，而更多精彩與值得一看的內容，邀請大家親自走訪一趟，絕對會不虛此行 !",
        "parking_score": 10.0,
        "nearest_parking": "{ \"area_name\": \"林口區\", \"roadname\": \"工八路\", \"distance_m\": 110 }",
        "toilet": true,
        "無障礙": false,
        "family": false,
        "steal_count": 11,
        "steal_score": 1,
        "hotel": false
      }
    },
    {
      "type": "Feature",
      "geometry": {
        "type": "Point",
        "coordinates": [
          122.00035,
          25.01594
        ]
      },
      "properties": {
        "館所名稱": "馬崗潮間帶",
        "建物屬性": "自然生態",
        "行政區": "貢寮區",
        "地址": "新北市228貢寮區馬崗",
        "景點介紹": "探索潮間帶生態，沿途賞北海岸風貌",
        "parking_score": 0.0,
        "nearest_parking": "{ \"area_name\": \"坪林區\", \"roadname\": \"國中路\", \"distance_m\": 30197 }",
        "toilet": false,
        "無障礙": false,
        "family": false,
        "steal_count": 0,
        "steal_score": 10,
        "hotel": false
      }
    },
    {
      "type": "Feature",
      "geometry": {
        "type": "Point",
        "coordinates": [
          121.45659,
          25.09816
        ]
      },
      "properties": {
        "館所名稱": "疏洪生態公園",
        "建物屬性": "自然生態",
        "行政區": "五股區",
        "地址": "新北市248五股區成蘆大橋下",
        "景點介紹": "面積30.4公頃的疏洪生態公園，內有溝渠、沼澤、感潮池塘、高草叢與遊憩草皮，規劃方向為生態教學區與水鳥棲地為主。廣達324公頃的疏洪道原係為防洪而闢建，緣起於行政院環保署為了改善二重疏洪道環境，並維持疏洪機能、環境保護的目的，於民國87年3月委託新北市政府執行辦理二重疏洪道綠美化工程，歷時5年4個月，成功地將二重疏洪道改頭換面，由髒亂變美麗，成為現代化並具多功能的休憩公園。民國89年成立河川高灘地維護管理所，在疏洪道上規劃四個公園，分別是疏洪蘆堤公園、疏洪沼澤公園、疏洪荷花親水公園、疏洪運動公園。",
        "parking_score": 10.0,
        "nearest_parking": "{ \"area_name\": \"蘆洲區\", \"roadname\": \"環堤大道\", \"distance_m\": 429 }",
        "toilet": true,
        "無障礙": true,
        "family": false,
        "steal_count": 5,
        "steal_score": 1,
        "hotel": false
      }
    },
    {
      "type": "Feature",
      "geometry": {
        "type": "Point",
        "coordinates": [
          121.72343,
          25.02381
        ]
      },
      "properties": {
        "館所名稱": "菁桐鐵道故事館",
        "建物屬性": "熱門景點",
        "行政區": "平溪區",
        "地址": "新北市226平溪區菁桐街54號",
        "景點介紹": "位於菁桐老街上的「菁桐鐵道故事館」，館主何元富本身就是一個鐵道迷，因此和臺鐵交涉後，在平溪支線的最後一站菁桐站，開了一個饒富古樸風味的鐵道故事館，菁桐鐵道故事館為仿民國五十年代的兩層樓木屋建築，刻意營造出濃濃的懷舊風味，販賣的是美好的舊日回憶。火車車廂造型的迴力車、大同寶寶、木製明信片、懷舊車票等，這裡通通都有，圍繞著鐵道與煤礦主題的各種周邊商品，是證明自己到此一遊的最佳伴手禮。門口的郵箱與大型鐵道服務員公仔，是遊客必拍的景點，店家還很體貼地在這裡放上了一張長椅，方便大伙取景拍照。",
        "parking_score": 0.0,
        "nearest_parking": "{ \"area_name\": \"汐止區\", \"roadname\": \"新台五路二段\", \"distance_m\": 6569 }",
        "toilet": true,
        "無障礙": true,
        "family": false,
        "steal_count": 0,
        "steal_score": 10,
        "hotel": false
      }
    },
    {
      "type": "Feature",
      "geometry": {
        "type": "Point",
        "coordinates": [
          121.73876,
          25.02467
        ]
      },
      "properties": {
        "館所名稱": "平溪石底橋",
        "建物屬性": "熱門景點",
        "行政區": "平溪區",
        "地址": "新北市226平溪區(平溪街與106縣道路交接處)",
        "景點介紹": "平溪老街因屬於山坡地段，且位在三坑溪與基隆河交會點較為潮濕，加上攤商飲食容易產生地面油汙，老街常有滑倒的可能，區公所為此特別施以環保藥劑增加鋪面摩擦力，提升安全，而平溪魅力商圈也改善石底橋上彩虹鳥居的穩固性，並增設發光小天燈，打造夜間浪漫場景。在知名電影《那些年，我們一起追的女孩》中男主角跟女主角一起放天燈，且男主角大聲告白的經典畫面就是在石底橋上，這樣的浪漫情節非常適合情侶前來感受。",
        "parking_score": 0.0,
        "nearest_parking": "{ \"area_name\": \"汐止區\", \"roadname\": \"新台五路二段\", \"distance_m\": 7620 }",
        "toilet": true,
        "無障礙": true,
        "family": false,
        "steal_count": 0,
        "steal_score": 10,
        "hotel": false
      }
    },
    {
      "type": "Feature",
      "geometry": {
        "type": "Point",
        "coordinates": [
          121.6425,
          25.22104
        ]
      },
      "properties": {
        "館所名稱": "水尾景觀公園",
        "建物屬性": "自然生態",
        "行政區": "金山區",
        "地址": "新北市208金山區中角海灘",
        "景點介紹": "水尾景觀公園位於金包里溪與員潭溪交會的出海口旁，也是獅頭山公園山腳下的一處小漁村，過去這裡僅有當地居民出入，近年來由於建設了「員潭溪景觀步道」，美麗的拱橋劃破天際的景色引人入勝，因此也吸引了不少遊客前往，體驗當地悠閒自在的漁村風光。而水尾漁港中間隔著獅頭山與磺港漁港遙遙相望，擁有山海連天的美麗景致，還有著名的「水尾泛月」，是金山八景之一。",
        "parking_score": 9.5,
        "nearest_parking": "{ \"area_name\": \"金山區\", \"roadname\": \"民生路\", \"distance_m\": 29 }",
        "toilet": true,
        "無障礙": true,
        "family": false,
        "steal_count": 5,
        "steal_score": 1,
        "hotel": true
      }
    },
    {
      "type": "Feature",
      "geometry": {
        "type": "Point",
        "coordinates": [
          121.95038,
          25.02048
        ]
      },
      "properties": {
        "館所名稱": "東興宮",
        "建物屬性": "熱門景點",
        "行政區": "貢寮區",
        "地址": "新北市228貢寮區福隆里東興街3號",
        "景點介紹": "距龍門露營區幾百公尺的東興宮，民國前10年即在此屹立，於民國15年整建成如今堂皇莊嚴的外觀。東興宮廣場前的那片海濱，恰好就是近年來衝浪客乘風破浪的首選地點，到附近的海鮮餐廳飽餐一頓後，懶洋洋的不想動？不妨來此消磨悠閒的午後時光，瞧瞧海上姣龍與水中嬌娃的一流身手；每到傍晚時分，夕陽餘暉在這裡延展，能欣賞到絕佳的濱海日落，是樂團開演前值得一訪的休憩場域。",
        "parking_score": 0.0,
        "nearest_parking": "{ \"area_name\": \"坪林區\", \"roadname\": \"國中路\", \"distance_m\": 25564 }",
        "toilet": true,
        "無障礙": false,
        "family": false,
        "steal_count": 0,
        "steal_score": 10,
        "hotel": false
      }
    },
    {
      "type": "Feature",
      "geometry": {
        "type": "Point",
        "coordinates": [
          121.46987,
          25.03651
        ]
      },
      "properties": {
        "館所名稱": "江子翠河口景觀河濱公園",
        "建物屬性": "熱門景點",
        "行政區": "板橋區",
        "地址": "新北市220板橋區",
        "景點介紹": "悠悠的河川鑲上綠色寶石，河濱綠帶讓都市景觀更加美麗多變。江子翠河口景觀河濱公園位於新店溪與大漢溪交會處，廣大的綠地令人心曠神怡，園內設置了多種球類運動場，是假日放鬆休憩的好選擇。範圍為從華江橋至板橋鐵路橋的大漢溪畔，佔地70公頃。園區內設有自行車道、籃球場、排球場、棒(壘)球場、足球場、羽球場、溜冰場、槌球場、兒童休憩沙坑、縣徽廣場、藝文廣場、環形廣場、休憩廣場、彩虹廣場、賞鳥區、羊咩咩草園、觀景臺、圓形藝術表演廣場、波浪造型矮飾、親水護岸等。這裡也有完善的自行車道，踩著踏板追風暢遊，自由自在地度過悠閒時光，實為一大享受。",
        "parking_score": 5.1,
        "nearest_parking": "{ \"area_name\": \"板橋區\", \"roadname\": \"吳鳳路\", \"distance_m\": 733 }",
        "toilet": false,
        "無障礙": false,
        "family": false,
        "steal_count": 2,
        "steal_score": 1,
        "hotel": false
      }
    },
    {
      "type": "Feature",
      "geometry": {
        "type": "Point",
        "coordinates": [
          121.84689,
          25.03113
        ]
      },
      "properties": {
        "館所名稱": "莊貢生古厝",
        "建物屬性": "自然生態",
        "行政區": "雙溪區",
        "地址": "新北市227雙溪區梅竹蹊67號",
        "景點介紹": "這座百年古厝為傳統閩南式建築風格，是雙溪區內仍在使用的古厝，房子整體結構並沒有太大的改變，甚至屋內牆上也未做任何現代裝潢修飾，完整呈現石砌原貌。古厝外觀雖飽經歲月風霜，但當年的雕琢裝飾依然清晰可見，尤其左廂房上象徵花開富貴的茶花浮雕作品，保存良好非常值得一看。莊頁生古厝位於茶花莊教育農園的對面。",
        "parking_score": 0.0,
        "nearest_parking": "{ \"area_name\": \"坪林區\", \"roadname\": \"國中路\", \"distance_m\": 16868 }",
        "toilet": false,
        "無障礙": false,
        "family": false,
        "steal_count": 1,
        "steal_score": 1,
        "hotel": false
      }
    },
    {
      "type": "Feature",
      "geometry": {
        "type": "Point",
        "coordinates": [
          121.4157,
          24.99008
        ]
      },
      "properties": {
        "館所名稱": "大同山登山步道",
        "建物屬性": "熱門景點",
        "行政區": "樹林區",
        "地址": "新北市238樹林區大同山",
        "景點介紹": "大同山海拔237公尺，位於鐵路佳山站正北方，在當地被稱為樹林的後花園。前往大同山的山路，看似陡峭，但實際行走時，卻也平順。山路有階梯步道，沿步道架有繩索扶把，山腰處有海會寺、海明寺、福德宮等廟宇可供登山人休憩，山頂上設有涼亭及觀景平台，可鳥瞰大臺北，是欣賞夜景的絕佳地點，日暮時分在平台小憩，享受山風吹拂的清涼舒爽。",
        "parking_score": 10.0,
        "nearest_parking": "{ \"area_name\": \"樹林區\", \"roadname\": \"大安路\", \"distance_m\": 34 }",
        "toilet": true,
        "無障礙": false,
        "family": false,
        "steal_count": 13,
        "steal_score": 1,
        "hotel": false
      }
    },
    {
      "type": "Feature",
      "geometry": {
        "type": "Point",
        "coordinates": [
          121.86647,
          25.0391
        ]
      },
      "properties": {
        "館所名稱": "雙溪區自行車道",
        "建物屬性": "熱門景點",
        "行政區": "雙溪區",
        "地址": "新北市227雙溪區新基村朝陽街",
        "景點介紹": "沒有污染、既安全又健身、且和自然環境有高度良性互動的自行車活動，不但逐漸受到民眾青睞，也是休閒觀光很重要的一環。雙溪區甫建置的自行車步道，從基福公路平林段旁蓮花園附近入口，沿蓮花園可接軟橋段親水公園步道，不但景致優美，交通亦相當方便，是一條結合賞花、戲水、賞魚的自行車步道，非常適合全家大小出遊散心、親子騎遊活動。",
        "parking_score": 0.0,
        "nearest_parking": "{ \"area_name\": \"坪林區\", \"roadname\": \"國中路\", \"distance_m\": 18985 }",
        "toilet": true,
        "無障礙": true,
        "family": false,
        "steal_count": 1,
        "steal_score": 1,
        "hotel": false
      }
    },
    {
      "type": "Feature",
      "geometry": {
        "type": "Point",
        "coordinates": [
          121.85361,
          25.03685
        ]
      },
      "properties": {
        "館所名稱": "平林休閒農場",
        "建物屬性": "自然生態",
        "行政區": "雙溪區",
        "地址": "新北市227雙溪區平林橋35號",
        "景點介紹": "平林休閒農場除了擁有得天獨厚的自然資源外，農場主人也很用心的經營規劃軟硬體設備。在自然資源方面，農場生態相當豐富，分成了十大生態主題區，有蕨類植物區、蘭花培育區、變色葉林道等，讓你在這裡不管是身體或是心靈都可以輕鬆的跟大自然對話。此外，在農場裡更可以看到罕見的臺灣藍鵲、昆蟲及蝴蝶出沒，讓遊客驚呼大自然的奇妙。在農村景觀方面，農場內之農村體驗區，完全以古早農村景觀打造，設有龍骨水車、窯及農村器具，讓 遊客充分體驗阿公阿嬤時代的生活。在生態解說方面，農場內設有專業解說員，以深入淺出的方式為您介紹農場內的花草樹木、蟲魚鳥獸，讓遊客更懂得珍惜大自然。農場也提供多種DIY活動，包括草編、山藥湯圓、愛玉製作、昆蟲彩繪等。民眾也可到此烤肉、住宿，更能挑戰農場內多條健康步道。",
        "parking_score": 0.0,
        "nearest_parking": "{ \"area_name\": \"坪林區\", \"roadname\": \"國中路\", \"distance_m\": 17791 }",
        "toilet": false,
        "無障礙": false,
        "family": false,
        "steal_count": 1,
        "steal_score": 1,
        "hotel": false
      }
    },
    {
      "type": "Feature",
      "geometry": {
        "type": "Point",
        "coordinates": [
          121.60173,
          25.24799
        ]
      },
      "properties": {
        "館所名稱": "筠園-鄧麗君墓園",
        "建物屬性": "自然生態",
        "行政區": "金山區",
        "地址": "新北市208金山區西湖里西勢湖18號",
        "景點介紹": "「筠園」以鄧麗君本名命名，是一座結合藝術、宗教、人文的現代化墓園。琴鍵造型的地景、馬賽克拼貼的樂手舞群、當令草花舖成的彩色音符、趣味抽象的銅塑樂器...再加上播放她原聲演唱的歌曲。從入口前方的廣場中央開始，大型鋼琴鍵盤的石雕就能吸引遊客的目光，右方花園中，樹有一座鄧麗君歌唱神情的雕塑，彷彿其甜美悅耳的歌聲長存歌迷心中。每年都有大批來自台灣、大陸、日本、香港、新加坡的歌迷齊聚在此悼念。若從視野開闊的筠園遠眺，還能將金山海岸的美景盡收眼底。",
        "parking_score": 0.0,
        "nearest_parking": "{ \"area_name\": \"金山區\", \"roadname\": \"中山路\", \"distance_m\": 3952 }",
        "toilet": false,
        "無障礙": false,
        "family": false,
        "steal_count": 0,
        "steal_score": 10,
        "hotel": false
      }
    },
    {
      "type": "Feature",
      "geometry": {
        "type": "Point",
        "coordinates": [
          121.66237,
          25.07032
        ]
      },
      "properties": {
        "館所名稱": "汐止老街",
        "建物屬性": "熱門景點",
        "行政區": "汐止區",
        "地址": "新北市221汐止區中正路",
        "景點介紹": "今日中正路舊稱「水返腳街」，曾是基隆河沿岸貨物轉運站，也是汐止開發的源頭，素有「汐止第一街」之稱。過往的輝煌留下許多歷史遺跡，如牛稠頭碼頭、公有市場、農倉、教會、隘門遺址等，亦不乏三代經營的老店，包括米店、布商、藥行、香鋪等。沿街建築部分仍保有長條街屋的傳統風格，是汐止寶貴的文化資產。",
        "parking_score": 10.0,
        "nearest_parking": "{ \"area_name\": \"汐止區\", \"roadname\": \"大同路二段\", \"distance_m\": 64 }",
        "toilet": true,
        "無障礙": false,
        "family": false,
        "steal_count": 27,
        "steal_score": 1,
        "hotel": false
      }
    },
    {
      "type": "Feature",
      "geometry": {
        "type": "Point",
        "coordinates": [
          121.34857,
          24.95089
        ]
      },
      "properties": {
        "館所名稱": "臺華窯",
        "建物屬性": "熱門景點",
        "行政區": "鶯歌區",
        "地址": "新北市239鶯歌區中正一路426號",
        "景點介紹": "「台華窯」於1983年創立，在窯燒技術、形制創新、釉色研發、彩瓷技藝、展館設計以至產業經營模式與策略，秉持突破現狀，不斷創造的精神，焠鍊自我的風格，形塑「台華窯」品牌。1995年設立「畫家研創室」，以開放的態度與彩瓷創作的藝術家，分享「台華窯」釉藥窯燒的技術，提供設備與支援，相互切磋論衡，精進彩瓷藝術的境界。再於1999年設置「台華藝術中心」，常年做為藝術家們彩瓷創作成果的專業展館，成為彩瓷遊藝玩賞的人文環境。台華窯以精湛釉色窯燒工藝，護持彩瓷藝術家的無限創意與極致美感，引領彩瓷世界的風騷。再以彩瓷藝術的美感元素融合日用陶瓷的實用功能，深化生活日用陶瓷的美學內涵，增添生活的藝術品味，展現台灣在地產業的創意能量與紮實精緻的工藝技術，榮獲總統府指定為生產國賓禮品的窯元，成就有如古代御用「官窯」的...",
        "parking_score": 10.0,
        "nearest_parking": "{ \"area_name\": \"鶯歌區\", \"roadname\": \"尖山路\", \"distance_m\": 161 }",
        "toilet": true,
        "無障礙": true,
        "family": false,
        "steal_count": 10,
        "steal_score": 1,
        "hotel": true
      }
    },
    {
      "type": "Feature",
      "geometry": {
        "type": "Point",
        "coordinates": [
          121.43459,
          24.90957
        ]
      },
      "properties": {
        "館所名稱": "台灣農林大寮茶文館",
        "建物屬性": "自然生態",
        "行政區": "三峽區",
        "地址": "新北市237三峽區竹崙路142巷2號",
        "景點介紹": "走訪充滿日式風情的大寮茶文館，屋外有大樹環繞，遼闊的四面山景可賞；屋內則陳設了有關台灣農林的歷史發展，從百年大事紀、全台茶廠的分布圖，到有機茶園介紹等都有詳盡的展示。仔細遊逛，還能發現一些能喚醒兒時回憶的老東西，像是泛著古木紋理的老櫥櫃、舊意十足的復古擺鐘等，質樸原味的老物件並未隨著時代變遷而被淘汱、遺忘，反倒有著療癒人心的作用。尤其遊客在飽覽館藏後，還能在古宅內品茗茶香，別有一番屬於文化美學的深刻體驗。",
        "parking_score": 0.0,
        "nearest_parking": "{ \"area_name\": \"土城區\", \"roadname\": \"中央路四段125巷\", \"distance_m\": 5490 }",
        "toilet": true,
        "無障礙": false,
        "family": false,
        "steal_count": 0,
        "steal_score": 10,
        "hotel": false
      }
    },
    {
      "type": "Feature",
      "geometry": {
        "type": "Point",
        "coordinates": [
          121.63604,
          25.1279
        ]
      },
      "properties": {
        "館所名稱": "新山夢湖",
        "建物屬性": "自然生態",
        "行政區": "汐止區",
        "地址": "新北市221汐止區夢湖路",
        "景點介紹": "如夢似幻般的絕美湖景，享受片刻山林寧靜",
        "parking_score": 0.0,
        "nearest_parking": "{ \"area_name\": \"汐止區\", \"roadname\": \"汐萬路三段\", \"distance_m\": 4075 }",
        "toilet": false,
        "無障礙": false,
        "family": false,
        "steal_count": 0,
        "steal_score": 10,
        "hotel": false
      }
    },
    {
      "type": "Feature",
      "geometry": {
        "type": "Point",
        "coordinates": [
          121.99164,
          25.01178
        ]
      },
      "properties": {
        "館所名稱": "卯澳漁村",
        "建物屬性": "熱門景點",
        "行政區": "貢寮區",
        "地址": "新北市228貢寮區福連里(濱海公路旁近三貂角)",
        "景點介紹": "特有石頭古厝，保留傳統的漁撈技法",
        "parking_score": 0.0,
        "nearest_parking": "{ \"area_name\": \"坪林區\", \"roadname\": \"國中路\", \"distance_m\": 29224 }",
        "toilet": true,
        "無障礙": true,
        "family": false,
        "steal_count": 0,
        "steal_score": 10,
        "hotel": false
      }
    },
    {
      "type": "Feature",
      "geometry": {
        "type": "Point",
        "coordinates": [
          121.65361,
          25.01671
        ]
      },
      "properties": {
        "館所名稱": "茶鄉桂花農園",
        "建物屬性": "自然生態",
        "行政區": "石碇區",
        "地址": "新北市223石碇區隆盛村新興坑4號",
        "景點介紹": "桂花農園位於石碇區隆盛里，又稱桂花村。在北32鄉道，是臺灣古老茶區之一，地處海拔300多公尺上，因土壤中含砂礫，全年雨量適中，早在 50、60年代，茶葉興盛時期，當地茶農便以桂花作為烘焙茶葉之香料，提升茶的附加價位，每100公斤茶必須配上25公斤的桂花，因此茶園旁種植大量桂花樹，每年8月過後，全村老少穿梭桂花林間，採集新鮮桂花，形成當地特有景觀，是當地居民重要的生活記憶。農園內擁有全國最大的桂花生態農園，桂花季為每年十月～四月，桂花村的自然生態資源豐富，春天蝴蝶遍飛、夏天螢火蟲點綴花草之間、秋冬桂花飄香，值得一遊。目前桂花農園除了飲食、品茗之外，還規劃設置了桂花巷、百年桂花步道。",
        "parking_score": 0.0,
        "nearest_parking": "{ \"area_name\": \"石碇區\", \"roadname\": \"石崁路\", \"distance_m\": 1256 }",
        "toilet": false,
        "無障礙": false,
        "family": false,
        "steal_count": 0,
        "steal_score": 10,
        "hotel": false
      }
    },
    {
      "type": "Feature",
      "geometry": {
        "type": "Point",
        "coordinates": [
          121.61509,
          24.97549
        ]
      },
      "properties": {
        "館所名稱": "青山香草教育農園",
        "建物屬性": "自然生態",
        "行政區": "深坑區",
        "地址": "新北市222深坑區阿柔村大崙尾1-1號",
        "景點介紹": "香草園位於深坑阿柔洋產業道路頂端與木柵貓空交界的至高點，海拔約480公尺，可俯瞰阿柔坑溪谷地並遠眺石碇、汐止，附近還有筆架山、二格山、猴山岳等自然步道，遊客可隨時間多少挑選步道，享受悠閒時光。農園成立於民國63年，早期以種植文山包種茶及柑桔為經濟作物，現由農園第二代主人高小姐配合休閒農業推廣，轉型以栽種香草植物為特色的主題農園。園區占地約800坪，除了復育瀕臨絕種的豔紅鹿子百合外，還栽種薰衣草、鼠尾草、迷迭香、歐薄荷、甜菊、香茅、金蓮花、紫蘇、臺灣原生種土肉桂等香草植物；同時發展出各類香草餐飲，如鮮採香草茶、香草咖啡、香草冰品、香草手工餅乾、香草套餐等，供遊客細細品嘗。",
        "parking_score": 0.0,
        "nearest_parking": "{ \"area_name\": \"深坑區\", \"roadname\": \"雲鄉路\", \"distance_m\": 2758 }",
        "toilet": false,
        "無障礙": false,
        "family": false,
        "steal_count": 0,
        "steal_score": 10,
        "hotel": false
      }
    },
    {
      "type": "Feature",
      "geometry": {
        "type": "Point",
        "coordinates": [
          121.45428,
          25.0364
        ]
      },
      "properties": {
        "館所名稱": "响仁和鐘鼓廠",
        "建物屬性": "自然生態",
        "行政區": "新莊區",
        "地址": "新北市242新莊區中正路171號",
        "景點介紹": "新莊的發展乃因淡水河的河港航運而起，便利交通帶來城市的繁榮，早期北臺灣地區發展最迅速的就屬新莊。直到日治期間，新莊地區持續繁榮，民間各種娛樂活動日益活躍，街道上處處可見「布袋戲巢」、「戲窟」及「戲館巷」，象徵各種戲班及廟會表演活動極為興盛。這些活動中不可或缺的道具，就是能帶動現場氣氛的鼓，自此新莊地區的製鼓業也跟著發達起來。其中最廣為人知的鼓廠，就是由本名王桂枝的阿塗師所創辦的「响仁和鐘鼓廠」，長子王錫坤師傅承襲父業，讓製鼓技藝更上層樓。响仁和鐘鼓廠製作的鼓廣受國內外各大藝術團體喜愛及訂購，包括朱宗慶打擊樂團、漢唐樂府及優表演藝術劇團，另外國內各大寺廟如佛光山、法鼓山、保安宮及孔廟，也都是新莊鼓的愛用者。新莊响仁和鐘鼓廠的名聲更響譽國外，包括日本、馬來西亞、美國、印度、歐洲等國都爭相使用，自...",
        "parking_score": 9.6,
        "nearest_parking": "{ \"area_name\": \"新莊區\", \"roadname\": \"文昌陸橋側高灘地\", \"distance_m\": 247 }",
        "toilet": true,
        "無障礙": false,
        "family": false,
        "steal_count": 17,
        "steal_score": 1,
        "hotel": true
      }
    },
    {
      "type": "Feature",
      "geometry": {
        "type": "Point",
        "coordinates": [
          121.44049,
          25.16943
        ]
      },
      "properties": {
        "館所名稱": "三協成糕餅博物館",
        "建物屬性": "藝文古蹟",
        "行政區": "淡水區",
        "地址": "新北市251淡水區中正路81號",
        "景點介紹": "三協成糕餅鋪於1935年成立，最初由現任老闆的祖父帶著第二代和第三代的三兄弟學習泉州糕餅製作，三協成的意義就是希望三兄弟可以同心協力經營。早期最初從喜餅製作開始，後台向英國領事館主廚學習英國水果派的製作，造就了三協成的糕餅融合了傳統與西方的風味。店內所設立的「糕餅博物館」，記錄在地中西融合獨特餅舖文化，陳列具有年代的製餅模具，儼然成為淡水重要的人文景點。",
        "parking_score": 0.2,
        "nearest_parking": "{ \"area_name\": \"淡水區\", \"roadname\": \"學府路\", \"distance_m\": 809 }",
        "toilet": true,
        "無障礙": true,
        "family": false,
        "steal_count": 17,
        "steal_score": 1,
        "hotel": true
      }
    },
    {
      "type": "Feature",
      "geometry": {
        "type": "Point",
        "coordinates": [
          121.51209,
          25.25553
        ]
      },
      "properties": {
        "館所名稱": "李天祿布袋戲文物館",
        "建物屬性": "藝文古蹟",
        "行政區": "三芝區",
        "地址": "新北市252三芝區芝柏路26號",
        "景點介紹": "布袋戲陪伴臺灣人走過無數歲月，是許多人心目中難忘的記憶篇章，由國寶級布袋戲大師李天祿所創辦的文物館，陳列著各種戲碼、戲頭、服飾、道具，還可以一窺演出的彩樓和南北管樂器等後台實況，演藝廳中不定期安排布袋戲演出，參觀了李天祿布袋戲文化館，大小朋友打開塵封的記憶寶盒，小朋友看得津津有味，不分世代，一同分享台灣傳統藝術的菁華。",
        "parking_score": 0.0,
        "nearest_parking": "{ \"area_name\": \"淡水區\", \"roadname\": \"崁頂二路\", \"distance_m\": 9754 }",
        "toilet": true,
        "無障礙": false,
        "family": false,
        "steal_count": 0,
        "steal_score": 10,
        "hotel": false
      }
    },
    {
      "type": "Feature",
      "geometry": {
        "type": "Point",
        "coordinates": [
          121.6226,
          24.94371
        ]
      },
      "properties": {
        "館所名稱": "格頭雲瀑",
        "建物屬性": "自然生態",
        "行政區": "石碇區",
        "地址": "新北市223石碇區格頭里",
        "景點介紹": "本地因為四周群山環繞，當太陽照射時，積存在樹林間的水氣就蒸發成雲霧，像一堆白色的浪花在青山間翻騰，形成雲海景觀。本地欣賞雲海的地方很多，其中以位於北宜公路上的小格頭一帶最為出名。由小格頭向北望玉桂嶺等山，山巒突出雲層之上，只要天氣稍有變化，整個山巒就沉入雲海之中，好不壯觀。與臺灣其他觀賞雲海之景點相較，海拔低與出現頻率高是其特色。",
        "parking_score": 0.0,
        "nearest_parking": "{ \"area_name\": \"新店區\", \"roadname\": \"北宜路二段\", \"distance_m\": 5532 }",
        "toilet": true,
        "無障礙": false,
        "family": false,
        "steal_count": 0,
        "steal_score": 10,
        "hotel": false
      }
    },
    {
      "type": "Feature",
      "geometry": {
        "type": "Point",
        "coordinates": [
          121.63729,
          24.94324
        ]
      },
      "properties": {
        "館所名稱": "翡翠茶園",
        "建物屬性": "自然生態",
        "行政區": "石碇區",
        "地址": "新北市223石碇區北宜路6段13股巷6號",
        "景點介紹": "文山包種茶是北台灣知名的好茶，產地從文山一直到坪林，都是包種茶的產地。在有著好山好水的新北市石碇區，有著一位年輕茶農曾仁宗，曾經出外工作的他，放下自己的事業，回鄉承襲起父親製茶的技術與堅持，讓品質優良、無農藥殘留的文山包種茶能在茶行中留香。",
        "parking_score": 0.0,
        "nearest_parking": "{ \"area_name\": \"石碇區\", \"roadname\": \"石碇淡蘭藝文館\", \"distance_m\": 5195 }",
        "toilet": false,
        "無障礙": false,
        "family": false,
        "steal_count": 0,
        "steal_score": 10,
        "hotel": false
      }
    },
    {
      "type": "Feature",
      "geometry": {
        "type": "Point",
        "coordinates": [
          121.36865,
          24.93315
        ]
      },
      "properties": {
        "館所名稱": "藍染遊客服務中心",
        "建物屬性": "熱門景點",
        "行政區": "三峽區",
        "地址": "新北市237三峽區仁愛街47號",
        "景點介紹": "藍染遊客服務中心經新北市政府城鄉發展局於99年9月初施作完成，為符合藍染公園意象，整合藍染元素與遊客服務功能，設立「藍染遊客服務中心」。現由活力三峽志工團隊經營，志工成立活力三峽實驗染坊，致力於藍染文化推廣，以三峽藍染產業發展史、染布工序解說圖示、示範教學區及藍染作品解說區為主要展示重點，其餘為藍染商品展售場地及藍染技藝體驗、提供遊客服務諮詢、在地小農商品、文宣品陳列、三峽風情影片播放等，並以社區藍染產業上下游人力養成計劃，開辦藍染技藝研習等課程、三峽文史環境生態導覽、三鶯走路節等…，提升遊客對三峽文化之認識，老街在地服務多樣化，創造城鎮觀光魅力。",
        "parking_score": 10.0,
        "nearest_parking": "{ \"area_name\": \"三峽區\", \"roadname\": \"仁愛街\", \"distance_m\": 54 }",
        "toilet": true,
        "無障礙": true,
        "family": false,
        "steal_count": 28,
        "steal_score": 1,
        "hotel": false
      }
    },
    {
      "type": "Feature",
      "geometry": {
        "type": "Point",
        "coordinates": [
          121.80194,
          25.05346
        ]
      },
      "properties": {
        "館所名稱": "大華壺穴",
        "建物屬性": "熱門景點",
        "行政區": "平溪區",
        "地址": "新北市226平溪區大華車站周圍",
        "景點介紹": "基隆河的河谷地形景觀，除了瀑布外，位於平溪站至三貂嶺之間，河床上處處可見許多圓滑的坑洞，地形學上稱為「壺穴」。壺穴的形成是因地質岩層的結構性硬度不均，經夾帶細沙的河水沖刷而產生坑洞，然後流水在坑洞中形成的小漩渦進行再沖蝕，於是形成壺型的小洞穴。壺穴通常出現在河川曲流處凹部多漩渦、急湍的河段；且河床是裸露的硬岩。其中以大華車站以下的大華壺穴群為最密集可觀之處，在水流及岩層交互作用下，幾乎所有類型的壺穴皆可在此見到，是一處大自然的地理教室。",
        "parking_score": 0.0,
        "nearest_parking": "{ \"area_name\": \"汐止區\", \"roadname\": \"新台五路二段\", \"distance_m\": 12371 }",
        "toilet": false,
        "無障礙": false,
        "family": false,
        "steal_count": 0,
        "steal_score": 10,
        "hotel": false
      }
    },
    {
      "type": "Feature",
      "geometry": {
        "type": "Point",
        "coordinates": [
          121.86198,
          25.03585
        ]
      },
      "properties": {
        "館所名稱": "連舉人古厝",
        "建物屬性": "自然生態",
        "行政區": "雙溪區",
        "地址": "新北市227雙溪區梅竹蹊路13號",
        "景點介紹": "清同治六年(西元1867年)，連元喬的後代連旭春赴福州應鄉試，高中丙子科舉人，為雙溪區第一位舉人，因此其宅邸被尊稱為「舉人厝」。清廷欽命提督鎮臺使者劉明燈巡察噶瑪蘭，路經頂雙溪時，還曾特意前來拜訪。連舉人古厝為三合院式古宅，正廳門上懸掛的「文魁」匾額，為福建巡撫丁日昌於西元1875年所立。左右兩側門上刻有「出忠」、「入孝」字樣。舉人：指通過院試後參加鄉試中試者，亦稱為大會狀、大春元，俗稱「老爺」。",
        "parking_score": 0.0,
        "nearest_parking": "{ \"area_name\": \"坪林區\", \"roadname\": \"國中路\", \"distance_m\": 18407 }",
        "toilet": false,
        "無障礙": false,
        "family": false,
        "steal_count": 1,
        "steal_score": 1,
        "hotel": false
      }
    },
    {
      "type": "Feature",
      "geometry": {
        "type": "Point",
        "coordinates": [
          121.44931,
          25.1646
        ]
      },
      "properties": {
        "館所名稱": "淡水氣候觀測所",
        "建物屬性": "熱門景點",
        "行政區": "淡水區",
        "地址": "新北市251淡水區中正東路42巷6號",
        "景點介紹": "淡水氣候觀測所籌建於1937年，正式啟用於1941年，是日治時期北部重要觀測所之一，當時稱為「淡水出張所」，一直忠實記錄著淡水地區歷年來的氣候變化。淡水氣候觀測所位於鼻仔頭水上機場上方，本來是在日治時代配屬於淡水水上飛行場的航空氣象觀測所，除了用以觀察氣象外，也兼辦觀測沿岸潮汐變化。",
        "parking_score": 3.0,
        "nearest_parking": "{ \"area_name\": \"淡水區\", \"roadname\": \"竿蓁大型停車場\", \"distance_m\": 125 }",
        "toilet": true,
        "無障礙": false,
        "family": false,
        "steal_count": 5,
        "steal_score": 1,
        "hotel": true
      }
    },
    {
      "type": "Feature",
      "geometry": {
        "type": "Point",
        "coordinates": [
          121.76219,
          25.08193
        ]
      },
      "properties": {
        "館所名稱": "粗坑口登山步道",
        "建物屬性": "熱門景點",
        "行政區": "瑞芳區",
        "地址": "新北市224瑞芳區224粗坑口路16號",
        "景點介紹": "粗坑口登山步道位在瑞芳區四腳亭上天里，由瑞八公路過四腳亭站牌後的第一個入口粗坑路口一巷右轉進入，首先抵達於清朝乾隆年間就存在，距今年代久遠的長興宮，而距離長興宮不遠處路旁公墓下方有一座荒廢已久的三榮煤礦坑，具聞當時三榮煤礦公司的老闆為女性，當地民眾又將粗坑口叫做「查某坑」。步道沿途雖然有不少叉路，但皆有指示牌，不易迷路，來到步道上端出口，可別急著回頭，沿產道往右步行約3~5分鐘，路旁有一觀景台，除可俯望四腳亭地區外，還能遠眺五分山。大粗坑擁有近百年的採金歷史。採金事業盛時，曾經吸引3,000 人口，與金瓜石、九份號稱臺灣消費能力最高的三大地區，聚落裡賭場、酒店、撞球場等娛樂場所林立，被稱為「小美國」。電影《戀戀風塵》、《悲情城市》曾經在這裡拍攝，而《多桑》影片中描述的便是大粗坑聚落。聚落裡有...",
        "parking_score": 0.0,
        "nearest_parking": "{ \"area_name\": \"汐止區\", \"roadname\": \"新台五路二段\", \"distance_m\": 8379 }",
        "toilet": false,
        "無障礙": false,
        "family": false,
        "steal_count": 0,
        "steal_score": 10,
        "hotel": false
      }
    },
    {
      "type": "Feature",
      "geometry": {
        "type": "Point",
        "coordinates": [
          121.43854,
          24.99638
        ]
      },
      "properties": {
        "館所名稱": "浮洲藝術河濱公園",
        "建物屬性": "自然生態",
        "行政區": "板橋區",
        "地址": "新北市220板橋區環河道路",
        "景點介紹": "範圍為從板橋鐵路橋至浮洲橋的大漢溪畔，佔地二十公頃，附近有座很有藝術氣息的國立台灣藝術學院，到此散散步，說不定會裡遇見未來的藝術家。園區內更有許多表演場地及藝術景觀設施，美化人們的心靈。",
        "parking_score": 6.5,
        "nearest_parking": "{ \"area_name\": \"新莊區\", \"roadname\": \"新崑路\", \"distance_m\": 566 }",
        "toilet": false,
        "無障礙": false,
        "family": false,
        "steal_count": 2,
        "steal_score": 1,
        "hotel": false
      }
    },
    {
      "type": "Feature",
      "geometry": {
        "type": "Point",
        "coordinates": [
          121.71246,
          24.93933
        ]
      },
      "properties": {
        "館所名稱": "觀音臺",
        "建物屬性": "自然生態",
        "行政區": "坪林區",
        "地址": "新北市232坪林區坪林里(坪林國中後方山頂上)",
        "景點介紹": "座落坪林國中後方山頂上，這裡本來是日據時期神社的所在地，後來才改建為觀音臺。有步道可前往，觀音臺高40呎，在直徑21公尺的圓形造景廣場，觀音聖像即座落於廣場正中間，含蓮花座高約11公尺，身朝南方層層山巒，象徵長佑子民源遠流長。不但是坪林當地的地標，也是北臺灣地區最高的青銅製觀音像，順著觀音臺步道上下山，觀音臺面向「思源臺」，與茶郊媽祖遙望相對，庇護茶鄉黎民。遊客既然都已經來到這裡，不妨多走點路鍛鍊一下身體，而且從這裡還可以看到北宜公路和雪山隧道，視野超讚！",
        "parking_score": 5.5,
        "nearest_parking": "{ \"area_name\": \"坪林區\", \"roadname\": \"國中路\", \"distance_m\": 74 }",
        "toilet": true,
        "無障礙": true,
        "family": false,
        "steal_count": 0,
        "steal_score": 10,
        "hotel": false
      }
    },
    {
      "type": "Feature",
      "geometry": {
        "type": "Point",
        "coordinates": [
          121.73946,
          24.94828
        ]
      },
      "properties": {
        "館所名稱": "虎寮潭",
        "建物屬性": "自然生態",
        "行政區": "坪林區",
        "地址": "新北市232坪林區虎寮潭",
        "景點介紹": "到坪林一遊，除了買茶葉、吃茶餐，不妨走近山裡、步上吊橋，欣賞虎寮潭的狗齒地形。狗齒地形是因為地層擠壓傾斜而翹起，在北勢溪的沖刷下，脆弱的頁岩崩解而留下鋸齒狀的砂岩，彷彿狗兒的牙齒般而得名。隨著翡翠水庫在北勢溪上游興建，許多狗齒地形沒入水中，但走近虎寮潭，站在虎寮潭吊橋上，仍可一覽狗齒地形的壯麗。",
        "parking_score": 0.0,
        "nearest_parking": "{ \"area_name\": \"坪林區\", \"roadname\": \"國中路\", \"distance_m\": 2818 }",
        "toilet": false,
        "無障礙": false,
        "family": false,
        "steal_count": 0,
        "steal_score": 10,
        "hotel": false
      }
    },
    {
      "type": "Feature",
      "geometry": {
        "type": "Point",
        "coordinates": [
          121.74959,
          24.95255
        ]
      },
      "properties": {
        "館所名稱": "粗石斛吊橋",
        "建物屬性": "自然生態",
        "行政區": "坪林區",
        "地址": "新北市232坪林區粗石斛吊橋",
        "景點介紹": "位於北勢溪上游的藍色粗石斛吊橋，與大自然連成一線，扮演著兩地一線牽的重要角色。，走一趟粗石斛吊橋，觀賞群魚游蹤，讓人心曠神怡。粗石斛吊橋旁有清泉水頭露營區，吊橋對岸是大舌湖健行步道入口，入口處為大舌湖32號旁，粗石斛吊橋、虎寮潭吊橋及水柳腳親水吊橋為坪林境內最具代表性的三座新式吊橋。",
        "parking_score": 0.0,
        "nearest_parking": "{ \"area_name\": \"坪林區\", \"roadname\": \"國中路\", \"distance_m\": 3941 }",
        "toilet": false,
        "無障礙": false,
        "family": false,
        "steal_count": 0,
        "steal_score": 10,
        "hotel": false
      }
    },
    {
      "type": "Feature",
      "geometry": {
        "type": "Point",
        "coordinates": [
          121.72756,
          24.96797
        ]
      },
      "properties": {
        "館所名稱": "漁光里步道",
        "建物屬性": "自然生態",
        "行政區": "坪林區",
        "地址": "新北市232坪林區漁光里",
        "景點介紹": "漁光里步道自南山寺起，沿著茶園間產業道路與山徑蜿蜒而下，終點位於粗石斛的七彩吊橋，沿途可以欣賞綠意盎然的茶園風光。",
        "parking_score": 0.0,
        "nearest_parking": "{ \"area_name\": \"坪林區\", \"roadname\": \"國中路\", \"distance_m\": 3434 }",
        "toilet": true,
        "無障礙": false,
        "family": false,
        "steal_count": 0,
        "steal_score": 10,
        "hotel": false
      }
    },
    {
      "type": "Feature",
      "geometry": {
        "type": "Point",
        "coordinates": [
          121.68116,
          24.91844
        ]
      },
      "properties": {
        "館所名稱": "金瓜寮茶香生態村",
        "建物屬性": "熱門景點",
        "行政區": "坪林區",
        "地址": "新北市232坪林區金瓜寮",
        "景點介紹": "位於金瓜寮溪自行車道的前端終點，就是金瓜寮茶香生態村的所在位置。以包種茶聞名的新北市坪林區，一直以來就是北臺灣重要的產茶中心，之所以命名為茶香生態村，就是因為村子內的居民幾乎都以種茶、製茶維生，隨著北宜公路的開通，坪林成為北宜公路上重要的中繼站，並以種植「文山包種茶」、「青心烏龍茶」兩種茶成為茶產中心。坪林區的茶園主要分布在北42鄉道、金瓜寮溪產業道路及北宜路旁的山坡丘陵地上，沿著公路緩緩而行，綿延起伏的茶園景致令人陶醉，北勢溪、金瓜寮溪蜿蜒而過，為這裡切割出許多美麗的深潭溪谷，如同陶淵明形容的桃花源祕境，感覺恬靜又安祥。使得坪林區成為兼具山光水色、人文風情的茶鄉勝地。",
        "parking_score": 0.0,
        "nearest_parking": "{ \"area_name\": \"坪林區\", \"roadname\": \"北宜路八段\", \"distance_m\": 2989 }",
        "toilet": true,
        "無障礙": false,
        "family": false,
        "steal_count": 0,
        "steal_score": 10,
        "hotel": false
      }
    },
    {
      "type": "Feature",
      "geometry": {
        "type": "Point",
        "coordinates": [
          121.49949,
          25.05773
        ]
      },
      "properties": {
        "館所名稱": "空軍三重一村",
        "建物屬性": "熱門景點",
        "行政區": "三重區",
        "地址": "新北市241三重區正義南路86巷",
        "景點介紹": "懷舊氛圍沿著磚房延展，守護著新北的眷村記憶",
        "parking_score": 10.0,
        "nearest_parking": "{ \"area_name\": \"三重區\", \"roadname\": \"正義南路\", \"distance_m\": 56 }",
        "toilet": true,
        "無障礙": true,
        "family": false,
        "steal_count": 14,
        "steal_score": 1,
        "hotel": true
      }
    },
    {
      "type": "Feature",
      "geometry": {
        "type": "Point",
        "coordinates": [
          121.82754,
          25.08665
        ]
      },
      "properties": {
        "館所名稱": "瑞三鑛業整煤廠",
        "建物屬性": "熱門景點",
        "行政區": "瑞芳區",
        "地址": "新北市224瑞芳區新北市瑞芳區柴寮路36-2號",
        "景點介紹": "「產煤裕國」，再造猴硐礦業風華",
        "parking_score": 0.0,
        "nearest_parking": "{ \"area_name\": \"汐止區\", \"roadname\": \"新台五路二段\", \"distance_m\": 14974 }",
        "toilet": true,
        "無障礙": true,
        "family": false,
        "steal_count": 0,
        "steal_score": 10,
        "hotel": false
      }
    },
    {
      "type": "Feature",
      "geometry": {
        "type": "Point",
        "coordinates": [
          121.44644,
          25.04138
        ]
      },
      "properties": {
        "館所名稱": "新莊體育園區",
        "建物屬性": "自然生態",
        "行政區": "新莊區",
        "地址": "新北市242新莊區和興街66號",
        "景點介紹": "國內綜合體育場經營的典範，新莊運動好所在",
        "parking_score": 10.0,
        "nearest_parking": "{ \"area_name\": \"新莊區\", \"roadname\": \"和興街\", \"distance_m\": 26 }",
        "toilet": true,
        "無障礙": false,
        "family": false,
        "steal_count": 18,
        "steal_score": 1,
        "hotel": false
      }
    },
    {
      "type": "Feature",
      "geometry": {
        "type": "Point",
        "coordinates": [
          121.54951,
          24.97477
        ]
      },
      "properties": {
        "館所名稱": "連淨綠色科技概念館",
        "建物屬性": "熱門景點",
        "行政區": "新店區",
        "地址": "新北市231新店區寶興路45巷9弄4號1樓",
        "景點介紹": "一覽苦茶油的製作過程，DIY動手同樂",
        "parking_score": 10.0,
        "nearest_parking": "{ \"area_name\": \"新店區\", \"roadname\": \"寶興便道\", \"distance_m\": 415 }",
        "toilet": false,
        "無障礙": false,
        "family": false,
        "steal_count": 3,
        "steal_score": 1,
        "hotel": false
      }
    },
    {
      "type": "Feature",
      "geometry": {
        "type": "Point",
        "coordinates": [
          121.51173,
          25.00842
        ]
      },
      "properties": {
        "館所名稱": "永和樂華夜市",
        "建物屬性": "夜市",
        "行政區": "永和區",
        "地址": "新北市234永和區樂華夜市",
        "景點介紹": "地道的臺灣小吃匯集，用舌尖感受在地的熱情",
        "parking_score": 10.0,
        "nearest_parking": "{ \"area_name\": \"永和區\", \"roadname\": \"保平路\", \"distance_m\": 126 }",
        "toilet": true,
        "無障礙": false,
        "family": false,
        "steal_count": 28,
        "steal_score": 1,
        "hotel": true
      }
    },
    {
      "type": "Feature",
      "geometry": {
        "type": "Point",
        "coordinates": [
          121.68895,
          25.19649
        ]
      },
      "properties": {
        "館所名稱": "龜吼漁港",
        "建物屬性": "熱門景點",
        "行政區": "萬里區",
        "地址": "新北市207萬里區漁澳路85-3號(龜吼漁港安檢所)",
        "景點介紹": "美麗的觀光小漁村，因萬里蟹聞名，為老饕必訪的漁港",
        "parking_score": 0.0,
        "nearest_parking": "{ \"area_name\": \"金山區\", \"roadname\": \"中興路\", \"distance_m\": 5318 }",
        "toilet": false,
        "無障礙": false,
        "family": false,
        "steal_count": 0,
        "steal_score": 10,
        "hotel": false
      }
    },
    {
      "type": "Feature",
      "geometry": {
        "type": "Point",
        "coordinates": [
          121.8928,
          25.1196
        ]
      },
      "properties": {
        "館所名稱": "南雅奇岩(南雅奇石)",
        "建物屬性": "熱門景點",
        "行政區": "瑞芳區",
        "地址": "新北市224瑞芳區南雅里濱海公路",
        "景點介紹": "有臺灣36秘境美名，吸引許多攝影迷與遊客駐足拍照",
        "parking_score": 0.0,
        "nearest_parking": "{ \"area_name\": \"汐止區\", \"roadname\": \"新台五路二段\", \"distance_m\": 22155 }",
        "toilet": false,
        "無障礙": false,
        "family": false,
        "steal_count": 0,
        "steal_score": 10,
        "hotel": false
      }
    },
    {
      "type": "Feature",
      "geometry": {
        "type": "Point",
        "coordinates": [
          121.45415,
          25.00665
        ]
      },
      "properties": {
        "館所名稱": "板橋湳雅觀光夜市",
        "建物屬性": "夜市",
        "行政區": "板橋區",
        "地址": "新北市220板橋區南雅東路",
        "景點介紹": "有許多必吃的美食老店，是板橋人的宵夜天堂",
        "parking_score": 10.0,
        "nearest_parking": "{ \"area_name\": \"板橋區\", \"roadname\": \"大觀路一段29巷179弄\", \"distance_m\": 350 }",
        "toilet": true,
        "無障礙": false,
        "family": false,
        "steal_count": 54,
        "steal_score": 1,
        "hotel": true
      }
    },
    {
      "type": "Feature",
      "geometry": {
        "type": "Point",
        "coordinates": [
          121.78746,
          25.04897
        ]
      },
      "properties": {
        "館所名稱": "十分瀑布公園",
        "建物屬性": "熱門景點",
        "行政區": "平溪區",
        "地址": "新北市226平溪區乾坑10號",
        "景點介紹": "走訪臺版尼加拉瀑布，欣賞萬馬奔騰的磅礡",
        "parking_score": 0.0,
        "nearest_parking": "{ \"area_name\": \"汐止區\", \"roadname\": \"新台五路二段\", \"distance_m\": 11013 }",
        "toilet": true,
        "無障礙": true,
        "family": false,
        "steal_count": 0,
        "steal_score": 10,
        "hotel": false
      }
    },
    {
      "type": "Feature",
      "geometry": {
        "type": "Point",
        "coordinates": [
          121.60624,
          25.28236
        ]
      },
      "properties": {
        "館所名稱": "草里漁港",
        "建物屬性": "熱門景點",
        "行政區": "石門區",
        "地址": "新北市253石門區草里里淡金公路旁",
        "景點介紹": "淡金公路旁小而美的漁港，釣魚休閒好所在",
        "parking_score": 0.0,
        "nearest_parking": "{ \"area_name\": \"金山區\", \"roadname\": \"中山路\", \"distance_m\": 6787 }",
        "toilet": false,
        "無障礙": false,
        "family": false,
        "steal_count": 0,
        "steal_score": 10,
        "hotel": false
      }
    },
    {
      "type": "Feature",
      "geometry": {
        "type": "Point",
        "coordinates": [
          121.43855,
          25.1718
        ]
      },
      "properties": {
        "館所名稱": "滬尾馬偕醫館",
        "建物屬性": "藝文古蹟",
        "行政區": "淡水區",
        "地址": "新北市251淡水區馬偕街6號",
        "景點介紹": "滬尾偕醫館不僅是新北市市定古蹟之一，也是臺灣北部第一家西式醫院。由於馬偕博士曾於此進行宣教及醫療，此處也展出當時醫院的器具用品，以及博士生平簡介、衣物、日用品、教會相關用品等，其中包括由國外引進，曾擺放於博士家超過百年歷史的風琴、馬偕家人穿過的唐裝，可以來一趟了解馬偕博士生平、與當時的醫療環境。西元1879年由同姓的馬偕婦人為紀念已逝的先生－馬偕船長，並且也感念馬偕博士的無私服務精神，因此捐助經費，興建滬尾偕醫館。其建築風格是採中式的斜坡屋頂，閩南式屋宅搭配西式的窗框設計，內部設有壁爐，亦屬當時西方人習慣使用的家庭必要設備之一。很難想像，這樣樸實的建築內，曾是發現世界首例「肺蛭蟲」的醫療院所。今日滬尾偕醫館經整修後，內部除展示馬偕博士生平事蹟外，更設有馬偕咖啡館，讓古蹟空間再活化利用。滬尾偕...",
        "parking_score": 0.6,
        "nearest_parking": "{ \"area_name\": \"淡水區\", \"roadname\": \"中正路382號前迴轉道\", \"distance_m\": 936 }",
        "toilet": true,
        "無障礙": true,
        "family": false,
        "steal_count": 23,
        "steal_score": 1,
        "hotel": true
      }
    },
    {
      "type": "Feature",
      "geometry": {
        "type": "Point",
        "coordinates": [
          121.84224,
          25.09123
        ]
      },
      "properties": {
        "館所名稱": "大粗坑古道",
        "建物屬性": "自然生態",
        "行政區": "瑞芳區",
        "地址": "新北市224瑞芳區大粗坑",
        "景點介紹": "靠近水金九地區的大粗坑古道起點是在台北縣102號縣道19公里處的大粗坑叉路口，另一端終點是北37號鄉道的瑞侯公路，可以與金字碑觀光步道會合。旅客可在遊賞過人潮相較於水金九少得多、卻有著與眾不同的寧靜的侯峒後接上古道，展開時空探索之旅。古道全程約四公里，循架空的陸橋階梯而下，是金城千金散盡的遺跡。",
        "parking_score": 0.0,
        "nearest_parking": "{ \"area_name\": \"汐止區\", \"roadname\": \"新台五路二段\", \"distance_m\": 16515 }",
        "toilet": false,
        "無障礙": false,
        "family": false,
        "steal_count": 0,
        "steal_score": 10,
        "hotel": false
      }
    },
    {
      "type": "Feature",
      "geometry": {
        "type": "Point",
        "coordinates": [
          121.46529,
          25.0129
        ]
      },
      "properties": {
        "館所名稱": "新北市市民廣場",
        "建物屬性": "熱門景點",
        "行政區": "板橋區",
        "地址": "新北市220板橋區中山路一段161號",
        "景點介紹": "位於新北市府前，以「歡樂耶誕城」系列活動最負盛名",
        "parking_score": 10.0,
        "nearest_parking": "{ \"area_name\": \"板橋區\", \"roadname\": \"區運路\", \"distance_m\": 298 }",
        "toilet": true,
        "無障礙": true,
        "family": false,
        "steal_count": 42,
        "steal_score": 1,
        "hotel": true
      }
    },
    {
      "type": "Feature",
      "geometry": {
        "type": "Point",
        "coordinates": [
          121.95831,
          25.0049
        ]
      },
      "properties": {
        "館所名稱": "舊草嶺環狀自行車道",
        "建物屬性": "熱門景點",
        "行政區": "貢寮區",
        "地址": "新北市228貢寮區",
        "景點介紹": "「舊草嶺環狀自行車道」全程20km，必須騎自行車來回約2小時，起點從福隆車站開始，一路騎去可晀望龜山島風光，並有綿延的海岸線與壯麗山壁伴你騎行！租自行車的地點位於福隆車站外兩旁的店家，強烈建議如果想要騎完整的環狀線，請在福隆車站外兩旁店家租用「電動自行車」以因應體力可能不夠的狀況。另外，夏日騎乘也請務必做好防曬準備，攜帶口罩、飲用礦泉水等。",
        "parking_score": 0.0,
        "nearest_parking": "{ \"area_name\": \"坪林區\", \"roadname\": \"國中路\", \"distance_m\": 25781 }",
        "toilet": true,
        "無障礙": true,
        "family": false,
        "steal_count": 0,
        "steal_score": 10,
        "hotel": false
      }
    },
    {
      "type": "Feature",
      "geometry": {
        "type": "Point",
        "coordinates": [
          121.46603,
          24.83442
        ]
      },
      "properties": {
        "館所名稱": "雲森瀑布",
        "建物屬性": "熱門景點",
        "行政區": "三峽區",
        "地址": "新北市237三峽區雲森瀑布",
        "景點介紹": "位於新北市三峽熊空地區的雲森瀑布在中坑溪上游，是雲心和森山兩座瀑布的合稱，也有人將雲心、森山，再加姊妹瀑布，合稱之為「雲森三瀑」沿途多是平緩腰繞的山徑，兩旁盡是鬱鬱蒼蒼的森林，一路上還會穿越清澈的小溪、溪谷木橋和鋁梯，通過時驚而不險，且憑添許多野趣。越溪之後不久即可望見約十多公尺高、雙層簾幕狀的雲心瀑布，附近生長了巨大的青楓，每年十二月底至一月初有機會欣賞到層層楓紅襯著秀麗瀑布的美景。左側有一條較陡的山徑通往雲心瀑布的崖頂和瀑身狹長的森山瀑布，但視野和腹地較小，無法靠近。雲森瀑布之美吸引了不少攝影師和電視廣告前來取景，因此帶來更多觀瀑、賞楓、登山、溯溪和戲水的人潮，由於山區路幅較小、停車不易，建議避開假日或儘早出發。可連走附近的中級山（如：逐鹿山、卡保山、樂佩山、組合山、滿月圓山）或木炭古道...",
        "parking_score": 0.0,
        "nearest_parking": "{ \"area_name\": \"新店區\", \"roadname\": \"安一路三段\", \"distance_m\": 12707 }",
        "toilet": false,
        "無障礙": false,
        "family": false,
        "steal_count": 0,
        "steal_score": 10,
        "hotel": false
      }
    },
    {
      "type": "Feature",
      "geometry": {
        "type": "Point",
        "coordinates": [
          121.59541,
          25.20194
        ]
      },
      "properties": {
        "館所名稱": "陽明山天籟渡假酒店",
        "建物屬性": "熱門景點",
        "行政區": "金山區",
        "地址": "新北市208金山區名流路1-7號",
        "景點介紹": "「陽明山天籟渡假酒店」位於陽明山麓下，溫泉為PH值介於5-6的純淨弱酸泉。不僅擁有北台灣最大近2000坪的湧泉樂園，坐擁豐沛生態資源；館區還有多種冷熱泉風呂、親子SPA水世界、多功能水療設施、槌球場、趣味推桿區等運動場域，此外也提供多項在地旅遊行程及DIY活動。優質服務曾獲得綠色米其林指南推薦為北台灣最佳渡假酒店，2014年及2015年連續獲得Tripadvisor評選為「親子最喜歡入住的飯店」之一。在「陽明山天籟渡假酒店」的寬敞浴池中可享受群山環繞，潺潺的水聲、清新悅耳的蟲鳴鳥叫，舒展疲憊的身心。",
        "parking_score": 0.0,
        "nearest_parking": "{ \"area_name\": \"金山區\", \"roadname\": \"仁愛路\", \"distance_m\": 4525 }",
        "toilet": true,
        "無障礙": false,
        "family": false,
        "steal_count": 0,
        "steal_score": 10,
        "hotel": true
      }
    },
    {
      "type": "Feature",
      "geometry": {
        "type": "Point",
        "coordinates": [
          121.70408,
          24.93501
        ]
      },
      "properties": {
        "館所名稱": "坪林親水吊橋",
        "建物屬性": "自然生態",
        "行政區": "坪林區",
        "地址": "新北市232坪林區坪林旅遊服務中心斜對面",
        "景點介紹": "位於新北市坪林區的親水吊橋就位於坪林形象商圈末段，從加油站旁牌樓下階梯，即可進入親水吊橋。「雙龍合抱，共佑坪林」是規劃坪林親水吊橋的原始構想，吊橋橫跨北勢溪，長度約60公尺，面寬2公尺，可聯繫北勢溪二岸觀魚步道，將坪林茶業博物館、坪林吊橋、形象商圈等景點串聯一起。這裡也是欣賞水底魚群戲水的最佳高處位置，從上而下觀察，這才發現吊橋下方則是魚群閃閃發亮，密度之高令人嘖嘖稱奇，現在已是遊客必訪之地。讓人驚嘆坪林的封溪護育果然成績斐然，很多遊客都會帶著魚飼料、吐司在橋上拋丟食物給魚兒吃，雖然公所沒有禁止，但還是要提醒遊客不要把垃圾丟到河水裡，不但污染水源，要是讓魚吃進肚子裡那就太缺德了喔！",
        "parking_score": 4.0,
        "nearest_parking": "{ \"area_name\": \"坪林區\", \"roadname\": \"北宜路八段\", \"distance_m\": 70 }",
        "toilet": true,
        "無障礙": true,
        "family": false,
        "steal_count": 0,
        "steal_score": 10,
        "hotel": false
      }
    },
    {
      "type": "Feature",
      "geometry": {
        "type": "Point",
        "coordinates": [
          121.71337,
          24.93469
        ]
      },
      "properties": {
        "館所名稱": "坪林生態園區",
        "建物屬性": "自然生態",
        "行政區": "坪林區",
        "地址": "新北市232坪林區水德里水聳淒坑19-1號旁(茶業博物館旁)",
        "景點介紹": "坪林生態園區依山傍水，緊臨茶葉博物館，佔地近三公頃，雖然命名為生態園區，但其實這裡就是位在茶業博物館旁邊的花園，園區依原有地形規劃興建，並保留多處原始林區，園區內設有多處景觀設施，並保留各類原始植物生態，是遊憩休閒的好去處。園區中的植物生態區享有盛名，茶園生態區、藥用植物區和杜鵑花、金針花及野薑花海、杏花林、杉木林、油杉林、楓樹園、水生植物綜合區以及蛇木林區各具特色，走進園內，茶香夾著花香，令人神清氣爽。園區內中有座供奉茶農保護神「茶郊媽祖」之「思源臺」，這尊媽祖約有200多年歷史，據說是早年移居來臺的大陸茶工遠從福建請來，由於頗為靈驗，前往祭拜的茶農越來越多，至今已成坪林茶農主要的信仰神祇，是全體鄉民精神的依歸。",
        "parking_score": 5.5,
        "nearest_parking": "{ \"area_name\": \"坪林區\", \"roadname\": \"國中路\", \"distance_m\": 164 }",
        "toilet": true,
        "無障礙": true,
        "family": false,
        "steal_count": 0,
        "steal_score": 10,
        "hotel": false
      }
    }
  ]
}