{
   "type": "FeatureCollection",
   "features": [
  {
    "type": "Feature",
    "geometry": {
       "type": "Point",
       "coordinates":  [ 121.504639993191,25.04258001458 ]
    },
    "properties": {
    "專用標識編號":"臺北市旅館001號",
    "旅館名稱":"旅居文旅西門驛站昆明館",
    "營業地址":"108臺北市萬華區昆明街142號7-8樓",
    "電話或手機":"02-23818131",
    "客房最低定價":10000,
    "客房最高定價":15000,
    "房間數":37,
    "area":"萬華區"
    }
  },
  {
    "type": "Feature",
    "geometry": {
       "type": "Point",
       "coordinates":  [ 121.558728330563,25.031936296742 ]
    },
    "properties": {
    "專用標識編號":"臺北市旅館002號",
    "旅館名稱":"慕居行旅",
    "營業地址":"110臺北市信義區基隆路二段22號5樓",
    "電話或手機":"02-27295828",
    "客房最低定價":600,
    "客房最高定價":70000,
    "房間數":25,
    "area":"信義區"
    }
  },
  {
    "type": "Feature",
    "geometry": {
       "type": "Point",
       "coordinates":  [ 121.564133987559,25.04900600065 ]
    },
    "properties": {
    "專用標識編號":"臺北市旅館003號",
    "旅館名稱":"承攜行旅台北八德館",
    "營業地址":"105臺北市松山區八德路四段213號1-7樓",
    "電話或手機":"02-27425575",
    "客房最低定價":12000,
    "客房最高定價":16000,
    "房間數":76,
    "area":"松山區"
    }
  },
  {
    "type": "Feature",
    "geometry": {
       "type": "Point",
       "coordinates":  [ 121.534686014771,25.033772017357 ]
    },
    "properties": {
    "專用標識編號":"臺北市旅館004號",
    "旅館名稱":"丹迪旅店-大安森林公園店",
    "營業地址":"106臺北市大安區信義路三段33號3-10樓",
    "電話或手機":"02-27076899",
    "客房最低定價":12000,
    "客房最高定價":15000,
    "房間數":73,
    "area":"大安區"
    }
  },
  {
    "type": "Feature",
    "geometry": {
       "type": "Point",
       "coordinates":  [ 121.515463041847,25.051643995127 ]
    },
    "properties": {
    "專用標識編號":"臺北市旅館006號",
    "旅館名稱":"雀客快捷台北車站",
    "營業地址":"103臺北市大同區太原路64號1至8樓",
    "電話或手機":"02-25590577",
    "客房最低定價":10780,
    "客房最高定價":28600,
    "房間數":58,
    "area":"大同區"
    }
  },
  {
    "type": "Feature",
    "geometry": {
       "type": "Point",
       "coordinates":  [ 121.544876984109,25.054424020953 ]
    },
    "properties": {
    "專用標識編號":"臺北市旅館007號",
    "旅館名稱":"大來商旅",
    "營業地址":"105臺北市松山區長春路432號1-7樓",
    "電話或手機":"02-27160011",
    "客房最低定價":2000,
    "客房最高定價":12000,
    "房間數":62,
    "area":"松山區"
    }
  },
  {
    "type": "Feature",
    "geometry": {
       "type": "Point",
       "coordinates":  [ 121.504633036211,25.135153986111 ]
    },
    "properties": {
    "專用標識編號":"臺北市旅館009號",
    "旅館名稱":"漾館溫泉商旅",
    "營業地址":"112臺北市北投區溫泉路63號1-4樓",
    "電話或手機":"02-28911118",
    "客房最低定價":5888,
    "客房最高定價":15800,
    "房間數":31,
    "area":"北投區"
    }
  },
  {
    "type": "Feature",
    "geometry": {
       "type": "Point",
       "coordinates":  [ 121.599939969182,25.056864998795 ]
    },
    "properties": {
    "專用標識編號":"臺北市旅館010號",
    "旅館名稱":"和怡商務旅館",
    "營業地址":"115臺北市南港區重陽路122號",
    "電話或手機":"02-27890505",
    "客房最低定價":3380,
    "客房最高定價":6140,
    "房間數":43,
    "area":"南港區"
    }
  },
  {
    "type": "Feature",
    "geometry": {
       "type": "Point",
       "coordinates":  [ 121.514645973926,25.051346018469 ]
    },
    "properties": {
    "專用標識編號":"臺北市旅館013號",
    "旅館名稱":"皇后旅社",
    "營業地址":"103臺北市大同區長安西路226號1至4樓",
    "電話或手機":"02-25590489",
    "客房最低定價":6800,
    "客房最高定價":20000,
    "房間數":20,
    "area":"大同區"
    }
  },
  {
    "type": "Feature",
    "geometry": {
       "type": "Point",
       "coordinates":  [ 121.50238500978,25.041436010525 ]
    },
    "properties": {
    "專用標識編號":"臺北市旅館015號",
    "旅館名稱":"華麗大飯店",
    "營業地址":"108臺北市萬華區康定路41號",
    "電話或手機":"02-23818111",
    "客房最低定價":1900,
    "客房最高定價":12000,
    "房間數":88,
    "area":"萬華區"
    }
  },
  {
    "type": "Feature",
    "geometry": {
       "type": "Point",
       "coordinates":  [ 121.527387975495,25.066466007878 ]
    },
    "properties": {
    "專用標識編號":"臺北市旅館016號",
    "旅館名稱":"新凱飯店",
    "營業地址":"104臺北市中山區新生北路3段76之1號1至10樓",
    "電話或手機":"02-25855000",
    "客房最低定價":3000,
    "客房最高定價":15000,
    "房間數":42,
    "area":"中山區"
    }
  },
  {
    "type": "Feature",
    "geometry": {
       "type": "Point",
       "coordinates":  [ 121.526259268413,25.054821113616 ]
    },
    "properties": {
    "專用標識編號":"臺北市旅館018號",
    "旅館名稱":"麗雅精品旅館",
    "營業地址":"104臺北市中山區長春路62號8樓之1",
    "電話或手機":"02-25411133",
    "客房最低定價":1980,
    "客房最高定價":1980,
    "房間數":12,
    "area":"中山區"
    }
  },
  {
    "type": "Feature",
    "geometry": {
       "type": "Point",
       "coordinates":  [ 121.547975773713,25.152222516552 ]
    },
    "properties": {
    "專用標識編號":"臺北市旅館022號",
    "旅館名稱":"國際大旅館",
    "營業地址":"112臺北市北投區湖山路一段7號",
    "電話或手機":"02-28617100",
    "客房最低定價":2310,
    "客房最高定價":3190,
    "房間數":44,
    "area":"北投區"
    }
  },
  {
    "type": "Feature",
    "geometry": {
       "type": "Point",
       "coordinates":  [ 121.524228490664,25.063672141861 ]
    },
    "properties": {
    "專用標識編號":"臺北市旅館023號",
    "旅館名稱":"漫慢米窩旅店",
    "營業地址":"104臺北市中山區中山北路二段183巷30、32號3樓 ",
    "電話或手機":"02-25910183",
    "客房最低定價":5600,
    "客房最高定價":7200,
    "房間數":13,
    "area":"中山區"
    }
  },
  {
    "type": "Feature",
    "geometry": {
       "type": "Point",
       "coordinates":  [ 121.533738021522,25.03378299765 ]
    },
    "properties": {
    "專用標識編號":"臺北市旅館027號",
    "旅館名稱":"麗都大飯店",
    "營業地址":"106臺北市大安區信義路三段11號1-11樓",
    "電話或手機":"02-27065600",
    "客房最低定價":2700,
    "客房最高定價":9000,
    "房間數":73,
    "area":"大安區"
    }
  },
  {
    "type": "Feature",
    "geometry": {
       "type": "Point",
       "coordinates":  [ 121.505538030297,25.045773896876 ]
    },
    "properties": {
    "專用標識編號":"臺北市旅館030號",
    "旅館名稱":"黛芬旅館",
    "營業地址":"108臺北市萬華區昆明街76號3樓",
    "電話或手機":"02-23719751",
    "客房最低定價":1000,
    "客房最高定價":2500,
    "房間數":15,
    "area":"萬華區"
    }
  },
  {
    "type": "Feature",
    "geometry": {
       "type": "Point",
       "coordinates":  [ 121.537779020862,25.054855982333 ]
    },
    "properties": {
    "專用標識編號":"臺北市旅館031號",
    "旅館名稱":"首都唯客樂飯店",
    "營業地址":"104臺北市中山區長春路187號1-9樓",
    "電話或手機":"02-25070168",
    "客房最低定價":5800,
    "客房最高定價":13000,
    "房間數":80,
    "area":"中山區"
    }
  },
  {
    "type": "Feature",
    "geometry": {
       "type": "Point",
       "coordinates":  [ 121.510821982059,25.042902005391 ]
    },
    "properties": {
    "專用標識編號":"臺北市旅館032號",
    "旅館名稱":"力歐時尚旅館",
    "營業地址":"100臺北市中正區延平南路9號1-9樓",
    "電話或手機":"02-23145296",
    "客房最低定價":3000,
    "客房最高定價":5000,
    "房間數":37,
    "area":"中正區"
    }
  },
  {
    "type": "Feature",
    "geometry": {
       "type": "Point",
       "coordinates":  [ 121.51005403209,25.046340010616 ]
    },
    "properties": {
    "專用標識編號":"臺北市旅館033號",
    "旅館名稱":"悅來旅館",
    "營業地址":"100臺北市中正區中華路一段21號6-7樓",
    "電話或手機":"02-23110066",
    "客房最低定價":5000,
    "客房最高定價":12000,
    "房間數":26,
    "area":"中正區"
    }
  },
  {
    "type": "Feature",
    "geometry": {
       "type": "Point",
       "coordinates":  [ 121.51005403209,25.046340010616 ]
    },
    "properties": {
    "專用標識編號":"臺北市旅館034號",
    "旅館名稱":"金財神旅館",
    "營業地址":"100臺北市中正區中華路一段21號3樓",
    "電話或手機":"02-23110066",
    "客房最低定價":5000,
    "客房最高定價":12000,
    "房間數":12,
    "area":"中正區"
    }
  },
  {
    "type": "Feature",
    "geometry": {
       "type": "Point",
       "coordinates":  [ 121.573630013305,25.049783003074 ]
    },
    "properties": {
    "專用標識編號":"臺北市旅館035號",
    "旅館名稱":"小雅旅店",
    "營業地址":"105臺北市松山區八德路四段616號5樓",
    "電話或手機":"02-27631122",
    "客房最低定價":1100,
    "客房最高定價":6400,
    "房間數":17,
    "area":"松山區"
    }
  },
  {
    "type": "Feature",
    "geometry": {
       "type": "Point",
       "coordinates":  [ 121.556263967211,25.051384994318 ]
    },
    "properties": {
    "專用標識編號":"臺北市旅館040號",
    "旅館名稱":"艾捷天麗大飯店",
    "營業地址":"105臺北市松山區南京東路四段156號1-11樓",
    "電話或手機":"02-25796162",
    "客房最低定價":30000,
    "客房最高定價":46000,
    "房間數":78,
    "area":"松山區"
    }
  },
  {
    "type": "Feature",
    "geometry": {
       "type": "Point",
       "coordinates":  [ 121.508898000004,25.054114016264 ]
    },
    "properties": {
    "專用標識編號":"臺北市旅館042號",
    "旅館名稱":"承攜行旅台北大稻埕",
    "營業地址":"103臺北市大同區西寧北路49號1-5樓,43-47號2-5樓",
    "電話或手機":"02-25552268",
    "客房最低定價":10780,
    "客房最高定價":11880,
    "房間數":24,
    "area":"大同區"
    }
  },
  {
    "type": "Feature",
    "geometry": {
       "type": "Point",
       "coordinates":  [ 121.511934009153,25.052876009165 ]
    },
    "properties": {
    "專用標識編號":"臺北市旅館046號",
    "旅館名稱":"迪樂商旅",
    "營業地址":"103臺北市大同區延平北路一段121號1至6樓",
    "電話或手機":"02-25551130",
    "客房最低定價":1580,
    "客房最高定價":15800,
    "房間數":28,
    "area":"大同區"
    }
  },
  {
    "type": "Feature",
    "geometry": {
       "type": "Point",
       "coordinates":  [ 121.51997996565,25.050565998559 ]
    },
    "properties": {
    "專用標識編號":"臺北市旅館047號",
    "旅館名稱":"紫園旅社",
    "營業地址":"103臺北市大同區南京西路18巷30號",
    "電話或手機":"02-25557178",
    "客房最低定價":5200,
    "客房最高定價":6200,
    "房間數":27,
    "area":"大同區"
    }
  },
  {
    "type": "Feature",
    "geometry": {
       "type": "Point",
       "coordinates":  [ 121.503108032748,25.045857003446 ]
    },
    "properties": {
    "專用標識編號":"臺北市旅館048號",
    "旅館名稱":"富粧商務旅店",
    "營業地址":"108臺北市萬華區康定路6,8號2-5樓",
    "電話或手機":"02-23711247、 0968-321777",
    "客房最低定價":1680,
    "客房最高定價":8880,
    "房間數":28,
    "area":"萬華區"
    }
  },
  {
    "type": "Feature",
    "geometry": {
       "type": "Point",
       "coordinates":  [ 121.507401997925,25.044448005522 ]
    },
    "properties": {
    "專用標識編號":"臺北市旅館049號",
    "旅館名稱":"長虹大飯店",
    "營業地址":"108臺北市萬華區漢中街36號1,3-8樓",
    "電話或手機":"02-23119193",
    "客房最低定價":2380,
    "客房最高定價":7200,
    "房間數":68,
    "area":"萬華區"
    }
  },
  {
    "type": "Feature",
    "geometry": {
       "type": "Point",
       "coordinates":  [ 121.510860035899,25.135435995243 ]
    },
    "properties": {
    "專用標識編號":"臺北市旅館050號",
    "旅館名稱":"東皇大飯店",
    "營業地址":"112臺北市北投區溫泉路108號1-6樓",
    "電話或手機":"02-28913027",
    "客房最低定價":5000,
    "客房最高定價":8000,
    "房間數":39,
    "area":"北投區"
    }
  },
  {
    "type": "Feature",
    "geometry": {
       "type": "Point",
       "coordinates":  [ 121.514303992276,25.049707985041 ]
    },
    "properties": {
    "專用標識編號":"臺北市旅館051號",
    "旅館名稱":"梅樓商務驛站",
    "營業地址":"103臺北市大同區鄭州路29巷1-1號2-4樓",
    "電話或手機":"02-25552587",
    "客房最低定價":1490,
    "客房最高定價":5830,
    "房間數":18,
    "area":"大同區"
    }
  },
  {
    "type": "Feature",
    "geometry": {
       "type": "Point",
       "coordinates":  [ 121.57423895857,25.049807017227 ]
    },
    "properties": {
    "專用標識編號":"臺北市旅館054號",
    "旅館名稱":"旅居文旅-松山驛站",
    "營業地址":"105臺北市松山區八德路四段626號3樓",
    "電話或手機":"02-27635889",
    "客房最低定價":3000,
    "客房最高定價":18000,
    "房間數":18,
    "area":"松山區"
    }
  },
  {
    "type": "Feature",
    "geometry": {
       "type": "Point",
       "coordinates":  [ 121.610735022282,25.054848983444 ]
    },
    "properties": {
    "專用標識編號":"臺北市旅館056號",
    "旅館名稱":"南港安樂旅社",
    "營業地址":"115臺北市南港區南港路一段229號2-3樓",
    "電話或手機":"02-26511797",
    "客房最低定價":1400,
    "客房最高定價":1400,
    "房間數":10,
    "area":"南港區"
    }
  },
  {
    "type": "Feature",
    "geometry": {
       "type": "Point",
       "coordinates":  [ 121.533512967421,25.041906989665 ]
    },
    "properties": {
    "專用標識編號":"臺北市旅館057號",
    "旅館名稱":"凱統大飯店",
    "營業地址":"106臺北市大安區忠孝東路三段8號3-9樓",
    "電話或手機":"02-27211162",
    "客房最低定價":2580,
    "客房最高定價":3280,
    "房間數":56,
    "area":"大安區"
    }
  },
  {
    "type": "Feature",
    "geometry": {
       "type": "Point",
       "coordinates":  [ 121.52565738505,25.06037292221 ]
    },
    "properties": {
    "專用標識編號":"臺北市旅館059號",
    "旅館名稱":"薇閣精品旅館",
    "營業地址":"104臺北市中山區錦州街27、29號,31號2-4樓",
    "電話或手機":"02-25318000",
    "客房最低定價":3800,
    "客房最高定價":9000,
    "房間數":87,
    "area":"中山區"
    }
  },
  {
    "type": "Feature",
    "geometry": {
       "type": "Point",
       "coordinates":  [ 121.500760010211,25.039302019886 ]
    },
    "properties": {
    "專用標識編號":"臺北市旅館060號",
    "旅館名稱":"華宮旅社",
    "營業地址":"108臺北市萬華區西昌街157號",
    "電話或手機":"02-23142627",
    "客房最低定價":700,
    "客房最高定價":700,
    "房間數":14,
    "area":"萬華區"
    }
  },
  {
    "type": "Feature",
    "geometry": {
       "type": "Point",
       "coordinates":  [ 121.513852040057,25.045083982425 ]
    },
    "properties": {
    "專用標識編號":"臺北市旅館061號",
    "旅館名稱":"洛碁大飯店花華分館",
    "營業地址":"100臺北市中正區漢口街一段36號1-8樓及地下室",
    "電話或手機":"02-23123811",
    "客房最低定價":3000,
    "客房最高定價":18000,
    "房間數":56,
    "area":"中正區"
    }
  },
  {
    "type": "Feature",
    "geometry": {
       "type": "Point",
       "coordinates":  [ 121.524985973502,25.054783017866 ]
    },
    "properties": {
    "專用標識編號":"臺北市旅館063號",
    "旅館名稱":"京都商務旅館",
    "營業地址":"104臺北市中山區長春路38號3-10樓  ",
    "電話或手機":"02-25673366",
    "客房最低定價":4300,
    "客房最高定價":9000,
    "房間數":40,
    "area":"中山區"
    }
  },
  {
    "type": "Feature",
    "geometry": {
       "type": "Point",
       "coordinates":  [ 121.50542697008,25.042151992695 ]
    },
    "properties": {
    "專用標識編號":"臺北市旅館064號",
    "旅館名稱":"美觀園旅社",
    "營業地址":"108臺北市萬華區西寧南路90巷13號",
    "電話或手機":"02-23314123",
    "客房最低定價":1800,
    "客房最高定價":2800,
    "房間數":15,
    "area":"萬華區"
    }
  },
  {
    "type": "Feature",
    "geometry": {
       "type": "Point",
       "coordinates":  [ 121.514971024131,25.051704009553 ]
    },
    "properties": {
    "專用標識編號":"臺北市旅館065號",
    "旅館名稱":"北門文旅",
    "營業地址":"103臺北市大同區長安西路145巷3號",
    "電話或手機":"02-25567797",
    "客房最低定價":1400,
    "客房最高定價":8000,
    "房間數":15,
    "area":"大同區"
    }
  },
  {
    "type": "Feature",
    "geometry": {
       "type": "Point",
       "coordinates":  [ 121.546169976492,25.038679998852 ]
    },
    "properties": {
    "專用標識編號":"臺北市旅館066號",
    "旅館名稱":"台北商旅（大安館）",
    "營業地址":"106臺北市大安區大安路一段135號",
    "電話或手機":"02-77119933",
    "客房最低定價":9200,
    "客房最高定價":11500,
    "房間數":42,
    "area":"大安區"
    }
  },
  {
    "type": "Feature",
    "geometry": {
       "type": "Point",
       "coordinates":  [ 121.512256041873,25.053411989963 ]
    },
    "properties": {
    "專用標識編號":"臺北市旅館067號",
    "旅館名稱":"福來旅社",
    "營業地址":"103臺北市大同區南京西路344巷13號1-4樓",
    "電話或手機":"02-25550857",
    "客房最低定價":500,
    "客房最高定價":1000,
    "房間數":37,
    "area":"大同區"
    }
  },
  {
    "type": "Feature",
    "geometry": {
       "type": "Point",
       "coordinates":  [ 121.511570988927,25.059335019933 ]
    },
    "properties": {
    "專用標識編號":"臺北市旅館068號",
    "旅館名稱":"葳皇時尚飯店",
    "營業地址":"103臺北市大同區延平北路二段197號3, 4,11樓",
    "電話或手機":"02-25575379",
    "客房最低定價":18880,
    "客房最高定價":20880,
    "房間數":48,
    "area":"大同區"
    }
  },
  {
    "type": "Feature",
    "geometry": {
       "type": "Point",
       "coordinates":  [ 121.505899038867,25.047092998888 ]
    },
    "properties": {
    "專用標識編號":"臺北市旅館076號",
    "旅館名稱":"一加一旅館",
    "營業地址":"108臺北市萬華區萬華區昆明街34號3樓",
    "電話或手機":"02-23892886",
    "客房最低定價":1200,
    "客房最高定價":2200,
    "房間數":13,
    "area":"萬華區"
    }
  },
  {
    "type": "Feature",
    "geometry": {
       "type": "Point",
       "coordinates":  [ 121.531894002823,25.050633011875 ]
    },
    "properties": {
    "專用標識編號":"臺北市旅館078號",
    "旅館名稱":"台北世聯商旅",
    "營業地址":"104臺北市中山區松江路90巷5號1至7樓",
    "電話或手機":"02-25626161",
    "客房最低定價":4600,
    "客房最高定價":6800,
    "房間數":44,
    "area":"中山區"
    }
  },
  {
    "type": "Feature",
    "geometry": {
       "type": "Point",
       "coordinates":  [ 121.519643013142,25.030121991891 ]
    },
    "properties": {
    "專用標識編號":"臺北市旅館079號",
    "旅館名稱":"帥客旅店",
    "營業地址":"100臺北市中正區羅斯福路一段90巷2號1-5樓",
    "電話或手機":"02-23223887",
    "客房最低定價":1500,
    "客房最高定價":5400,
    "房間數":32,
    "area":"中正區"
    }
  },
  {
    "type": "Feature",
    "geometry": {
       "type": "Point",
       "coordinates":  [ 121.529930961099,25.019379996238 ]
    },
    "properties": {
    "專用標識編號":"臺北市旅館081號",
    "旅館名稱":"客來思樂行旅",
    "營業地址":"106臺北市大安區羅斯福路3段241號4-6樓,4-6樓之1",
    "電話或手機":"02-23626555",
    "客房最低定價":1280,
    "客房最高定價":5000,
    "房間數":20,
    "area":"大安區"
    }
  },
  {
    "type": "Feature",
    "geometry": {
       "type": "Point",
       "coordinates":  [ 121.52693996277,25.021503006584 ]
    },
    "properties": {
    "專用標識編號":"臺北市旅館082號",
    "旅館名稱":"承攜行旅台北台大館",
    "營業地址":"100臺北市中正區羅斯福路三段98號1-8樓",
    "電話或手機":"02-23657367",
    "客房最低定價":13800,
    "客房最高定價":18800,
    "房間數":35,
    "area":"中正區"
    }
  },
  {
    "type": "Feature",
    "geometry": {
       "type": "Point",
       "coordinates":  [ 121.577975024273,25.046514982845 ]
    },
    "properties": {
    "專用標識編號":"臺北市旅館086號",
    "旅館名稱":"璞樂米窩",
    "營業地址":"110臺北市信義區松山路153號2-7樓",
    "電話或手機":"02-27565659",
    "客房最低定價":25000,
    "客房最高定價":25000,
    "房間數":33,
    "area":"信義區"
    }
  },
  {
    "type": "Feature",
    "geometry": {
       "type": "Point",
       "coordinates":  [ 121.544658886988,25.047868618298 ]
    },
    "properties": {
    "專用標識編號":"臺北市旅館087號",
    "旅館名稱":"台北碧瑤飯店",
    "營業地址":"105臺北市松山區八德路二段367號1-10樓",
    "電話或手機":"02-27813121",
    "客房最低定價":4300,
    "客房最高定價":7800,
    "房間數":84,
    "area":"松山區"
    }
  },
  {
    "type": "Feature",
    "geometry": {
       "type": "Point",
       "coordinates":  [ 121.563409958763,25.048534015682 ]
    },
    "properties": {
    "專用標識編號":"臺北市旅館089號",
    "旅館名稱":"蒲園飯店",
    "營業地址":"105臺北市松山區八德路四段176號地下2樓、地下1樓、1樓、3樓至5樓、7樓",
    "電話或手機":"02-27530772",
    "客房最低定價":2800,
    "客房最高定價":32000,
    "房間數":32,
    "area":"松山區"
    }
  },
  {
    "type": "Feature",
    "geometry": {
       "type": "Point",
       "coordinates":  [ 121.574185984942,25.049613981996 ]
    },
    "properties": {
    "專用標識編號":"臺北市旅館090號",
    "旅館名稱":"香城大飯店松山分店",
    "營業地址":"105臺北市松山區市民大道六段67號1-9樓",
    "電話或手機":"02-27693969",
    "客房最低定價":1800,
    "客房最高定價":10000,
    "房間數":56,
    "area":"松山區"
    }
  },
  {
    "type": "Feature",
    "geometry": {
       "type": "Point",
       "coordinates":  [ 121.541207973632,24.991713010236 ]
    },
    "properties": {
    "專用標識編號":"臺北市旅館092號",
    "旅館名稱":"家賓大旅社",
    "營業地址":"116臺北市文山區景文街42號6-7樓",
    "電話或手機":"02-29325915",
    "客房最低定價":4000,
    "客房最高定價":6000,
    "房間數":32,
    "area":"文山區"
    }
  },
  {
    "type": "Feature",
    "geometry": {
       "type": "Point",
       "coordinates":  [ 121.540906979489,24.990118017881 ]
    },
    "properties": {
    "專用標識編號":"臺北市旅館093號",
    "旅館名稱":"景美大旅社",
    "營業地址":"116臺北市文山區景文街104號2-4樓",
    "電話或手機":"02-29313788",
    "客房最低定價":1000,
    "客房最高定價":1500,
    "房間數":12,
    "area":"文山區"
    }
  },
  {
    "type": "Feature",
    "geometry": {
       "type": "Point",
       "coordinates":  [ 121.511892015818,25.04509999186 ]
    },
    "properties": {
    "專用標識編號":"臺北市旅館094號",
    "旅館名稱":"城美行旅",
    "營業地址":"100臺北市中正區漢口街一段88,90號1-7樓",
    "電話或手機":"02-23147305",
    "客房最低定價":1820,
    "客房最高定價":12000,
    "房間數":59,
    "area":"中正區"
    }
  },
  {
    "type": "Feature",
    "geometry": {
       "type": "Point",
       "coordinates":  [ 121.506751981334,25.042907998451 ]
    },
    "properties": {
    "專用標識編號":"臺北市旅館096號",
    "旅館名稱":"璞漣商務旅館西門店",
    "營業地址":"108臺北市萬華區成都路27巷6號",
    "電話或手機":"02-23718616",
    "客房最低定價":3300,
    "客房最高定價":4500,
    "房間數":57,
    "area":"萬華區"
    }
  },
  {
    "type": "Feature",
    "geometry": {
       "type": "Point",
       "coordinates":  [ 121.506061983065,25.041423982494 ]
    },
    "properties": {
    "專用標識編號":"臺北市旅館097號",
    "旅館名稱":"大榮大旅社",
    "營業地址":"108臺北市萬華區西寧南路185號2-4樓",
    "電話或手機":"02-23316527",
    "客房最低定價":900,
    "客房最高定價":1300,
    "房間數":17,
    "area":"萬華區"
    }
  },
  {
    "type": "Feature",
    "geometry": {
       "type": "Point",
       "coordinates":  [ 121.55165601594,25.04170397997 ]
    },
    "properties": {
    "專用標識編號":"臺北市旅館099號",
    "旅館名稱":"雲沐行旅",
    "營業地址":"106臺北市大安區忠孝東路四段197號13樓及13樓之4、5、6、7、8、9",
    "電話或手機":"02-27735177",
    "客房最低定價":16000,
    "客房最高定價":25000,
    "房間數":42,
    "area":"大安區"
    }
  },
  {
    "type": "Feature",
    "geometry": {
       "type": "Point",
       "coordinates":  [ 121.506073957202,25.135963140805 ]
    },
    "properties": {
    "專用標識編號":"臺北市旅館100號",
    "旅館名稱":"嘉賓閣旅館",
    "營業地址":"112臺北市北投區光明路230號B1-7樓",
    "電話或手機":"02-28930055",
    "客房最低定價":9800,
    "客房最高定價":12000,
    "房間數":47,
    "area":"北投區"
    }
  },
  {
    "type": "Feature",
    "geometry": {
       "type": "Point",
       "coordinates":  [ 121.499252022011,25.036818000971 ]
    },
    "properties": {
    "專用標識編號":"臺北市旅館101號",
    "旅館名稱":"晶樺商務旅店",
    "營業地址":"108臺北市萬華區西園路一段168號10樓",
    "電話或手機":"02-23048788",
    "客房最低定價":2000,
    "客房最高定價":2000,
    "房間數":10,
    "area":"萬華區"
    }
  },
  {
    "type": "Feature",
    "geometry": {
       "type": "Point",
       "coordinates":  [ 121.4953868,25.0321678 ]
    },
    "properties": {
    "專用標識編號":"臺北市旅館102號",
    "旅館名稱":"紅菱閣賓館",
    "營業地址":"108臺北市萬華區峨嵋街80,82號",
    "電話或手機":"02-23619696",
    "客房最低定價":1130,
    "客房最高定價":2380,
    "房間數":27,
    "area":"萬華區"
    }
  },
  {
    "type": "Feature",
    "geometry": {
       "type": "Point",
       "coordinates":  [ 121.499252022011,25.036818000971 ]
    },
    "properties": {
    "專用標識編號":"臺北市旅館103號",
    "旅館名稱":"乃晶旅社",
    "營業地址":"108臺北市萬華區西園路一段168號12樓",
    "電話或手機":"02-23043795",
    "客房最低定價":2000,
    "客房最高定價":2000,
    "房間數":10,
    "area":"萬華區"
    }
  },
  {
    "type": "Feature",
    "geometry": {
       "type": "Point",
       "coordinates":  [ 121.545100026552,25.052877014993 ]
    },
    "properties": {
    "專用標識編號":"臺北市旅館104號",
    "旅館名稱":"台北商旅慶城館",
    "營業地址":"105臺北市松山區慶城街12號",
    "電話或手機":"02-87127589",
    "客房最低定價":8000,
    "客房最高定價":16500,
    "房間數":84,
    "area":"松山區"
    }
  },
  {
    "type": "Feature",
    "geometry": {
       "type": "Point",
       "coordinates":  [ 121.514341962298,25.046298017281 ]
    },
    "properties": {
    "專用標識編號":"臺北市旅館105號",
    "旅館名稱":"皇家大飯店",
    "營業地址":"100臺北市中正區懷寧街5-1號1-6樓",
    "電話或手機":"02-23111668",
    "客房最低定價":4280,
    "客房最高定價":6680,
    "房間數":40,
    "area":"中正區"
    }
  },
  {
    "type": "Feature",
    "geometry": {
       "type": "Point",
       "coordinates":  [ 121.519993376695,25.052577697231 ]
    },
    "properties": {
    "專用標識編號":"臺北市旅館107號",
    "旅館名稱":"千慧旅館",
    "營業地址":"103臺北市大同區南京西路22號7樓",
    "電話或手機":"02-25552451",
    "客房最低定價":2200,
    "客房最高定價":3200,
    "房間數":20,
    "area":"大同區"
    }
  },
  {
    "type": "Feature",
    "geometry": {
       "type": "Point",
       "coordinates":  [ 121.52321496118,25.05282098197 ]
    },
    "properties": {
    "專用標識編號":"臺北市旅館108號",
    "旅館名稱":"柯達大飯店台北一店",
    "營業地址":"104臺北市中山區中山北路二段11巷1號及３號",
    "電話或手機":"02-25422222",
    "客房最低定價":1000,
    "客房最高定價":22000,
    "房間數":53,
    "area":"中山區"
    }
  },
  {
    "type": "Feature",
    "geometry": {
       "type": "Point",
       "coordinates":  [ 121.519070026241,25.087519001722 ]
    },
    "properties": {
    "專用標識編號":"臺北市旅館109號",
    "旅館名稱":"富玉莊旅社",
    "營業地址":"111臺北市士林區福港街149巷15弄8,10號2-3樓",
    "電話或手機":"02-28822308",
    "客房最低定價":1900,
    "客房最高定價":2500,
    "房間數":20,
    "area":"士林區"
    }
  },
  {
    "type": "Feature",
    "geometry": {
       "type": "Point",
       "coordinates":  [ 121.531637013672,25.053504987179 ]
    },
    "properties": {
    "專用標識編號":"臺北市旅館110號",
    "旅館名稱":"東姿商務旅館",
    "營業地址":"104臺北市中山區一江街33號1-4樓",
    "電話或手機":"02-25638866",
    "客房最低定價":5400,
    "客房最高定價":7500,
    "房間數":29,
    "area":"中山區"
    }
  },
  {
    "type": "Feature",
    "geometry": {
       "type": "Point",
       "coordinates":  [ 121.507996023404,25.045493983219 ]
    },
    "properties": {
    "專用標識編號":"臺北市旅館112號",
    "旅館名稱":"東龍大飯店",
    "營業地址":"108臺北市萬華區漢口街二段23號1-7樓",
    "電話或手機":"02-23116969",
    "客房最低定價":1920,
    "客房最高定價":3200,
    "房間數":70,
    "area":"萬華區"
    }
  },
  {
    "type": "Feature",
    "geometry": {
       "type": "Point",
       "coordinates":  [ 121.507532001244,25.041440997758 ]
    },
    "properties": {
    "專用標識編號":"臺北市旅館113號",
    "旅館名稱":"銀河旅館",
    "營業地址":"108臺北市萬華區漢中街147巷6號1至4樓",
    "電話或手機":"02-23116606",
    "客房最低定價":2000,
    "客房最高定價":3000,
    "房間數":18,
    "area":"萬華區"
    }
  },
  {
    "type": "Feature",
    "geometry": {
       "type": "Point",
       "coordinates":  [ 121.505905995847,25.041550004408 ]
    },
    "properties": {
    "專用標識編號":"臺北市旅館114號",
    "旅館名稱":"內江賓?",
    "營業地址":"108臺北市萬華區西寧南路112號2-6樓",
    "電話或手機":"02-23812147",
    "客房最低定價":6800,
    "客房最高定價":9500,
    "房間數":17,
    "area":"萬華區"
    }
  },
  {
    "type": "Feature",
    "geometry": {
       "type": "Point",
       "coordinates":  [ 121.508798003899,25.045579981546 ]
    },
    "properties": {
    "專用標識編號":"臺北市旅館115號",
    "旅館名稱":"西門大飯店",
    "營業地址":"108臺北市萬華區中華路一段78號2-6樓",
    "電話或手機":"02-23819922",
    "客房最低定價":2180,
    "客房最高定價":24880,
    "房間數":78,
    "area":"萬華區"
    }
  },
  {
    "type": "Feature",
    "geometry": {
       "type": "Point",
       "coordinates":  [ 121.504509989873,25.13623701182 ]
    },
    "properties": {
    "專用標識編號":"臺北市旅館116號",
    "旅館名稱":"泉都溫泉會館",
    "營業地址":"112臺北市北投區光明路220號",
    "電話或手機":"02-28960077",
    "客房最低定價":1800,
    "客房最高定價":7200,
    "房間數":64,
    "area":"北投區"
    }
  },
  {
    "type": "Feature",
    "geometry": {
       "type": "Point",
       "coordinates":  [ 121.522740964556,25.063354980696 ]
    },
    "properties": {
    "專用標識編號":"臺北市旅館118號",
    "旅館名稱":"洛碁大飯店山水閣",
    "營業地址":"104臺北市中山區中山北路二段181號1-5樓",
    "電話或手機":"02-25971281",
    "客房最低定價":3000,
    "客房最高定價":17000,
    "房間數":32,
    "area":"中山區"
    }
  },
  {
    "type": "Feature",
    "geometry": {
       "type": "Point",
       "coordinates":  [ 121.522654966229,25.06357798123 ]
    },
    "properties": {
    "專用標識編號":"臺北市旅館119號",
    "旅館名稱":"洛碁大飯店慶天閣",
    "營業地址":"104臺北市中山區中山北路二段181號7-9樓",
    "電話或手機":"02-25971281",
    "客房最低定價":3000,
    "客房最高定價":17000,
    "房間數":24,
    "area":"中山區"
    }
  },
  {
    "type": "Feature",
    "geometry": {
       "type": "Point",
       "coordinates":  [ 121.522754040324,25.063246979873 ]
    },
    "properties": {
    "專用標識編號":"臺北市旅館120號",
    "旅館名稱":"洛碁大飯店協美",
    "營業地址":"104臺北市中山區中山北路二段181號10-12樓",
    "電話或手機":"02-25971281",
    "客房最低定價":3000,
    "客房最高定價":17000,
    "房間數":24,
    "area":"中山區"
    }
  },
  {
    "type": "Feature",
    "geometry": {
       "type": "Point",
       "coordinates":  [ 121.520435800323,25.052730729927 ]
    },
    "properties": {
    "專用標識編號":"臺北市旅館121號",
    "旅館名稱":"老爺商務會館",
    "營業地址":"104臺北市中山區南京西路1號8-11樓",
    "電話或手機":"02-25316171",
    "客房最低定價":3000,
    "客房最高定價":15000,
    "房間數":76,
    "area":"中山區"
    }
  },
  {
    "type": "Feature",
    "geometry": {
       "type": "Point",
       "coordinates":  [ 121.575442013133,25.049862002511 ]
    },
    "properties": {
    "專用標識編號":"臺北市旅館122號",
    "旅館名稱":"友華賓館",
    "營業地址":"105臺北市松山區八德路四段656,656-1號6樓",
    "電話或手機":"02-27630505",
    "客房最低定價":1400,
    "客房最高定價":6600,
    "房間數":30,
    "area":"松山區"
    }
  },
  {
    "type": "Feature",
    "geometry": {
       "type": "Point",
       "coordinates":  [ 121.514734989738,25.045074007961 ]
    },
    "properties": {
    "專用標識編號":"臺北市旅館123號",
    "旅館名稱":"享住旅店 Just Live Inn",
    "營業地址":"100臺北市中正區漢口街一段4,6號2-4樓",
    "電話或手機":"02-23713151",
    "客房最低定價":3450,
    "客房最高定價":4650,
    "房間數":18,
    "area":"中正區"
    }
  },
  {
    "type": "Feature",
    "geometry": {
       "type": "Point",
       "coordinates":  [ 121.555341035852,25.033352000189 ]
    },
    "properties": {
    "專用標識編號":"臺北市旅館125號",
    "旅館名稱":"香城大飯店",
    "營業地址":"106臺北市大安區信義路四段295號1至11樓",
    "電話或手機":"02-27049546",
    "客房最低定價":15000,
    "客房最高定價":16000,
    "房間數":60,
    "area":"大安區"
    }
  },
  {
    "type": "Feature",
    "geometry": {
       "type": "Point",
       "coordinates":  [ 121.543808528899,25.039168753192 ]
    },
    "properties": {
    "專用標識編號":"臺北市旅館126號",
    "旅館名稱":"喬合大飯店",
    "營業地址":"106臺北市大安區復興南路一段136號1至4樓；復興南路一段126巷10弄1號等、3號2樓至2樓之8、3號3樓至3樓之8、3號4樓至4樓之10、3號5至5樓之10、3號6樓至6樓之9",
    "電話或手機":"02-27765877",
    "客房最低定價":10000,
    "客房最高定價":14000,
    "房間數":69,
    "area":"大安區"
    }
  },
  {
    "type": "Feature",
    "geometry": {
       "type": "Point",
       "coordinates":  [ 121.51570603322,25.050060988893 ]
    },
    "properties": {
    "專用標識編號":"臺北市旅館127號",
    "旅館名稱":"璞漣商務旅館臺北車站店",
    "營業地址":"103臺北市大同區華陰街46號3樓",
    "電話或手機":"02-25592662",
    "客房最低定價":6000,
    "客房最高定價":15000,
    "房間數":43,
    "area":"大同區"
    }
  },
  {
    "type": "Feature",
    "geometry": {
       "type": "Point",
       "coordinates":  [ 121.574006638327,25.049844037581 ]
    },
    "properties": {
    "專用標識編號":"臺北市旅館130號",
    "旅館名稱":"一等好旅店",
    "營業地址":"105臺北市松山區八德路四段624巷2號B1-1樓,4號2-6樓",
    "電話或手機":"02-27609255",
    "客房最低定價":1500,
    "客房最高定價":6000,
    "房間數":32,
    "area":"松山區"
    }
  },
  {
    "type": "Feature",
    "geometry": {
       "type": "Point",
       "coordinates":  [ 121.513712984283,25.052049008688 ]
    },
    "properties": {
    "專用標識編號":"臺北市旅館131號",
    "旅館名稱":"承攜行旅台北重慶館",
    "營業地址":"103臺北市大同區重慶北路一段62號1、4至10樓",
    "電話或手機":"02-25580551",
    "客房最低定價":7200,
    "客房最高定價":18000,
    "房間數":168,
    "area":"大同區"
    }
  },
  {
    "type": "Feature",
    "geometry": {
       "type": "Point",
       "coordinates":  [ 121.513085012097,25.054086984626 ]
    },
    "properties": {
    "專用標識編號":"臺北市旅館132號",
    "旅館名稱":"賓王大飯店",
    "營業地址":"103臺北市大同區南京西路163號3至4樓",
    "電話或手機":"02-25555182",
    "客房最低定價":5500,
    "客房最高定價":15000,
    "房間數":53,
    "area":"大同區"
    }
  },
  {
    "type": "Feature",
    "geometry": {
       "type": "Point",
       "coordinates":  [ 121.52418801632,25.054822999544 ]
    },
    "properties": {
    "專用標識編號":"臺北市旅館135號",
    "旅館名稱":"雲富大飯店",
    "營業地址":"104臺北市中山區長春路24號2樓至8樓",
    "電話或手機":"02-25316767",
    "客房最低定價":10000,
    "客房最高定價":36000,
    "房間數":55,
    "area":"中山區"
    }
  },
  {
    "type": "Feature",
    "geometry": {
       "type": "Point",
       "coordinates":  [ 121.523065008932,25.061834000545 ]
    },
    "properties": {
    "專用標識編號":"臺北市旅館137號",
    "旅館名稱":"柯達大飯店台北二店",
    "營業地址":"104臺北市中山區中山北路二段139號",
    "電話或手機":"02-25255555",
    "客房最低定價":1000,
    "客房最高定價":20000,
    "房間數":87,
    "area":"中山區"
    }
  },
  {
    "type": "Feature",
    "geometry": {
       "type": "Point",
       "coordinates":  [ 121.525635990093,25.058507013628 ]
    },
    "properties": {
    "專用標識編號":"臺北市旅館138號",
    "旅館名稱":"凱微精品旅館",
    "營業地址":"104臺北市中山區林森北路381號9-10樓",
    "電話或手機":"02-25426879",
    "客房最低定價":3980,
    "客房最高定價":5000,
    "房間數":28,
    "area":"中山區"
    }
  },
  {
    "type": "Feature",
    "geometry": {
       "type": "Point",
       "coordinates":  [ 121.527927015688,25.048267010156 ]
    },
    "properties": {
    "專用標識編號":"臺北市旅館139號",
    "旅館名稱":"香都大飯店（香城長安）",
    "營業地址":"104臺北市中山區長安東路一段52號",
    "電話或手機":"02-25312121",
    "客房最低定價":6500,
    "客房最高定價":8600,
    "房間數":35,
    "area":"中山區"
    }
  },
  {
    "type": "Feature",
    "geometry": {
       "type": "Point",
       "coordinates":  [ 121.537017022044,25.010499998466 ]
    },
    "properties": {
    "專用標識編號":"臺北市旅館140號",
    "旅館名稱":"國州大旅社",
    "營業地址":"116臺北市文山區羅斯福路四段208號1-2樓",
    "電話或手機":"02-23652284",
    "客房最低定價":1000,
    "客房最高定價":3600,
    "房間數":13,
    "area":"文山區"
    }
  },
  {
    "type": "Feature",
    "geometry": {
       "type": "Point",
       "coordinates":  [ 121.523182020301,25.026577997499 ]
    },
    "properties": {
    "專用標識編號":"臺北市旅館141號",
    "旅館名稱":"欣和大旅社",
    "營業地址":"106臺北市大安區羅斯福路2段75-1號2-6樓",
    "電話或手機":"02-23660105",
    "客房最低定價":1100,
    "客房最高定價":2400,
    "房間數":38,
    "area":"大安區"
    }
  },
  {
    "type": "Feature",
    "geometry": {
       "type": "Point",
       "coordinates":  [ 121.505255979255,25.042630012633 ]
    },
    "properties": {
    "專用標識編號":"臺北市旅館144號",
    "旅館名稱":"幸福大旅社",
    "營業地址":"108臺北市萬華區內江街55巷26號1-4樓",
    "電話或手機":"02-23716808",
    "客房最低定價":3500,
    "客房最高定價":4500,
    "房間數":22,
    "area":"萬華區"
    }
  },
  {
    "type": "Feature",
    "geometry": {
       "type": "Point",
       "coordinates":  [ 121.505335020602,25.042179988251 ]
    },
    "properties": {
    "專用標識編號":"臺北市旅館145號",
    "旅館名稱":"夜光商旅",
    "營業地址":"108臺北市萬華區內江街55巷11號1至4樓、13號2至4樓",
    "電話或手機":"02-23815059",
    "客房最低定價":2000,
    "客房最高定價":4200,
    "房間數":16,
    "area":"萬華區"
    }
  },
  {
    "type": "Feature",
    "geometry": {
       "type": "Point",
       "coordinates":  [ 121.513596978743,25.054121979072 ]
    },
    "properties": {
    "專用標識編號":"臺北市旅館146號",
    "旅館名稱":"瑾旅南西",
    "營業地址":"103臺北市大同區南京西路151號6至12樓",
    "電話或手機":"02-25593232",
    "客房最低定價":8280,
    "客房最高定價":11160,
    "房間數":45,
    "area":"大同區"
    }
  },
  {
    "type": "Feature",
    "geometry": {
       "type": "Point",
       "coordinates":  [ 121.506922972159,25.040770990327 ]
    },
    "properties": {
    "專用標識編號":"臺北市旅館147號",
    "旅館名稱":"囍閱文創旅店",
    "營業地址":"108臺北市萬華區長沙街二段11號10樓",
    "電話或手機":"02-23886235",
    "客房最低定價":6200,
    "客房最高定價":9000,
    "房間數":20,
    "area":"萬華區"
    }
  },
  {
    "type": "Feature",
    "geometry": {
       "type": "Point",
       "coordinates":  [ 121.510284031513,25.137517012254 ]
    },
    "properties": {
    "專用標識編號":"臺北市旅館148號",
    "旅館名稱":"馥悅溫泉酒店",
    "營業地址":"112臺北市北投區中山路26號1-5樓",
    "電話或手機":"02-28969798",
    "客房最低定價":11000,
    "客房最高定價":11000,
    "房間數":44,
    "area":"北投區"
    }
  },
  {
    "type": "Feature",
    "geometry": {
       "type": "Point",
       "coordinates":  [ 121.514004003962,25.04682100613 ]
    },
    "properties": {
    "專用標識編號":"臺北市旅館152號",
    "旅館名稱":"苓旅站前",
    "營業地址":"100臺北市中正區忠孝西路一段72號4樓",
    "電話或手機":"02-23814755、 0907-551203",
    "客房最低定價":1280,
    "客房最高定價":11180,
    "房間數":35,
    "area":"中正區"
    }
  },
  {
    "type": "Feature",
    "geometry": {
       "type": "Point",
       "coordinates":  [ 121.570341038318,25.050354020228 ]
    },
    "properties": {
    "專用標識編號":"臺北市旅館153號",
    "旅館名稱":"欣欣時尚旅店松山站",
    "營業地址":"105臺北市松山區八德路四段453巷12號8-9樓",
    "電話或手機":"02-27688832",
    "客房最低定價":7000,
    "客房最高定價":12000,
    "房間數":32,
    "area":"松山區"
    }
  },
  {
    "type": "Feature",
    "geometry": {
       "type": "Point",
       "coordinates":  [ 121.507593021499,25.044381998034 ]
    },
    "properties": {
    "專用標識編號":"臺北市旅館154號",
    "旅館名稱":"宏洲旅社",
    "營業地址":"108臺北市萬華區漢中街4號1-7樓",
    "電話或手機":"02-23319841",
    "客房最低定價":12000,
    "客房最高定價":12000,
    "房間數":28,
    "area":"萬華區"
    }
  },
  {
    "type": "Feature",
    "geometry": {
       "type": "Point",
       "coordinates":  [ 121.505899038867,25.047092998888 ]
    },
    "properties": {
    "專用標識編號":"臺北市旅館155號",
    "旅館名稱":"欣欣時尚旅店",
    "營業地址":"108臺北市萬華區昆明街34號4樓",
    "電話或手機":"02-23112898",
    "客房最低定價":7000,
    "客房最高定價":12000,
    "房間數":13,
    "area":"萬華區"
    }
  },
  {
    "type": "Feature",
    "geometry": {
       "type": "Point",
       "coordinates":  [ 121.511041671741,25.136952197709 ]
    },
    "properties": {
    "專用標識編號":"臺北市旅館156號",
    "旅館名稱":"水都溫泉會館",
    "營業地址":"112臺北市北投區光明路283號",
    "電話或手機":"02-28979060",
    "客房最低定價":3300,
    "客房最高定價":6000,
    "房間數":33,
    "area":"北投區"
    }
  },
  {
    "type": "Feature",
    "geometry": {
       "type": "Point",
       "coordinates":  [ 121.507170992674,25.13610197936 ]
    },
    "properties": {
    "專用標識編號":"臺北市旅館157號",
    "旅館名稱":"新秀閣大飯店",
    "營業地址":"112臺北市北投區光明路238號1-5樓",
    "電話或手機":"02-28912166",
    "客房最低定價":1500,
    "客房最高定價":3000,
    "房間數":17,
    "area":"北投區"
    }
  },
  {
    "type": "Feature",
    "geometry": {
       "type": "Point",
       "coordinates":  [ 121.524992744767,25.051981199244 ]
    },
    "properties": {
    "專用標識編號":"臺北市旅館158號",
    "旅館名稱":"台北國際飯店",
    "營業地址":"104臺北市中山區南京東路一段66號B1-10樓",
    "電話或手機":"02-66085999",
    "客房最低定價":6600,
    "客房最高定價":11800,
    "房間數":85,
    "area":"中山區"
    }
  },
  {
    "type": "Feature",
    "geometry": {
       "type": "Point",
       "coordinates":  [ 121.533176936923,25.04886401121 ]
    },
    "properties": {
    "專用標識編號":"臺北市旅館159號",
    "旅館名稱":"長榮桂冠酒店 (台北)",
    "營業地址":"104臺北市中山區松江路63號",
    "電話或手機":"02-25019988",
    "客房最低定價":11500,
    "客房最高定價":68000,
    "房間數":95,
    "area":"中山區"
    }
  },
  {
    "type": "Feature",
    "geometry": {
       "type": "Point",
       "coordinates":  [ 121.553758029618,25.041761018821 ]
    },
    "properties": {
    "專用標識編號":"臺北市旅館163號",
    "旅館名稱":"瑞華旅社",
    "營業地址":"106臺北市大安區忠孝東路四段235號4-5樓",
    "電話或手機":"02-27413147",
    "客房最低定價":4300,
    "客房最高定價":4300,
    "房間數":20,
    "area":"大安區"
    }
  },
  {
    "type": "Feature",
    "geometry": {
       "type": "Point",
       "coordinates":  [ 121.510998002026,25.064823993046 ]
    },
    "properties": {
    "專用標識編號":"臺北市旅館166號",
    "旅館名稱":"樂爾公寓",
    "營業地址":"103臺北市大同區延平北路三段4號6樓、6樓之1",
    "電話或手機":"02-25850006",
    "客房最低定價":8000,
    "客房最高定價":15000,
    "房間數":20,
    "area":"大同區"
    }
  },
  {
    "type": "Feature",
    "geometry": {
       "type": "Point",
       "coordinates":  [ 121.543769567061,25.031396208811 ]
    },
    "properties": {
    "專用標識編號":"臺北市旅館168號",
    "旅館名稱":"台北馥敦飯店復南館",
    "營業地址":"106臺北市大安區復興南路二段41號",
    "電話或手機":"02-27031234",
    "客房最低定價":2800,
    "客房最高定價":30000,
    "房間數":95,
    "area":"大安區"
    }
  },
  {
    "type": "Feature",
    "geometry": {
       "type": "Point",
       "coordinates":  [ 121.5129462916,25.053866205296 ]
    },
    "properties": {
    "專用標識編號":"臺北市旅館170號",
    "旅館名稱":"金弘旅社",
    "營業地址":"103臺北市大同區南京西路316號4樓",
    "電話或手機":"02-25554038",
    "客房最低定價":14800,
    "客房最高定價":14800,
    "房間數":19,
    "area":"大同區"
    }
  },
  {
    "type": "Feature",
    "geometry": {
       "type": "Point",
       "coordinates":  [ 121.523220074141,25.053125580332 ]
    },
    "properties": {
    "專用標識編號":"臺北市旅館172號",
    "旅館名稱":"大欣大飯店",
    "營業地址":"104臺北市中山區中山北路二段27巷2-2號1-5樓 ",
    "電話或手機":"02-25652155",
    "客房最低定價":5500,
    "客房最高定價":6500,
    "房間數":32,
    "area":"中山區"
    }
  },
  {
    "type": "Feature",
    "geometry": {
       "type": "Point",
       "coordinates":  [ 121.526420033316,25.088213987224 ]
    },
    "properties": {
    "專用標識編號":"臺北市旅館173號",
    "旅館名稱":"新榮大旅社",
    "營業地址":"111臺北市士林區文林路116號",
    "電話或手機":"02-28812531",
    "客房最低定價":1200,
    "客房最高定價":1700,
    "房間數":18,
    "area":"士林區"
    }
  },
  {
    "type": "Feature",
    "geometry": {
       "type": "Point",
       "coordinates":  [ 121.521992041507,25.060225010412 ]
    },
    "properties": {
    "專用標識編號":"臺北市旅館174號",
    "旅館名稱":"旅居文旅中山館",
    "營業地址":"104臺北市中山區錦西街6號",
    "電話或手機":"02-25117111",
    "客房最低定價":3000,
    "客房最高定價":18000,
    "房間數":70,
    "area":"中山區"
    }
  },
  {
    "type": "Feature",
    "geometry": {
       "type": "Point",
       "coordinates":  [ 121.523391986975,25.051017992688 ]
    },
    "properties": {
    "專用標識編號":"臺北市旅館177號",
    "旅館名稱":"吉緻行旅天津館",
    "營業地址":"104臺北市中山區天津街57號2至8樓 ",
    "電話或手機":"02-25365678",
    "客房最低定價":8800,
    "客房最高定價":12000,
    "房間數":55,
    "area":"中山區"
    }
  },
  {
    "type": "Feature",
    "geometry": {
       "type": "Point",
       "coordinates":  [ 121.525917035307,25.055041012845 ]
    },
    "properties": {
    "專用標識編號":"臺北市旅館179號",
    "旅館名稱":"東京國際飯店",
    "營業地址":"104臺北市中山區長春路39號2-6樓",
    "電話或手機":"02-25643733",
    "客房最低定價":3600,
    "客房最高定價":9000,
    "房間數":43,
    "area":"中山區"
    }
  },
  {
    "type": "Feature",
    "geometry": {
       "type": "Point",
       "coordinates":  [ 121.525098961557,25.060655002045 ]
    },
    "properties": {
    "專用標識編號":"臺北市旅館180號",
    "旅館名稱":"上賓大飯店",
    "營業地址":"104臺北市中山區錦州街23巷4號",
    "電話或手機":"02-25113232",
    "客房最低定價":1680,
    "客房最高定價":18800,
    "房間數":50,
    "area":"中山區"
    }
  },
  {
    "type": "Feature",
    "geometry": {
       "type": "Point",
       "coordinates":  [ 121.525377995114,25.088516993024 ]
    },
    "properties": {
    "專用標識編號":"臺北市旅館182號",
    "旅館名稱":"士林町旅店",
    "營業地址":"111臺北市士林區安平街26號1至4樓",
    "電話或手機":"02-28813133",
    "客房最低定價":1680,
    "客房最高定價":4200,
    "房間數":10,
    "area":"士林區"
    }
  },
  {
    "type": "Feature",
    "geometry": {
       "type": "Point",
       "coordinates":  [ 121.501512034564,25.038539979159 ]
    },
    "properties": {
    "專用標識編號":"臺北市旅館183號",
    "旅館名稱":"帝華旅社",
    "營業地址":"108臺北市萬華區桂林路89號11-12樓",
    "電話或手機":"02-23118411",
    "客房最低定價":1680,
    "客房最高定價":3080,
    "房間數":32,
    "area":"萬華區"
    }
  },
  {
    "type": "Feature",
    "geometry": {
       "type": "Point",
       "coordinates":  [ 121.50691136436,25.0431810065 ]
    },
    "properties": {
    "專用標識編號":"臺北市旅館185號",
    "旅館名稱":"明日大飯店",
    "營業地址":"108臺北市萬華區成都路23號、27巷1號6至8樓",
    "電話或手機":"02-23755500",
    "客房最低定價":12880,
    "客房最高定價":16880,
    "房間數":40,
    "area":"萬華區"
    }
  },
  {
    "type": "Feature",
    "geometry": {
       "type": "Point",
       "coordinates":  [ 121.575442013133,25.049862002511 ]
    },
    "properties": {
    "專用標識編號":"臺北市旅館187號",
    "旅館名稱":"立建賓館",
    "營業地址":"105臺北市松山區八德路四段656,656-1號7-8樓",
    "電話或手機":"02-27691135",
    "客房最低定價":1100,
    "客房最高定價":9500,
    "房間數":66,
    "area":"松山區"
    }
  },
  {
    "type": "Feature",
    "geometry": {
       "type": "Point",
       "coordinates":  [ 121.568628028766,25.042608010137 ]
    },
    "properties": {
    "專用標識編號":"臺北市旅館189號",
    "旅館名稱":"華大HOTEL",
    "營業地址":"110臺北市信義區永吉路30巷150號1-7樓",
    "電話或手機":"02-27635313",
    "客房最低定價":1200,
    "客房最高定價":12000,
    "房間數":24,
    "area":"信義區"
    }
  },
  {
    "type": "Feature",
    "geometry": {
       "type": "Point",
       "coordinates":  [ 121.514309021418,25.046228992309 ]
    },
    "properties": {
    "專用標識編號":"臺北市旅館193號",
    "旅館名稱":"新驛旅店",
    "營業地址":"100臺北市中正區懷寧街7號",
    "電話或手機":"02-23148008",
    "客房最低定價":6000,
    "客房最高定價":11000,
    "房間數":51,
    "area":"中正區"
    }
  },
  {
    "type": "Feature",
    "geometry": {
       "type": "Point",
       "coordinates":  [ 121.527602971311,25.036441988794 ]
    },
    "properties": {
    "專用標識編號":"臺北市旅館194號",
    "旅館名稱":"台北星辰旅館",
    "營業地址":"100臺北市中正區金山南路一段80號1至7樓",
    "電話或手機":"02-23971377",
    "客房最低定價":2580,
    "客房最高定價":15000,
    "房間數":52,
    "area":"中正區"
    }
  },
  {
    "type": "Feature",
    "geometry": {
       "type": "Point",
       "coordinates":  [ 121.500798986061,25.039811010957 ]
    },
    "properties": {
    "專用標識編號":"臺北市旅館195號",
    "旅館名稱":"華冠商旅HOTEL",
    "營業地址":"108臺北市萬華區西昌街137\t、139號1-6樓",
    "電話或手機":"02-23616076",
    "客房最低定價":1100,
    "客房最高定價":1500,
    "房間數":46,
    "area":"萬華區"
    }
  },
  {
    "type": "Feature",
    "geometry": {
       "type": "Point",
       "coordinates":  [ 121.514770026093,25.050085003045 ]
    },
    "properties": {
    "專用標識編號":"臺北市旅館196號",
    "旅館名稱":"嘉榮旅社",
    "營業地址":"103臺北市大同區太原路28巷11號2至4樓",
    "電話或手機":"02-25585887",
    "客房最低定價":1800,
    "客房最高定價":1800,
    "房間數":15,
    "area":"大同區"
    }
  },
  {
    "type": "Feature",
    "geometry": {
       "type": "Point",
       "coordinates":  [ 121.512222011346,25.058064993964 ]
    },
    "properties": {
    "專用標識編號":"臺北市旅館197號",
    "旅館名稱":"建山大旅社",
    "營業地址":"103臺北市大同區歸綏街182號2-4樓",
    "電話或手機":"02-25520680",
    "客房最低定價":3000,
    "客房最高定價":6000,
    "房間數":13,
    "area":"大同區"
    }
  },
  {
    "type": "Feature",
    "geometry": {
       "type": "Point",
       "coordinates":  [ 121.516561993173,25.051101979358 ]
    },
    "properties": {
    "專用標識編號":"臺北市旅館198號",
    "旅館名稱":"新驛旅店台北車站二館",
    "營業地址":"103臺北市大同區長安西路83號",
    "電話或手機":"02-25555577",
    "客房最低定價":9500,
    "客房最高定價":12500,
    "房間數":50,
    "area":"大同區"
    }
  },
  {
    "type": "Feature",
    "geometry": {
       "type": "Point",
       "coordinates":  [ 121.51005403209,25.046340010616 ]
    },
    "properties": {
    "專用標識編號":"臺北市旅館207號",
    "旅館名稱":"儷萊飯店(普亨萊大飯店)",
    "營業地址":"100臺北市中正區中華路一段21號12樓",
    "電話或手機":"02-23111440",
    "客房最低定價":5000,
    "客房最高定價":12000,
    "房間數":13,
    "area":"中正區"
    }
  },
  {
    "type": "Feature",
    "geometry": {
       "type": "Point",
       "coordinates":  [ 121.544450009961,25.059126981096 ]
    },
    "properties": {
    "專用標識編號":"臺北市旅館208號",
    "旅館名稱":"台北馥敦飯店",
    "營業地址":"105臺北市松山區復興北路315號1-7樓",
    "電話或手機":"02-27138181",
    "客房最低定價":10000,
    "客房最高定價":70000,
    "房間數":71,
    "area":"松山區"
    }
  },
  {
    "type": "Feature",
    "geometry": {
       "type": "Point",
       "coordinates":  [ 121.465803031561,25.123622289451 ]
    },
    "properties": {
    "專用標識編號":"臺北市旅館209號",
    "旅館名稱":"仙渡莊旅社",
    "營業地址":"112臺北市北投區大度路三段304號",
    "電話或手機":"02-28913537",
    "客房最低定價":2000,
    "客房最高定價":3000,
    "房間數":14,
    "area":"北投區"
    }
  },
  {
    "type": "Feature",
    "geometry": {
       "type": "Point",
       "coordinates":  [ 121.510826089192,25.137136096664 ]
    },
    "properties": {
    "專用標識編號":"臺北市旅館210號",
    "旅館名稱":"美代溫泉飯店",
    "營業地址":"112臺北市北投區光明路281號1-3樓",
    "電話或手機":"02-28912174",
    "客房最低定價":2000,
    "客房最高定價":5600,
    "房間數":20,
    "area":"北投區"
    }
  },
  {
    "type": "Feature",
    "geometry": {
       "type": "Point",
       "coordinates":  [ 121.51005403209,25.046340010616 ]
    },
    "properties": {
    "專用標識編號":"臺北市旅館211號",
    "旅館名稱":"儷萊旅館",
    "營業地址":"100臺北市中正區中華路一段21號4-5樓,8-11樓",
    "電話或手機":"02-23111440",
    "客房最低定價":3960,
    "客房最高定價":12000,
    "房間數":78,
    "area":"中正區"
    }
  },
  {
    "type": "Feature",
    "geometry": {
       "type": "Point",
       "coordinates":  [ 121.510596005949,25.080590981562 ]
    },
    "properties": {
    "專用標識編號":"臺北市旅館213號",
    "旅館名稱":"真珠賓館",
    "營業地址":"111臺北市士林區延平北路五段67號3樓",
    "電話或手機":"02-28127971",
    "客房最低定價":700,
    "客房最高定價":700,
    "房間數":6,
    "area":"士林區"
    }
  },
  {
    "type": "Feature",
    "geometry": {
       "type": "Point",
       "coordinates":  [ 121.524972981552,25.05677200158 ]
    },
    "properties": {
    "專用標識編號":"臺北市旅館215號",
    "旅館名稱":"在家行旅 ",
    "營業地址":"104臺北市中山區中山北路二段65巷2弄3號1-4樓     ",
    "電話或手機":"02-25413959",
    "客房最低定價":1000,
    "客房最高定價":6200,
    "房間數":15,
    "area":"中山區"
    }
  },
  {
    "type": "Feature",
    "geometry": {
       "type": "Point",
       "coordinates":  [ 121.511674002517,25.085330989717 ]
    },
    "properties": {
    "專用標識編號":"臺北市旅館216號",
    "旅館名稱":"葫蘆商旅",
    "營業地址":"111臺北市士林區重慶北路四段202號1-4樓、204號1樓",
    "電話或手機":"02-28119395",
    "客房最低定價":1000,
    "客房最高定價":9000,
    "房間數":19,
    "area":"士林區"
    }
  },
  {
    "type": "Feature",
    "geometry": {
       "type": "Point",
       "coordinates":  [ 121.524456991593,25.063582004543 ]
    },
    "properties": {
    "專用標識編號":"臺北市旅館218號",
    "旅館名稱":"上華旅館",
    "營業地址":"104臺北市中山區雙城街5號2樓至6樓",
    "電話或手機":"02-25911190",
    "客房最低定價":4000,
    "客房最高定價":22000,
    "房間數":40,
    "area":"中山區"
    }
  },
  {
    "type": "Feature",
    "geometry": {
       "type": "Point",
       "coordinates":  [ 121.50331297028,25.043973003069 ]
    },
    "properties": {
    "專用標識編號":"臺北市旅館219號",
    "旅館名稱":"背包棧旅店西門店",
    "營業地址":"108臺北市萬華區康定路25巷13號",
    "電話或手機":"02-89783666",
    "客房最低定價":4000,
    "客房最高定價":12000,
    "房間數":19,
    "area":"萬華區"
    }
  },
  {
    "type": "Feature",
    "geometry": {
       "type": "Point",
       "coordinates":  [ 121.497270037186,25.038411987498 ]
    },
    "properties": {
    "專用標識編號":"臺北市旅館221號",
    "旅館名稱":"松林旅社",
    "營業地址":"108臺北市萬華區桂林路174號3至5樓及夾層、176號1至5樓及夾層",
    "電話或手機":"02-23067122",
    "客房最低定價":850,
    "客房最高定價":2600,
    "房間數":31,
    "area":"萬華區"
    }
  },
  {
    "type": "Feature",
    "geometry": {
       "type": "Point",
       "coordinates":  [ 121.499860967277,25.037595003395 ]
    },
    "properties": {
    "專用標識編號":"臺北市旅館222號",
    "旅館名稱":"龍山旅社",
    "營業地址":"108臺北市萬華區西園路一段125巷13-1號1-3樓",
    "電話或手機":"02-23064990",
    "客房最低定價":2600,
    "客房最高定價":2600,
    "房間數":14,
    "area":"萬華區"
    }
  },
  {
    "type": "Feature",
    "geometry": {
       "type": "Point",
       "coordinates":  [ 121.511990000267,25.136466005415 ]
    },
    "properties": {
    "專用標識編號":"臺北市旅館225號",
    "旅館名稱":"曲水會館",
    "營業地址":"112臺北市北投區溫泉路105號1-3樓",
    "電話或手機":"02-28912151",
    "客房最低定價":8000,
    "客房最高定價":19800,
    "房間數":19,
    "area":"北投區"
    }
  },
  {
    "type": "Feature",
    "geometry": {
       "type": "Point",
       "coordinates":  [ 121.546296962326,25.041056980864 ]
    },
    "properties": {
    "專用標識編號":"臺北市旅館226號",
    "旅館名稱":"玩行旅 大安分館",
    "營業地址":"106臺北市大安區大安路1段81號1-7樓、81之1號、81號2樓之1、3樓之1至之5、4樓之1至之5、5樓之1至之5、6樓之1至之5、7樓之1至之5",
    "電話或手機":"02-87727862",
    "客房最低定價":7380,
    "客房最高定價":10880,
    "房間數":65,
    "area":"大安區"
    }
  },
  {
    "type": "Feature",
    "geometry": {
       "type": "Point",
       "coordinates":  [ 121.499252022011,25.036818000971 ]
    },
    "properties": {
    "專用標識編號":"臺北市旅館227號",
    "旅館名稱":"美上美旅館",
    "營業地址":"108臺北市萬華區西園路一段168號11樓",
    "電話或手機":"02-23088105",
    "客房最低定價":1500,
    "客房最高定價":2000,
    "房間數":9,
    "area":"萬華區"
    }
  },
  {
    "type": "Feature",
    "geometry": {
       "type": "Point",
       "coordinates":  [ 121.525864983688,25.034939993655 ]
    },
    "properties": {
    "專用標識編號":"臺北市旅館229號",
    "旅館名稱":"唐門客棧",
    "營業地址":"100臺北市中正區信義路二段33號2樓",
    "電話或手機":"02-23963322",
    "客房最低定價":2000,
    "客房最高定價":3000,
    "房間數":28,
    "area":"中正區"
    }
  },
  {
    "type": "Feature",
    "geometry": {
       "type": "Point",
       "coordinates":  [ 121.505041989267,25.136137979634 ]
    },
    "properties": {
    "專用標識編號":"臺北市旅館230號",
    "旅館名稱":"水美溫泉會館",
    "營業地址":"112臺北市北投區光明路224號",
    "電話或手機":"02-28983838",
    "客房最低定價":9000,
    "客房最高定價":50000,
    "房間數":78,
    "area":"北投區"
    }
  },
  {
    "type": "Feature",
    "geometry": {
       "type": "Point",
       "coordinates":  [ 121.504069017947,25.043618993388 ]
    },
    "properties": {
    "專用標識編號":"臺北市旅館231號",
    "旅館名稱":"力歐時尚旅館西門館",
    "營業地址":"108臺北市萬華區康定路25巷36弄4,6號2-4樓",
    "電話或手機":"02-23889855",
    "客房最低定價":800,
    "客房最高定價":3000,
    "房間數":17,
    "area":"萬華區"
    }
  },
  {
    "type": "Feature",
    "geometry": {
       "type": "Point",
       "coordinates":  [ 121.497958023799,25.037239987886 ]
    },
    "properties": {
    "專用標識編號":"臺北市旅館233號",
    "旅館名稱":"古山園旅社",
    "營業地址":"108臺北市萬華區華西街40巷16號",
    "電話或手機":"02-23067408",
    "客房最低定價":1000,
    "客房最高定價":2600,
    "房間數":20,
    "area":"萬華區"
    }
  },
  {
    "type": "Feature",
    "geometry": {
       "type": "Point",
       "coordinates":  [ 121.52557999898,25.055604989201 ]
    },
    "properties": {
    "專用標識編號":"臺北市旅館238號",
    "旅館名稱":"銀座飯店",
    "營業地址":"104臺北市中山區林森北路289號4樓之1～3",
    "電話或手機":"02-25627733",
    "客房最低定價":1680,
    "客房最高定價":5680,
    "房間數":15,
    "area":"中山區"
    }
  },
  {
    "type": "Feature",
    "geometry": {
       "type": "Point",
       "coordinates":  [ 121.521291984954,25.084651007822 ]
    },
    "properties": {
    "專用標識編號":"臺北市旅館240號",
    "旅館名稱":"星美飯店",
    "營業地址":"111臺北市士林區前港街38-1",
    "電話或手機":"02-28828080",
    "客房最低定價":1900,
    "客房最高定價":20000,
    "房間數":48,
    "area":"士林區"
    }
  },
  {
    "type": "Feature",
    "geometry": {
       "type": "Point",
       "coordinates":  [ 121.541906018528,24.992590008766 ]
    },
    "properties": {
    "專用標識編號":"臺北市旅館241號",
    "旅館名稱":"瑪奇商務旅店",
    "營業地址":"116臺北市文山區景中街30巷6號3-4樓",
    "電話或手機":"02-29321000",
    "客房最低定價":2380,
    "客房最高定價":3280,
    "房間數":26,
    "area":"文山區"
    }
  },
  {
    "type": "Feature",
    "geometry": {
       "type": "Point",
       "coordinates":  [ 121.522313990408,25.057719994829 ]
    },
    "properties": {
    "專用標識編號":"臺北市旅館242號",
    "旅館名稱":"新仕商務旅店　　",
    "營業地址":"104臺北市中山區民生西路8號及附2-12樓",
    "電話或手機":"02-25627466",
    "客房最低定價":3000,
    "客房最高定價":15000,
    "房間數":44,
    "area":"中山區"
    }
  },
  {
    "type": "Feature",
    "geometry": {
       "type": "Point",
       "coordinates":  [ 121.512570027966,25.05405199018 ]
    },
    "properties": {
    "專用標識編號":"臺北市旅館243號",
    "旅館名稱":"富順大飯店",
    "營業地址":"103臺北市大同區南京西路177號",
    "電話或手機":"02-25551016",
    "客房最低定價":1600,
    "客房最高定價":3900,
    "房間數":88,
    "area":"大同區"
    }
  },
  {
    "type": "Feature",
    "geometry": {
       "type": "Point",
       "coordinates":  [ 121.505899038867,25.047092998888 ]
    },
    "properties": {
    "專用標識編號":"臺北市旅館246號",
    "旅館名稱":"豪贊旅店",
    "營業地址":"108臺北市萬華區昆明街34號2樓",
    "電話或手機":"02-23702199",
    "客房最低定價":10000,
    "客房最高定價":20000,
    "房間數":14,
    "area":"萬華區"
    }
  },
  {
    "type": "Feature",
    "geometry": {
       "type": "Point",
       "coordinates":  [ 121.527740015428,25.050811001589 ]
    },
    "properties": {
    "專用標識編號":"臺北市旅館247號",
    "旅館名稱":"新月商旅",
    "營業地址":"104臺北市中山區新生北路一段122號1-7樓",
    "電話或手機":"02-25213301",
    "客房最低定價":2000,
    "客房最高定價":8000,
    "房間數":42,
    "area":"中山區"
    }
  },
  {
    "type": "Feature",
    "geometry": {
       "type": "Point",
       "coordinates":  [ 121.541470407095,25.054699448895 ]
    },
    "properties": {
    "專用標識編號":"臺北市旅館248號",
    "旅館名稱":"北城大飯店",
    "營業地址":"104臺北市中山區長春路279號B1-12樓",
    "電話或手機":"02-25017601",
    "客房最低定價":3200,
    "客房最高定價":3600,
    "房間數":55,
    "area":"中山區"
    }
  },
  {
    "type": "Feature",
    "geometry": {
       "type": "Point",
       "coordinates":  [ 121.50457603927,25.041048012227 ]
    },
    "properties": {
    "專用標識編號":"臺北市旅館250號",
    "旅館名稱":"洛碁大飯店新仕界",
    "營業地址":"108臺北市萬華區昆明街139號2樓、141號3至9樓、7樓之1至13、8樓之1至8",
    "電話或手機":"02-23118863",
    "客房最低定價":3000,
    "客房最高定價":18000,
    "房間數":107,
    "area":"萬華區"
    }
  },
  {
    "type": "Feature",
    "geometry": {
       "type": "Point",
       "coordinates":  [ 121.539421035694,25.0679859822 ]
    },
    "properties": {
    "專用標識編號":"臺北市旅館251號",
    "旅館名稱":"雅莊旅館",
    "營業地址":"104臺北市中山區民族東路438號B1至4樓,440號B1至5樓",
    "電話或手機":"02-25075999",
    "客房最低定價":2880,
    "客房最高定價":3080,
    "房間數":37,
    "area":"中山區"
    }
  },
  {
    "type": "Feature",
    "geometry": {
       "type": "Point",
       "coordinates":  [ 121.523297020012,25.051607994852 ]
    },
    "properties": {
    "專用標識編號":"臺北市旅館252號",
    "旅館名稱":"丹迪旅店-天津店",
    "營業地址":"104臺北市中山區中山北路一段135巷13號",
    "電話或手機":"02-25415788",
    "客房最低定價":10000,
    "客房最高定價":12000,
    "房間數":30,
    "area":"中山區"
    }
  },
  {
    "type": "Feature",
    "geometry": {
       "type": "Point",
       "coordinates":  [ 121.538343961136,25.054567016221 ]
    },
    "properties": {
    "專用標識編號":"臺北市旅館253號",
    "旅館名稱":"大新飯店",
    "營業地址":"104臺北市中山區長春路246號11-12樓",
    "電話或手機":"02-25068866",
    "客房最低定價":9800,
    "客房最高定價":11800,
    "房間數":11,
    "area":"中山區"
    }
  },
  {
    "type": "Feature",
    "geometry": {
       "type": "Point",
       "coordinates":  [ 121.538343961136,25.054567016221 ]
    },
    "properties": {
    "專用標識編號":"臺北市旅館254號",
    "旅館名稱":"密都大飯店",
    "營業地址":"104臺北市中山區長春路246號2-9樓",
    "電話或手機":"02-25068866",
    "客房最低定價":10800,
    "客房最高定價":16800,
    "房間數":48,
    "area":"中山區"
    }
  },
  {
    "type": "Feature",
    "geometry": {
       "type": "Point",
       "coordinates":  [ 121.51377299871,25.1361660171 ]
    },
    "properties": {
    "專用標識編號":"臺北市旅館256號",
    "旅館名稱":"麗之湯別館",
    "營業地址":"112臺北市北投區溫泉路銀光巷4-2號",
    "電話或手機":"02-28910033",
    "客房最低定價":6000,
    "客房最高定價":14000,
    "房間數":40,
    "area":"北投區"
    }
  },
  {
    "type": "Feature",
    "geometry": {
       "type": "Point",
       "coordinates":  [ 121.524859993497,25.056589988552 ]
    },
    "properties": {
    "專用標識編號":"臺北市旅館257號",
    "旅館名稱":"鴨川旅館",
    "營業地址":"104臺北市中山區中山北路二段65巷2弄60號1-6樓 ",
    "電話或手機":"02-25603965",
    "客房最低定價":2000,
    "客房最高定價":2000,
    "房間數":20,
    "area":"中山區"
    }
  },
  {
    "type": "Feature",
    "geometry": {
       "type": "Point",
       "coordinates":  [ 121.504549636275,25.138259481237 ]
    },
    "properties": {
    "專用標識編號":"臺北市旅館258號",
    "旅館名稱":"山樂溫泉",
    "營業地址":"112臺北市北投區泉源路1巷17號1-2樓",
    "電話或手機":"02-28913388",
    "客房最低定價":4600,
    "客房最高定價":15000,
    "房間數":9,
    "area":"北投區"
    }
  },
  {
    "type": "Feature",
    "geometry": {
       "type": "Point",
       "coordinates":  [ 121.503733993277,25.137992014707 ]
    },
    "properties": {
    "專用標識編號":"臺北市旅館259號",
    "旅館名稱":"山水樂會館",
    "營業地址":"112臺北市北投區中和街20巷6號",
    "電話或手機":"02-28922665",
    "客房最低定價":8600,
    "客房最高定價":15000,
    "房間數":18,
    "area":"北投區"
    }
  },
  {
    "type": "Feature",
    "geometry": {
       "type": "Point",
       "coordinates":  [ 121.566895992293,25.051568013174 ]
    },
    "properties": {
    "專用標識編號":"臺北市旅館260號",
    "旅館名稱":"雅柏精緻旅館",
    "營業地址":"105臺北市松山區南京東路五段319、321、323、325、327、329、331號",
    "電話或手機":"02-27645858",
    "客房最低定價":9200,
    "客房最高定價":11000,
    "房間數":36,
    "area":"松山區"
    }
  },
  {
    "type": "Feature",
    "geometry": {
       "type": "Point",
       "coordinates":  [ 121.523295008355,25.062952020701 ]
    },
    "properties": {
    "專用標識編號":"臺北市旅館261號",
    "旅館名稱":"燦路都飯店",
    "營業地址":"104臺北市中山區民權東路1段9號地下1樓、2-10樓",
    "電話或手機":"02-25973610",
    "客房最低定價":6000,
    "客房最高定價":10000,
    "房間數":125,
    "area":"中山區"
    }
  },
  {
    "type": "Feature",
    "geometry": {
       "type": "Point",
       "coordinates":  [ 121.533212140916,25.050914182817 ]
    },
    "properties": {
    "專用標識編號":"臺北市旅館262號",
    "旅館名稱":"瑞沂國際飯店",
    "營業地址":"104臺北市中山區松江路95-1號5樓 ",
    "電話或手機":"0911-141111",
    "客房最低定價":1650,
    "客房最高定價":1650,
    "房間數":10,
    "area":"中山區"
    }
  },
  {
    "type": "Feature",
    "geometry": {
       "type": "Point",
       "coordinates":  [ 121.505169310377,25.042860598789 ]
    },
    "properties": {
    "專用標識編號":"臺北市旅館263號",
    "旅館名稱":"君帥旅館",
    "營業地址":"108臺北市萬華區成都路68號8-10樓",
    "電話或手機":"02-23718812",
    "客房最低定價":5000,
    "客房最高定價":8000,
    "房間數":35,
    "area":"萬華區"
    }
  },
  {
    "type": "Feature",
    "geometry": {
       "type": "Point",
       "coordinates":  [ 121.505169310377,25.042860598789 ]
    },
    "properties": {
    "專用標識編號":"臺北市旅館264號",
    "旅館名稱":"函舍旅館",
    "營業地址":"108臺北市萬華區成都路68號4-5樓",
    "電話或手機":"02-23718812",
    "客房最低定價":5000,
    "客房最高定價":8000,
    "房間數":20,
    "area":"萬華區"
    }
  },
  {
    "type": "Feature",
    "geometry": {
       "type": "Point",
       "coordinates":  [ 121.507498976545,25.046195003691 ]
    },
    "properties": {
    "專用標識編號":"臺北市旅館267號",
    "旅館名稱":"百悅旅社",
    "營業地址":"108臺北市萬華區開封街2段42巷2號1-5樓,44-1號6-7樓",
    "電話或手機":"02-23881792",
    "客房最低定價":1380,
    "客房最高定價":2580,
    "房間數":26,
    "area":"萬華區"
    }
  },
  {
    "type": "Feature",
    "geometry": {
       "type": "Point",
       "coordinates":  [ 121.545605287676,25.05400438097 ]
    },
    "properties": {
    "專用標識編號":"臺北市旅館268號",
    "旅館名稱":"長春精品旅館",
    "營業地址":"105臺北市松山區慶城街29號",
    "電話或手機":"02-27188268",
    "客房最低定價":3600,
    "客房最高定價":5200,
    "房間數":86,
    "area":"松山區"
    }
  },
  {
    "type": "Feature",
    "geometry": {
       "type": "Point",
       "coordinates":  [ 121.524190027976,25.060241019847 ]
    },
    "properties": {
    "專用標識編號":"臺北市旅館270號",
    "旅館名稱":"緒遠旅館",
    "營業地址":"104臺北市中山區錦州街20號3樓",
    "電話或手機":"02-25682005",
    "客房最低定價":980,
    "客房最高定價":1580,
    "房間數":8,
    "area":"中山區"
    }
  },
  {
    "type": "Feature",
    "geometry": {
       "type": "Point",
       "coordinates":  [ 121.531099985135,25.109225993561 ]
    },
    "properties": {
    "專用標識編號":"臺北市旅館271號",
    "旅館名稱":"貴族商務旅館",
    "營業地址":"111臺北市士林區忠誠路二段21巷10,12號1至6樓",
    "電話或手機":"02-28323388",
    "客房最低定價":2280,
    "客房最高定價":5560,
    "房間數":49,
    "area":"士林區"
    }
  },
  {
    "type": "Feature",
    "geometry": {
       "type": "Point",
       "coordinates":  [ 121.544843037401,25.048368012089 ]
    },
    "properties": {
    "專用標識編號":"臺北市旅館274號",
    "旅館名稱":"悠趣旅店",
    "營業地址":"105臺北市松山區長安東路2段219號12樓",
    "電話或手機":"02-27752277",
    "客房最低定價":10000,
    "客房最高定價":15000,
    "房間數":27,
    "area":"松山區"
    }
  },
  {
    "type": "Feature",
    "geometry": {
       "type": "Point",
       "coordinates":  [ 121.531609018115,25.050747005758 ]
    },
    "properties": {
    "專用標識編號":"臺北市旅館275號",
    "旅館名稱":"台北馥華商旅",
    "營業地址":"104臺北市中山區一江街3號、3號2樓、2樓之1至之14、3號3樓、3樓之1至之14、3號4樓、4樓之1至之14、3號5樓、5樓之1至之14、3號6樓、6樓之1至之14、3號7樓、7樓之1至之14",
    "電話或手機":"02-25118896",
    "客房最低定價":9000,
    "客房最高定價":18000,
    "房間數":90,
    "area":"中山區"
    }
  },
  {
    "type": "Feature",
    "geometry": {
       "type": "Point",
       "coordinates":  [ 121.512718974386,25.054054001837 ]
    },
    "properties": {
    "專用標識編號":"臺北市旅館277號",
    "旅館名稱":"城市商旅-台北南西館",
    "營業地址":"103臺北市大同區南京西路169號",
    "電話或手機":"02-25507722",
    "客房最低定價":7500,
    "客房最高定價":20000,
    "房間數":80,
    "area":"大同區"
    }
  },
  {
    "type": "Feature",
    "geometry": {
       "type": "Point",
       "coordinates":  [ 121.521453001314,25.102456014185 ]
    },
    "properties": {
    "專用標識編號":"臺北市旅館278號",
    "旅館名稱":"芝山璞旅",
    "營業地址":"111臺北市士林區福國路106號1樓,2-6樓之1至7",
    "電話或手機":"02-28332323",
    "客房最低定價":5800,
    "客房最高定價":15000,
    "房間數":41,
    "area":"士林區"
    }
  },
  {
    "type": "Feature",
    "geometry": {
       "type": "Point",
       "coordinates":  [ 121.54351601449,25.041868013815 ]
    },
    "properties": {
    "專用標識編號":"臺北市旅館279號",
    "旅館名稱":"香榭峇里賓館",
    "營業地址":"106臺北市大安區忠孝東路三段305號7樓",
    "電話或手機":"02-27114159",
    "客房最低定價":880,
    "客房最高定價":1890,
    "房間數":9,
    "area":"大安區"
    }
  },
  {
    "type": "Feature",
    "geometry": {
       "type": "Point",
       "coordinates":  [ 121.527356040444,25.063266006793 ]
    },
    "properties": {
    "專用標識編號":"臺北市旅館280號",
    "旅館名稱":"晴悅旅店",
    "營業地址":"104臺北市中山區新生北路三段10號2、3樓",
    "電話或手機":"02-25992211",
    "客房最低定價":3500,
    "客房最高定價":12000,
    "房間數":19,
    "area":"中山區"
    }
  },
  {
    "type": "Feature",
    "geometry": {
       "type": "Point",
       "coordinates":  [ 121.51374701481,25.13776499086 ]
    },
    "properties": {
    "專用標識編號":"臺北市旅館283號",
    "旅館名稱":"春天酒店",
    "營業地址":"112臺北市北投區幽雅路18號1-6樓",
    "電話或手機":"02-28924546",
    "客房最低定價":11000,
    "客房最高定價":25000,
    "房間數":81,
    "area":"北投區"
    }
  },
  {
    "type": "Feature",
    "geometry": {
       "type": "Point",
       "coordinates":  [ 121.553039029964,25.024285002157 ]
    },
    "properties": {
    "專用標識編號":"臺北市旅館286號",
    "旅館名稱":"高雅賓館",
    "營業地址":"106臺北市大安區和平東路三段139號及139號2樓至7樓、141號及141號2樓至5樓",
    "電話或手機":"02-27388947",
    "客房最低定價":1680,
    "客房最高定價":5300,
    "房間數":30,
    "area":"大安區"
    }
  },
  {
    "type": "Feature",
    "geometry": {
       "type": "Point",
       "coordinates":  [ 121.507005030991,25.039165981598 ]
    },
    "properties": {
    "專用標識編號":"臺北市旅館288號",
    "旅館名稱":"富園國際商務飯店",
    "營業地址":"108臺北市萬華區中華路一段178號",
    "電話或手機":"02-23887890",
    "客房最低定價":4800,
    "客房最高定價":10000,
    "房間數":45,
    "area":"萬華區"
    }
  },
  {
    "type": "Feature",
    "geometry": {
       "type": "Point",
       "coordinates":  [ 121.557884859647,25.032459620867 ]
    },
    "properties": {
    "專用標識編號":"臺北市旅館290號",
    "旅館名稱":"太平洋商旅",
    "營業地址":"110臺北市信義區光復南路495號11樓之2及13,16,17,19樓",
    "電話或手機":"02-87808000",
    "客房最低定價":18000,
    "客房最高定價":30000,
    "房間數":48,
    "area":"信義區"
    }
  },
  {
    "type": "Feature",
    "geometry": {
       "type": "Point",
       "coordinates":  [ 121.559911017101,25.083746013736 ]
    },
    "properties": {
    "專用標識編號":"臺北市旅館291號",
    "旅館名稱":"情覓汽車旅館 ",
    "營業地址":"104臺北市中山區植福路189號2樓 ",
    "電話或手機":"02-85020689、 0930-849622",
    "客房最低定價":2200,
    "客房最高定價":7200,
    "房間數":16,
    "area":"中山區"
    }
  },
  {
    "type": "Feature",
    "geometry": {
       "type": "Point",
       "coordinates":  [ 121.509741973835,25.136388011806 ]
    },
    "properties": {
    "專用標識編號":"臺北市旅館292號",
    "旅館名稱":"百樂匯大飯店",
    "營業地址":"112臺北市北投區溫泉路99號1-4樓",
    "電話或手機":"02-28928288",
    "客房最低定價":2500,
    "客房最高定價":32800,
    "房間數":33,
    "area":"北投區"
    }
  },
  {
    "type": "Feature",
    "geometry": {
       "type": "Point",
       "coordinates":  [ 121.575400019798,24.992062996604 ]
    },
    "properties": {
    "專用標識編號":"臺北市旅館293號",
    "旅館名稱":"印石時尚旅館",
    "營業地址":"116臺北市文山區秀明路二段15號",
    "電話或手機":"02-86617070",
    "客房最低定價":4500,
    "客房最高定價":12000,
    "房間數":50,
    "area":"文山區"
    }
  },
  {
    "type": "Feature",
    "geometry": {
       "type": "Point",
       "coordinates":  [ 121.52437501658,25.050038986397 ]
    },
    "properties": {
    "專用標識編號":"臺北市旅館295號",
    "旅館名稱":"天閣酒店(台北林森)",
    "營業地址":"104臺北市中山區中山北路一段83巷15號1樓至6樓",
    "電話或手機":"02-25319999",
    "客房最低定價":12000,
    "客房最高定價":20000,
    "房間數":65,
    "area":"中山區"
    }
  },
  {
    "type": "Feature",
    "geometry": {
       "type": "Point",
       "coordinates":  [ 121.529429398459,25.048060087491 ]
    },
    "properties": {
    "專用標識編號":"臺北市旅館296號",
    "旅館名稱":"喜瑞飯店",
    "營業地址":"104臺北市中山區長安東路一段64號B1-10樓",
    "電話或手機":"02-25410077",
    "客房最低定價":10500,
    "客房最高定價":19000,
    "房間數":61,
    "area":"中山區"
    }
  },
  {
    "type": "Feature",
    "geometry": {
       "type": "Point",
       "coordinates":  [ 121.502906028881,25.030028994675 ]
    },
    "properties": {
    "專用標識編號":"臺北市旅館297號",
    "旅館名稱":"貴都飯店",
    "營業地址":"108臺北市萬華區西藏路192-1號",
    "電話或手機":"02-23029345",
    "客房最低定價":10800,
    "客房最高定價":22800,
    "房間數":69,
    "area":"萬華區"
    }
  },
  {
    "type": "Feature",
    "geometry": {
       "type": "Point",
       "coordinates":  [ 121.509888992417,25.135920008242 ]
    },
    "properties": {
    "專用標識編號":"臺北市旅館298號",
    "旅館名稱":"鳳凰閣旅社",
    "營業地址":"112臺北市北投區溫泉路106之1號",
    "電話或手機":"02-28912827",
    "客房最低定價":6000,
    "客房最高定價":12000,
    "房間數":25,
    "area":"北投區"
    }
  },
  {
    "type": "Feature",
    "geometry": {
       "type": "Point",
       "coordinates":  [ 121.508771014171,25.045347006547 ]
    },
    "properties": {
    "專用標識編號":"臺北市旅館299號",
    "旅館名稱":"萬事達旅店(中華店)",
    "營業地址":"108臺北市萬華區中華路一段82號1-9樓",
    "電話或手機":"02-23820889",
    "客房最低定價":4800,
    "客房最高定價":10800,
    "房間數":56,
    "area":"萬華區"
    }
  },
  {
    "type": "Feature",
    "geometry": {
       "type": "Point",
       "coordinates":  [ 121.512788292725,25.053855602189 ]
    },
    "properties": {
    "專用標識編號":"臺北市旅館300號",
    "旅館名稱":"皇家季節酒店1館",
    "營業地址":"103臺北市大同區南京西路326號1樓、2樓、3樓、4樓、5樓，及8樓、9樓",
    "電話或手機":"02-25554288、 0982-995803",
    "客房最低定價":3300,
    "客房最高定價":4300,
    "房間數":48,
    "area":"大同區"
    }
  },
  {
    "type": "Feature",
    "geometry": {
       "type": "Point",
       "coordinates":  [ 121.528065987643,25.114897985531 ]
    },
    "properties": {
    "專用標識編號":"臺北市旅館301號",
    "旅館名稱":"丹迪旅店-天母店",
    "營業地址":"111臺北市士林區中山北路六段728巷2號1-7樓",
    "電話或手機":"02-28732222",
    "客房最低定價":8000,
    "客房最高定價":10000,
    "房間數":54,
    "area":"士林區"
    }
  },
  {
    "type": "Feature",
    "geometry": {
       "type": "Point",
       "coordinates":  [ 121.568091000229,25.082306002771 ]
    },
    "properties": {
    "專用標識編號":"臺北市旅館302號",
    "旅館名稱":"馥麗精品旅館",
    "營業地址":"114臺北市內湖區內湖路1段325號1-5樓",
    "電話或手機":"02-26586167",
    "客房最低定價":2180,
    "客房最高定價":5700,
    "房間數":28,
    "area":"內湖區"
    }
  },
  {
    "type": "Feature",
    "geometry": {
       "type": "Point",
       "coordinates":  [ 121.573207481566,25.041138117686 ]
    },
    "properties": {
    "專用標識編號":"臺北市旅館303號",
    "旅館名稱":"天閣酒店台北信義",
    "營業地址":"110臺北市信義區忠孝東路五段297號1-6樓",
    "電話或手機":"02-25288000",
    "客房最低定價":15000,
    "客房最高定價":15000,
    "房間數":105,
    "area":"信義區"
    }
  },
  {
    "type": "Feature",
    "geometry": {
       "type": "Point",
       "coordinates":  [ 121.534148986234,25.052775007232 ]
    },
    "properties": {
    "專用標識編號":"臺北市旅館304號",
    "旅館名稱":"伊倫商務旅館",
    "營業地址":"104臺北市中山區松江路123巷10號1-4樓",
    "電話或手機":"02-25076666",
    "客房最低定價":6000,
    "客房最高定價":8000,
    "房間數":31,
    "area":"中山區"
    }
  },
  {
    "type": "Feature",
    "geometry": {
       "type": "Point",
       "coordinates":  [ 121.548568625724,25.052802206507 ]
    },
    "properties": {
    "專用標識編號":"臺北市旅館305號",
    "旅館名稱":"茹曦酒店",
    "營業地址":"105臺北市松山區敦化北路100號",
    "電話或手機":"02-27198399",
    "客房最低定價":20790,
    "客房最高定價":41580,
    "房間數":312,
    "area":"松山區"
    }
  },
  {
    "type": "Feature",
    "geometry": {
       "type": "Point",
       "coordinates":  [ 121.544713034083,25.056229985811 ]
    },
    "properties": {
    "專用標識編號":"臺北市旅館307號",
    "旅館名稱":"太豪大飯店",
    "營業地址":"105臺北市松山區興安街137號1-6樓",
    "電話或手機":"02-27195152",
    "客房最低定價":8000,
    "客房最高定價":10000,
    "房間數":38,
    "area":"松山區"
    }
  },
  {
    "type": "Feature",
    "geometry": {
       "type": "Point",
       "coordinates":  [ 121.534405975386,25.050756980223 ]
    },
    "properties": {
    "專用標識編號":"臺北市旅館308號",
    "旅館名稱":"香城大飯店豪悅分店",
    "營業地址":"104臺北市中山區松江路93巷9號1至8樓及9號2、3、4、5樓之1至之7、6樓之1至之3、7樓之1、8樓之1及97巷18號",
    "電話或手機":"02-25177272",
    "客房最低定價":6400,
    "客房最高定價":8000,
    "房間數":32,
    "area":"中山區"
    }
  },
  {
    "type": "Feature",
    "geometry": {
       "type": "Point",
       "coordinates":  [ 121.502530016705,25.118931985981 ]
    },
    "properties": {
    "專用標識編號":"臺北市旅館309號",
    "旅館名稱":"溫拿旅館",
    "營業地址":"112臺北市北投區承德路7段380號1-5樓",
    "電話或手機":"02-28213191",
    "客房最低定價":1980,
    "客房最高定價":2500,
    "房間數":28,
    "area":"北投區"
    }
  },
  {
    "type": "Feature",
    "geometry": {
       "type": "Point",
       "coordinates":  [ 121.528243013438,25.037298996485 ]
    },
    "properties": {
    "專用標識編號":"臺北市旅館310號",
    "旅館名稱":"金來商旅",
    "營業地址":"100臺北市中正區金山南路1段71號B1-7樓,71之1號2-7樓",
    "電話或手機":"02-23979399",
    "客房最低定價":15000,
    "客房最高定價":19000,
    "房間數":48,
    "area":"中正區"
    }
  },
  {
    "type": "Feature",
    "geometry": {
       "type": "Point",
       "coordinates":  [ 121.558692958932,25.084374991751 ]
    },
    "properties": {
    "專用標識編號":"臺北市旅館311號",
    "旅館名稱":"維多麗亞酒店",
    "營業地址":"104臺北市中山區敬業四路168號",
    "電話或手機":"02-85020007、 0983-033100",
    "客房最低定價":11550,
    "客房最高定價":23100,
    "房間數":96,
    "area":"中山區"
    }
  },
  {
    "type": "Feature",
    "geometry": {
       "type": "Point",
       "coordinates":  [ 121.596412026135,25.056286982753 ]
    },
    "properties": {
    "專用標識編號":"臺北市旅館312號",
    "旅館名稱":"友徠精品旅館",
    "營業地址":"115臺北市南港區重陽路57巷15號",
    "電話或手機":"02-26510101",
    "客房最低定價":2280,
    "客房最高定價":8200,
    "房間數":26,
    "area":"南港區"
    }
  },
  {
    "type": "Feature",
    "geometry": {
       "type": "Point",
       "coordinates":  [ 121.507541975708,25.041064985581 ]
    },
    "properties": {
    "專用標識編號":"臺北市旅館315號",
    "旅館名稱":"寶格利時尚旅館",
    "營業地址":"108臺北市萬華區中華路一段168號1-15樓",
    "電話或手機":"02-23821314",
    "客房最低定價":10800,
    "客房最高定價":11800,
    "房間數":46,
    "area":"萬華區"
    }
  },
  {
    "type": "Feature",
    "geometry": {
       "type": "Point",
       "coordinates":  [ 121.536949966819,25.03371200293 ]
    },
    "properties": {
    "專用標識編號":"臺北市旅館317號",
    "旅館名稱":"多郎明哥旅館",
    "營業地址":"106臺北市大安區信義路三段73號",
    "電話或手機":"02-27001200",
    "客房最低定價":2580,
    "客房最高定價":12000,
    "房間數":30,
    "area":"大安區"
    }
  },
  {
    "type": "Feature",
    "geometry": {
       "type": "Point",
       "coordinates":  [ 121.506989021556,25.134900894545 ]
    },
    "properties": {
    "專用標識編號":"臺北市旅館318號",
    "旅館名稱":"大地酒店",
    "營業地址":"112臺北市北投區奇岩路1號",
    "電話或手機":"02-55518888",
    "客房最低定價":13800,
    "客房最高定價":60000,
    "房間數":48,
    "area":"北投區"
    }
  },
  {
    "type": "Feature",
    "geometry": {
       "type": "Point",
       "coordinates":  [ 121.548422026238,25.033693981838 ]
    },
    "properties": {
    "專用標識編號":"臺北市旅館319號",
    "旅館名稱":"華弘怡亨酒店",
    "營業地址":"106臺北市大安區敦化南路一段370號",
    "電話或手機":"02-27848888",
    "客房最低定價":12000,
    "客房最高定價":38000,
    "房間數":68,
    "area":"大安區"
    }
  },
  {
    "type": "Feature",
    "geometry": {
       "type": "Point",
       "coordinates":  [ 121.516555958202,25.045644019286 ]
    },
    "properties": {
    "專用標識編號":"臺北市旅館320號",
    "旅館名稱":"台北青年國際旅館",
    "營業地址":"100臺北市中正區許昌街19號1樓及4-10樓",
    "電話或手機":"02-23113201",
    "客房最低定價":2200,
    "客房最高定價":7200,
    "房間數":99,
    "area":"中正區"
    }
  },
  {
    "type": "Feature",
    "geometry": {
       "type": "Point",
       "coordinates":  [ 121.510344129759,25.137764907041 ]
    },
    "properties": {
    "專用標識編號":"臺北市旅館321號",
    "旅館名稱":"三二行館",
    "營業地址":"112臺北市北投區中山路32號",
    "電話或手機":"02-66117888",
    "客房最低定價":29800,
    "客房最高定價":29800,
    "房間數":5,
    "area":"北投區"
    }
  },
  {
    "type": "Feature",
    "geometry": {
       "type": "Point",
       "coordinates":  [ 121.527038031037,25.051894991217 ]
    },
    "properties": {
    "專用標識編號":"臺北市旅館323號",
    "旅館名稱":"神旺商務酒店",
    "營業地址":"104臺北市中山區南京東路一段128號2至13樓",
    "電話或手機":"02-25115185",
    "客房最低定價":13600,
    "客房最高定價":13600,
    "房間數":81,
    "area":"中山區"
    }
  },
  {
    "type": "Feature",
    "geometry": {
       "type": "Point",
       "coordinates":  [ 121.549744271464,25.028333712848 ]
    },
    "properties": {
    "專用標識編號":"臺北市旅館324號",
    "旅館名稱":"宏都金殿大飯店",
    "營業地址":"106臺北市大安區安和路2段100號2-9樓",
    "電話或手機":"02-27556599",
    "客房最低定價":5000,
    "客房最高定價":16000,
    "房間數":32,
    "area":"大安區"
    }
  },
  {
    "type": "Feature",
    "geometry": {
       "type": "Point",
       "coordinates":  [ 121.512521999661,25.046058001484 ]
    },
    "properties": {
    "專用標識編號":"臺北市旅館325號",
    "旅館名稱":"富逸旅趣-北車開封館",
    "營業地址":"100臺北市中正區開封街1段41號2-9樓",
    "電話或手機":"02-23881788",
    "客房最低定價":3800,
    "客房最高定價":25000,
    "房間數":42,
    "area":"中正區"
    }
  },
  {
    "type": "Feature",
    "geometry": {
       "type": "Point",
       "coordinates":  [ 121.526824963059,25.06479599749 ]
    },
    "properties": {
    "專用標識編號":"臺北市旅館326號",
    "旅館名稱":"采舍精品旅館",
    "營業地址":"104臺北市中山區農安街34號3樓及7樓",
    "電話或手機":"02-25963969",
    "客房最低定價":4800,
    "客房最高定價":6800,
    "房間數":35,
    "area":"中山區"
    }
  },
  {
    "type": "Feature",
    "geometry": {
       "type": "Point",
       "coordinates":  [ 121.552014007024,25.041720995233 ]
    },
    "properties": {
    "專用標識編號":"臺北市旅館328號",
    "旅館名稱":"東鑫商務旅館",
    "營業地址":"106臺北市大安區忠孝東路四段209號11樓,11樓-1,-2,211號11樓,11樓-1",
    "電話或手機":"02-87736638",
    "客房最低定價":1780,
    "客房最高定價":9800,
    "房間數":25,
    "area":"大安區"
    }
  },
  {
    "type": "Feature",
    "geometry": {
       "type": "Point",
       "coordinates":  [ 121.50734097767,25.04421700027 ]
    },
    "properties": {
    "專用標識編號":"臺北市旅館329號",
    "旅館名稱":"小王子甜蜜旅店",
    "營業地址":"108臺北市萬華區漢中街42號9樓",
    "電話或手機":"02-23820225",
    "客房最低定價":10000,
    "客房最高定價":20000,
    "房間數":9,
    "area":"萬華區"
    }
  },
  {
    "type": "Feature",
    "geometry": {
       "type": "Point",
       "coordinates":  [ 121.535838526457,25.054404197752 ]
    },
    "properties": {
    "專用標識編號":"臺北市旅館331號",
    "旅館名稱":"柔美商旅",
    "營業地址":"104臺北市中山區建國北路二段64巷9號",
    "電話或手機":"02-25031133",
    "客房最低定價":22000,
    "客房最高定價":28000,
    "房間數":47,
    "area":"中山區"
    }
  },
  {
    "type": "Feature",
    "geometry": {
       "type": "Point",
       "coordinates":  [ 121.512570782338,25.053840011849 ]
    },
    "properties": {
    "專用標識編號":"臺北市旅館334號",
    "旅館名稱":"皇家季節酒店2館",
    "營業地址":"103臺北市大同區南京西路330號1至11樓",
    "電話或手機":"02-25556488、 0982-995803",
    "客房最低定價":3500,
    "客房最高定價":9000,
    "房間數":46,
    "area":"大同區"
    }
  },
  {
    "type": "Feature",
    "geometry": {
       "type": "Point",
       "coordinates":  [ 121.525768927078,25.060961109149 ]
    },
    "properties": {
    "專用標識編號":"臺北市旅館335號",
    "旅館名稱":"新舍商旅-林森館",
    "營業地址":"104臺北市中山區林森北路477號",
    "電話或手機":"02-77431000",
    "客房最低定價":9900,
    "客房最高定價":16500,
    "房間數":79,
    "area":"中山區"
    }
  },
  {
    "type": "Feature",
    "geometry": {
       "type": "Point",
       "coordinates":  [ 121.543895379428,25.034330587384 ]
    },
    "properties": {
    "專用標識編號":"臺北市旅館340號",
    "旅館名稱":"宜津美侖大飯店",
    "營業地址":"106臺北市大安區復興南路1段315號,317號,317號2樓",
    "電話或手機":"02-55793888",
    "客房最低定價":14000,
    "客房最高定價":56000,
    "房間數":143,
    "area":"大安區"
    }
  },
  {
    "type": "Feature",
    "geometry": {
       "type": "Point",
       "coordinates":  [ 121.514004003962,25.04682100613 ]
    },
    "properties": {
    "專用標識編號":"臺北市旅館341號",
    "旅館名稱":"璽愛旅店",
    "營業地址":"100臺北市中正區忠孝西路一段72號3樓,3樓之1",
    "電話或手機":"02-23880808",
    "客房最低定價":10000,
    "客房最高定價":30000,
    "房間數":39,
    "area":"中正區"
    }
  },
  {
    "type": "Feature",
    "geometry": {
       "type": "Point",
       "coordinates":  [ 121.555889966691,25.083552014587 ]
    },
    "properties": {
    "專用標識編號":"臺北市旅館342號",
    "旅館名稱":"薇閣精品旅館",
    "營業地址":"104臺北市中山區敬業三路11號",
    "電話或手機":"02-85026000",
    "客房最低定價":4700,
    "客房最高定價":16800,
    "房間數":96,
    "area":"中山區"
    }
  },
  {
    "type": "Feature",
    "geometry": {
       "type": "Point",
       "coordinates":  [ 121.513897528042,25.045226172007 ]
    },
    "properties": {
    "專用標識編號":"臺北市旅館343號",
    "旅館名稱":"正二旅館",
    "營業地址":"100臺北市中正區漢口街一段2號3-9樓",
    "電話或手機":"02-23708008",
    "客房最低定價":2000,
    "客房最高定價":20000,
    "房間數":55,
    "area":"中正區"
    }
  },
  {
    "type": "Feature",
    "geometry": {
       "type": "Point",
       "coordinates":  [ 121.527017327737,25.064812803205 ]
    },
    "properties": {
    "專用標識編號":"臺北市旅館344號",
    "旅館名稱":"同一大飯店",
    "營業地址":"104臺北市中山區農安街36號3-10樓　",
    "電話或手機":"02-25923977",
    "客房最低定價":9800,
    "客房最高定價":11800,
    "房間數":95,
    "area":"中山區"
    }
  },
  {
    "type": "Feature",
    "geometry": {
       "type": "Point",
       "coordinates":  [ 121.507021040426,25.046170989539 ]
    },
    "properties": {
    "專用標識編號":"臺北市旅館345號",
    "旅館名稱":"旅居文旅-西門驛站",
    "營業地址":"108臺北市萬華區台北市萬華區西寧南路67號5-9樓",
    "電話或手機":"02-23880050",
    "客房最低定價":8000,
    "客房最高定價":18000,
    "房間數":38,
    "area":"萬華區"
    }
  },
  {
    "type": "Feature",
    "geometry": {
       "type": "Point",
       "coordinates":  [ 121.561998027173,25.080984009002 ]
    },
    "properties": {
    "專用標識編號":"臺北市旅館346號",
    "旅館名稱":"沐蘭精品旅館",
    "營業地址":"104臺北市中山區堤頂大道2段460號",
    "電話或手機":"02-85023397",
    "客房最低定價":14500,
    "客房最高定價":14500,
    "房間數":46,
    "area":"中山區"
    }
  },
  {
    "type": "Feature",
    "geometry": {
       "type": "Point",
       "coordinates":  [ 121.509471992734,25.044870998266 ]
    },
    "properties": {
    "專用標識編號":"臺北市旅館348號",
    "旅館名稱":"捷絲旅西門町店",
    "營業地址":"100臺北市中正區中華路一段41號5-9樓",
    "電話或手機":"02-23709000",
    "客房最低定價":3200,
    "客房最高定價":10120,
    "房間數":143,
    "area":"中正區"
    }
  },
  {
    "type": "Feature",
    "geometry": {
       "type": "Point",
       "coordinates":  [ 121.597353732957,25.055671415783 ]
    },
    "properties": {
    "專用標識編號":"臺北市旅館349號",
    "旅館名稱":"探索汽車旅館南港館",
    "營業地址":"115臺北市南港區重陽路66號1至4樓",
    "電話或手機":"02-26537727",
    "客房最低定價":3980,
    "客房最高定價":19980,
    "房間數":61,
    "area":"南港區"
    }
  },
  {
    "type": "Feature",
    "geometry": {
       "type": "Point",
       "coordinates":  [ 121.524472162837,25.046041111949 ]
    },
    "properties": {
    "專用標識編號":"臺北市旅館355號",
    "旅館名稱":"家美瑞品 台北",
    "營業地址":"100臺北市中正區北平東路12號2至9樓",
    "電話或手機":"02-23581234",
    "客房最低定價":7500,
    "客房最高定價":24000,
    "房間數":68,
    "area":"中正區"
    }
  },
  {
    "type": "Feature",
    "geometry": {
       "type": "Point",
       "coordinates":  [ 121.514181029757,25.052168995632 ]
    },
    "properties": {
    "專用標識編號":"臺北市旅館356號",
    "旅館名稱":"台北桃禧大飯店",
    "營業地址":"103臺北市大同區重慶北路一段73號1樓至7樓",
    "電話或手機":"02-25505799",
    "客房最低定價":8800,
    "客房最高定價":12000,
    "房間數":152,
    "area":"大同區"
    }
  },
  {
    "type": "Feature",
    "geometry": {
       "type": "Point",
       "coordinates":  [ 121.531486977605,25.065165010777 ]
    },
    "properties": {
    "專用標識編號":"臺北市旅館357號",
    "旅館名稱":"豪爵旅館",
    "營業地址":"104臺北市中山區吉林路379巷20號1至7樓及20之1號2樓至7樓、德惠街170巷24號1樓",
    "電話或手機":"02-25942977",
    "客房最低定價":1780,
    "客房最高定價":6200,
    "房間數":53,
    "area":"中山區"
    }
  },
  {
    "type": "Feature",
    "geometry": {
       "type": "Point",
       "coordinates":  [ 121.525282022322,25.051271000435 ]
    },
    "properties": {
    "專用標識編號":"臺北市旅館359號",
    "旅館名稱":"福泰桔子商務旅館（林森店）",
    "營業地址":"104臺北市中山區林森北路139號1樓至8樓及地下室",
    "電話或手機":"02-25632688",
    "客房最低定價":5280,
    "客房最高定價":7480,
    "房間數":84,
    "area":"中山區"
    }
  },
  {
    "type": "Feature",
    "geometry": {
       "type": "Point",
       "coordinates":  [ 121.55165601594,25.04170397997 ]
    },
    "properties": {
    "專用標識編號":"臺北市旅館360號",
    "旅館名稱":"安庭台北商務旅館",
    "營業地址":"106臺北市大安區忠孝東路四段197號12樓、12樓之1、12樓之4、12樓之5、12樓之9",
    "電話或手機":"02-27780920",
    "客房最低定價":1000,
    "客房最高定價":8800,
    "房間數":41,
    "area":"大安區"
    }
  },
  {
    "type": "Feature",
    "geometry": {
       "type": "Point",
       "coordinates":  [ 121.506617032693,25.04563500874 ]
    },
    "properties": {
    "專用標識編號":"臺北市旅館361號",
    "旅館名稱":"愛活商旅",
    "營業地址":"108臺北市萬華區西寧南路36號10樓之3",
    "電話或手機":"02-23615205",
    "客房最低定價":11000,
    "客房最高定價":20000,
    "房間數":22,
    "area":"萬華區"
    }
  },
  {
    "type": "Feature",
    "geometry": {
       "type": "Point",
       "coordinates":  [ 121.596849980576,25.055840017766 ]
    },
    "properties": {
    "專用標識編號":"臺北市旅館362號",
    "旅館名稱":"雀客藏居台北南港",
    "營業地址":"115臺北市南港區重陽路59號",
    "電話或手機":"02-26512251",
    "客房最低定價":22880,
    "客房最高定價":36080,
    "房間數":105,
    "area":"南港區"
    }
  },
  {
    "type": "Feature",
    "geometry": {
       "type": "Point",
       "coordinates":  [ 121.507473998474,25.136102985188 ]
    },
    "properties": {
    "專用標識編號":"臺北市旅館364號",
    "旅館名稱":"金都精緻溫泉飯店",
    "營業地址":"112臺北市北投區光明路240號1-6樓",
    "電話或手機":"02-28911228",
    "客房最低定價":10500,
    "客房最高定價":12800,
    "房間數":31,
    "area":"北投區"
    }
  },
  {
    "type": "Feature",
    "geometry": {
       "type": "Point",
       "coordinates":  [ 121.516674981227,25.051079012943 ]
    },
    "properties": {
    "專用標識編號":"臺北市旅館365號",
    "旅館名稱":"新驛旅店台北車站三館",
    "營業地址":"103臺北市大同區長安西路77,79號1-7樓",
    "電話或手機":"02-77327777",
    "客房最低定價":9500,
    "客房最高定價":12500,
    "房間數":66,
    "area":"大同區"
    }
  },
  {
    "type": "Feature",
    "geometry": {
       "type": "Point",
       "coordinates":  [ 121.509407032984,25.042063982711 ]
    },
    "properties": {
    "專用標識編號":"臺北市旅館366號",
    "旅館名稱":"新驛旅店西門捷運店",
    "營業地址":"100臺北市中正區衡陽路124號1、2、4、6、7樓,寶慶路63號",
    "電話或手機":"02-77252288",
    "客房最低定價":2200,
    "客房最高定價":13000,
    "房間數":44,
    "area":"中正區"
    }
  },
  {
    "type": "Feature",
    "geometry": {
       "type": "Point",
       "coordinates":  [ 121.514498662742,25.137572438996 ]
    },
    "properties": {
    "專用標識編號":"臺北市旅館367號",
    "旅館名稱":"立德北投溫泉飯店",
    "營業地址":"112臺北市北投區幽雅路11號B1-3樓",
    "電話或手機":"02-28973611",
    "客房最低定價":8500,
    "客房最高定價":14500,
    "房間數":25,
    "area":"北投區"
    }
  },
  {
    "type": "Feature",
    "geometry": {
       "type": "Point",
       "coordinates":  [ 121.559085986372,25.032830981087 ]
    },
    "properties": {
    "專用標識編號":"臺北市旅館368號",
    "旅館名稱":"雀客旅館台北信義",
    "營業地址":"110臺北市信義區信義路四段468號3-13樓",
    "電話或手機":"02-23459777、 0908-715217",
    "客房最低定價":22800,
    "客房最高定價":33800,
    "房間數":88,
    "area":"信義區"
    }
  },
  {
    "type": "Feature",
    "geometry": {
       "type": "Point",
       "coordinates":  [ 121.614018968127,25.059262013556 ]
    },
    "properties": {
    "專用標識編號":"臺北市旅館369號",
    "旅館名稱":"台北馥華商旅南港館",
    "營業地址":"115臺北市南港區三重路23號1-4樓",
    "電話或手機":"02-27852655",
    "客房最低定價":13000,
    "客房最高定價":13000,
    "房間數":66,
    "area":"南港區"
    }
  },
  {
    "type": "Feature",
    "geometry": {
       "type": "Point",
       "coordinates":  [ 121.52777102847,25.034469014515 ]
    },
    "properties": {
    "專用標識編號":"臺北市旅館370號",
    "旅館名稱":"東門大旅社",
    "營業地址":"100臺北市中正區臨沂街78號2-4樓",
    "電話或手機":"02-23560210",
    "客房最低定價":650,
    "客房最高定價":2200,
    "房間數":26,
    "area":"中正區"
    }
  },
  {
    "type": "Feature",
    "geometry": {
       "type": "Point",
       "coordinates":  [ 121.521581998803,25.052568016133 ]
    },
    "properties": {
    "專用標識編號":"臺北市旅館371號",
    "旅館名稱":"天閣酒店(台北南西)",
    "營業地址":"104臺北市中山區南京西路3號1至9樓",
    "電話或手機":"02-25679999",
    "客房最低定價":11800,
    "客房最高定價":11800,
    "房間數":52,
    "area":"中山區"
    }
  },
  {
    "type": "Feature",
    "geometry": {
       "type": "Point",
       "coordinates":  [ 121.570025040568,25.051473004302 ]
    },
    "properties": {
    "專用標識編號":"臺北市旅館374號",
    "旅館名稱":"城市商旅南東館",
    "營業地址":"105臺北市松山區南京東路五段411號地下三樓至7樓",
    "電話或手機":"02-27425888",
    "客房最低定價":3000,
    "客房最高定價":20000,
    "房間數":127,
    "area":"松山區"
    }
  },
  {
    "type": "Feature",
    "geometry": {
       "type": "Point",
       "coordinates":  [ 121.592564816397,25.070644093245 ]
    },
    "properties": {
    "專用標識編號":"臺北市旅館375號",
    "旅館名稱":"雀客旅館台北內湖",
    "營業地址":"114臺北市內湖區民權東路6段123巷34弄1號1-12樓",
    "電話或手機":"02-87925319",
    "客房最低定價":18480,
    "客房最高定價":39600,
    "房間數":87,
    "area":"內湖區"
    }
  },
  {
    "type": "Feature",
    "geometry": {
       "type": "Point",
       "coordinates":  [ 121.52583195899,25.066803002295 ]
    },
    "properties": {
    "專用標識編號":"臺北市旅館376號",
    "旅館名稱":"洛碁大飯店林森館",
    "營業地址":"104臺北市中山區林森北路617號1至10樓",
    "電話或手機":"02-25955225",
    "客房最低定價":3000,
    "客房最高定價":17000,
    "房間數":80,
    "area":"中山區"
    }
  },
  {
    "type": "Feature",
    "geometry": {
       "type": "Point",
       "coordinates":  [ 121.510052020433,25.084273989817 ]
    },
    "properties": {
    "專用標識編號":"臺北市旅館377號",
    "旅館名稱":"探索汽車旅館延平館",
    "營業地址":"111臺北市士林區延平北路五段23號2至5樓及23之1號2至5樓",
    "電話或手機":"02-88112588",
    "客房最低定價":3380,
    "客房最高定價":12880,
    "房間數":40,
    "area":"士林區"
    }
  },
  {
    "type": "Feature",
    "geometry": {
       "type": "Point",
       "coordinates":  [ 121.568025286108,25.035063794365 ]
    },
    "properties": {
    "專用標識編號":"臺北市旅館378號",
    "旅館名稱":"意寬精品旅館 HOME HOTEL",
    "營業地址":"110臺北市信義區松仁路90號3至12樓",
    "電話或手機":"02-87890111",
    "客房最低定價":5900,
    "客房最高定價":50000,
    "房間數":113,
    "area":"信義區"
    }
  },
  {
    "type": "Feature",
    "geometry": {
       "type": "Point",
       "coordinates":  [ 121.548396013349,25.020962730663 ]
    },
    "properties": {
    "專用標識編號":"臺北市旅館380號",
    "旅館名稱":"柯達大飯店敦南店",
    "營業地址":"106臺北市大安區敦化南路二段238號B1-14樓",
    "電話或手機":"02-27323333",
    "客房最低定價":15000,
    "客房最高定價":22000,
    "房間數":77,
    "area":"大安區"
    }
  },
  {
    "type": "Feature",
    "geometry": {
       "type": "Point",
       "coordinates":  [ 121.506211013303,25.044805996606 ]
    },
    "properties": {
    "專用標識編號":"臺北市旅館381號",
    "旅館名稱":"二十輪旅店",
    "營業地址":"108臺北市萬華區武昌街二段72號5樓、6樓、10樓",
    "電話或手機":"02-23810500",
    "客房最低定價":4900,
    "客房最高定價":5400,
    "房間數":48,
    "area":"萬華區"
    }
  },
  {
    "type": "Feature",
    "geometry": {
       "type": "Point",
       "coordinates":  [ 121.540675974237,25.052070005355 ]
    },
    "properties": {
    "專用標識編號":"臺北市旅館385號",
    "旅館名稱":"富驛時尚酒店　",
    "營業地址":"104臺北市中山區南京東路三段131號10-13樓",
    "電話或手機":"02-55720777",
    "客房最低定價":6600,
    "客房最高定價":16800,
    "房間數":180,
    "area":"中山區"
    }
  },
  {
    "type": "Feature",
    "geometry": {
       "type": "Point",
       "coordinates":  [ 121.505730981708,25.045092992971 ]
    },
    "properties": {
    "專用標識編號":"臺北市旅館386號",
    "旅館名稱":"台北西門町意舍酒店",
    "營業地址":"108臺北市萬華區武昌街二段77號5-10樓",
    "電話或手機":"02-23755111",
    "客房最低定價":3927,
    "客房最高定價":18249,
    "房間數":162,
    "area":"萬華區"
    }
  },
  {
    "type": "Feature",
    "geometry": {
       "type": "Point",
       "coordinates":  [ 121.508070035609,25.043106984833 ]
    },
    "properties": {
    "專用標識編號":"臺北市旅館387號",
    "旅館名稱":"西門航棧旅館",
    "營業地址":"108臺北市萬華區中華路一段144號7-8樓,7樓之1,8樓之1",
    "電話或手機":"02-23880777",
    "客房最低定價":2280,
    "客房最高定價":22880,
    "房間數":38,
    "area":"萬華區"
    }
  },
  {
    "type": "Feature",
    "geometry": {
       "type": "Point",
       "coordinates":  [ 121.560403034818,25.084049983455 ]
    },
    "properties": {
    "專用標識編號":"臺北市旅館389號",
    "旅館名稱":"香樹花園酒店",
    "營業地址":"104臺北市中山區堤頂大道二段566號1樓、2樓、4 樓（四層至六層）、7樓（七層至十一層）",
    "電話或手機":"02-85023955",
    "客房最低定價":18000,
    "客房最高定價":67500,
    "房間數":84,
    "area":"中山區"
    }
  },
  {
    "type": "Feature",
    "geometry": {
       "type": "Point",
       "coordinates":  [ 121.506693978564,25.045078995193 ]
    },
    "properties": {
    "專用標識編號":"臺北市旅館392號",
    "旅館名稱":"薆悅酒店",
    "營業地址":"108臺北市萬華區西寧南路107號1至10樓",
    "電話或手機":"02-23753388",
    "客房最低定價":8000,
    "客房最高定價":12000,
    "房間數":53,
    "area":"萬華區"
    }
  },
  {
    "type": "Feature",
    "geometry": {
       "type": "Point",
       "coordinates":  [ 121.535878759593,25.05223148272 ]
    },
    "properties": {
    "專用標識編號":"臺北市旅館393號",
    "旅館名稱":"洛碁大飯店舞衣南京館",
    "營業地址":"104臺北市中山區南京東路二段163號1-8樓",
    "電話或手機":"02-25035511",
    "客房最低定價":3000,
    "客房最高定價":18000,
    "房間數":40,
    "area":"中山區"
    }
  },
  {
    "type": "Feature",
    "geometry": {
       "type": "Point",
       "coordinates":  [ 121.55944800077,25.032076986987 ]
    },
    "properties": {
    "專用標識編號":"臺北市旅館394號",
    "旅館名稱":"鵲絲旅店豪麗旺館",
    "營業地址":"110臺北市信義區基隆路二段15-2號",
    "電話或手機":"02-23453511",
    "客房最低定價":15000,
    "客房最高定價":31680,
    "房間數":20,
    "area":"信義區"
    }
  },
  {
    "type": "Feature",
    "geometry": {
       "type": "Point",
       "coordinates":  [ 121.523247818241,25.052440611204 ]
    },
    "properties": {
    "專用標識編號":"臺北市旅館395號",
    "旅館名稱":"大倉久和大飯店",
    "營業地址":"104臺北市中山區南京東路1段9號",
    "電話或手機":"02-25231111",
    "客房最低定價":50000,
    "客房最高定價":160000,
    "房間數":208,
    "area":"中山區"
    }
  },
  {
    "type": "Feature",
    "geometry": {
       "type": "Point",
       "coordinates":  [ 121.504378980726,25.044041986132 ]
    },
    "properties": {
    "專用標識編號":"臺北市旅館397號",
    "旅館名稱":"西門星辰精典大飯店",
    "營業地址":"108臺北市萬華區峨眉街72號1至8樓",
    "電話或手機":"02-23831123",
    "客房最低定價":3380,
    "客房最高定價":5380,
    "房間數":25,
    "area":"萬華區"
    }
  },
  {
    "type": "Feature",
    "geometry": {
       "type": "Point",
       "coordinates":  [ 121.503603989959,25.04420400832 ]
    },
    "properties": {
    "專用標識編號":"臺北市旅館398號",
    "旅館名稱":"西門星辰大飯店",
    "營業地址":"108臺北市萬華區峨眉街94號2至9樓",
    "電話或手機":"02-23898898",
    "客房最低定價":4880,
    "客房最高定價":9380,
    "房間數":65,
    "area":"萬華區"
    }
  },
  {
    "type": "Feature",
    "geometry": {
       "type": "Point",
       "coordinates":  [ 121.524094977194,25.051914982056 ]
    },
    "properties": {
    "專用標識編號":"臺北市旅館399號",
    "旅館名稱":"六福居",
    "營業地址":"104臺北市中山區南京東路一段38號",
    "電話或手機":"02-77010165",
    "客房最低定價":12000,
    "客房最高定價":17000,
    "房間數":49,
    "area":"中山區"
    }
  },
  {
    "type": "Feature",
    "geometry": {
       "type": "Point",
       "coordinates":  [ 121.507234024586,25.045699004571 ]
    },
    "properties": {
    "專用標識編號":"臺北市旅館400號",
    "旅館名稱":"橙舍背包客國際青年旅館",
    "營業地址":"108臺北市萬華區漢口街二段41號1-3樓",
    "電話或手機":"02-23119559",
    "客房最低定價":3600,
    "客房最高定價":9000,
    "房間數":5,
    "area":"萬華區"
    }
  },
  {
    "type": "Feature",
    "geometry": {
       "type": "Point",
       "coordinates":  [ 121.51967695985,25.049160982039 ]
    },
    "properties": {
    "專用標識編號":"臺北市旅館401號",
    "旅館名稱":" Happ& Tomorrow 本來",
    "營業地址":"104臺北市中山區華陰街28號1-3樓",
    "電話或手機":"02-77552005",
    "客房最低定價":800,
    "客房最高定價":8000,
    "房間數":12,
    "area":"中山區"
    }
  },
  {
    "type": "Feature",
    "geometry": {
       "type": "Point",
       "coordinates":  [ 121.536302213341,25.051046113973 ]
    },
    "properties": {
    "專用標識編號":"臺北市旅館402號",
    "旅館名稱":"洛碁大飯店建北館",
    "營業地址":"104臺北市中山區建國北路一段138巷1號、140號、140號2至11樓、142號、144號",
    "電話或手機":"02-25095151",
    "客房最低定價":3000,
    "客房最高定價":28000,
    "房間數":59,
    "area":"中山區"
    }
  },
  {
    "type": "Feature",
    "geometry": {
       "type": "Point",
       "coordinates":  [ 121.523064003104,25.057357980431 ]
    },
    "properties": {
    "專用標識編號":"臺北市旅館407號",
    "旅館名稱":"尚印旅店",
    "營業地址":"104臺北市中山區中山北路二段71號8樓",
    "電話或手機":"02-25682270",
    "客房最低定價":8800,
    "客房最高定價":11800,
    "房間數":23,
    "area":"中山區"
    }
  },
  {
    "type": "Feature",
    "geometry": {
       "type": "Point",
       "coordinates":  [ 121.505099992037,25.045018980766 ]
    },
    "properties": {
    "專用標識編號":"臺北市旅館408號",
    "旅館名稱":"俞美飯店",
    "營業地址":"108臺北市萬華區武昌街二段106號2-8樓",
    "電話或手機":"02-23883008",
    "客房最低定價":1500,
    "客房最高定價":12000,
    "房間數":42,
    "area":"萬華區"
    }
  },
  {
    "type": "Feature",
    "geometry": {
       "type": "Point",
       "coordinates":  [ 121.526021976735,25.054811013422 ]
    },
    "properties": {
    "專用標識編號":"臺北市旅館409號",
    "旅館名稱":"長弘時尚旅店",
    "營業地址":"104臺北市中山區長春路56號3至5樓　",
    "電話或手機":"02-25420101",
    "客房最低定價":7000,
    "客房最高定價":10000,
    "房間數":24,
    "area":"中山區"
    }
  },
  {
    "type": "Feature",
    "geometry": {
       "type": "Point",
       "coordinates":  [ 121.507021040426,25.046170989539 ]
    },
    "properties": {
    "專用標識編號":"臺北市旅館410號",
    "旅館名稱":"西門邑居自由旅行會館",
    "營業地址":"108臺北市萬華區西寧南路67號10樓",
    "電話或手機":"02-23616167",
    "客房最低定價":2300,
    "客房最高定價":3800,
    "房間數":8,
    "area":"萬華區"
    }
  },
  {
    "type": "Feature",
    "geometry": {
       "type": "Point",
       "coordinates":  [ 121.505495031134,25.047027997229 ]
    },
    "properties": {
    "專用標識編號":"臺北市旅館411號",
    "旅館名稱":"新麗旅店",
    "營業地址":"108臺北市萬華區開封街二段53號3-5,7-9樓",
    "電話或手機":"02-23817899",
    "客房最低定價":5200,
    "客房最高定價":6800,
    "房間數":22,
    "area":"萬華區"
    }
  },
  {
    "type": "Feature",
    "geometry": {
       "type": "Point",
       "coordinates":  [ 121.552014007024,25.041720995233 ]
    },
    "properties": {
    "專用標識編號":"臺北市旅館412號",
    "旅館名稱":"東棧商務旅店",
    "營業地址":"106臺北市大安區忠孝東路四段209號8樓,8樓-1,-2,211號8樓,8樓-1",
    "電話或手機":"02-27117721",
    "客房最低定價":10000,
    "客房最高定價":20000,
    "房間數":23,
    "area":"大安區"
    }
  },
  {
    "type": "Feature",
    "geometry": {
       "type": "Point",
       "coordinates":  [ 121.53350793828,25.067176709449 ]
    },
    "properties": {
    "專用標識編號":"臺北市旅館413號",
    "旅館名稱":"世方旅居文旅",
    "營業地址":"104臺北市中山區松江路485號1至5樓,5樓之1-3,6-7樓,7樓之1-5 ",
    "電話或手機":"02-25025000",
    "客房最低定價":3000,
    "客房最高定價":18000,
    "房間數":121,
    "area":"中山區"
    }
  },
  {
    "type": "Feature",
    "geometry": {
       "type": "Point",
       "coordinates":  [ 121.505194959,25.137044985377 ]
    },
    "properties": {
    "專用標識編號":"臺北市旅館415號",
    "旅館名稱":"北投天玥泉溫泉會館",
    "營業地址":"112臺北市北投區中山路3號3樓",
    "電話或手機":"02-28988661",
    "客房最低定價":12800,
    "客房最高定價":12800,
    "房間數":21,
    "area":"北投區"
    }
  },
  {
    "type": "Feature",
    "geometry": {
       "type": "Point",
       "coordinates":  [ 121.508081015902,25.042939011493 ]
    },
    "properties": {
    "專用標識編號":"臺北市旅館416號",
    "旅館名稱":"WESTGATE HOTEL 永安棧",
    "營業地址":"108臺北市萬華區中華路一段148號1樓、148之1號1樓及150號1至10樓",
    "電話或手機":"02-23313161",
    "客房最低定價":4000,
    "客房最高定價":50000,
    "房間數":121,
    "area":"萬華區"
    }
  },
  {
    "type": "Feature",
    "geometry": {
       "type": "Point",
       "coordinates":  [ 121.508598263147,25.044699504527 ]
    },
    "properties": {
    "專用標識編號":"臺北市旅館417號",
    "旅館名稱":"儷夏商旅",
    "營業地址":"108臺北市萬華區中華路一段90號4樓、5樓、6樓、8樓",
    "電話或手機":"02-23116168",
    "客房最低定價":15000,
    "客房最高定價":20000,
    "房間數":85,
    "area":"萬華區"
    }
  },
  {
    "type": "Feature",
    "geometry": {
       "type": "Point",
       "coordinates":  [ 121.509517925563,25.045001504498 ]
    },
    "properties": {
    "專用標識編號":"臺北市旅館418號",
    "旅館名稱":"台糖台北會館",
    "營業地址":"100臺北市中正區中華路一段39號",
    "電話或手機":"02-23885522",
    "客房最低定價":5000,
    "客房最高定價":7200,
    "房間數":68,
    "area":"中正區"
    }
  },
  {
    "type": "Feature",
    "geometry": {
       "type": "Point",
       "coordinates":  [ 121.545058033217,25.050303016347 ]
    },
    "properties": {
    "專用標識編號":"臺北市旅館419號",
    "旅館名稱":"台北馥華商旅敦北館",
    "營業地址":"105臺北市松山區敦化北路4巷52號1至7樓",
    "電話或手機":"02-66131300",
    "客房最低定價":10200,
    "客房最高定價":12800,
    "房間數":73,
    "area":"松山區"
    }
  },
  {
    "type": "Feature",
    "geometry": {
       "type": "Point",
       "coordinates":  [ 121.507625962378,25.041390999705 ]
    },
    "properties": {
    "專用標識編號":"臺北市旅館420號",
    "旅館名稱":"福泰桔子商務旅館西門店",
    "營業地址":"108臺北市萬華區中華路一段166之2號1至11樓",
    "電話或手機":"02-23115556",
    "客房最低定價":5800,
    "客房最高定價":6800,
    "房間數":60,
    "area":"萬華區"
    }
  },
  {
    "type": "Feature",
    "geometry": {
       "type": "Point",
       "coordinates":  [ 121.553758029618,25.041761018821 ]
    },
    "properties": {
    "專用標識編號":"臺北市旅館421號",
    "旅館名稱":"富裕自由商旅",
    "營業地址":"106臺北市大安區忠孝東路四段235號2樓、2樓之1、3樓、3樓之1、4樓之1、5樓之1、6樓之1、7樓、7樓之1及9樓",
    "電話或手機":"02-27413147",
    "客房最低定價":10000,
    "客房最高定價":25000,
    "房間數":67,
    "area":"大安區"
    }
  },
  {
    "type": "Feature",
    "geometry": {
       "type": "Point",
       "coordinates":  [ 121.524650026823,25.049729987536 ]
    },
    "properties": {
    "專用標識編號":"臺北市旅館423號",
    "旅館名稱":"天閣酒店(台北長安) ",
    "營業地址":"104臺北市中山區林森北路80號1至14樓  ",
    "電話或手機":"02-25317777",
    "客房最低定價":8200,
    "客房最高定價":20000,
    "房間數":80,
    "area":"中山區"
    }
  },
  {
    "type": "Feature",
    "geometry": {
       "type": "Point",
       "coordinates":  [ 121.505538030297,25.045773896876 ]
    },
    "properties": {
    "專用標識編號":"臺北市旅館424號",
    "旅館名稱":"東驛商務旅館",
    "營業地址":"108臺北市萬華區昆明街76號8-9樓",
    "電話或手機":"02-23831999",
    "客房最低定價":8000,
    "客房最高定價":12000,
    "房間數":34,
    "area":"萬華區"
    }
  },
  {
    "type": "Feature",
    "geometry": {
       "type": "Point",
       "coordinates":  [ 121.516558975688,25.056787005186 ]
    },
    "properties": {
    "專用標識編號":"臺北市旅館425號",
    "旅館名稱":"西悠巢旅台北館",
    "營業地址":"103臺北市大同區民生西路198號之2 (代表號)",
    "電話或手機":"02-25585500",
    "客房最低定價":3400,
    "客房最高定價":5280,
    "房間數":87,
    "area":"大同區"
    }
  },
  {
    "type": "Feature",
    "geometry": {
       "type": "Point",
       "coordinates":  [ 121.533454964651,25.059319010498 ]
    },
    "properties": {
    "專用標識編號":"臺北市旅館428號",
    "旅館名稱":"柯達大飯店台北松江 ",
    "營業地址":"104臺北市中山區松江路251號 ",
    "電話或手機":"02-25159999",
    "客房最低定價":2000,
    "客房最高定價":22000,
    "房間數":85,
    "area":"中山區"
    }
  },
  {
    "type": "Feature",
    "geometry": {
       "type": "Point",
       "coordinates":  [ 121.504592970714,25.043666979784 ]
    },
    "properties": {
    "專用標識編號":"臺北市旅館429號",
    "旅館名稱":"三隻老虎青年旅館",
    "營業地址":"108臺北市萬華區康定路25巷39號4樓",
    "電話或手機":"02-23755299",
    "客房最低定價":1700,
    "客房最高定價":5200,
    "房間數":7,
    "area":"萬華區"
    }
  },
  {
    "type": "Feature",
    "geometry": {
       "type": "Point",
       "coordinates":  [ 121.511570988927,25.059335019933 ]
    },
    "properties": {
    "專用標識編號":"臺北市旅館430號",
    "旅館名稱":"意芙旅店",
    "營業地址":"103臺北市大同區延平北路二段197號2樓",
    "電話或手機":"02-25532133",
    "客房最低定價":5980,
    "客房最高定價":9900,
    "房間數":20,
    "area":"大同區"
    }
  },
  {
    "type": "Feature",
    "geometry": {
       "type": "Point",
       "coordinates":  [ 121.524851527775,25.049739081901 ]
    },
    "properties": {
    "專用標識編號":"臺北市旅館431號",
    "旅館名稱":"老爺會館台北林森",
    "營業地址":"104臺北市中山區林森北路83號4至10樓、11樓、11樓之1、11樓之2、12樓、12樓之1、12樓之2",
    "電話或手機":"02-25676336",
    "客房最低定價":3000,
    "客房最高定價":15000,
    "房間數":81,
    "area":"中山區"
    }
  },
  {
    "type": "Feature",
    "geometry": {
       "type": "Point",
       "coordinates":  [ 121.518411795384,25.049134201859 ]
    },
    "properties": {
    "專用標識編號":"臺北市旅館432號",
    "旅館名稱":"大師會館國際酒店",
    "營業地址":"103臺北市大同區市民大道1段211號16樓等25室",
    "電話或手機":"02-25597722",
    "客房最低定價":6000,
    "客房最高定價":15500,
    "房間數":24,
    "area":"大同區"
    }
  },
  {
    "type": "Feature",
    "geometry": {
       "type": "Point",
       "coordinates":  [ 121.536200959951,25.057621004552 ]
    },
    "properties": {
    "專用標識編號":"臺北市旅館433號",
    "旅館名稱":"和逸．台北民生館",
    "營業地址":"104臺北市中山區民生東路二段178號1至12樓",
    "電話或手機":"02-77063399",
    "客房最低定價":13000,
    "客房最高定價":85000,
    "房間數":135,
    "area":"中山區"
    }
  },
  {
    "type": "Feature",
    "geometry": {
       "type": "Point",
       "coordinates":  [ 121.528949021142,25.034089020935 ]
    },
    "properties": {
    "專用標識編號":"臺北市旅館434號",
    "旅館名稱":"謙商旅-東門館",
    "營業地址":"100臺北市中正區信義路二段163號",
    "電話或手機":"02-23582520",
    "客房最低定價":7880,
    "客房最高定價":20880,
    "房間數":85,
    "area":"中正區"
    }
  },
  {
    "type": "Feature",
    "geometry": {
       "type": "Point",
       "coordinates":  [ 121.52568996955,25.057259995983 ]
    },
    "properties": {
    "專用標識編號":"臺北市旅館435號",
    "旅館名稱":"華泰瑞舍",
    "營業地址":"104臺北市中山區林森北路357及359號2樓,-1,-2,-3,-5,-6至7樓,-1,-2,-3,-5,-6、2樓-7,-8,-9至5樓-7,-8,-9",
    "電話或手機":"02-25310699",
    "客房最低定價":21000,
    "客房最高定價":28000,
    "房間數":48,
    "area":"中山區"
    }
  },
  {
    "type": "Feature",
    "geometry": {
       "type": "Point",
       "coordinates":  [ 121.523064003104,25.057357980431 ]
    },
    "properties": {
    "專用標識編號":"臺北市旅館437號",
    "旅館名稱":"尚印旅店-二?",
    "營業地址":"104臺北市中山區中山北路二段71號10樓",
    "電話或手機":"02-25682810",
    "客房最低定價":8800,
    "客房最高定價":11800,
    "房間數":20,
    "area":"中山區"
    }
  },
  {
    "type": "Feature",
    "geometry": {
       "type": "Point",
       "coordinates":  [ 121.517428011409,25.045565983767 ]
    },
    "properties": {
    "專用標識編號":"臺北市旅館438號",
    "旅館名稱":"品格子旅店",
    "營業地址":"100臺北市中正區公園路13號10樓",
    "電話或手機":"02-23114511",
    "客房最低定價":6000,
    "客房最高定價":6000,
    "房間數":34,
    "area":"中正區"
    }
  },
  {
    "type": "Feature",
    "geometry": {
       "type": "Point",
       "coordinates":  [ 121.513095908572,25.043075594605 ]
    },
    "properties": {
    "專用標識編號":"臺北市旅館439號",
    "旅館名稱":"路境行旅-府前館",
    "營業地址":"100臺北市中正區重慶南路一段86號",
    "電話或手機":"02-23899595",
    "客房最低定價":6880,
    "客房最高定價":22880,
    "房間數":158,
    "area":"中正區"
    }
  },
  {
    "type": "Feature",
    "geometry": {
       "type": "Point",
       "coordinates":  [ 121.525293002615,25.044563005233 ]
    },
    "properties": {
    "專用標識編號":"臺北市旅館441號",
    "旅館名稱":"和逸 台北忠孝館",
    "營業地址":"100臺北市中正區忠孝東路一段31號1至12樓",
    "電話或手機":"02-77253399",
    "客房最低定價":15000,
    "客房最高定價":85000,
    "房間數":123,
    "area":"中正區"
    }
  },
  {
    "type": "Feature",
    "geometry": {
       "type": "Point",
       "coordinates":  [ 121.525569773058,25.050975496439 ]
    },
    "properties": {
    "專用標識編號":"臺北市旅館442號",
    "旅館名稱":"皇家玫瑰旅館中山館",
    "營業地址":"104臺北市中山區林森北路133巷8號3樓、4樓、7樓",
    "電話或手機":"02-25317333",
    "客房最低定價":18000,
    "客房最高定價":18000,
    "房間數":16,
    "area":"中山區"
    }
  },
  {
    "type": "Feature",
    "geometry": {
       "type": "Point",
       "coordinates":  [ 121.507011987971,25.042598999591 ]
    },
    "properties": {
    "專用標識編號":"臺北市旅館443號",
    "旅館名稱":"明星大飯店",
    "營業地址":"108臺北市萬華區成都路21號2至3樓、23號2至3樓、27巷1號2至3樓",
    "電話或手機":"02-23755227",
    "客房最低定價":12880,
    "客房最高定價":16880,
    "房間數":34,
    "area":"萬華區"
    }
  },
  {
    "type": "Feature",
    "geometry": {
       "type": "Point",
       "coordinates":  [ 121.505477010042,25.045881017598 ]
    },
    "properties": {
    "專用標識編號":"臺北市旅館444號",
    "旅館名稱":"橙舍青年旅館（臺北二館）",
    "營業地址":"108臺北市萬華區漢口街二段56號2-3樓,58號3樓",
    "電話或手機":"02-23119559",
    "客房最低定價":3600,
    "客房最高定價":16000,
    "房間數":22,
    "area":"萬華區"
    }
  },
  {
    "type": "Feature",
    "geometry": {
       "type": "Point",
       "coordinates":  [ 121.507011987971,25.042598999591 ]
    },
    "properties": {
    "專用標識編號":"臺北市旅館445號",
    "旅館名稱":"酩月大飯店",
    "營業地址":"108臺北市萬華區成都路21號4至5樓，23號4至5樓，27巷1號4至5樓",
    "電話或手機":"02-23755218",
    "客房最低定價":12880,
    "客房最高定價":16880,
    "房間數":31,
    "area":"萬華區"
    }
  },
  {
    "type": "Feature",
    "geometry": {
       "type": "Point",
       "coordinates":  [ 121.53148396012,25.033892004301 ]
    },
    "properties": {
    "專用標識編號":"臺北市旅館446號",
    "旅館名稱":"方舟旅店",
    "營業地址":"100臺北市中正區信義路二段255號1至4樓",
    "電話或手機":"02-23912600",
    "客房最低定價":5500,
    "客房最高定價":5500,
    "房間數":12,
    "area":"中正區"
    }
  },
  {
    "type": "Feature",
    "geometry": {
       "type": "Point",
       "coordinates":  [ 121.524437126482,25.057928788037 ]
    },
    "properties": {
    "專用標識編號":"臺北市旅館447號",
    "旅館名稱":"丰居旅店雙連館",
    "營業地址":"104臺北市中山區民生東路一段42號2,3樓,-1至-5",
    "電話或手機":"02-23112555",
    "客房最低定價":7000,
    "客房最高定價":10000,
    "房間數":47,
    "area":"中山區"
    }
  },
  {
    "type": "Feature",
    "geometry": {
       "type": "Point",
       "coordinates":  [ 121.515490031576,25.051008982142 ]
    },
    "properties": {
    "專用標識編號":"臺北市旅館448號",
    "旅館名稱":"蜂巢 Bee House",
    "營業地址":"103臺北市大同區太原路55, 57號2至5樓",
    "電話或手機":"02-25599000",
    "客房最低定價":5200,
    "客房最高定價":7200,
    "房間數":31,
    "area":"大同區"
    }
  },
  {
    "type": "Feature",
    "geometry": {
       "type": "Point",
       "coordinates":  [ 121.514895503183,25.045814004282 ]
    },
    "properties": {
    "專用標識編號":"臺北市旅館449號",
    "旅館名稱":"旅樂序精品旅館",
    "營業地址":"100臺北市中正區館前路8號10樓、11樓",
    "電話或手機":"02-23832727",
    "客房最低定價":5800,
    "客房最高定價":7800,
    "房間數":34,
    "area":"中正區"
    }
  },
  {
    "type": "Feature",
    "geometry": {
       "type": "Point",
       "coordinates":  [ 121.513418025111,25.050441988302 ]
    },
    "properties": {
    "專用標識編號":"臺北市旅館450號",
    "旅館名稱":"龍蝦先生的秘密巢穴",
    "營業地址":"103臺北市大同區重慶北路一段22號9樓",
    "電話或手機":"02-25558752",
    "客房最低定價":640,
    "客房最高定價":4400,
    "房間數":33,
    "area":"大同區"
    }
  },
  {
    "type": "Feature",
    "geometry": {
       "type": "Point",
       "coordinates":  [ 121.5006190266,25.133005997694 ]
    },
    "properties": {
    "專用標識編號":"臺北市旅館451號",
    "旅館名稱":"途中‧台北國際青年旅舍",
    "營業地址":"112臺北市北投區光明路82號1至5樓",
    "電話或手機":"02-28910230",
    "客房最低定價":2000,
    "客房最高定價":5600,
    "房間數":10,
    "area":"北投區"
    }
  },
  {
    "type": "Feature",
    "geometry": {
       "type": "Point",
       "coordinates":  [ 121.549229706428,25.034060480555 ]
    },
    "properties": {
    "專用標識編號":"臺北市旅館452號",
    "旅館名稱":"台北慕軒",
    "營業地址":"106臺北市大安區敦化南路一段331號1-13樓",
    "電話或手機":"02-77266699",
    "客房最低定價":19000,
    "客房最高定價":130000,
    "房間數":124,
    "area":"大安區"
    }
  },
  {
    "type": "Feature",
    "geometry": {
       "type": "Point",
       "coordinates":  [ 121.543910885949,25.058820119621 ]
    },
    "properties": {
    "專用標識編號":"臺北市旅館453號",
    "旅館名稱":"復新文旅 ",
    "營業地址":"104臺北市中山區復興北路282號3,6樓 ",
    "電話或手機":"02-77337959、 0933-336618",
    "客房最低定價":5000,
    "客房最高定價":6500,
    "房間數":19,
    "area":"中山區"
    }
  },
  {
    "type": "Feature",
    "geometry": {
       "type": "Point",
       "coordinates":  [ 121.509471992734,25.044870998266 ]
    },
    "properties": {
    "專用標識編號":"臺北市旅館456號",
    "旅館名稱":"洛碁大飯店中華館",
    "營業地址":"100臺北市中正區中華路一段41號2樓、3樓、10樓至14樓",
    "電話或手機":"02-23705158",
    "客房最低定價":3000,
    "客房最高定價":28000,
    "房間數":197,
    "area":"中正區"
    }
  },
  {
    "type": "Feature",
    "geometry": {
       "type": "Point",
       "coordinates":  [ 121.502406970366,25.043890986146 ]
    },
    "properties": {
    "專用標識編號":"臺北市旅館457號",
    "旅館名稱":"台北漫步旅店",
    "營業地址":"108臺北市萬華區成都路163號2至6樓",
    "電話或手機":"02-23831334",
    "客房最低定價":18000,
    "客房最高定價":28000,
    "房間數":27,
    "area":"萬華區"
    }
  },
  {
    "type": "Feature",
    "geometry": {
       "type": "Point",
       "coordinates":  [ 121.506385710493,25.038339479384 ]
    },
    "properties": {
    "專用標識編號":"臺北市旅館458號",
    "旅館名稱":"儷夏旅館-西寧館",
    "營業地址":"108臺北市萬華區西寧南路30號3樓、9樓",
    "電話或手機":"02-23616999",
    "客房最低定價":3000,
    "客房最高定價":21000,
    "房間數":31,
    "area":"萬華區"
    }
  },
  {
    "type": "Feature",
    "geometry": {
       "type": "Point",
       "coordinates":  [ 121.519726999812,25.049272000347 ]
    },
    "properties": {
    "專用標識編號":"臺北市旅館459號",
    "旅館名稱":"皇家玫瑰旅館站前館",
    "營業地址":"104臺北市中山區華陰街3號1-4樓",
    "電話或手機":"02-25217222",
    "客房最低定價":15000,
    "客房最高定價":15000,
    "房間數":12,
    "area":"中山區"
    }
  },
  {
    "type": "Feature",
    "geometry": {
       "type": "Point",
       "coordinates":  [ 121.525877975638,25.068200014098 ]
    },
    "properties": {
    "專用標識編號":"臺北市旅館460號",
    "旅館名稱":"昌亞旅館",
    "營業地址":"104臺北市中山區林森北路673號1至7樓",
    "電話或手機":"02-25863161",
    "客房最低定價":8000,
    "客房最高定價":8000,
    "房間數":29,
    "area":"中山區"
    }
  },
  {
    "type": "Feature",
    "geometry": {
       "type": "Point",
       "coordinates":  [ 121.548665614526,25.055003426054 ]
    },
    "properties": {
    "專用標識編號":"臺北市旅館461號",
    "旅館名稱":"台北文華東方酒店",
    "營業地址":"105臺北市松山區敦化北路158號B3-14樓",
    "電話或手機":"02-27156888",
    "客房最低定價":39850,
    "客房最高定價":693000,
    "房間數":303,
    "area":"松山區"
    }
  },
  {
    "type": "Feature",
    "geometry": {
       "type": "Point",
       "coordinates":  [ 121.543111839119,25.048175479774 ]
    },
    "properties": {
    "專用標識編號":"臺北市旅館462號",
    "旅館名稱":"大地清旅",
    "營業地址":"104臺北市中山區長安東路二段246號4至5樓",
    "電話或手機":"02-27110102",
    "客房最低定價":5500,
    "客房最高定價":5500,
    "房間數":36,
    "area":"中山區"
    }
  },
  {
    "type": "Feature",
    "geometry": {
       "type": "Point",
       "coordinates":  [ 121.533451025157,25.059365991065 ]
    },
    "properties": {
    "專用標識編號":"臺北市旅館463號",
    "旅館名稱":"雀客旅館　",
    "營業地址":"104臺北市中山區松江路253號1至13樓",
    "電話或手機":"02-77266277",
    "客房最低定價":9800,
    "客房最高定價":12000,
    "房間數":65,
    "area":"中山區"
    }
  },
  {
    "type": "Feature",
    "geometry": {
       "type": "Point",
       "coordinates":  [ 121.517169010601,25.05212499064 ]
    },
    "properties": {
    "專用標識編號":"臺北市旅館465號",
    "旅館名稱":"安庭澔思青年旅舍",
    "營業地址":"103臺北市大同區承德路一段66號12樓",
    "電話或手機":"02-25526176",
    "客房最低定價":2500,
    "客房最高定價":8000,
    "房間數":4,
    "area":"大同區"
    }
  },
  {
    "type": "Feature",
    "geometry": {
       "type": "Point",
       "coordinates":  [ 121.505229995356,25.042530016528 ]
    },
    "properties": {
    "專用標識編號":"臺北市旅館466號",
    "旅館名稱":"卡樂町旅店",
    "營業地址":"108臺北市萬華區內江街55巷22號",
    "電話或手機":"02-23826000",
    "客房最低定價":2288,
    "客房最高定價":2288,
    "房間數":20,
    "area":"萬華區"
    }
  },
  {
    "type": "Feature",
    "geometry": {
       "type": "Point",
       "coordinates":  [ 121.515374489246,25.05019939111 ]
    },
    "properties": {
    "專用標識編號":"臺北市旅館467號",
    "旅館名稱":"信星旅館",
    "營業地址":"103臺北市大同區華陰街48號至48之11號4樓、50號至50之11號5樓",
    "電話或手機":"02-25562015",
    "客房最低定價":3200,
    "客房最高定價":4200,
    "房間數":57,
    "area":"大同區"
    }
  },
  {
    "type": "Feature",
    "geometry": {
       "type": "Point",
       "coordinates":  [ 121.527782008763,25.053587004102 ]
    },
    "properties": {
    "專用標識編號":"臺北市旅館468號",
    "旅館名稱":"昇美精旅",
    "營業地址":"104臺北市中山區新生北路二段25號1至6樓",
    "電話或手機":"02-25111399",
    "客房最低定價":18000,
    "客房最高定價":28800,
    "房間數":42,
    "area":"中山區"
    }
  },
  {
    "type": "Feature",
    "geometry": {
       "type": "Point",
       "coordinates":  [ 121.525357878546,25.05571240329 ]
    },
    "properties": {
    "專用標識編號":"臺北市旅館469號",
    "旅館名稱":"千彩格精品旅店　",
    "營業地址":"104臺北市中山區林森北路286號2至3樓",
    "電話或手機":"02-25637555",
    "客房最低定價":6880,
    "客房最高定價":14000,
    "房間數":19,
    "area":"中山區"
    }
  },
  {
    "type": "Feature",
    "geometry": {
       "type": "Point",
       "coordinates":  [ 121.545040012125,25.097723004919 ]
    },
    "properties": {
    "專用標識編號":"臺北市旅館470號",
    "旅館名稱":"有誠商旅",
    "營業地址":"111臺北市士林區至善路二段55號4樓至10樓",
    "電話或手機":"02-88615599",
    "客房最低定價":11000,
    "客房最高定價":18000,
    "房間數":64,
    "area":"士林區"
    }
  },
  {
    "type": "Feature",
    "geometry": {
       "type": "Point",
       "coordinates":  [ 121.511345767189,25.062394079316 ]
    },
    "properties": {
    "專用標識編號":"臺北市旅館471號",
    "旅館名稱":"拾光行旅",
    "營業地址":"103臺北市大同區延平北路二段255號2樓",
    "電話或手機":"02-25574999",
    "客房最低定價":8000,
    "客房最高定價":10000,
    "房間數":49,
    "area":"大同區"
    }
  },
  {
    "type": "Feature",
    "geometry": {
       "type": "Point",
       "coordinates":  [ 121.57568902782,25.049851986137 ]
    },
    "properties": {
    "專用標識編號":"臺北市旅館474號",
    "旅館名稱":"首都大飯店松山館",
    "營業地址":"105臺北市松山區八德路四段658號1至12樓",
    "電話或手機":"02-77375577",
    "客房最低定價":13200,
    "客房最高定價":19800,
    "房間數":123,
    "area":"松山區"
    }
  },
  {
    "type": "Feature",
    "geometry": {
       "type": "Point",
       "coordinates":  [ 121.507120030703,25.046399983133 ]
    },
    "properties": {
    "專用標識編號":"臺北市旅館476號",
    "旅館名稱":"皇家玫瑰旅館西門館",
    "營業地址":"108臺北市萬華區西寧南路63之1號",
    "電話或手機":"02-23819333",
    "客房最低定價":15000,
    "客房最高定價":15000,
    "房間數":7,
    "area":"萬華區"
    }
  },
  {
    "type": "Feature",
    "geometry": {
       "type": "Point",
       "coordinates":  [ 121.513336972107,25.04574497931 ]
    },
    "properties": {
    "專用標識編號":"臺北市旅館477號",
    "旅館名稱":"洛碁大飯店驛",
    "營業地址":"100臺北市中正區重慶南路1段21號1至10樓及15號2至10樓",
    "電話或手機":"02-23819199",
    "客房最低定價":6000,
    "客房最高定價":36000,
    "房間數":103,
    "area":"中正區"
    }
  },
  {
    "type": "Feature",
    "geometry": {
       "type": "Point",
       "coordinates":  [ 121.562981559691,25.032679184821 ]
    },
    "properties": {
    "專用標識編號":"臺北市旅館478號",
    "旅館名稱":"思泊客",
    "營業地址":"110臺北市信義區信義路五段16號B1,18號B1,B1-1",
    "電話或手機":"02-27230999",
    "客房最低定價":11800,
    "客房最高定價":11800,
    "房間數":45,
    "area":"信義區"
    }
  },
  {
    "type": "Feature",
    "geometry": {
       "type": "Point",
       "coordinates":  [ 121.562083260298,25.044863648248 ]
    },
    "properties": {
    "專用標識編號":"臺北市旅館479號",
    "旅館名稱":"誠品行旅",
    "營業地址":"110臺北市信義區菸廠路98號、2樓、3樓",
    "電話或手機":"02-66262888",
    "客房最低定價":26000,
    "客房最高定價":200000,
    "房間數":104,
    "area":"信義區"
    }
  },
  {
    "type": "Feature",
    "geometry": {
       "type": "Point",
       "coordinates":  [ 121.533464017107,25.037819009758 ]
    },
    "properties": {
    "專用標識編號":"臺北市旅館481號",
    "旅館名稱":"松哖酒店",
    "營業地址":"106臺北市大安區仁愛路三段6號及8號1至12樓",
    "電話或手機":"02-27070101",
    "客房最低定價":8500,
    "客房最高定價":18000,
    "房間數":89,
    "area":"大安區"
    }
  },
  {
    "type": "Feature",
    "geometry": {
       "type": "Point",
       "coordinates":  [ 121.50734097767,25.04421700027 ]
    },
    "properties": {
    "專用標識編號":"臺北市旅館482號",
    "旅館名稱":"台北西門窩青年旅館",
    "營業地址":"108臺北市萬華區漢中街42號8樓",
    "電話或手機":"02-23315100",
    "客房最低定價":1400,
    "客房最高定價":1400,
    "房間數":6,
    "area":"萬華區"
    }
  },
  {
    "type": "Feature",
    "geometry": {
       "type": "Point",
       "coordinates":  [ 121.55165601594,25.04170397997 ]
    },
    "properties": {
    "專用標識編號":"臺北市旅館483號",
    "旅館名稱":"凡登商旅●二館",
    "營業地址":"106臺北市大安區忠孝東路4段197號14樓之2、6、8",
    "電話或手機":"02-87710852",
    "客房最低定價":20000,
    "客房最高定價":20000,
    "房間數":32,
    "area":"大安區"
    }
  },
  {
    "type": "Feature",
    "geometry": {
       "type": "Point",
       "coordinates":  [ 121.531749917908,25.122737411932 ]
    },
    "properties": {
    "專用標識編號":"臺北市旅館484號",
    "旅館名稱":"沃田旅店",
    "營業地址":"111臺北市士林區中山北路七段127號1至13樓",
    "電話或手機":"02-28752288",
    "客房最低定價":2400,
    "客房最高定價":7500,
    "房間數":172,
    "area":"士林區"
    }
  },
  {
    "type": "Feature",
    "geometry": {
       "type": "Point",
       "coordinates":  [ 121.544499966104,25.058566986145 ]
    },
    "properties": {
    "專用標識編號":"臺北市旅館485號",
    "旅館名稱":"承攜行旅台北復北館",
    "營業地址":"105臺北市松山區復興北路307號1至7樓",
    "電話或手機":"02-27122155",
    "客房最低定價":18000,
    "客房最高定價":22000,
    "房間數":65,
    "area":"松山區"
    }
  },
  {
    "type": "Feature",
    "geometry": {
       "type": "Point",
       "coordinates":  [ 121.507423036502,25.03466598924 ]
    },
    "properties": {
    "專用標識編號":"臺北市旅館486號",
    "旅館名稱":"瘋台北青旅",
    "營業地址":"100臺北市中正區延平南路21號2樓及6樓",
    "電話或手機":"02-23821818",
    "客房最低定價":1000,
    "客房最高定價":4800,
    "房間數":17,
    "area":"中正區"
    }
  },
  {
    "type": "Feature",
    "geometry": {
       "type": "Point",
       "coordinates":  [ 121.502026012867,25.0440629828 ]
    },
    "properties": {
    "專用標識編號":"臺北市旅館488號",
    "旅館名稱":"豪景大酒店新館",
    "營業地址":"108臺北市萬華區成都路173之1號B2及1至7樓",
    "電話或手機":"02-23113130",
    "客房最低定價":6600,
    "客房最高定價":11000,
    "房間數":48,
    "area":"萬華區"
    }
  },
  {
    "type": "Feature",
    "geometry": {
       "type": "Point",
       "coordinates":  [ 121.544324029956,25.053754013522 ]
    },
    "properties": {
    "專用標識編號":"臺北市旅館489號",
    "旅館名稱":"天閣酒店台北復興",
    "營業地址":"105臺北市松山區復興北路147號1至12樓",
    "電話或手機":"02-87128000",
    "客房最低定價":10200,
    "客房最高定價":30000,
    "房間數":70,
    "area":"松山區"
    }
  },
  {
    "type": "Feature",
    "geometry": {
       "type": "Point",
       "coordinates":  [ 121.513422970433,25.059566989103 ]
    },
    "properties": {
    "專用標識編號":"臺北市旅館491號",
    "旅館名稱":"互舍商旅台北館",
    "營業地址":"103臺北市大同區重慶北路二段172號1至14樓、5樓之1至14樓之1及174號、保安街13、11號4樓",
    "電話或手機":"02-25533919",
    "客房最低定價":3600,
    "客房最高定價":36000,
    "房間數":148,
    "area":"大同區"
    }
  },
  {
    "type": "Feature",
    "geometry": {
       "type": "Point",
       "coordinates":  [ 121.506714011313,25.045871001224 ]
    },
    "properties": {
    "專用標識編號":"臺北市旅館492號",
    "旅館名稱":"品格子旅店西門館",
    "營業地址":"108臺北市萬華區西寧南路30號8樓",
    "電話或手機":"02-23618008",
    "客房最低定價":750,
    "客房最高定價":7600,
    "房間數":35,
    "area":"萬華區"
    }
  },
  {
    "type": "Feature",
    "geometry": {
       "type": "Point",
       "coordinates":  [ 121.522982028091,25.055187989518 ]
    },
    "properties": {
    "專用標識編號":"臺北市旅館493號",
    "旅館名稱":"台北中山意舍酒店",
    "營業地址":"104臺北市中山區中山北路二段57之1號1至8樓",
    "電話或手機":"02-25652828",
    "客房最低定價":5100,
    "客房最高定價":15500,
    "房間數":90,
    "area":"中山區"
    }
  },
  {
    "type": "Feature",
    "geometry": {
       "type": "Point",
       "coordinates":  [ 121.569712982313,25.051478997363 ]
    },
    "properties": {
    "專用標識編號":"臺北市旅館495號",
    "旅館名稱":"小公館人文旅舍",
    "營業地址":"105臺北市松山區南京東路五段399號5,8,14樓",
    "電話或手機":"02-27690200",
    "客房最低定價":6000,
    "客房最高定價":25200,
    "房間數":20,
    "area":"松山區"
    }
  },
  {
    "type": "Feature",
    "geometry": {
       "type": "Point",
       "coordinates":  [ 121.513357004855,25.042677999028 ]
    },
    "properties": {
    "專用標識編號":"臺北市旅館497號",
    "旅館名稱":"?美精旅",
    "營業地址":"100臺北市中正區重慶南路1段111號",
    "電話或手機":"02-23832088",
    "客房最低定價":8000,
    "客房最高定價":16000,
    "房間數":38,
    "area":"中正區"
    }
  },
  {
    "type": "Feature",
    "geometry": {
       "type": "Point",
       "coordinates":  [ 121.502624983668,25.043999992797 ]
    },
    "properties": {
    "專用標識編號":"臺北市旅館499號",
    "旅館名稱":"綺樂文旅 康定館",
    "營業地址":"108臺北市萬華區康定路32號1至6樓",
    "電話或手機":"02-23615868",
    "客房最低定價":8800,
    "客房最高定價":8800,
    "房間數":23,
    "area":"萬華區"
    }
  },
  {
    "type": "Feature",
    "geometry": {
       "type": "Point",
       "coordinates":  [ 121.510930024791,25.052753004736 ]
    },
    "properties": {
    "專用標識編號":"臺北市旅館500號",
    "旅館名稱":"北門臥客青年旅舍",
    "營業地址":"103臺北市大同區甘谷街26號2樓之1",
    "電話或手機":"02-25557177",
    "客房最低定價":4000,
    "客房最高定價":8000,
    "房間數":5,
    "area":"大同區"
    }
  },
  {
    "type": "Feature",
    "geometry": {
       "type": "Point",
       "coordinates":  [ 121.543951286722,25.059536185609 ]
    },
    "properties": {
    "專用標識編號":"臺北市旅館502號",
    "旅館名稱":"新驛旅店復興北路店",
    "營業地址":"104臺北市中山區復興北路338號",
    "電話或手機":"02-25158777",
    "客房最低定價":9600,
    "客房最高定價":15500,
    "房間數":120,
    "area":"中山區"
    }
  },
  {
    "type": "Feature",
    "geometry": {
       "type": "Point",
       "coordinates":  [ 121.530382997138,25.047010981965 ]
    },
    "properties": {
    "專用標識編號":"臺北市旅館503號",
    "旅館名稱":"朵兒旅館",
    "營業地址":"104臺北市中山區新生北路1段66號2樓 ",
    "電話或手機":"02-25232699",
    "客房最低定價":2000,
    "客房最高定價":29000,
    "房間數":7,
    "area":"中山區"
    }
  },
  {
    "type": "Feature",
    "geometry": {
       "type": "Point",
       "coordinates":  { }
    },
    "properties": {
    "專用標識編號":"臺北市旅館505號",
    "旅館名稱":"東楓商旅",
    "營業地址":"106臺北市大安區忠孝東路四段209號7樓、7樓之1、7樓之2、211號7樓",
    "電話或手機":"02-27211511",
    "客房最低定價":2000,
    "客房最高定價":20000,
    "房間數":22,
    "area":"大安區"
    }
  },
  {
    "type": "Feature",
    "geometry": {
       "type": "Point",
       "coordinates":  [ 121.513376031776,25.044276008869 ]
    },
    "properties": {
    "專用標識編號":"臺北市旅館506號",
    "旅館名稱":"璞邸旅店",
    "營業地址":"100臺北市中正區重慶南路1段7號1至4樓",
    "電話或手機":"02-23815566",
    "客房最低定價":2790,
    "客房最高定價":6300,
    "房間數":13,
    "area":"中正區"
    }
  },
  {
    "type": "Feature",
    "geometry": {
       "type": "Point",
       "coordinates":  [ 121.50328698638,25.03581301078 ]
    },
    "properties": {
    "專用標識編號":"臺北市旅館507號",
    "旅館名稱":"浩室物業1館",
    "營業地址":"108臺北市萬華區昆明街316號、318號",
    "電話或手機":"02-77553617",
    "客房最低定價":2400,
    "客房最高定價":9600,
    "房間數":11,
    "area":"萬華區"
    }
  },
  {
    "type": "Feature",
    "geometry": {
       "type": "Point",
       "coordinates":  [ 121.503764671042,25.045366284924 ]
    },
    "properties": {
    "專用標識編號":"臺北市旅館508號",
    "旅館名稱":"艾特文旅",
    "營業地址":"108臺北市萬華區武昌街二段124之2號4樓",
    "電話或手機":"02-23885558",
    "客房最低定價":13920,
    "客房最高定價":17520,
    "房間數":29,
    "area":"萬華區"
    }
  },
  {
    "type": "Feature",
    "geometry": {
       "type": "Point",
       "coordinates":  [ 121.546096700404,25.042897899549 ]
    },
    "properties": {
    "專用標識編號":"臺北市旅館509號",
    "旅館名稱":"賦樂旅居",
    "營業地址":"106臺北市大安區大安路一段56號、56號4樓",
    "電話或手機":"02-27111118",
    "客房最低定價":16170,
    "客房最高定價":24255,
    "房間數":42,
    "area":"大安區"
    }
  },
  {
    "type": "Feature",
    "geometry": {
       "type": "Point",
       "coordinates":  [ 121.512375986908,25.04591198873 ]
    },
    "properties": {
    "專用標識編號":"臺北市旅館512號",
    "旅館名稱":"清翼居旅店童話館",
    "營業地址":"100臺北市中正區開封街1段36號3-7樓",
    "電話或手機":"02-23117168",
    "客房最低定價":3700,
    "客房最高定價":4900,
    "房間數":39,
    "area":"中正區"
    }
  },
  {
    "type": "Feature",
    "geometry": {
       "type": "Point",
       "coordinates":  [ 121.509244004967,25.04223899685 ]
    },
    "properties": {
    "專用標識編號":"臺北市旅館514號",
    "旅館名稱":"城市商旅德立莊分館",
    "營業地址":"100臺北市中正區秀山街4號5-12樓、15樓；衡陽路99號5-12樓、15樓；延平南路110號5-11樓、15樓",
    "電話或手機":"02-23757777",
    "客房最低定價":18000,
    "客房最高定價":20000,
    "房間數":535,
    "area":"中正區"
    }
  },
  {
    "type": "Feature",
    "geometry": {
       "type": "Point",
       "coordinates":  [ 121.504739989296,25.041924004928 ]
    },
    "properties": {
    "專用標識編號":"臺北市旅館515號",
    "旅館名稱":"町記憶旅店",
    "營業地址":"108臺北市萬華區昆明街117號、117之1至之6號及119號、119之1至之6號1至7樓",
    "電話或手機":"02-23709830",
    "客房最低定價":16800,
    "客房最高定價":28800,
    "房間數":42,
    "area":"萬華區"
    }
  },
  {
    "type": "Feature",
    "geometry": {
       "type": "Point",
       "coordinates":  [ 121.513485667069,25.045104015174 ]
    },
    "properties": {
    "專用標識編號":"臺北市旅館516號",
    "旅館名稱":"鉑泊客",
    "營業地址":"100臺北市中正區漢口街1段50號1-5樓",
    "電話或手機":"02-23755555",
    "客房最低定價":3080,
    "客房最高定價":3680,
    "房間數":58,
    "area":"中正區"
    }
  },
  {
    "type": "Feature",
    "geometry": {
       "type": "Point",
       "coordinates":  [ 121.516173994875,25.044980004916 ]
    },
    "properties": {
    "專用標識編號":"臺北市旅館518號",
    "旅館名稱":"約克旅店",
    "營業地址":"100臺北市中正區南陽街13號4樓",
    "電話或手機":"02-23705528",
    "客房最低定價":2280,
    "客房最高定價":5690,
    "房間數":17,
    "area":"中正區"
    }
  },
  {
    "type": "Feature",
    "geometry": {
       "type": "Point",
       "coordinates":  [ 121.52910500836,25.062818999897 ]
    },
    "properties": {
    "專用標識編號":"臺北市旅館519號",
    "旅館名稱":"台北發現青年旅舍",
    "營業地址":"104臺北市中山區民權東路二段21號5、6樓",
    "電話或手機":"02-25980209",
    "客房最低定價":6000,
    "客房最高定價":14000,
    "房間數":7,
    "area":"中山區"
    }
  },
  {
    "type": "Feature",
    "geometry": {
       "type": "Point",
       "coordinates":  [ 121.546111889904,25.036144305503 ]
    },
    "properties": {
    "專用標識編號":"臺北市旅館520號",
    "旅館名稱":"二十輪旅店大安店",
    "營業地址":"106臺北市大安區大安路一段183號，185號，185號2樓至7樓",
    "電話或手機":"02-27032220",
    "客房最低定價":4500,
    "客房最高定價":26000,
    "房間數":30,
    "area":"大安區"
    }
  },
  {
    "type": "Feature",
    "geometry": {
       "type": "Point",
       "coordinates":  [ 121.55719201153,25.028608010629 ]
    },
    "properties": {
    "專用標識編號":"臺北市旅館521號",
    "旅館名稱":"福爾摩莎壹零壹旅館",
    "營業地址":"110臺北市信義區基隆路二段115號5樓、5樓之1及9樓",
    "電話或手機":"02-23771579",
    "客房最低定價":1650,
    "客房最高定價":4400,
    "房間數":34,
    "area":"信義區"
    }
  },
  {
    "type": "Feature",
    "geometry": {
       "type": "Point",
       "coordinates":  [ 121.606040988865,25.052491992271 ]
    },
    "properties": {
    "專用標識編號":"臺北市旅館523號",
    "旅館名稱":"台北六福萬怡酒店",
    "營業地址":"115臺北市南港區忠孝東路七段359號7-30樓",
    "電話或手機":"02-21716565",
    "客房最低定價":12000,
    "客房最高定價":100000,
    "房間數":465,
    "area":"南港區"
    }
  },
  {
    "type": "Feature",
    "geometry": {
       "type": "Point",
       "coordinates":  [ 121.51635102067,25.054842990383 ]
    },
    "properties": {
    "專用標識編號":"臺北市旅館525號",
    "旅館名稱":"番茄行旅",
    "營業地址":"103臺北市大同區太原路156-2號5樓",
    "電話或手機":"02-25555930",
    "客房最低定價":4000,
    "客房最高定價":6500,
    "房間數":5,
    "area":"大同區"
    }
  },
  {
    "type": "Feature",
    "geometry": {
       "type": "Point",
       "coordinates":  [ 121.542999773073,25.043311209904 ]
    },
    "properties": {
    "專用標識編號":"臺北市旅館526號",
    "旅館名稱":"壹零壹艾美琪旅店",
    "營業地址":"106臺北市大安區復興南路一段126巷1號4樓",
    "電話或手機":"02-27728101",
    "客房最低定價":18000,
    "客房最高定價":28800,
    "房間數":36,
    "area":"大安區"
    }
  },
  {
    "type": "Feature",
    "geometry": {
       "type": "Point",
       "coordinates":  [ 121.508151675345,25.043149481082 ]
    },
    "properties": {
    "專用標識編號":"臺北市旅館528號",
    "旅館名稱":"沃客商旅-西門館",
    "營業地址":"108臺北市萬華區中華路一段144號10樓",
    "電話或手機":"02-23812633",
    "客房最低定價":980,
    "客房最高定價":19800,
    "房間數":23,
    "area":"萬華區"
    }
  },
  {
    "type": "Feature",
    "geometry": {
       "type": "Point",
       "coordinates":  [ 121.52606388625,25.054381985708 ]
    },
    "properties": {
    "專用標識編號":"臺北市旅館530號",
    "旅館名稱":"甄美精品商旅",
    "營業地址":"104臺北市中山區林森北路259巷9號2樓",
    "電話或手機":"02-25639696",
    "客房最低定價":18000,
    "客房最高定價":22000,
    "房間數":41,
    "area":"中山區"
    }
  },
  {
    "type": "Feature",
    "geometry": {
       "type": "Point",
       "coordinates":  [ 121.512141964171,25.042445987948 ]
    },
    "properties": {
    "專用標識編號":"臺北市旅館532號",
    "旅館名稱":"天使青旅",
    "營業地址":"100臺北市中正區衡陽路51號2樓之2",
    "電話或手機":"02-23131319",
    "客房最低定價":399,
    "客房最高定價":1320,
    "房間數":8,
    "area":"中正區"
    }
  },
  {
    "type": "Feature",
    "geometry": {
       "type": "Point",
       "coordinates":  [ 121.504508984044,25.043544017264 ]
    },
    "properties": {
    "專用標識編號":"臺北市旅館533號",
    "旅館名稱":"能量旅店",
    "營業地址":"108臺北市萬華區康定路25巷38號",
    "電話或手機":"02-23121211",
    "客房最低定價":4800,
    "客房最高定價":6400,
    "房間數":4,
    "area":"萬華區"
    }
  },
  {
    "type": "Feature",
    "geometry": {
       "type": "Point",
       "coordinates":  [ 121.537251882971,25.051788708685 ]
    },
    "properties": {
    "專用標識編號":"臺北市旅館534號",
    "旅館名稱":"洛碁大飯店南京館",
    "營業地址":"104臺北市中山區南京東路三段8號1樓至14樓",
    "電話或手機":"02-25098882",
    "客房最低定價":3000,
    "客房最高定價":30000,
    "房間數":116,
    "area":"中山區"
    }
  },
  {
    "type": "Feature",
    "geometry": {
       "type": "Point",
       "coordinates":  [ 121.513996041154,25.053175997479 ]
    },
    "properties": {
    "專用標識編號":"臺北市旅館538號",
    "旅館名稱":"藝宿商旅",
    "營業地址":"103臺北市大同區重慶北路一段116號2樓至11樓及11樓夾層",
    "電話或手機":"02-25506655",
    "客房最低定價":6160,
    "客房最高定價":8800,
    "房間數":69,
    "area":"大同區"
    }
  },
  {
    "type": "Feature",
    "geometry": {
       "type": "Point",
       "coordinates":  [ 121.543111839119,25.048175479774 ]
    },
    "properties": {
    "專用標識編號":"臺北市旅館539號",
    "旅館名稱":"方舟旅店 長安復興",
    "營業地址":"104臺北市中山區長安東路二段246號3樓、10樓及11樓",
    "電話或手機":"02-27727750",
    "客房最低定價":4300,
    "客房最高定價":18880,
    "房間數":82,
    "area":"中山區"
    }
  },
  {
    "type": "Feature",
    "geometry": {
       "type": "Point",
       "coordinates":  [ 121.526259268413,25.054821113616 ]
    },
    "properties": {
    "專用標識編號":"臺北市旅館540號",
    "旅館名稱":"峻美精旅",
    "營業地址":"104臺北市中山區長春路62號6樓 ",
    "電話或手機":"02-25312338",
    "客房最低定價":13000,
    "客房最高定價":22000,
    "房間數":15,
    "area":"中山區"
    }
  },
  {
    "type": "Feature",
    "geometry": {
       "type": "Point",
       "coordinates":  [ 121.524292035738,25.082905015481 ]
    },
    "properties": {
    "專用標識編號":"臺北市旅館541號",
    "旅館名稱":"天雲旅棧台北基河",
    "營業地址":"111臺北市士林區基河路18號",
    "電話或手機":"02-28856666",
    "客房最低定價":20000,
    "客房最高定價":20000,
    "房間數":31,
    "area":"士林區"
    }
  },
  {
    "type": "Feature",
    "geometry": {
       "type": "Point",
       "coordinates":  [ 121.513967961778,25.042680010685 ]
    },
    "properties": {
    "專用標識編號":"臺北市旅館542號",
    "旅館名稱":"台北天晴旅店",
    "營業地址":"100臺北市中正區懷寧街92-2號1至6樓",
    "電話或手機":"02-23319391",
    "客房最低定價":5000,
    "客房最高定價":20000,
    "房間數":15,
    "area":"中正區"
    }
  },
  {
    "type": "Feature",
    "geometry": {
       "type": "Point",
       "coordinates":  [ 121.542999773073,25.043311209904 ]
    },
    "properties": {
    "專用標識編號":"臺北市旅館544號",
    "旅館名稱":"丰居旅店忠孝館",
    "營業地址":"106臺北市大安區復興南路1段126巷1號3樓(含3樓、3樓夾層、4樓)",
    "電話或手機":"02-77116368",
    "客房最低定價":2420,
    "客房最高定價":20000,
    "房間數":21,
    "area":"大安區"
    }
  },
  {
    "type": "Feature",
    "geometry": {
       "type": "Point",
       "coordinates":  [ 121.547642006328,25.041775016599 ]
    },
    "properties": {
    "專用標識編號":"臺北市旅館545號",
    "旅館名稱":"怡品商旅",
    "營業地址":"106臺北市大安區忠孝東路四段87號13﹑14樓",
    "電話或手機":"02-27766136",
    "客房最低定價":1000,
    "客房最高定價":25000,
    "房間數":81,
    "area":"大安區"
    }
  },
  {
    "type": "Feature",
    "geometry": {
       "type": "Point",
       "coordinates":  [ 121.542302985463,25.033851980713 ]
    },
    "properties": {
    "專用標識編號":"臺北市旅館546號",
    "旅館名稱":"姆提文創旅店",
    "營業地址":"106臺北市大安區信義路三段147巷5弄4號1樓",
    "電話或手機":"02-23897563",
    "客房最低定價":2380,
    "客房最高定價":16000,
    "房間數":11,
    "area":"大安區"
    }
  },
  {
    "type": "Feature",
    "geometry": {
       "type": "Point",
       "coordinates":  [ 121.497304402989,25.036841302662 ]
    },
    "properties": {
    "專用標識編號":"臺北市旅館547號",
    "旅館名稱":"禾順行旅",
    "營業地址":"108臺北市萬華區廣州街247號及247號2至6樓",
    "電話或手機":"02-23081000",
    "客房最低定價":10000,
    "客房最高定價":20000,
    "房間數":98,
    "area":"萬華區"
    }
  },
  {
    "type": "Feature",
    "geometry": {
       "type": "Point",
       "coordinates":  [ 121.516042985728,25.045222996289 ]
    },
    "properties": {
    "專用標識編號":"臺北市旅館548號",
    "旅館名稱":"清翼居旅店采風館",
    "營業地址":"100臺北市中正區南陽街8號2至5樓",
    "電話或手機":"02-23123661",
    "客房最低定價":6500,
    "客房最高定價":8000,
    "房間數":50,
    "area":"中正區"
    }
  },
  {
    "type": "Feature",
    "geometry": {
       "type": "Point",
       "coordinates":  [ 121.513075037633,25.043825020568 ]
    },
    "properties": {
    "專用標識編號":"臺北市旅館549號",
    "旅館名稱":"丰居旅店北車館",
    "營業地址":"100臺北市中正區重慶南路一段60號",
    "電話或手機":"02-23142121",
    "客房最低定價":10000,
    "客房最高定價":12000,
    "房間數":23,
    "area":"中正區"
    }
  },
  {
    "type": "Feature",
    "geometry": {
       "type": "Point",
       "coordinates":  [ 121.518982016257,25.046081009808 ]
    },
    "properties": {
    "專用標識編號":"臺北市旅館553號",
    "旅館名稱":"米尼旅店",
    "營業地址":"100臺北市中正區忠孝西路一段23號5至6樓",
    "電話或手機":"02-23881516",
    "客房最低定價":1000,
    "客房最高定價":3260,
    "房間數":8,
    "area":"中正區"
    }
  },
  {
    "type": "Feature",
    "geometry": {
       "type": "Point",
       "coordinates":  [ 121.514691990574,25.054392002083 ]
    },
    "properties": {
    "專用標識編號":"臺北市旅館554號",
    "旅館名稱":"寧夏2號旅店",
    "營業地址":"103臺北市大同區寧夏路2號",
    "電話或手機":"02-25507619",
    "客房最低定價":14880,
    "客房最高定價":16880,
    "房間數":19,
    "area":"大同區"
    }
  },
  {
    "type": "Feature",
    "geometry": {
       "type": "Point",
       "coordinates":  [ 121.580449697366,25.049614484911 ]
    },
    "properties": {
    "專用標識編號":"臺北市旅館556號",
    "旅館名稱":"台北松山意舍酒店",
    "營業地址":"115臺北市南港區市民大道七段8號17樓至21樓",
    "電話或手機":"02-26532828",
    "客房最低定價":3465,
    "客房最高定價":135135,
    "房間數":190,
    "area":"南港區"
    }
  },
  {
    "type": "Feature",
    "geometry": {
       "type": "Point",
       "coordinates":  [ 121.525787031989,25.061290015029 ]
    },
    "properties": {
    "專用標識編號":"臺北市旅館557號",
    "旅館名稱":"趣旅館‧林森館",
    "營業地址":"104臺北市中山區林森北路487號1樓至2樓",
    "電話或手機":"02-25683242",
    "客房最低定價":3650,
    "客房最高定價":11700,
    "房間數":123,
    "area":"中山區"
    }
  },
  {
    "type": "Feature",
    "geometry": {
       "type": "Point",
       "coordinates":  [ 121.512734983821,25.046061018969 ]
    },
    "properties": {
    "專用標識編號":"臺北市旅館558號",
    "旅館名稱":"綺樂文旅 開封館",
    "營業地址":"100臺北市中正區開封街一段35號1至8樓",
    "電話或手機":"02-23615889",
    "客房最低定價":2300,
    "客房最高定價":12000,
    "房間數":63,
    "area":"中正區"
    }
  },
  {
    "type": "Feature",
    "geometry": {
       "type": "Point",
       "coordinates":  [ 121.583668012909,25.045199987965 ]
    },
    "properties": {
    "專用標識編號":"臺北市旅館559號",
    "旅館名稱":"洛碁大飯店松山館",
    "營業地址":"115臺北市南港區玉成街149號",
    "電話或手機":"02-27837088",
    "客房最低定價":3000,
    "客房最高定價":30000,
    "房間數":97,
    "area":"南港區"
    }
  },
  {
    "type": "Feature",
    "geometry": {
       "type": "Point",
       "coordinates":  [ 121.515448038241,25.050277996366 ]
    },
    "properties": {
    "專用標識編號":"臺北市旅館560號",
    "旅館名稱":"獅城旅館",
    "營業地址":"103臺北市大同區華陰街179號3-5樓",
    "電話或手機":"02-25591231",
    "客房最低定價":600,
    "客房最高定價":2480,
    "房間數":67,
    "area":"大同區"
    }
  },
  {
    "type": "Feature",
    "geometry": {
       "type": "Point",
       "coordinates":  [ 121.517817015535,25.065947000434 ]
    },
    "properties": {
    "專用標識編號":"臺北市旅館561號",
    "旅館名稱":"日日吉旅店",
    "營業地址":"103臺北市大同區昌吉街1號 1樓至3樓",
    "電話或手機":"02-25991787",
    "客房最低定價":980,
    "客房最高定價":2380,
    "房間數":21,
    "area":"大同區"
    }
  },
  {
    "type": "Feature",
    "geometry": {
       "type": "Point",
       "coordinates":  [ 121.51031202707,25.044917014914 ]
    },
    "properties": {
    "專用標識編號":"臺北市旅館562號",
    "旅館名稱":"路徒行旅-中華館",
    "營業地址":"100臺北市中正區延平南路68號",
    "電話或手機":"02-23120589",
    "客房最低定價":8880,
    "客房最高定價":35880,
    "房間數":68,
    "area":"中正區"
    }
  },
  {
    "type": "Feature",
    "geometry": {
       "type": "Point",
       "coordinates":  [ 121.514087990631,25.045042994919 ]
    },
    "properties": {
    "專用標識編號":"臺北市旅館564號",
    "旅館名稱":"旅樂序精品旅館三館",
    "營業地址":"100臺北市中正區懷寧街34號1至8樓",
    "電話或手機":"02-23758333",
    "客房最低定價":3988,
    "客房最高定價":5188,
    "房間數":41,
    "area":"中正區"
    }
  },
  {
    "type": "Feature",
    "geometry": {
       "type": "Point",
       "coordinates":  [ 121.525337007607,25.055490995317 ]
    },
    "properties": {
    "專用標識編號":"臺北市旅館565號",
    "旅館名稱":"漫旅時光",
    "營業地址":"104臺北市中山區林森北路282號3樓",
    "電話或手機":"02-25617711",
    "客房最低定價":6600,
    "客房最高定價":9600,
    "房間數":20,
    "area":"中山區"
    }
  },
  {
    "type": "Feature",
    "geometry": {
       "type": "Point",
       "coordinates":  [ 121.551548979036,25.041242011376 ]
    },
    "properties": {
    "專用標識編號":"臺北市旅館567號",
    "旅館名稱":"洛碁大飯店忠孝館",
    "營業地址":"106臺北市大安區忠孝東路四段180號1樓、4樓至14樓",
    "電話或手機":"02-27116869",
    "客房最低定價":3000,
    "客房最高定價":28000,
    "房間數":150,
    "area":"大安區"
    }
  },
  {
    "type": "Feature",
    "geometry": {
       "type": "Point",
       "coordinates":  [ 121.528463960406,25.052261992848 ]
    },
    "properties": {
    "專用標識編號":"臺北市旅館568號",
    "旅館名稱":"靜好文旅by墾趣",
    "營業地址":"104臺北市中山區南京東路2段11號11樓",
    "電話或手機":"02-25718875",
    "客房最低定價":2780,
    "客房最高定價":12700,
    "房間數":10,
    "area":"中山區"
    }
  },
  {
    "type": "Feature",
    "geometry": {
       "type": "Point",
       "coordinates":  [ 121.538918289141,25.054155380956 ]
    },
    "properties": {
    "專用標識編號":"臺北市旅館569號",
    "旅館名稱":"背包棧旅店-台北長春店",
    "營業地址":"104臺北市中山區長春路258巷6號2樓",
    "電話或手機":"02-25180188",
    "客房最低定價":2500,
    "客房最高定價":24000,
    "房間數":43,
    "area":"中山區"
    }
  },
  {
    "type": "Feature",
    "geometry": {
       "type": "Point",
       "coordinates":  [ 121.515352987459,25.052324018931 ]
    },
    "properties": {
    "專用標識編號":"臺北市旅館570號",
    "旅館名稱":"台北北門窩泊旅",
    "營業地址":"103臺北市大同區太原路92巷2之1、2之2、2之3、2之4號(1樓至4樓)",
    "電話或手機":"02-25525068",
    "客房最低定價":540,
    "客房最高定價":4500,
    "房間數":19,
    "area":"大同區"
    }
  },
  {
    "type": "Feature",
    "geometry": {
       "type": "Point",
       "coordinates":  [ 121.524550030718,25.049488001992 ]
    },
    "properties": {
    "專用標識編號":"臺北市旅館572號",
    "旅館名稱":"斯格加旅店",
    "營業地址":"104臺北市中山區林森北路72號1樓至4樓",
    "電話或手機":"02-25629117",
    "客房最低定價":1500,
    "客房最高定價":7000,
    "房間數":7,
    "area":"中山區"
    }
  },
  {
    "type": "Feature",
    "geometry": {
       "type": "Point",
       "coordinates":  [ 121.514895503183,25.045814004282 ]
    },
    "properties": {
    "專用標識編號":"臺北市旅館573號",
    "旅館名稱":"詩漫精品旅館",
    "營業地址":"100臺北市中正區館前路8號6樓",
    "電話或手機":"02-23820111",
    "客房最低定價":9770,
    "客房最高定價":11530,
    "房間數":33,
    "area":"中正區"
    }
  },
  {
    "type": "Feature",
    "geometry": {
       "type": "Point",
       "coordinates":  [ 121.505649006695,25.046408993679 ]
    },
    "properties": {
    "專用標識編號":"臺北市旅館575號",
    "旅館名稱":"城市商旅昆明館（HOTEL PAPA WHALE）",
    "營業地址":"108臺北市萬華區昆明街46號地下1樓、46號及46號2至4樓、4樓之2、4樓之3",
    "電話或手機":"02-23311177",
    "客房最低定價":12020,
    "客房最高定價":22000,
    "房間數":335,
    "area":"萬華區"
    }
  },
  {
    "type": "Feature",
    "geometry": {
       "type": "Point",
       "coordinates":  [ 121.523064003104,25.057357980431 ]
    },
    "properties": {
    "專用標識編號":"臺北市旅館576號",
    "旅館名稱":"碩美精品飯店",
    "營業地址":"104臺北市中山區中山北路2段71號3樓",
    "電話或手機":"02-25621598",
    "客房最低定價":15000,
    "客房最高定價":26800,
    "房間數":25,
    "area":"中山區"
    }
  },
  {
    "type": "Feature",
    "geometry": {
       "type": "Point",
       "coordinates":  [ 121.514881002491,25.044666018823 ]
    },
    "properties": {
    "專用標識編號":"臺北市旅館577號",
    "旅館名稱":"卡夫人背包客棧",
    "營業地址":"100臺北市中正區館前路34號7樓",
    "電話或手機":"02-23881666",
    "客房最低定價":300,
    "客房最高定價":6000,
    "房間數":14,
    "area":"中正區"
    }
  },
  {
    "type": "Feature",
    "geometry": {
       "type": "Point",
       "coordinates":  [ 121.513414001797,25.046630988385 ]
    },
    "properties": {
    "專用標識編號":"臺北市旅館578號",
    "旅館名稱":"福爾摩沙正旅館",
    "營業地址":"100臺北市中正區重慶南路一段1號3樓",
    "電話或手機":"02-23718230",
    "客房最低定價":1600,
    "客房最高定價":3600,
    "房間數":23,
    "area":"中正區"
    }
  },
  {
    "type": "Feature",
    "geometry": {
       "type": "Point",
       "coordinates":  [ 121.532010008363,25.03380898155 ]
    },
    "properties": {
    "專用標識編號":"臺北市旅館579號",
    "旅館名稱":"大安公園旅店",
    "營業地址":"100臺北市中正區信義路2段271號8樓",
    "電話或手機":"02-23965222",
    "客房最低定價":650,
    "客房最高定價":18000,
    "房間數":13,
    "area":"中正區"
    }
  },
  {
    "type": "Feature",
    "geometry": {
       "type": "Point",
       "coordinates":  [ 121.5078630026,25.048309003491 ]
    },
    "properties": {
    "專用標識編號":"臺北市旅館580號",
    "旅館名稱":"帛堯初見輕旅",
    "營業地址":"108臺北市萬華區忠孝西路2段38號",
    "電話或手機":"02-23886813",
    "客房最低定價":1600,
    "客房最高定價":8000,
    "房間數":4,
    "area":"萬華區"
    }
  },
  {
    "type": "Feature",
    "geometry": {
       "type": "Point",
       "coordinates":  [ 121.509175021904,25.062162990245 ]
    },
    "properties": {
    "專用標識編號":"臺北市旅館581號",
    "旅館名稱":"進綵商旅",
    "營業地址":"103臺北市大同區迪化街一段334號1至3樓",
    "電話或手機":"02-25536711",
    "客房最低定價":5750,
    "客房最高定價":12000,
    "房間數":6,
    "area":"大同區"
    }
  },
  {
    "type": "Feature",
    "geometry": {
       "type": "Point",
       "coordinates":  [ 121.504567992643,25.044775989393 ]
    },
    "properties": {
    "專用標識編號":"臺北市旅館582號",
    "旅館名稱":"在家行旅西門館",
    "營業地址":"108臺北市萬華區昆明街96巷8號1樓",
    "電話或手機":"02-23619000",
    "客房最低定價":5000,
    "客房最高定價":20000,
    "房間數":5,
    "area":"萬華區"
    }
  },
  {
    "type": "Feature",
    "geometry": {
       "type": "Point",
       "coordinates":  [ 121.513040001277,25.042890019269 ]
    },
    "properties": {
    "專用標識編號":"臺北市旅館583號",
    "旅館名稱":"涪美飯店",
    "營業地址":"100臺北市中正區重慶南路一段94號",
    "電話或手機":"02-23810086",
    "客房最低定價":5600,
    "客房最高定價":20000,
    "房間數":49,
    "area":"中正區"
    }
  },
  {
    "type": "Feature",
    "geometry": {
       "type": "Point",
       "coordinates":  [ 121.517752977795,25.045037001858 ]
    },
    "properties": {
    "專用標識編號":"臺北市旅館584號",
    "旅館名稱":"台灣青旅",
    "營業地址":"100臺北市中正區青島西路11號地下1樓",
    "電話或手機":"02-23613000",
    "客房最低定價":4000,
    "客房最高定價":5000,
    "房間數":12,
    "area":"中正區"
    }
  },
  {
    "type": "Feature",
    "geometry": {
       "type": "Point",
       "coordinates":  [ 121.51808861803,25.050549192273 ]
    },
    "properties": {
    "專用標識編號":"臺北市旅館585號",
    "旅館名稱":"夾腳拖的家長安122",
    "營業地址":"103臺北市大同區長安西路 122 號、124號 1至4樓",
    "電話或手機":"02-25585050",
    "客房最低定價":1000,
    "客房最高定價":5000,
    "房間數":31,
    "area":"大同區"
    }
  },
  {
    "type": "Feature",
    "geometry": {
       "type": "Point",
       "coordinates":  [ 121.599773171671,25.084555462638 ]
    },
    "properties": {
    "專用標識編號":"臺北市旅館587號",
    "旅館名稱":"仲信大湖商旅",
    "營業地址":"114臺北市內湖區成功路四段351、353號1至4樓",
    "電話或手機":"02-27932122",
    "客房最低定價":6000,
    "客房最高定價":6000,
    "房間數":27,
    "area":"內湖區"
    }
  },
  {
    "type": "Feature",
    "geometry": {
       "type": "Point",
       "coordinates":  [ 121.530378973824,25.044038004728 ]
    },
    "properties": {
    "專用標識編號":"臺北市旅館588號",
    "旅館名稱":"華山文旅",
    "營業地址":"100臺北市中正區金山北路1號4樓、4樓之1至之3、4樓之5至之8、7樓、7樓之1至之3、7樓之5至之8、8樓、8樓之1至之3、8樓之5",
    "電話或手機":"02-23963388",
    "客房最低定價":6000,
    "客房最高定價":10000,
    "房間數":23,
    "area":"中正區"
    }
  },
  {
    "type": "Feature",
    "geometry": {
       "type": "Point",
       "coordinates":  [ 121.54186966412,25.036047410872 ]
    },
    "properties": {
    "專用標識編號":"臺北市旅館589號",
    "旅館名稱":"朗司旅館",
    "營業地址":"106臺北市大安區信義路3段147巷18號、2樓至7樓、2樓之1及6樓之1",
    "電話或手機":"02-27018110",
    "客房最低定價":5500,
    "客房最高定價":18000,
    "房間數":25,
    "area":"大安區"
    }
  },
  {
    "type": "Feature",
    "geometry": {
       "type": "Point",
       "coordinates":  [ 121.513085012097,25.054086984626 ]
    },
    "properties": {
    "專用標識編號":"臺北市旅館591號",
    "旅館名稱":"皇后旅店二館",
    "營業地址":"103臺北市大同區南京西路163號四樓之2",
    "電話或手機":"02-25555877",
    "客房最低定價":6800,
    "客房最高定價":6800,
    "房間數":30,
    "area":"大同區"
    }
  },
  {
    "type": "Feature",
    "geometry": {
       "type": "Point",
       "coordinates":  [ 121.514399965068,25.045219014885 ]
    },
    "properties": {
    "專用標識編號":"臺北市旅館592號",
    "旅館名稱":"旅樂序精品旅館二館",
    "營業地址":"100臺北市中正區漢口街一段15號1至8樓",
    "電話或手機":"02-23757555",
    "客房最低定價":2488,
    "客房最高定價":9800,
    "房間數":58,
    "area":"中正區"
    }
  },
  {
    "type": "Feature",
    "geometry": {
       "type": "Point",
       "coordinates":  [ 121.527710008215,25.033805000146 ]
    },
    "properties": {
    "專用標識編號":"臺北市旅館593號",
    "旅館名稱":"東門3號膠囊旅店",
    "營業地址":"106臺北市大安區信義路2段110號",
    "電話或手機":"02-23583299",
    "客房最低定價":650,
    "客房最高定價":80000,
    "房間數":4,
    "area":"大安區"
    }
  },
  {
    "type": "Feature",
    "geometry": {
       "type": "Point",
       "coordinates":  [ 121.498161787865,25.128356094998 ]
    },
    "properties": {
    "專用標識編號":"臺北市旅館594號",
    "旅館名稱":"台北北投雅樂軒酒店",
    "營業地址":"112臺北市北投區中央里大業路302號、300巷1號，2樓",
    "電話或手機":"02-77011788",
    "客房最低定價":11000,
    "客房最高定價":28000,
    "房間數":292,
    "area":"北投區"
    }
  },
  {
    "type": "Feature",
    "geometry": {
       "type": "Point",
       "coordinates":  [ 121.523210206406,25.048904137084 ]
    },
    "properties": {
    "專用標識編號":"臺北市旅館596號",
    "旅館名稱":"柯達大飯店台北天津 ",
    "營業地址":"104臺北市中山區中山北路1段53巷22號、22號4樓至8樓 ",
    "電話或手機":"02-25812222",
    "客房最低定價":1500,
    "客房最高定價":15000,
    "房間數":57,
    "area":"中山區"
    }
  },
  {
    "type": "Feature",
    "geometry": {
       "type": "Point",
       "coordinates":  [ 121.506312015237,25.043531989233 ]
    },
    "properties": {
    "專用標識編號":"臺北市旅館598號",
    "旅館名稱":"東驛 E-HOUSE",
    "營業地址":"108臺北市萬華區西寧南路155號3F",
    "電話或手機":"02-23615161",
    "客房最低定價":7000,
    "客房最高定價":7000,
    "房間數":13,
    "area":"萬華區"
    }
  },
  {
    "type": "Feature",
    "geometry": {
       "type": "Point",
       "coordinates":  [ 121.52570899647,25.059761994081 ]
    },
    "properties": {
    "專用標識編號":"臺北市旅館599號",
    "旅館名稱":"錦棧商旅",
    "營業地址":"104臺北市中山區林森北路413號2樓、7樓、7樓之14及錦州街46號7樓、48號7樓、46號13樓、48號13樓",
    "電話或手機":"02-77012121",
    "客房最低定價":14800,
    "客房最高定價":29800,
    "房間數":92,
    "area":"中山區"
    }
  },
  {
    "type": "Feature",
    "geometry": {
       "type": "Point",
       "coordinates":  [ 121.560299015399,25.051690011775 ]
    },
    "properties": {
    "專用標識編號":"臺北市旅館601號",
    "旅館名稱":"東旅",
    "營業地址":"105臺北市松山區南京東路五段97號地下1樓、1樓夾層、1至10樓",
    "電話或手機":"02-27663889",
    "客房最低定價":5800,
    "客房最高定價":6900,
    "房間數":35,
    "area":"松山區"
    }
  },
  {
    "type": "Feature",
    "geometry": {
       "type": "Point",
       "coordinates":  [ 121.510166014317,25.053526989675 ]
    },
    "properties": {
    "專用標識編號":"臺北市旅館602號",
    "旅館名稱":"樂山水靜旅館 OrigInn",
    "營業地址":"103臺北市大同區南京西路247號",
    "電話或手機":"02-25588843",
    "客房最低定價":8880,
    "客房最高定價":8880,
    "房間數":5,
    "area":"大同區"
    }
  },
  {
    "type": "Feature",
    "geometry": {
       "type": "Point",
       "coordinates":  [ 121.611282025283,25.052388014762 ]
    },
    "properties": {
    "專用標識編號":"臺北市旅館603號",
    "旅館名稱":"洛碁大飯店南港館",
    "營業地址":"115臺北市南港區忠孝東路七段526號1-14樓、528號2-14樓",
    "電話或手機":"02-27893009",
    "客房最低定價":3000,
    "客房最高定價":30000,
    "房間數":120,
    "area":"南港區"
    }
  },
  {
    "type": "Feature",
    "geometry": {
       "type": "Point",
       "coordinates":  [ 121.550713214779,25.04445103124 ]
    },
    "properties": {
    "專用標識編號":"臺北市旅館604號",
    "旅館名稱":"快意旅店",
    "營業地址":"106臺北市大安區市民大道4段168號、168號2樓至10樓、170號、172號、176號、178號",
    "電話或手機":"02-27711188",
    "客房最低定價":8000,
    "客房最高定價":15000,
    "房間數":39,
    "area":"大安區"
    }
  },
  {
    "type": "Feature",
    "geometry": {
       "type": "Point",
       "coordinates":  [ 121.523228958958,25.092531002635 ]
    },
    "properties": {
    "專用標識編號":"臺北市旅館605號",
    "旅館名稱":"陽光士林珮柏旅館",
    "營業地址":"111臺北市士林區福德路48巷6、8、10、12號1至7樓",
    "電話或手機":"02-28817588",
    "客房最低定價":6000,
    "客房最高定價":9500,
    "房間數":56,
    "area":"士林區"
    }
  },
  {
    "type": "Feature",
    "geometry": {
       "type": "Point",
       "coordinates":  [ 121.517428011409,25.045565983767 ]
    },
    "properties": {
    "專用標識編號":"臺北市旅館607號",
    "旅館名稱":"侘侘行旅",
    "營業地址":"100臺北市中正區公園路13號8樓、9樓",
    "電話或手機":"02-89782345",
    "客房最低定價":15000,
    "客房最高定價":15000,
    "房間數":49,
    "area":"中正區"
    }
  },
  {
    "type": "Feature",
    "geometry": {
       "type": "Point",
       "coordinates":  [ 121.506714011313,25.045871001224 ]
    },
    "properties": {
    "專用標識編號":"臺北市旅館608號",
    "旅館名稱":"愛玩客旅店",
    "營業地址":"108臺北市萬華區西寧南路30號12樓",
    "電話或手機":"02-23316008",
    "客房最低定價":500,
    "客房最高定價":2000,
    "房間數":1,
    "area":"萬華區"
    }
  },
  {
    "type": "Feature",
    "geometry": {
       "type": "Point",
       "coordinates":  [ 121.533089766453,25.048548904923 ]
    },
    "properties": {
    "專用標識編號":"臺北市旅館611號",
    "旅館名稱":"柯達大飯店 台北長安",
    "營業地址":"104臺北市中山區松江路61之1號1樓、4樓至11樓",
    "電話或手機":"02-25169999",
    "客房最低定價":1000,
    "客房最高定價":30000,
    "房間數":103,
    "area":"中山區"
    }
  },
  {
    "type": "Feature",
    "geometry": {
       "type": "Point",
       "coordinates":  [ 121.522150040382,25.057702979565 ]
    },
    "properties": {
    "專用標識編號":"臺北市旅館612號",
    "旅館名稱":"尚美精旅",
    "營業地址":"104臺北市中山區民生西路16號4樓",
    "電話或手機":"02-25230188",
    "客房最低定價":15000,
    "客房最高定價":22000,
    "房間數":14,
    "area":"中山區"
    }
  },
  {
    "type": "Feature",
    "geometry": {
       "type": "Point",
       "coordinates":  [ 121.558409985881,25.031565020341 ]
    },
    "properties": {
    "專用標識編號":"臺北市旅館613號",
    "旅館名稱":"慕誠行旅",
    "營業地址":"110臺北市信義區基隆路二段48號1樓至3樓",
    "電話或手機":"02-27252168",
    "客房最低定價":100,
    "客房最高定價":50000,
    "房間數":33,
    "area":"信義區"
    }
  },
  {
    "type": "Feature",
    "geometry": {
       "type": "Point",
       "coordinates":  [ 121.504757004559,25.042012014912 ]
    },
    "properties": {
    "專用標識編號":"臺北市旅館616號",
    "旅館名稱":"町記憶旅店2館",
    "營業地址":"108臺北市萬華區昆明街113號2-4樓，115號1-4樓",
    "電話或手機":"02-23709830",
    "客房最低定價":16800,
    "客房最高定價":38800,
    "房間數":27,
    "area":"萬華區"
    }
  },
  {
    "type": "Feature",
    "geometry": {
       "type": "Point",
       "coordinates":  [ 121.513414001797,25.046630988385 ]
    },
    "properties": {
    "專用標識編號":"臺北市旅館617號",
    "旅館名稱":"旅晨行旅",
    "營業地址":"100臺北市中正區重慶南路一段1號2樓",
    "電話或手機":"02-23116388",
    "客房最低定價":1300,
    "客房最高定價":7200,
    "房間數":23,
    "area":"中正區"
    }
  },
  {
    "type": "Feature",
    "geometry": {
       "type": "Point",
       "coordinates":  [ 121.509077959465,25.047254979167 ]
    },
    "properties": {
    "專用標識編號":"臺北市旅館618號",
    "旅館名稱":"世民酒店台北北門",
    "營業地址":"100臺北市中正區中華路一段3號(1樓至26樓)",
    "電話或手機":"07-10161061",
    "客房最低定價":6000,
    "客房最高定價":20000,
    "房間數":267,
    "area":"中正區"
    }
  },
  {
    "type": "Feature",
    "geometry": {
       "type": "Point",
       "coordinates":  { }
    },
    "properties": {
    "專用標識編號":"臺北市旅館619號",
    "旅館名稱":"皇家玫瑰旅館 雙城館",
    "營業地址":"104臺北市中山區雙城街28巷8號、8號2樓至4樓、8之1號(1樓)、8之3號(2樓)、8之5號(3樓)、8之7號(4樓)",
    "電話或手機":"02-25958077",
    "客房最低定價":3000,
    "客房最高定價":17000,
    "房間數":17,
    "area":"中山區"
    }
  },
  {
    "type": "Feature",
    "geometry": {
       "type": "Point",
       "coordinates":  [ 121.513414001797,25.046630988385 ]
    },
    "properties": {
    "專用標識編號":"臺北市旅館620號",
    "旅館名稱":"瑞桑德旅店 北車館",
    "營業地址":"100臺北市中正區重慶南路一段1號5樓",
    "電話或手機":"02-23710811",
    "客房最低定價":12800,
    "客房最高定價":16800,
    "房間數":14,
    "area":"中正區"
    }
  },
  {
    "type": "Feature",
    "geometry": {
       "type": "Point",
       "coordinates":  [ 121.514795087983,25.137146196858 ]
    },
    "properties": {
    "專用標識編號":"臺北市旅館622號",
    "旅館名稱":"亞太飯店 北投館",
    "營業地址":"112臺北市北投區幽雅路31號",
    "電話或手機":"02-28983088",
    "客房最低定價":10000,
    "客房最高定價":38390,
    "房間數":140,
    "area":"北投區"
    }
  },
  {
    "type": "Feature",
    "geometry": {
       "type": "Point",
       "coordinates":  [ 121.513131028746,25.04613100786 ]
    },
    "properties": {
    "專用標識編號":"臺北市旅館623號",
    "旅館名稱":"旅樂序精品旅館五館",
    "營業地址":"100臺北市中正區重慶南路一段20號B1樓至10樓",
    "電話或手機":"02-23756777",
    "客房最低定價":5200,
    "客房最高定價":6400,
    "房間數":57,
    "area":"中正區"
    }
  },
  {
    "type": "Feature",
    "geometry": {
       "type": "Point",
       "coordinates":  [ 121.499842862366,25.03330598354 ]
    },
    "properties": {
    "專用標識編號":"臺北市旅館624號",
    "旅館名稱":"凱達大飯店",
    "營業地址":"108臺北市萬華區艋舺大道167號",
    "電話或手機":"02-23066777",
    "客房最低定價":9800,
    "客房最高定價":68800,
    "房間數":745,
    "area":"萬華區"
    }
  },
  {
    "type": "Feature",
    "geometry": {
       "type": "Point",
       "coordinates":  [ 121.510930024791,25.052753004736 ]
    },
    "properties": {
    "專用標識編號":"臺北市旅館625號",
    "旅館名稱":"台北臥客旅店",
    "營業地址":"103臺北市大同區甘谷街26號7樓",
    "電話或手機":"02-25557177",
    "客房最低定價":3000,
    "客房最高定價":3000,
    "房間數":13,
    "area":"大同區"
    }
  },
  {
    "type": "Feature",
    "geometry": {
       "type": "Point",
       "coordinates":  [ 121.491018310884,25.032111981433 ]
    },
    "properties": {
    "專用標識編號":"臺北市旅館626號",
    "旅館名稱":"台灣柒天精品旅店",
    "營業地址":"108臺北市萬華區環河南路二段282號1至4樓",
    "電話或手機":"02-23085222",
    "客房最低定價":2000,
    "客房最高定價":3000,
    "房間數":36,
    "area":"萬華區"
    }
  },
  {
    "type": "Feature",
    "geometry": {
       "type": "Point",
       "coordinates":  [ 121.530696983231,25.026638011926 ]
    },
    "properties": {
    "專用標識編號":"臺北市旅館627號",
    "旅館名稱":"謙商旅(谷墨商旅-師大館)",
    "營業地址":"106臺北市大安區和平東路一段145號2至4樓、147 號5至6樓、6樓之1、6樓之2",
    "電話或手機":"02-23955535",
    "客房最低定價":15880,
    "客房最高定價":20880,
    "房間數":92,
    "area":"大安區"
    }
  },
  {
    "type": "Feature",
    "geometry": {
       "type": "Point",
       "coordinates":  [ 121.530149812591,25.061142409714 ]
    },
    "properties": {
    "專用標識編號":"臺北市旅館628號",
    "旅館名稱":"台北這地方微旅店",
    "營業地址":"104臺北市中山區吉林路294號(1樓)及294之1號(2樓)",
    "電話或手機":"02-25637522",
    "客房最低定價":1500,
    "客房最高定價":6000,
    "房間數":3,
    "area":"中山區"
    }
  },
  {
    "type": "Feature",
    "geometry": {
       "type": "Point",
       "coordinates":  [ 121.552784974479,25.048005997691 ]
    },
    "properties": {
    "專用標識編號":"臺北市旅館629號",
    "旅館名稱":"阿樹國際旅店",
    "營業地址":"105臺北市松山區八德路三段76號1樓、4樓至14樓",
    "電話或手機":"02-25787728",
    "客房最低定價":10400,
    "客房最高定價":36000,
    "房間數":141,
    "area":"松山區"
    }
  },
  {
    "type": "Feature",
    "geometry": {
       "type": "Point",
       "coordinates":  [ 121.499672039179,25.037593997567 ]
    },
    "properties": {
    "專用標識編號":"臺北市旅館630號",
    "旅館名稱":"文舺行旅",
    "營業地址":"108臺北市萬華區西園路一段139號1-4樓",
    "電話或手機":"02-23064990",
    "客房最低定價":2600,
    "客房最高定價":4800,
    "房間數":9,
    "area":"萬華區"
    }
  },
  {
    "type": "Feature",
    "geometry": {
       "type": "Point",
       "coordinates":  [ 121.514081033652,25.046822011958 ]
    },
    "properties": {
    "專用標識編號":"臺北市旅館631號",
    "旅館名稱":"儷客旅店-站前店",
    "營業地址":"100臺北市中正區忠孝西路一段72號5樓及5樓之1",
    "電話或手機":"02-23118081",
    "客房最低定價":3000,
    "客房最高定價":21000,
    "房間數":30,
    "area":"中正區"
    }
  },
  {
    "type": "Feature",
    "geometry": {
       "type": "Point",
       "coordinates":  [ 121.525785020332,25.049713014183 ]
    },
    "properties": {
    "專用標識編號":"臺北市旅館632號",
    "旅館名稱":"富裕自由旅店林森館",
    "營業地址":"104臺北市中山區林森北路85巷23號1至2樓",
    "電話或手機":"02-25671333",
    "客房最低定價":10000,
    "客房最高定價":15000,
    "房間數":11,
    "area":"中山區"
    }
  },
  {
    "type": "Feature",
    "geometry": {
       "type": "Point",
       "coordinates":  [ 121.516237194425,25.046091612916 ]
    },
    "properties": {
    "專用標識編號":"臺北市旅館633號",
    "旅館名稱":"南陽街壹號旅店",
    "營業地址":"100臺北市中正區南陽街1號3樓至4樓",
    "電話或手機":"02-23888377",
    "客房最低定價":3000,
    "客房最高定價":4800,
    "房間數":79,
    "area":"中正區"
    }
  },
  {
    "type": "Feature",
    "geometry": {
       "type": "Point",
       "coordinates":  [ 121.530453991858,25.06369997983 ]
    },
    "properties": {
    "專用標識編號":"臺北市旅館634號",
    "旅館名稱":"漫映旅舍",
    "營業地址":"104臺北市中山區吉林路32號1-5樓",
    "電話或手機":"02-25222111",
    "客房最低定價":1500,
    "客房最高定價":20000,
    "房間數":14,
    "area":"中山區"
    }
  },
  {
    "type": "Feature",
    "geometry": {
       "type": "Point",
       "coordinates":  [ 121.50551699172,25.03759198591 ]
    },
    "properties": {
    "專用標識編號":"臺北市旅館635號",
    "旅館名稱":"和昌商務旅館台北西門館",
    "營業地址":"108臺北市萬華區桂林路24號1-5樓",
    "電話或手機":"02-23088828",
    "客房最低定價":3500,
    "客房最高定價":4800,
    "房間數":16,
    "area":"萬華區"
    }
  },
  {
    "type": "Feature",
    "geometry": {
       "type": "Point",
       "coordinates":  [ 121.549744020007,25.042020983548 ]
    },
    "properties": {
    "專用標識編號":"臺北市旅館636號",
    "旅館名稱":"合星旅館",
    "營業地址":"106臺北市大安區忠孝東路四段147巷5號3樓",
    "電話或手機":"02-27218225",
    "客房最低定價":1000,
    "客房最高定價":5000,
    "房間數":18,
    "area":"大安區"
    }
  },
  {
    "type": "Feature",
    "geometry": {
       "type": "Point",
       "coordinates":  [ 121.528339908239,25.049436118011 ]
    },
    "properties": {
    "專用標識編號":"臺北市旅館637號",
    "旅館名稱":"好駐旅館",
    "營業地址":"104臺北市中山區新生北路一段106號6樓、7樓、7樓之1-9",
    "電話或手機":"02-25213131",
    "客房最低定價":4360,
    "客房最高定價":7360,
    "房間數":29,
    "area":"中山區"
    }
  },
  {
    "type": "Feature",
    "geometry": {
       "type": "Point",
       "coordinates":  [ 121.55853898337,25.151814988419 ]
    },
    "properties": {
    "專用標識編號":"臺北市旅館638號",
    "旅館名稱":"智慧環境會館-菁山遊憩區",
    "營業地址":"111臺北市士林區菁山路101巷71弄16號",
    "電話或手機":"02-28625116",
    "客房最低定價":3500,
    "客房最高定價":10000,
    "房間數":17,
    "area":"士林區"
    }
  },
  {
    "type": "Feature",
    "geometry": {
       "type": "Point",
       "coordinates":  [ 121.510817958746,25.052136012843 ]
    },
    "properties": {
    "專用標識編號":"臺北市旅館640號",
    "旅館名稱":"城市商旅 北門館",
    "營業地址":"103臺北市大同區長安西路265號1至6樓及267號1至6樓",
    "電話或手機":"02-25525777",
    "客房最低定價":9000,
    "客房最高定價":12000,
    "房間數":65,
    "area":"大同區"
    }
  },
  {
    "type": "Feature",
    "geometry": {
       "type": "Point",
       "coordinates":  [ 121.506922972159,25.040770990327 ]
    },
    "properties": {
    "專用標識編號":"臺北市旅館641號",
    "旅館名稱":"慶爾喜旅館長沙一館",
    "營業地址":"108臺北市萬華區長沙街二段11號2樓",
    "電話或手機":"02-77309920",
    "客房最低定價":2200,
    "客房最高定價":3000,
    "房間數":15,
    "area":"萬華區"
    }
  },
  {
    "type": "Feature",
    "geometry": {
       "type": "Point",
       "coordinates":  [ 121.506922972159,25.040770990327 ]
    },
    "properties": {
    "專用標識編號":"臺北市旅館642號",
    "旅館名稱":"慶爾喜旅館長沙二館",
    "營業地址":"108臺北市萬華區長沙街二段11號3樓之1",
    "電話或手機":"02-77309920",
    "客房最低定價":10000,
    "客房最高定價":10000,
    "房間數":6,
    "area":"萬華區"
    }
  },
  {
    "type": "Feature",
    "geometry": {
       "type": "Point",
       "coordinates":  [ 121.524686991016,25.049987982516 ]
    },
    "properties": {
    "專用標識編號":"臺北市旅館643號",
    "旅館名稱":"泊居旅店二館 ",
    "營業地址":"104臺北市中山區林森北路96號3樓、3樓之1 ",
    "電話或手機":"02-25417766",
    "客房最低定價":1500,
    "客房最高定價":3900,
    "房間數":14,
    "area":"中山區"
    }
  },
  {
    "type": "Feature",
    "geometry": {
       "type": "Point",
       "coordinates":  [ 121.512577990774,25.042176006847 ]
    },
    "properties": {
    "專用標識編號":"臺北市旅館644號",
    "旅館名稱":"睡覺盒子旅館",
    "營業地址":"100臺北市中正區衡陽路34號1樓及36號地下之1、地下之2",
    "電話或手機":"02-55713713",
    "客房最低定價":1300,
    "客房最高定價":6000,
    "房間數":41,
    "area":"中正區"
    }
  },
  {
    "type": "Feature",
    "geometry": {
       "type": "Point",
       "coordinates":  [ 121.508297017547,25.038107011951 ]
    },
    "properties": {
    "專用標識編號":"臺北市旅館646號",
    "旅館名稱":"台北五號商旅",
    "營業地址":"100臺北市中正區延平南路160之5號(1樓至4樓)",
    "電話或手機":"02-23883067",
    "客房最低定價":12000,
    "客房最高定價":12000,
    "房間數":6,
    "area":"中正區"
    }
  },
  {
    "type": "Feature",
    "geometry": {
       "type": "Point",
       "coordinates":  [ 121.573122824343,25.033291105662 ]
    },
    "properties": {
    "專用標識編號":"臺北市旅館647號",
    "旅館名稱":"謙匯普樂室行旅",
    "營業地址":"110臺北市信義區信義路5段109號地下1樓",
    "電話或手機":"02-87864188",
    "客房最低定價":580,
    "客房最高定價":9900,
    "房間數":40,
    "area":"信義區"
    }
  },
  {
    "type": "Feature",
    "geometry": {
       "type": "Point",
       "coordinates":  [ 121.565397978558,25.042177012676 ]
    },
    "properties": {
    "專用標識編號":"臺北市旅館648號",
    "旅館名稱":"木文陶喜時尚旅館",
    "營業地址":"110臺北市信義區基隆路一段155號2樓之2、2樓之3",
    "電話或手機":"02-27494698",
    "客房最低定價":6800,
    "客房最高定價":12800,
    "房間數":15,
    "area":"信義區"
    }
  },
  {
    "type": "Feature",
    "geometry": {
       "type": "Point",
       "coordinates":  [ 121.525601959566,25.091060984456 ]
    },
    "properties": {
    "專用標識編號":"臺北市旅館649號",
    "旅館名稱":"吉泰旅店",
    "營業地址":"111臺北市士林區大東路93號1至4樓",
    "電話或手機":"02-28822278",
    "客房最低定價":6000,
    "客房最高定價":6000,
    "房間數":19,
    "area":"士林區"
    }
  },
  {
    "type": "Feature",
    "geometry": {
       "type": "Point",
       "coordinates":  [ 121.548312977677,25.041749996618 ]
    },
    "properties": {
    "專用標識編號":"臺北市旅館650號",
    "旅館名稱":"米窩飯店-大安",
    "營業地址":"106臺北市大安區忠孝東路四段107號7樓、7樓之2",
    "電話或手機":"02-27520006",
    "客房最低定價":2000,
    "客房最高定價":18000,
    "房間數":20,
    "area":"大安區"
    }
  },
  {
    "type": "Feature",
    "geometry": {
       "type": "Point",
       "coordinates":  [ 121.502587013646,25.045529983493 ]
    },
    "properties": {
    "專用標識編號":"臺北市旅館651號",
    "旅館名稱":"台北宿之酒店．臻品之選",
    "營業地址":"108臺北市萬華區環河南路一段51號2至14樓",
    "電話或手機":"02-23755511",
    "客房最低定價":30000,
    "客房最高定價":80000,
    "房間數":87,
    "area":"萬華區"
    }
  },
  {
    "type": "Feature",
    "geometry": {
       "type": "Point",
       "coordinates":  [ 121.549353004223,25.047883999091 ]
    },
    "properties": {
    "專用標識編號":"臺北市旅館652號",
    "旅館名稱":"美寓旅店",
    "營業地址":"105臺北市松山區八德路三段2號14樓 ",
    "電話或手機":"02-25775170",
    "客房最低定價":4000,
    "客房最高定價":15000,
    "房間數":34,
    "area":"松山區"
    }
  },
  {
    "type": "Feature",
    "geometry": {
       "type": "Point",
       "coordinates":  [ 121.51261302713,25.04525501516 ]
    },
    "properties": {
    "專用標識編號":"臺北市旅館654號",
    "旅館名稱":"福爾摩莎北驛旅館",
    "營業地址":"100臺北市中正區漢口街1段45號2、4樓及47號2樓",
    "電話或手機":"02-23816089",
    "客房最低定價":2000,
    "客房最高定價":15000,
    "房間數":41,
    "area":"中正區"
    }
  },
  {
    "type": "Feature",
    "geometry": {
       "type": "Point",
       "coordinates":  [ 121.515826984083,25.04622798648 ]
    },
    "properties": {
    "專用標識編號":"臺北市旅館655號",
    "旅館名稱":"果芒驛站旅店",
    "營業地址":"100臺北市中正區忠孝西路一段50號23樓之18 ",
    "電話或手機":"02-23706808",
    "客房最低定價":3000,
    "客房最高定價":6000,
    "房間數":2,
    "area":"中正區"
    }
  },
  {
    "type": "Feature",
    "geometry": {
       "type": "Point",
       "coordinates":  [ 121.529205004465,25.093169200743 ]
    },
    "properties": {
    "專用標識編號":"臺北市旅館656號",
    "旅館名稱":"台北士林萬麗酒店",
    "營業地址":"111臺北市士林區中山北路五段470巷8號",
    "電話或手機":"02-88612389",
    "客房最低定價":6000,
    "客房最高定價":180000,
    "房間數":104,
    "area":"士林區"
    }
  },
  {
    "type": "Feature",
    "geometry": {
       "type": "Point",
       "coordinates":  [ 121.530518685427,25.043085169192 ]
    },
    "properties": {
    "專用標識編號":"臺北市旅館657號",
    "旅館名稱":"天成文旅 華山町",
    "營業地址":"100臺北市中正區忠孝東路二段79號（1-3樓）",
    "電話或手機":"02-23515188",
    "客房最低定價":6000,
    "客房最高定價":9500,
    "房間數":72,
    "area":"中正區"
    }
  },
  {
    "type": "Feature",
    "geometry": {
       "type": "Point",
       "coordinates":  [ 121.533386987417,25.050749981334 ]
    },
    "properties": {
    "專用標識編號":"臺北市旅館659號",
    "旅館名稱":"城鄉旅坊台北",
    "營業地址":"104臺北市中山區松江路95之1號4樓",
    "電話或手機":"02-25029955",
    "客房最低定價":3880,
    "客房最高定價":9880,
    "房間數":11,
    "area":"中山區"
    }
  },
  {
    "type": "Feature",
    "geometry": {
       "type": "Point",
       "coordinates":  [ 121.49809297244,25.14333300532 ]
    },
    "properties": {
    "專用標識編號":"臺北市旅館661號",
    "旅館名稱":"宜家居商旅",
    "營業地址":"112臺北市北投區中和街40號3樓及3樓之1",
    "電話或手機":"02-28910502",
    "客房最低定價":4900,
    "客房最高定價":4900,
    "房間數":39,
    "area":"北投區"
    }
  },
  {
    "type": "Feature",
    "geometry": {
       "type": "Point",
       "coordinates":  [ 121.541102026376,25.1359149791 ]
    },
    "properties": {
    "專用標識編號":"臺北市旅館662號",
    "旅館名稱":"陽明山美國渡假村",
    "營業地址":"111臺北市士林區凱旋路69號、71號及61巷2弄6至10號",
    "電話或手機":"02-28623232",
    "客房最低定價":2880,
    "客房最高定價":7980,
    "房間數":28,
    "area":"士林區"
    }
  },
  {
    "type": "Feature",
    "geometry": {
       "type": "Point",
       "coordinates":  [ 121.51147105907,25.047482280022 ]
    },
    "properties": {
    "專用標識編號":"臺北市旅館663號",
    "旅館名稱":"五月家青旅 北車館",
    "營業地址":"100臺北市中正區忠孝西路一段122號6樓",
    "電話或手機":"02-23822929",
    "客房最低定價":600,
    "客房最高定價":4000,
    "房間數":5,
    "area":"中正區"
    }
  },
  {
    "type": "Feature",
    "geometry": {
       "type": "Point",
       "coordinates":  [ 121.560700005647,25.052377998388 ]
    },
    "properties": {
    "專用標識編號":"臺北市旅館664號",
    "旅館名稱":"懷特豪斯青年旅舍",
    "營業地址":"105臺北市松山區南京東路五段123巷1號1至4樓、1之1號2至4樓、1之2號2至4樓",
    "電話或手機":"02-37656578",
    "客房最低定價":7500,
    "客房最高定價":26000,
    "房間數":38,
    "area":"松山區"
    }
  },
  {
    "type": "Feature",
    "geometry": {
       "type": "Point",
       "coordinates":  [ 121.506315032722,25.11559401877 ]
    },
    "properties": {
    "專用標識編號":"臺北市旅館665號",
    "旅館名稱":"沃客汽車旅館",
    "營業地址":"112臺北市北投區承德路七段236號",
    "電話或手機":"02-28226666",
    "客房最低定價":22999,
    "客房最高定價":22999,
    "房間數":63,
    "area":"北投區"
    }
  },
  {
    "type": "Feature",
    "geometry": {
       "type": "Point",
       "coordinates":  [ 121.525214967097,25.045291015434 ]
    },
    "properties": {
    "專用標識編號":"臺北市旅館666號",
    "旅館名稱":"拉開門輕旅",
    "營業地址":"100臺北市中正區紹興北街8號4樓之1至4樓之3",
    "電話或手機":"02-66044400、 0909-009294",
    "客房最低定價":700,
    "客房最高定價":3000,
    "房間數":6,
    "area":"中正區"
    }
  },
  {
    "type": "Feature",
    "geometry": {
       "type": "Point",
       "coordinates":  [ 121.564827003314,25.042229986304 ]
    },
    "properties": {
    "專用標識編號":"臺北市旅館667號",
    "旅館名稱":"正是旅館",
    "營業地址":"110臺北市信義區基隆路一段182號1樓至7樓",
    "電話或手機":"02-23718230",
    "客房最低定價":25000,
    "客房最高定價":25000,
    "房間數":18,
    "area":"信義區"
    }
  },
  {
    "type": "Feature",
    "geometry": {
       "type": "Point",
       "coordinates":  [ 121.52554102313,25.064777012479 ]
    },
    "properties": {
    "專用標識編號":"臺北市旅館668號",
    "旅館名稱":"九昱晴美 ",
    "營業地址":"104臺北市中山區林森北路568號2至13樓，3樓之1、2、3、5、6至12樓之1、2、3、5、6，13樓之1",
    "電話或手機":"02-66080807",
    "客房最低定價":10800,
    "客房最高定價":21800,
    "房間數":62,
    "area":"中山區"
    }
  },
  {
    "type": "Feature",
    "geometry": {
       "type": "Point",
       "coordinates":  [ 121.535930978849,25.040723003932 ]
    },
    "properties": {
    "專用標識編號":"臺北市旅館669號",
    "旅館名稱":"皇家玫瑰旅館新生館",
    "營業地址":"106臺北市大安區新生南路一段103巷37號(1至5樓)",
    "電話或手機":"02-27522077",
    "客房最低定價":3000,
    "客房最高定價":19000,
    "房間數":21,
    "area":"大安區"
    }
  },
  {
    "type": "Feature",
    "geometry": {
       "type": "Point",
       "coordinates":  [ 121.514518988093,25.049641013634 ]
    },
    "properties": {
    "專用標識編號":"臺北市旅館671號",
    "旅館名稱":"門埕青旅",
    "營業地址":"103臺北市大同區鄭州路21巷10號(1至3樓)",
    "電話或手機":"02-25585676",
    "客房最低定價":12600,
    "客房最高定價":12600,
    "房間數":2,
    "area":"大同區"
    }
  },
  {
    "type": "Feature",
    "geometry": {
       "type": "Point",
       "coordinates":  [ 121.515114019399,25.050381009956 ]
    },
    "properties": {
    "專用標識編號":"臺北市旅館672號",
    "旅館名稱":"漫步1948",
    "營業地址":"103臺北市大同區太原路40、42、44號(1至4樓)",
    "電話或手機":"02-25588812",
    "客房最低定價":20000,
    "客房最高定價":25000,
    "房間數":24,
    "area":"大同區"
    }
  },
  {
    "type": "Feature",
    "geometry": {
       "type": "Point",
       "coordinates":  [ 121.538251503074,25.057722147937 ]
    },
    "properties": {
    "專用標識編號":"臺北市旅館674號",
    "旅館名稱":"台北國泰萬怡酒店 ",
    "營業地址":"104臺北市中山區民生東路三段6號地下1樓、1、2、14至20樓",
    "電話或手機":"02-77503377",
    "客房最低定價":15000,
    "客房最高定價":100000,
    "房間數":227,
    "area":"中山區"
    }
  },
  {
    "type": "Feature",
    "geometry": {
       "type": "Point",
       "coordinates":  [ 121.577938982089,25.07757169431 ]
    },
    "properties": {
    "專用標識編號":"臺北市旅館675號",
    "旅館名稱":"凱旋酒店",
    "營業地址":"114臺北市內湖區江南街55號3樓、9樓",
    "電話或手機":"02-87527888",
    "客房最低定價":8800,
    "客房最高定價":38800,
    "房間數":88,
    "area":"內湖區"
    }
  },
  {
    "type": "Feature",
    "geometry": {
       "type": "Point",
       "coordinates":  [ 121.524067316914,25.082090420221 ]
    },
    "properties": {
    "專用標識編號":"臺北市旅館676號",
    "旅館名稱":"天閣酒店台北劍潭",
    "營業地址":"111臺北市士林區基河路16之6號1樓至12樓",
    "電話或手機":"02-28862999",
    "客房最低定價":10500,
    "客房最高定價":30000,
    "房間數":72,
    "area":"士林區"
    }
  },
  {
    "type": "Feature",
    "geometry": {
       "type": "Point",
       "coordinates":  [ 121.522738030889,25.051355992933 ]
    },
    "properties": {
    "專用標識編號":"臺北市旅館677號",
    "旅館名稱":"台北中山九昱希爾頓逸林酒店",
    "營業地址":"104臺北市中山區中山北路一段121巷1之1號,121巷1號1樓至14樓",
    "電話或手機":"02-66199999",
    "客房最低定價":12000,
    "客房最高定價":18000,
    "房間數":105,
    "area":"中山區"
    }
  },
  {
    "type": "Feature",
    "geometry": {
       "type": "Point",
       "coordinates":  { }
    },
    "properties": {
    "專用標識編號":"臺北市旅館678號",
    "旅館名稱":"艾爾行旅",
    "營業地址":"106臺北市大安區忠孝東路四段87號7樓、7樓之2、7樓之3、7樓之4及7樓之8",
    "電話或手機":"02-27418080",
    "客房最低定價":4800,
    "客房最高定價":26000,
    "房間數":40,
    "area":"大安區"
    }
  },
  {
    "type": "Feature",
    "geometry": {
       "type": "Point",
       "coordinates":  [ 121.530231033233,25.053084006092 ]
    },
    "properties": {
    "專用標識編號":"臺北市旅館679號",
    "旅館名稱":"美侖商旅",
    "營業地址":"104臺北市中山區吉林路49號1至8樓",
    "電話或手機":"02-25313535",
    "客房最低定價":16000,
    "客房最高定價":18000,
    "房間數":70,
    "area":"中山區"
    }
  },
  {
    "type": "Feature",
    "geometry": {
       "type": "Point",
       "coordinates":  [ 121.51506914895,25.043567287992 ]
    },
    "properties": {
    "專用標識編號":"臺北市旅館681號",
    "旅館名稱":"雅璞文旅",
    "營業地址":"100臺北市中正區黎明里10鄰館前路8號5樓及8樓",
    "電話或手機":"02-23709966",
    "客房最低定價":12800,
    "客房最高定價":16800,
    "房間數":64,
    "area":"中正區"
    }
  },
  {
    "type": "Feature",
    "geometry": {
       "type": "Point",
       "coordinates":  [ 121.511177039478,25.046070993434 ]
    },
    "properties": {
    "專用標識編號":"臺北市旅館682號",
    "旅館名稱":"109 Hostel Taipei 台北109青旅",
    "營業地址":"100臺北市中正區博愛路36號3樓",
    "電話或手機":"0905-972109",
    "客房最低定價":3500,
    "客房最高定價":30000,
    "房間數":6,
    "area":"中正區"
    }
  },
  {
    "type": "Feature",
    "geometry": {
       "type": "Point",
       "coordinates":  [ 121.504103970483,25.04427500304 ]
    },
    "properties": {
    "專用標識編號":"臺北市旅館683號",
    "旅館名稱":"幸福蘋果旅店",
    "營業地址":"108臺北市萬華區峨眉街109、109-2號(1樓部分、2至7樓)",
    "電話或手機":"02-23117877",
    "客房最低定價":4000,
    "客房最高定價":8000,
    "房間數":49,
    "area":"萬華區"
    }
  },
  {
    "type": "Feature",
    "geometry": {
       "type": "Point",
       "coordinates":  [ 121.575074969593,25.050967994635 ]
    },
    "properties": {
    "專用標識編號":"臺北市旅館684號",
    "旅館名稱":"松河璞旅",
    "營業地址":"105臺北市松山區松河街112號1樓至8樓",
    "電話或手機":"02-25281567",
    "客房最低定價":2600,
    "客房最高定價":13000,
    "房間數":42,
    "area":"松山區"
    }
  },
  {
    "type": "Feature",
    "geometry": {
       "type": "Point",
       "coordinates":  [ 121.545349807267,25.040330018401 ]
    },
    "properties": {
    "專用標識編號":"臺北市旅館686號",
    "旅館名稱":"金普頓大安酒店",
    "營業地址":"106臺北市大安區仁愛路四段27巷23號3樓至11樓、25號、25號3樓至11樓、27號2樓至14樓",
    "電話或手機":"02-27792000",
    "客房最低定價":16000,
    "客房最高定價":30000,
    "房間數":129,
    "area":"大安區"
    }
  },
  {
    "type": "Feature",
    "geometry": {
       "type": "Point",
       "coordinates":  [ 121.523904624173,25.050523795677 ]
    },
    "properties": {
    "專用標識編號":"臺北市旅館687號",
    "旅館名稱":"碩城文旅",
    "營業地址":"104臺北市中山區中山北路一段105巷12-6號2至8樓",
    "電話或手機":"02-21001023",
    "客房最低定價":1280,
    "客房最高定價":9800,
    "房間數":32,
    "area":"中山區"
    }
  },
  {
    "type": "Feature",
    "geometry": {
       "type": "Point",
       "coordinates":  [ 121.614926979698,25.059893003227 ]
    },
    "properties": {
    "專用標識編號":"臺北市旅館689號",
    "旅館名稱":"南港老爺行旅",
    "營業地址":"115臺北市南港區經貿二路196號.196號10樓至20樓",
    "電話或手機":"02-77500588",
    "客房最低定價":4500,
    "客房最高定價":19800,
    "房間數":179,
    "area":"南港區"
    }
  },
  {
    "type": "Feature",
    "geometry": {
       "type": "Point",
       "coordinates":  [ 121.529377001119,25.042273991295 ]
    },
    "properties": {
    "專用標識編號":"臺北市旅館690號",
    "旅館名稱":"玩行旅 台北館",
    "營業地址":"100臺北市中正區金山南路1段8號1樓至8樓",
    "電話或手機":"02-23212680",
    "客房最低定價":12880,
    "客房最高定價":13880,
    "房間數":49,
    "area":"中正區"
    }
  },
  {
    "type": "Feature",
    "geometry": {
       "type": "Point",
       "coordinates":  [ 121.517954981661,25.055713995851 ]
    },
    "properties": {
    "專用標識編號":"臺北市旅館691號",
    "旅館名稱":"野趣旅舍 T.O.HOTEL",
    "營業地址":"103臺北市大同區承德路二段28號1至5樓",
    "電話或手機":"02-25521300",
    "客房最低定價":2680,
    "客房最高定價":9800,
    "房間數":16,
    "area":"大同區"
    }
  },
  {
    "type": "Feature",
    "geometry": {
       "type": "Point",
       "coordinates":  [ 121.510074986848,25.059861990185 ]
    },
    "properties": {
    "專用標識編號":"臺北市旅館693號",
    "旅館名稱":"門草行旅",
    "營業地址":"103臺北市大同區安西街23號1至4樓（不含安西街25號1樓）",
    "電話或手機":"02-25577045",
    "客房最低定價":8800,
    "客房最高定價":8800,
    "房間數":4,
    "area":"大同區"
    }
  },
  {
    "type": "Feature",
    "geometry": {
       "type": "Point",
       "coordinates":  [ 121.519512003995,25.068640986024 ]
    },
    "properties": {
    "專用標識編號":"臺北市旅館694號",
    "旅館名稱":"小角落旅店",
    "營業地址":"103臺北市大同區民族西路33號(1至4樓)",
    "電話或手機":"02-25991699",
    "客房最低定價":600,
    "客房最高定價":48000,
    "房間數":5,
    "area":"大同區"
    }
  },
  {
    "type": "Feature",
    "geometry": {
       "type": "Point",
       "coordinates":  [ 121.506686015756,25.041318999157 ]
    },
    "properties": {
    "專用標識編號":"臺北市旅館696號",
    "旅館名稱":"丹居青旅",
    "營業地址":"108臺北市萬華區漢中街154號",
    "電話或手機":"0977-066154",
    "客房最低定價":1500,
    "客房最高定價":4000,
    "房間數":11,
    "area":"萬華區"
    }
  },
  {
    "type": "Feature",
    "geometry": {
       "type": "Point",
       "coordinates":  [ 121.539420029865,25.055936996385 ]
    },
    "properties": {
    "專用標識編號":"臺北市旅館697號",
    "旅館名稱":"甲山林湯旅JSL hotel",
    "營業地址":"104臺北市中山區興安街56、58、60號1樓，62號1至9樓",
    "電話或手機":"02-25012222",
    "客房最低定價":15000,
    "客房最高定價":30000,
    "房間數":157,
    "area":"中山區"
    }
  },
  {
    "type": "Feature",
    "geometry": {
       "type": "Point",
       "coordinates":  [ 121.515826984083,25.04622798648 ]
    },
    "properties": {
    "專用標識編號":"臺北市旅館698號",
    "旅館名稱":"日光拾玖",
    "營業地址":"100臺北市中正區忠孝西路一段50號19樓、19樓之1、之2、之5、之17、之27、之29、之31、之43及19樓等共同使用",
    "電話或手機":"02-23889998",
    "客房最低定價":16000,
    "客房最高定價":16000,
    "房間數":40,
    "area":"中正區"
    }
  },
  {
    "type": "Feature",
    "geometry": {
       "type": "Point",
       "coordinates":  [ 121.558505036663,25.048132019606 ]
    },
    "properties": {
    "專用標識編號":"臺北市旅館700號",
    "旅館名稱":"洛碁三貝茲",
    "營業地址":"105臺北市松山區八德路四段16號1-7樓",
    "電話或手機":"02-27630555",
    "客房最低定價":3000,
    "客房最高定價":30000,
    "房間數":54,
    "area":"松山區"
    }
  },
  {
    "type": "Feature",
    "geometry": {
       "type": "Point",
       "coordinates":  [ 121.51212302107,25.050922019897 ]
    },
    "properties": {
    "專用標識編號":"臺北市旅館701號",
    "旅館名稱":"城市商旅站前館",
    "營業地址":"103臺北市大同區延平北路一段51號1至3樓及53號1樓",
    "電話或手機":"02-25507000",
    "客房最低定價":13200,
    "客房最高定價":19800,
    "房間數":92,
    "area":"大同區"
    }
  },
  {
    "type": "Feature",
    "geometry": {
       "type": "Point",
       "coordinates":  [ 121.513414001797,25.046630988385 ]
    },
    "properties": {
    "專用標識編號":"臺北市旅館702號",
    "旅館名稱":"華達大飯店 ",
    "營業地址":"100臺北市中正區重慶南路一段1號6樓",
    "電話或手機":"02-23110212",
    "客房最低定價":2000,
    "客房最高定價":4200,
    "房間數":14,
    "area":"中正區"
    }
  },
  {
    "type": "Feature",
    "geometry": {
       "type": "Point",
       "coordinates":  [ 121.546906997239,25.058649003067 ]
    },
    "properties": {
    "專用標識編號":"臺北市旅館703號",
    "旅館名稱":"豪城商旅民生館",
    "營業地址":"105臺北市松山區民生東路三段113巷7弄11號1樓至6樓",
    "電話或手機":"02-27137078",
    "客房最低定價":3200,
    "客房最高定價":4000,
    "房間數":38,
    "area":"松山區"
    }
  },
  {
    "type": "Feature",
    "geometry": {
       "type": "Point",
       "coordinates":  [ 121.523326021397,25.050319989701 ]
    },
    "properties": {
    "專用標識編號":"臺北市旅館704號",
    "旅館名稱":"天雲旅棧台北中山",
    "營業地址":"104臺北市中山區中山北路一段83巷7,7之1號至7之18號",
    "電話或手機":"02-25216666",
    "客房最低定價":7000,
    "客房最高定價":9800,
    "房間數":56,
    "area":"中山區"
    }
  },
  {
    "type": "Feature",
    "geometry": {
       "type": "Point",
       "coordinates":  [ 121.537220618472,25.050735983556 ]
    },
    "properties": {
    "專用標識編號":"臺北市旅館705號",
    "旅館名稱":"MVSA 慕舍酒店",
    "營業地址":"104臺北市中山區建國北路一段61號",
    "電話或手機":"02-25006772",
    "客房最低定價":18800,
    "客房最高定價":36800,
    "房間數":38,
    "area":"中山區"
    }
  },
  {
    "type": "Feature",
    "geometry": {
       "type": "Point",
       "coordinates":  [ 121.563340724243,25.039826685116 ]
    },
    "properties": {
    "專用標識編號":"臺北市旅館706號",
    "旅館名稱":"瀚寓酒店",
    "營業地址":"110臺北市信義區基隆路一段206號1至12樓",
    "電話或手機":"02-87583777",
    "客房最低定價":16000,
    "客房最高定價":60000,
    "房間數":120,
    "area":"信義區"
    }
  },
  {
    "type": "Feature",
    "geometry": {
       "type": "Point",
       "coordinates":  [ 121.559916381519,25.083266820332 ]
    },
    "properties": {
    "專用標識編號":"臺北市旅館708號",
    "旅館名稱":"台北大直英迪格酒店",
    "營業地址":"104臺北市中山區植福路200號（地上1樓部分）、200號5樓（地上5層至10層）",
    "電話或手機":"02-35187777",
    "客房最低定價":5000,
    "客房最高定價":309600,
    "房間數":149,
    "area":"中山區"
    }
  },
  {
    "type": "Feature",
    "geometry": {
       "type": "Point",
       "coordinates":  [ 121.51446903195,25.049450995889 ]
    },
    "properties": {
    "專用標識編號":"臺北市旅館709號",
    "旅館名稱":"配普特行旅",
    "營業地址":"103臺北市大同區鄭州路21巷4號(1樓至3樓)",
    "電話或手機":"02-25583669",
    "客房最低定價":5000,
    "客房最高定價":12000,
    "房間數":9,
    "area":"大同區"
    }
  },
  {
    "type": "Feature",
    "geometry": {
       "type": "Point",
       "coordinates":  [ 121.504639993191,25.04258001458 ]
    },
    "properties": {
    "專用標識編號":"臺北市旅館711號",
    "旅館名稱":"町記憶旅店3館",
    "營業地址":"108臺北市萬華區昆明街142號2、3樓",
    "電話或手機":"02-23709930",
    "客房最低定價":18800,
    "客房最高定價":28800,
    "房間數":44,
    "area":"萬華區"
    }
  },
  {
    "type": "Feature",
    "geometry": {
       "type": "Point",
       "coordinates":  [ 121.537314914883,25.058706880109 ]
    },
    "properties": {
    "專用標識編號":"臺北市旅館712號",
    "旅館名稱":"苓旅旅館中山館",
    "營業地址":"104臺北市中山區建國北路2段91號1樓,93號1至7樓,2樓-1至7樓-1,95巷2號1樓,4號1樓",
    "電話或手機":"02-25084588",
    "客房最低定價":3280,
    "客房最高定價":15000,
    "房間數":42,
    "area":"中山區"
    }
  },
  {
    "type": "Feature",
    "geometry": {
       "type": "Point",
       "coordinates":  [ 121.50670303102,25.045107996578 ]
    },
    "properties": {
    "專用標識編號":"臺北市旅館713號",
    "旅館名稱":"和旅瓏旅館西門館",
    "營業地址":"108臺北市萬華區西寧南路105號2至5樓、2樓之1至5樓之1",
    "電話或手機":"02-23616569",
    "客房最低定價":3150,
    "客房最高定價":26000,
    "房間數":42,
    "area":"萬華區"
    }
  },
  {
    "type": "Feature",
    "geometry": {
       "type": "Point",
       "coordinates":  [ 121.514390493517,25.045914419482 ]
    },
    "properties": {
    "專用標識編號":"臺北市旅館714號",
    "旅館名稱":"野趣光延旅館",
    "營業地址":"100臺北市中正區開封街一段2號2樓",
    "電話或手機":"02-23140202",
    "客房最低定價":1480,
    "客房最高定價":6800,
    "房間數":44,
    "area":"中正區"
    }
  },
  {
    "type": "Feature",
    "geometry": {
       "type": "Point",
       "coordinates":  [ 121.505208034769,25.047074013877 ]
    },
    "properties": {
    "專用標識編號":"臺北市旅館715號",
    "旅館名稱":"藝築文旅開封館",
    "營業地址":"108臺北市萬華區開封街二段63號",
    "電話或手機":"02-23312986",
    "客房最低定價":4280,
    "客房最高定價":17800,
    "房間數":12,
    "area":"萬華區"
    }
  },
  {
    "type": "Feature",
    "geometry": {
       "type": "Point",
       "coordinates":  [ 121.510930024791,25.052753004736 ]
    },
    "properties": {
    "專用標識編號":"臺北市旅館717號",
    "旅館名稱":"日好青旅",
    "營業地址":"103臺北市大同區甘谷街26號6樓",
    "電話或手機":"02-25558667",
    "客房最低定價":3000,
    "客房最高定價":6000,
    "房間數":11,
    "area":"大同區"
    }
  },
  {
    "type": "Feature",
    "geometry": {
       "type": "Point",
       "coordinates":  [ 121.524768966029,25.051295014588 ]
    },
    "properties": {
    "專用標識編號":"臺北市旅館719號",
    "旅館名稱":"盤古捷旅",
    "營業地址":"104臺北市中山區中山北路1段135巷39號(地上層至7層)",
    "電話或手機":"02-25671001",
    "客房最低定價":4400,
    "客房最高定價":8800,
    "房間數":50,
    "area":"中山區"
    }
  },
  {
    "type": "Feature",
    "geometry": {
       "type": "Point",
       "coordinates":  [ 121.524222968856,25.082784986628 ]
    },
    "properties": {
    "專用標識編號":"臺北市旅館720號",
    "旅館名稱":"天閣酒店台北士林",
    "營業地址":"111臺北市士林區基河路16-8號1樓至11樓",
    "電話或手機":"02-28866888",
    "客房最低定價":20000,
    "客房最高定價":20000,
    "房間數":51,
    "area":"士林區"
    }
  },
  {
    "type": "Feature",
    "geometry": {
       "type": "Point",
       "coordinates":  [ 121.523091998661,25.049980019708 ]
    },
    "properties": {
    "專用標識編號":"臺北市旅館721號",
    "旅館名稱":"大昌旺商旅",
    "營業地址":"104臺北市中山區天津街43號1至4樓",
    "電話或手機":"02-21001118、 0908-609351",
    "客房最低定價":1000,
    "客房最高定價":3000,
    "房間數":21,
    "area":"中山區"
    }
  },
  {
    "type": "Feature",
    "geometry": {
       "type": "Point",
       "coordinates":  [ 121.515826984083,25.04622798648 ]
    },
    "properties": {
    "專用標識編號":"臺北市旅館722號",
    "旅館名稱":"美亞商旅",
    "營業地址":"100臺北市中正區忠孝西路一段50號3樓至5樓及3樓之1至5樓之1",
    "電話或手機":"02-23313001",
    "客房最低定價":12000,
    "客房最高定價":24000,
    "房間數":264,
    "area":"中正區"
    }
  },
  {
    "type": "Feature",
    "geometry": {
       "type": "Point",
       "coordinates":  [ 121.534269015088,25.041913988554 ]
    },
    "properties": {
    "專用標識編號":"臺北市旅館723號",
    "旅館名稱":"和苑三井花園飯店  台北忠孝",
    "營業地址":"106臺北市大安區忠孝東路三段30號",
    "電話或手機":"02-27811131",
    "客房最低定價":12500,
    "客房最高定價":40000,
    "房間數":297,
    "area":"大安區"
    }
  },
  {
    "type": "Feature",
    "geometry": {
       "type": "Point",
       "coordinates":  [ 121.515826984083,25.04622798648 ]
    },
    "properties": {
    "專用標識編號":"臺北市旅館724號",
    "旅館名稱":"所在行旅",
    "營業地址":"100臺北市中正區忠孝西路一段50號 24樓之6",
    "電話或手機":"02-77552077",
    "客房最低定價":800,
    "客房最高定價":12000,
    "房間數":2,
    "area":"中正區"
    }
  },
  {
    "type": "Feature",
    "geometry": {
       "type": "Point",
       "coordinates":  [ 121.524457997421,25.023737999156 ]
    },
    "properties": {
    "專用標識編號":"臺北市旅館725號",
    "旅館名稱":"旅家雅舍",
    "營業地址":"100臺北市中正區南昌路二段222號11樓",
    "電話或手機":"0926-657353",
    "客房最低定價":8000,
    "客房最高定價":16000,
    "房間數":7,
    "area":"中正區"
    }
  },
  {
    "type": "Feature",
    "geometry": {
       "type": "Point",
       "coordinates":  [ 121.513649030362,25.04692401972 ]
    },
    "properties": {
    "專用標識編號":"臺北市旅館727號",
    "旅館名稱":"路徒PLUS行旅-主題館",
    "營業地址":"100臺北市中正區忠孝西路一段80號5至12樓",
    "電話或手機":"02-23311788",
    "客房最低定價":18880,
    "客房最高定價":43880,
    "房間數":109,
    "area":"中正區"
    }
  },
  {
    "type": "Feature",
    "geometry": {
       "type": "Point",
       "coordinates":  [ 121.52198307287,25.039689012356 ]
    },
    "properties": {
    "專用標識編號":"臺北市旅館728號",
    "旅館名稱":"台北時代寓所",
    "營業地址":"100臺北市中正區林森南路7號1至14樓、7-1號1樓",
    "電話或手機":"02-77521888",
    "客房最低定價":15800,
    "客房最高定價":20000,
    "房間數":175,
    "area":"中正區"
    }
  },
  {
    "type": "Feature",
    "geometry": {
       "type": "Point",
       "coordinates":  [ 121.515656999087,25.045442979338 ]
    },
    "properties": {
    "專用標識編號":"臺北市旅館729號",
    "旅館名稱":"白色空間設計旅店",
    "營業地址":"100臺北市中正區許昌街40號4樓、4樓之1、4樓之2",
    "電話或手機":"02-23822200",
    "客房最低定價":6800,
    "客房最高定價":8800,
    "房間數":13,
    "area":"中正區"
    }
  },
  {
    "type": "Feature",
    "geometry": {
       "type": "Point",
       "coordinates":  [ 121.513854973723,25.043256015071 ]
    },
    "properties": {
    "專用標識編號":"臺北市旅館730號",
    "旅館名稱":"雀客旅館台北站前",
    "營業地址":"100臺北市中正區襄陽路4號(1至10樓)",
    "電話或手機":"02-23120522",
    "客房最低定價":10560,
    "客房最高定價":22800,
    "房間數":100,
    "area":"中正區"
    }
  },
  {
    "type": "Feature",
    "geometry": {
       "type": "Point",
       "coordinates":  [ 121.531099985135,25.118622987121 ]
    },
    "properties": {
    "專用標識編號":"臺北市旅館731號",
    "旅館名稱":"玉璽精品飯店",
    "營業地址":"111臺北市士林區中山北路七段14巷2之3號2至10樓、11樓（11層及12層）",
    "電話或手機":"02-28766579",
    "客房最低定價":4950,
    "客房最高定價":6600,
    "房間數":85,
    "area":"士林區"
    }
  },
  {
    "type": "Feature",
    "geometry": {
       "type": "Point",
       "coordinates":  [ 121.5946872,25.083055 ]
    },
    "properties": {
    "專用標識編號":"臺北市旅館732號",
    "旅館名稱":"大湖璞旅",
    "營業地址":"114臺北市內湖區成功路五段462號1樓、3樓至14樓、3樓之1至3樓之6、4樓之1至4樓之13、5樓之2至5樓之13、6樓之2至6樓之13、7樓之2至7樓之12、8樓之1至8樓之13、 9樓之1至9樓之13、10樓之",
    "電話或手機":"02-26338555",
    "客房最低定價":5000,
    "客房最高定價":30000,
    "房間數":148,
    "area":"內湖區"
    }
  },
  {
    "type": "Feature",
    "geometry": {
       "type": "Point",
       "coordinates":  [ 121.524666958267,25.04992101111 ]
    },
    "properties": {
    "專用標識編號":"臺北市旅館733號",
    "旅館名稱":"瑞絲逸旅店",
    "營業地址":"104臺北市中山區林森北路96號2樓之1、之2",
    "電話或手機":"02-25641372",
    "客房最低定價":1580,
    "客房最高定價":1580,
    "房間數":9,
    "area":"中山區"
    }
  },
  {
    "type": "Feature",
    "geometry": {
       "type": "Point",
       "coordinates":  [ 121.533212140916,25.050914182817 ]
    },
    "properties": {
    "專用標識編號":"臺北市旅館734號",
    "旅館名稱":"旅城驛鎮",
    "營業地址":"104臺北市中山區松江路95-1號6樓 ",
    "電話或手機":"02-25081848",
    "客房最低定價":10000,
    "客房最高定價":12000,
    "房間數":10,
    "area":"中山區"
    }
  },
  {
    "type": "Feature",
    "geometry": {
       "type": "Point",
       "coordinates":  [ 121.524558491777,25.049549702944 ]
    },
    "properties": {
    "專用標識編號":"臺北市旅館735號",
    "旅館名稱":"柯達大飯店台北林森",
    "營業地址":"104臺北市中山區林森北路74號、76號(1樓至8樓 ) ",
    "電話或手機":"02-25712222",
    "客房最低定價":1000,
    "客房最高定價":15000,
    "房間數":49,
    "area":"中山區"
    }
  },
  {
    "type": "Feature",
    "geometry": {
       "type": "Point",
       "coordinates":  [ 121.574513746149,25.050464771728 ]
    },
    "properties": {
    "專用標識編號":"臺北市旅館736號",
    "旅館名稱":"森浩文旅-STEP INN",
    "營業地址":"105臺北市松山區饒河街131、133號2至3樓",
    "電話或手機":"02-27609090",
    "客房最低定價":6800,
    "客房最高定價":12800,
    "房間數":28,
    "area":"松山區"
    }
  },
  {
    "type": "Feature",
    "geometry": {
       "type": "Point",
       "coordinates":  [ 121.506211013303,25.044805996606 ]
    },
    "properties": {
    "專用標識編號":"臺北市旅館737號",
    "旅館名稱":"趣西門旅店",
    "營業地址":"108臺北市萬華區武昌街二段72號7樓",
    "電話或手機":"02-23618266",
    "客房最低定價":10000,
    "客房最高定價":20000,
    "房間數":27,
    "area":"萬華區"
    }
  },
  {
    "type": "Feature",
    "geometry": {
       "type": "Point",
       "coordinates":  [ 121.506211013303,25.044805996606 ]
    },
    "properties": {
    "專用標識編號":"臺北市旅館738號",
    "旅館名稱":"慶爾喜旅館",
    "營業地址":"108臺北市萬華區武昌街二段72號11樓",
    "電話或手機":"02-77309920",
    "客房最低定價":25000,
    "客房最高定價":25000,
    "房間數":6,
    "area":"萬華區"
    }
  },
  {
    "type": "Feature",
    "geometry": {
       "type": "Point",
       "coordinates":  [ 121.514026970376,25.051316011255 ]
    },
    "properties": {
    "專用標識編號":"臺北市旅館741號",
    "旅館名稱":"悅心旅",
    "營業地址":"103臺北市大同區重慶北路1段61號1樓 至3樓",
    "電話或手機":"02-25591525",
    "客房最低定價":3800,
    "客房最高定價":6800,
    "房間數":14,
    "area":"大同區"
    }
  },
  {
    "type": "Feature",
    "geometry": {
       "type": "Point",
       "coordinates":  [ 121.513649030362,25.04692401972 ]
    },
    "properties": {
    "專用標識編號":"臺北市旅館742號",
    "旅館名稱":"路徒PLUS行旅-站前館 ",
    "營業地址":"100臺北市中正區忠孝西路一段80號4樓、24至35樓",
    "電話或手機":"02-23886366",
    "客房最低定價":33888,
    "客房最高定價":48888,
    "房間數":127,
    "area":"中正區"
    }
  },
  {
    "type": "Feature",
    "geometry": {
       "type": "Point",
       "coordinates":  [ 121.504461708233,25.043195157158 ]
    },
    "properties": {
    "專用標識編號":"臺北市旅館743號",
    "旅館名稱":"米窩飯店-西門",
    "營業地址":"108臺北市萬華區成都路101、103號1-6樓",
    "電話或手機":"02-23759951",
    "客房最低定價":20000,
    "客房最高定價":20000,
    "房間數":34,
    "area":"萬華區"
    }
  },
  {
    "type": "Feature",
    "geometry": {
       "type": "Point",
       "coordinates":  [ 121.513440991525,25.043277011739 ]
    },
    "properties": {
    "專用標識編號":"臺北市旅館744號",
    "旅館名稱":"藝築文旅台北站前館",
    "營業地址":"100臺北市中正區襄陽路8號3至11樓",
    "電話或手機":"02-23820150",
    "客房最低定價":28800,
    "客房最高定價":39800,
    "房間數":90,
    "area":"中正區"
    }
  },
  {
    "type": "Feature",
    "geometry": {
       "type": "Point",
       "coordinates":  [ 121.530663790894,25.043138794155 ]
    },
    "properties": {
    "專用標識編號":"臺北市旅館745號",
    "旅館名稱":"格拉斯麗台北飯店",
    "營業地址":"100臺北市中正區忠孝東路2段89號3至19樓",
    "電話或手機":"02-23220111",
    "客房最低定價":13000,
    "客房最高定價":13000,
    "房間數":248,
    "area":"中正區"
    }
  },
  {
    "type": "Feature",
    "geometry": {
       "type": "Point",
       "coordinates":  [ 121.520381961726,25.089178995736 ]
    },
    "properties": {
    "專用標識編號":"臺北市旅館746號",
    "旅館名稱":"見潭璞旅",
    "營業地址":"111臺北市士林區承德路四段250號",
    "電話或手機":"02-28831777",
    "客房最低定價":12000,
    "客房最高定價":20000,
    "房間數":240,
    "area":"士林區"
    }
  },
  {
    "type": "Feature",
    "geometry": {
       "type": "Point",
       "coordinates":  { }
    },
    "properties": {
    "專用標識編號":"臺北市旅館748號",
    "旅館名稱":"時尚居商旅",
    "營業地址":"104臺北市中山區民生東路三段9巷1之1號2樓, 1之1號 3樓,1之1號4樓, 1之2號2樓, 1之2號3樓, 1之2號4樓, 1之3號2樓, 1之3號3樓, 1之3號4樓",
    "電話或手機":"02-25090102",
    "客房最低定價":6000,
    "客房最高定價":10000,
    "房間數":8,
    "area":"中山區"
    }
  },
  {
    "type": "Feature",
    "geometry": {
       "type": "Point",
       "coordinates":  [ 121.513095908572,25.043075594605 ]
    },
    "properties": {
    "專用標識編號":"臺北市旅館749號",
    "旅館名稱":"雅齊旅館",
    "營業地址":"100臺北市中正區重慶南路1段86號3樓、3樓之1、4樓、4樓之1、5樓及3樓、4樓等共同使用、5樓共同使用",
    "電話或手機":"02-23709988",
    "客房最低定價":6800,
    "客房最高定價":19880,
    "房間數":93,
    "area":"中正區"
    }
  },
  {
    "type": "Feature",
    "geometry": {
       "type": "Point",
       "coordinates":  [ 121.509369984972,25.042309991569 ]
    },
    "properties": {
    "專用標識編號":"臺北市旅館750號",
    "旅館名稱":"城市商旅德立莊二館",
    "營業地址":"100臺北市中正區衡陽路97號2樓、97之1號2樓、99號2樓、101號2樓、101號2樓之1、103號2樓、103號2樓之1、105號2樓、延平南路110號2-4樓",
    "電話或手機":"02-23703258",
    "客房最低定價":14000,
    "客房最高定價":16000,
    "房間數":199,
    "area":"中正區"
    }
  },
  {
    "type": "Feature",
    "geometry": {
       "type": "Point",
       "coordinates":  [ 121.513130022917,25.046264992583 ]
    },
    "properties": {
    "專用標識編號":"臺北市旅館751號",
    "旅館名稱":"日野苑",
    "營業地址":"100臺北市中正區重慶南路1段18號2樓至7樓",
    "電話或手機":"02-23889998",
    "客房最低定價":8000,
    "客房最高定價":9800,
    "房間數":35,
    "area":"中正區"
    }
  },
  {
    "type": "Feature",
    "geometry": {
       "type": "Point",
       "coordinates":  [ 121.532751387699,25.051630500262 ]
    },
    "properties": {
    "專用標識編號":"臺北市旅館752號",
    "旅館名稱":"寒居酒店 Humble Boutique Hotel",
    "營業地址":"104臺北市中山區松江路116號1樓至9樓",
    "電話或手機":"02-66008000",
    "客房最低定價":15000,
    "客房最高定價":38000,
    "房間數":111,
    "area":"中山區"
    }
  },
  {
    "type": "Feature",
    "geometry": {
       "type": "Point",
       "coordinates":  [ 121.506375214786,25.045629895779 ]
    },
    "properties": {
    "專用標識編號":"臺北市旅館753號",
    "旅館名稱":"星西門行旅",
    "營業地址":"108臺北市萬華區西寧南路36號9樓、9樓之1、9樓之31至43、9樓之45至51、10樓之1",
    "電話或手機":"02-23313188",
    "客房最低定價":10000,
    "客房最高定價":20000,
    "房間數":54,
    "area":"萬華區"
    }
  },
  {
    "type": "Feature",
    "geometry": {
       "type": "Point",
       "coordinates":  [ 121.506046979458,25.043491001727 ]
    },
    "properties": {
    "專用標識編號":"臺北市旅館754號",
    "旅館名稱":"陸號行旅萬年館",
    "營業地址":"108臺北市萬華區西寧南路70號6樓",
    "電話或手機":"02-23619069",
    "客房最低定價":1880,
    "客房最高定價":5580,
    "房間數":39,
    "area":"萬華區"
    }
  },
  {
    "type": "Feature",
    "geometry": {
       "type": "Point",
       "coordinates":  [ 121.483947002089,25.134906007505 ]
    },
    "properties": {
    "專用標識編號":"臺北市旅館755號",
    "旅館名稱":"台北捷運-北投會館(捷之旅)",
    "營業地址":"112臺北市北投區大業路527巷88號(2至3樓)",
    "電話或手機":"02-28930105",
    "客房最低定價":5500,
    "客房最高定價":12000,
    "房間數":42,
    "area":"北投區"
    }
  },
  {
    "type": "Feature",
    "geometry": {
       "type": "Point",
       "coordinates":  [ 121.508598263147,25.044699504527 ]
    },
    "properties": {
    "專用標識編號":"臺北市旅館756號",
    "旅館名稱":"喜園旅館",
    "營業地址":"108臺北市萬華區中華路一段90號3樓、3樓之1、3樓之2",
    "電話或手機":"02-77309920",
    "客房最低定價":25000,
    "客房最高定價":25000,
    "房間數":35,
    "area":"萬華區"
    }
  },
  {
    "type": "Feature",
    "geometry": {
       "type": "Point",
       "coordinates":  [ 121.517532114646,25.048970209923 ]
    },
    "properties": {
    "專用標識編號":"臺北市旅館757號",
    "旅館名稱":"安捷國際公寓酒店",
    "營業地址":"103臺北市大同區市民大道1段201號15樓、15樓之1至之3、之5至之10",
    "電話或手機":"02-25592900",
    "客房最低定價":9800,
    "客房最高定價":15800,
    "房間數":9,
    "area":"大同區"
    }
  },
  {
    "type": "Feature",
    "geometry": {
       "type": "Point",
       "coordinates":  [ 121.510677980962,25.052136012843 ]
    },
    "properties": {
    "專用標識編號":"臺北市旅館758號",
    "旅館名稱":"城市商旅北門二館",
    "營業地址":"103臺北市大同區長安西路271號2樓至4樓、275號1樓至4樓",
    "電話或手機":"02-25525777",
    "客房最低定價":9000,
    "客房最高定價":12000,
    "房間數":19,
    "area":"大同區"
    }
  },
  {
    "type": "Feature",
    "geometry": {
       "type": "Point",
       "coordinates":  { }
    },
    "properties": {
    "專用標識編號":"臺北市旅館759號",
    "旅館名稱":"西門希爾商旅",
    "營業地址":"108臺北市萬華區峨眉街28號4樓之1、4樓之2、4樓之3",
    "電話或手機":"02-23810081",
    "客房最低定價":600,
    "客房最高定價":4800,
    "房間數":15,
    "area":"萬華區"
    }
  },
  {
    "type": "Feature",
    "geometry": {
       "type": "Point",
       "coordinates":  { }
    },
    "properties": {
    "專用標識編號":"臺北市旅館760號",
    "旅館名稱":"米窩飯店-站前",
    "營業地址":"100臺北市中正區忠孝西路1段50號7樓、7樓之1、之2、之3、8樓",
    "電話或手機":"02-23810028",
    "客房最低定價":8000,
    "客房最高定價":13200,
    "房間數":200,
    "area":"中正區"
    }
  },
  {
    "type": "Feature",
    "geometry": {
       "type": "Point",
       "coordinates":  [ 121.526492033865,25.034622990077 ]
    },
    "properties": {
    "專用標識編號":"臺北市旅館761號",
    "旅館名稱":"雀客快捷台北永康",
    "營業地址":"100臺北市中正區信義路二段73號(1至7樓、1樓夾層、公共使用)",
    "電話或手機":"02-23212721",
    "客房最低定價":16500,
    "客房最高定價":20000,
    "房間數":43,
    "area":"中正區"
    }
  },
  {
    "type": "Feature",
    "geometry": {
       "type": "Point",
       "coordinates":  [ 121.532405886428,25.051860645944 ]
    },
    "properties": {
    "專用標識編號":"臺北市旅館762號",
    "旅館名稱":"希爾商旅台北館",
    "營業地址":"104臺北市中山區南京東路二段11號4至5樓",
    "電話或手機":"02-25678858",
    "客房最低定價":2000,
    "客房最高定價":8000,
    "房間數":32,
    "area":"中山區"
    }
  },
  {
    "type": "Feature",
    "geometry": {
       "type": "Point",
       "coordinates":  [ 121.508569010305,25.04462301966 ]
    },
    "properties": {
    "專用標識編號":"臺北市旅館763號",
    "旅館名稱":"陸號行旅中華館",
    "營業地址":"108臺北市萬華區中華路一段90號9樓、11樓",
    "電話或手機":"02-23112522",
    "客房最低定價":12880,
    "客房最高定價":20880,
    "房間數":72,
    "area":"萬華區"
    }
  },
  {
    "type": "Feature",
    "geometry": {
       "type": "Point",
       "coordinates":  [ 121.506046979458,25.043491001727 ]
    },
    "properties": {
    "專用標識編號":"臺北市旅館764號",
    "旅館名稱":"苓旅旅館萬年館",
    "營業地址":"108臺北市萬華區西寧南路70號7樓",
    "電話或手機":"02-23814188",
    "客房最低定價":1280,
    "客房最高定價":11180,
    "房間數":29,
    "area":"萬華區"
    }
  },
  {
    "type": "Feature",
    "geometry": {
       "type": "Point",
       "coordinates":  [ 121.548753027594,25.058400982552 ]
    },
    "properties": {
    "專用標識編號":"臺北市旅館765號",
    "旅館名稱":"葛瑞絲商旅敦北館 ",
    "營業地址":"105臺北市松山區敦化北路216號1樓至5樓",
    "電話或手機":"02-27886682",
    "客房最低定價":4180,
    "客房最高定價":14080,
    "房間數":34,
    "area":"松山區"
    }
  },
  {
    "type": "Feature",
    "geometry": {
       "type": "Point",
       "coordinates":  [ 121.506875325519,25.045889787193 ]
    },
    "properties": {
    "專用標識編號":"臺北市旅館766號",
    "旅館名稱":"珂曼旅館",
    "營業地址":"108臺北市萬華區西寧南路77號1-15樓、2樓之1-15樓之1、3樓之2-14樓之2、12樓之3-13樓之3、12樓之5",
    "電話或手機":"02-23886000",
    "客房最低定價":12000,
    "客房最高定價":22000,
    "房間數":61,
    "area":"萬華區"
    }
  },
  {
    "type": "Feature",
    "geometry": {
       "type": "Point",
       "coordinates":  { }
    },
    "properties": {
    "專用標識編號":"臺北市旅館767號",
    "旅館名稱":"台北棧",
    "營業地址":"100臺北市中正區許昌街40號5樓、5樓之1、5樓之2、6樓、6樓之1、6樓之2、7樓、7樓之1、7樓之2、7樓之3",
    "電話或手機":"02-23313381",
    "客房最低定價":6000,
    "客房最高定價":15000,
    "房間數":34,
    "area":"中正區"
    }
  },
  {
    "type": "Feature",
    "geometry": {
       "type": "Point",
       "coordinates":  [ 121.514025964548,25.113578003418 ]
    },
    "properties": {
    "專用標識編號":"臺北市旅館768號",
    "旅館名稱":"天母之星商務會館",
    "營業地址":"112臺北市北投區石牌路一段166巷46號,2樓至7樓、2樓之1至5樓之1、2樓之2至5樓之2",
    "電話或手機":"02-28231896",
    "客房最低定價":6000,
    "客房最高定價":12000,
    "房間數":17,
    "area":"北投區"
    }
  },
  {
    "type": "Feature",
    "geometry": {
       "type": "Point",
       "coordinates":  [ 121.507980013968,25.042654990704 ]
    },
    "properties": {
    "專用標識編號":"臺北市旅館769號",
    "旅館名稱":"慶爾喜旅館西門捷運館",
    "營業地址":"108臺北市萬華區中華路一段152號7樓、11樓及成都路1號7樓、11樓",
    "電話或手機":"02-77309920",
    "客房最低定價":18000,
    "客房最高定價":35000,
    "房間數":21,
    "area":"萬華區"
    }
  },
  {
    "type": "Feature",
    "geometry": {
       "type": "Point",
       "coordinates":  { }
    },
    "properties": {
    "專用標識編號":"臺北市旅館770號",
    "旅館名稱":"陸號行旅西門館",
    "營業地址":"108臺北市萬華區中華路一段152號5樓、5樓之1、9樓、10樓；成都路1號9樓、10樓",
    "電話或手機":"02-23144003",
    "客房最低定價":12800,
    "客房最高定價":14800,
    "房間數":27,
    "area":"萬華區"
    }
  },
  {
    "type": "Feature",
    "geometry": {
       "type": "Point",
       "coordinates":  [ 121.505939272002,25.04578739174 ]
    },
    "properties": {
    "專用標識編號":"臺北市旅館771號",
    "旅館名稱":"立和商務旅館-漢口館",
    "營業地址":"108臺北市萬華區漢口街二段54號10樓",
    "電話或手機":"02-23613350",
    "客房最低定價":20000,
    "客房最高定價":40000,
    "房間數":59,
    "area":"萬華區"
    }
  },
  {
    "type": "Feature",
    "geometry": {
       "type": "Point",
       "coordinates":  { }
    },
    "properties": {
    "專用標識編號":"臺北市旅館772號",
    "旅館名稱":"摩莎曼拉商務旅館-西門館",
    "營業地址":"108臺北市萬華區漢口街二段54號8樓、8樓之1、8樓之6、8樓之7、8樓 之8、9樓、9樓之1",
    "電話或手機":"02-23613350",
    "客房最低定價":20000,
    "客房最高定價":40000,
    "房間數":88,
    "area":"萬華區"
    }
  },
  {
    "type": "Feature",
    "geometry": {
       "type": "Point",
       "coordinates":  [ 121.50412500906,25.043302995639 ]
    },
    "properties": {
    "專用標識編號":"臺北市旅館773號",
    "旅館名稱":"成都壹壹壹商旅",
    "營業地址":"108臺北市萬華區成都路111號1樓-6樓",
    "電話或手機":"02-23751022",
    "客房最低定價":12880,
    "客房最高定價":29800,
    "房間數":11,
    "area":"萬華區"
    }
  },
  {
    "type": "Feature",
    "geometry": {
       "type": "Point",
       "coordinates":  [ 121.524017025495,25.057923004524 ]
    },
    "properties": {
    "專用標識編號":"臺北市旅館774號",
    "旅館名稱":"優美飯店",
    "營業地址":"104臺北市中山區民生東路一段28號1-8樓",
    "電話或手機":"02-25255678",
    "客房最低定價":5250,
    "客房最高定價":7650,
    "房間數":63,
    "area":"中山區"
    }
  },
  {
    "type": "Feature",
    "geometry": {
       "type": "Point",
       "coordinates":  [ 121.508664983096,25.044995008523 ]
    },
    "properties": {
    "專用標識編號":"臺北市旅館775號",
    "旅館名稱":"台灣西鐵國際旅館",
    "營業地址":"108臺北市萬華區中華路一段88號1樓、6樓至28樓",
    "電話或手機":"02-23143939",
    "客房最低定價":11700,
    "客房最高定價":18000,
    "房間數":298,
    "area":"萬華區"
    }
  },
  {
    "type": "Feature",
    "geometry": {
       "type": "Point",
       "coordinates":  [ 121.507248022364,25.043921999188 ]
    },
    "properties": {
    "專用標識編號":"臺北市旅館776號",
    "旅館名稱":"西門雲町旅店",
    "營業地址":"108臺北市萬華區漢中街52號12樓至13樓",
    "電話或手機":"02-23112555",
    "客房最低定價":12000,
    "客房最高定價":20000,
    "房間數":32,
    "area":"萬華區"
    }
  },
  {
    "type": "Feature",
    "geometry": {
       "type": "Point",
       "coordinates":  [ 121.534297010644,25.023167987831 ]
    },
    "properties": {
    "專用標識編號":"臺北市旅館777號",
    "旅館名稱":"福華國際文教會館",
    "營業地址":"106臺北市大安區新生南路3段30號(住宿棟1 樓及5樓至14樓)",
    "電話或手機":"02-77122323",
    "客房最低定價":32000,
    "客房最高定價":120000,
    "房間數":279,
    "area":"大安區"
    }
  },
  {
    "type": "Feature",
    "geometry": {
       "type": "Point",
       "coordinates":  [ 121.56990250186,25.050673457952 ]
    },
    "properties": {
    "專用標識編號":"臺北市旅館778號",
    "旅館名稱":"聖雄商旅",
    "營業地址":"105臺北市松山區基隆路一段8號、10號17至18樓",
    "電話或手機":"02-27600920",
    "客房最低定價":6600,
    "客房最高定價":15000,
    "房間數":37,
    "area":"松山區"
    }
  },
  {
    "type": "Feature",
    "geometry": {
       "type": "Point",
       "coordinates":  [ 121.547377976378,25.051964980109 ]
    },
    "properties": {
    "專用標識編號":"臺北市旅館779號",
    "旅館名稱":"柯達大飯店台北南京",
    "營業地址":"105臺北市松山區南京東路三段333號2至11樓",
    "電話或手機":"02-27196666",
    "客房最低定價":9200,
    "客房最高定價":20000,
    "房間數":64,
    "area":"松山區"
    }
  },
  {
    "type": "Feature",
    "geometry": {
       "type": "Point",
       "coordinates":  [ 121.513958993142,25.053927016004 ]
    },
    "properties": {
    "專用標識編號":"臺北市旅館780號",
    "旅館名稱":"晶城青年旅館",
    "營業地址":"103臺北市大同區南京西路288號4樓（本號1戶）",
    "電話或手機":"02-25507220",
    "客房最低定價":3600,
    "客房最高定價":50400,
    "房間數":3,
    "area":"大同區"
    }
  },
  {
    "type": "Feature",
    "geometry": {
       "type": "Point",
       "coordinates":  [ 121.508573033618,25.041597781257 ]
    },
    "properties": {
    "專用標識編號":"臺北市旅館781號",
    "旅館名稱":"相鐵飯店台北西門",
    "營業地址":"100臺北市中正區中華路一段57號",
    "電話或手機":"02-23316203",
    "客房最低定價":12000,
    "客房最高定價":25000,
    "房間數":200,
    "area":"中正區"
    }
  },
  {
    "type": "Feature",
    "geometry": {
       "type": "Point",
       "coordinates":  [ 121.513381982927,25.044443018289 ]
    },
    "properties": {
    "專用標識編號":"臺北市旅館782號",
    "旅館名稱":"客憩旅宿",
    "營業地址":"100臺北市中正區重慶南路一段63號2樓",
    "電話或手機":"02-23116118、 0975-721686",
    "客房最低定價":1000,
    "客房最高定價":8000,
    "房間數":11,
    "area":"中正區"
    }
  },
  {
    "type": "Feature",
    "geometry": {
       "type": "Point",
       "coordinates":  [ 121.505984031365,25.043280993143 ]
    },
    "properties": {
    "專用標識編號":"臺北市旅館783號",
    "旅館名稱":"日光樂居",
    "營業地址":"108臺北市萬華區西寧南路72之1號5樓",
    "電話或手機":"02-23889978",
    "客房最低定價":12000,
    "客房最高定價":12000,
    "房間數":27,
    "area":"萬華區"
    }
  },
  {
    "type": "Feature",
    "geometry": {
       "type": "Point",
       "coordinates":  [ 121.531361742504,25.015628578215 ]
    },
    "properties": {
    "專用標識編號":"臺北市旅館784號",
    "旅館名稱":"瀚寓夏天",
    "營業地址":"100臺北市中正區汀州路三段62號、3樓、6樓",
    "電話或手機":"02-87583777",
    "客房最低定價":8000,
    "客房最高定價":12700,
    "房間數":69,
    "area":"中正區"
    }
  },
  {
    "type": "Feature",
    "geometry": {
       "type": "Point",
       "coordinates":  [ 121.506419974149,25.041039001681 ]
    },
    "properties": {
    "專用標識編號":"臺北市旅館785號",
    "旅館名稱":"福泰桔子商務旅館西門漢中店",
    "營業地址":"108臺北市萬華區漢中街170號1-14樓",
    "電話或手機":"02-23811155",
    "客房最低定價":10800,
    "客房最高定價":10800,
    "房間數":66,
    "area":"萬華區"
    }
  },
  {
    "type": "Feature",
    "geometry": {
       "type": "Point",
       "coordinates":  { }
    },
    "properties": {
    "專用標識編號":"臺北市旅館786號",
    "旅館名稱":"美好境界旅店",
    "營業地址":"108臺北市萬華區西寧南路36號9樓之2、9樓之3、9樓之4",
    "電話或手機":"02-23617608",
    "客房最低定價":16000,
    "客房最高定價":16000,
    "房間數":42,
    "area":"萬華區"
    }
  },
  {
    "type": "Feature",
    "geometry": {
       "type": "Point",
       "coordinates":  [ 121.508598263147,25.044699504527 ]
    },
    "properties": {
    "專用標識編號":"臺北市旅館787號",
    "旅館名稱":"歐法行旅",
    "營業地址":"108臺北市萬華區中華路一段90號5樓",
    "電話或手機":"02-23711333",
    "客房最低定價":12000,
    "客房最高定價":22000,
    "房間數":33,
    "area":"萬華區"
    }
  },
  {
    "type": "Feature",
    "geometry": {
       "type": "Point",
       "coordinates":  [ 121.512899017666,25.05407801599 ]
    },
    "properties": {
    "專用標識編號":"臺北市旅館788號",
    "旅館名稱":"豐宿創新壹旅",
    "營業地址":"103臺北市大同區南京西路165號6樓",
    "電話或手機":"02-77557937、 0958-089188",
    "客房最低定價":2500,
    "客房最高定價":12000,
    "房間數":28,
    "area":"大同區"
    }
  },
  {
    "type": "Feature",
    "geometry": {
       "type": "Point",
       "coordinates":  [ 121.504883990392,25.042826987357 ]
    },
    "properties": {
    "專用標識編號":"臺北市旅館789號",
    "旅館名稱":"藝築文旅昆明館",
    "營業地址":"108臺北市萬華區昆明街79號10樓",
    "電話或手機":"02-23610330、 0987-227100",
    "客房最低定價":45800,
    "客房最高定價":49800,
    "房間數":14,
    "area":"萬華區"
    }
  },
  {
    "type": "Feature",
    "geometry": {
       "type": "Point",
       "coordinates":  [ 121.513388017897,25.044731020483 ]
    },
    "properties": {
    "專用標識編號":"臺北市旅館790號",
    "旅館名稱":"日初青旅",
    "營業地址":"100臺北市中正區重慶南路一段49號9樓",
    "電話或手機":"02-23615222",
    "客房最低定價":1000,
    "客房最高定價":5500,
    "房間數":12,
    "area":"中正區"
    }
  },
  {
    "type": "Feature",
    "geometry": {
       "type": "Point",
       "coordinates":  [ 121.51369856741,25.049551620637 ]
    },
    "properties": {
    "專用標識編號":"臺北市旅館791號",
    "旅館名稱":"金通商旅",
    "營業地址":"103臺北市大同區重慶北路一段1號10樓之1",
    "電話或手機":"02-25921919、 0977-306059",
    "客房最低定價":2000,
    "客房最高定價":40000,
    "房間數":9,
    "area":"大同區"
    }
  },
  {
    "type": "Feature",
    "geometry": {
       "type": "Point",
       "coordinates":  [ 121.51435302641,25.045898996781 ]
    },
    "properties": {
    "專用標識編號":"臺北市旅館792號",
    "旅館名稱":"美好行旅",
    "營業地址":"100臺北市中正區開封街一段2號12樓、12樓之1",
    "電話或手機":"02-23617608",
    "客房最低定價":800,
    "客房最高定價":4500,
    "房間數":5,
    "area":"中正區"
    }
  },
  {
    "type": "Feature",
    "geometry": {
       "type": "Point",
       "coordinates":  [ 121.543865307192,25.038974868785 ]
    },
    "properties": {
    "專用標識編號":"臺北市旅館793號",
    "旅館名稱":"台北大安伊普索酒店",
    "營業地址":"106臺北市大安區復興南路一段219之2號1樓、4-12樓",
    "電話或手機":"02-27117268",
    "客房最低定價":13000,
    "客房最高定價":35000,
    "房間數":136,
    "area":"大安區"
    }
  },
  {
    "type": "Feature",
    "geometry": {
       "type": "Point",
       "coordinates":  [ 121.526243594254,25.042506798656 ]
    },
    "properties": {
    "專用標識編號":"臺北市旅館794號",
    "旅館名稱":"雀客旅館台北杭州",
    "營業地址":"100臺北市中正區杭州南路一段12號",
    "電話或手機":"02-23933598",
    "客房最低定價":9800,
    "客房最高定價":23800,
    "房間數":73,
    "area":"中正區"
    }
  },
  {
    "type": "Feature",
    "geometry": {
       "type": "Point",
       "coordinates":  { }
    },
    "properties": {
    "專用標識編號":"臺北市旅館795號",
    "旅館名稱":"頭等艙飯店西門館",
    "營業地址":"100臺北市中正區中華路一段59號4樓、4樓之1、8樓之1、9樓之1、11樓至13樓",
    "電話或手機":"02-23114567",
    "客房最低定價":1200,
    "客房最高定價":16000,
    "房間數":115,
    "area":"中正區"
    }
  },
  {
    "type": "Feature",
    "geometry": {
       "type": "Point",
       "coordinates":  [ 121.504438995153,25.043241011465 ]
    },
    "properties": {
    "專用標識編號":"臺北市旅館796號",
    "旅館名稱":"日光樂居成都館",
    "營業地址":"108臺北市萬華區成都路99號2樓至4樓",
    "電話或手機":"02-23886898",
    "客房最低定價":2800,
    "客房最高定價":20000,
    "房間數":14,
    "area":"萬華區"
    }
  },
  {
    "type": "Feature",
    "geometry": {
       "type": "Point",
       "coordinates":  [ 121.515826984083,25.04622798648 ]
    },
    "properties": {
    "專用標識編號":"臺北市旅館797號",
    "旅館名稱":"大光瀛商旅",
    "營業地址":"100臺北市中正區忠孝西路1段50號地下3層",
    "電話或手機":"02-23705590",
    "客房最低定價":3280,
    "客房最高定價":3680,
    "房間數":49,
    "area":"中正區"
    }
  },
  {
    "type": "Feature",
    "geometry": {
       "type": "Point",
       "coordinates":  [ 121.514895503183,25.045814004282 ]
    },
    "properties": {
    "專用標識編號":"臺北市旅館798號",
    "旅館名稱":"享住青旅",
    "營業地址":"100臺北市中正區館前路8號地下1層",
    "電話或手機":"0970-939898",
    "客房最低定價":600,
    "客房最高定價":3600,
    "房間數":7,
    "area":"中正區"
    }
  },
  {
    "type": "Feature",
    "geometry": {
       "type": "Point",
       "coordinates":  [ 121.504675029546,25.138286009961 ]
    },
    "properties": {
    "專用標識編號":"臺北市旅館799號",
    "旅館名稱":"北投晶泉丰旅",
    "營業地址":"112臺北市北投區泉源路19號、19之1號（地上1層至地上14層）",
    "電話或手機":"02-66108000",
    "客房最低定價":22000,
    "客房最高定價":66000,
    "房間數":100,
    "area":"北投區"
    }
  },
  {
    "type": "Feature",
    "geometry": {
       "type": "Point",
       "coordinates":  [ 121.503364016071,25.043812992537 ]
    },
    "properties": {
    "專用標識編號":"臺北市旅館800號",
    "旅館名稱":"貓尾口袋（西門館）",
    "營業地址":"108臺北市萬華區康定路25巷1號2至4樓",
    "電話或手機":"02-25586002",
    "客房最低定價":18000,
    "客房最高定價":18000,
    "房間數":10,
    "area":"萬華區"
    }
  },
  {
    "type": "Feature",
    "geometry": {
       "type": "Point",
       "coordinates":  [ 121.512908992131,25.046059007312 ]
    },
    "properties": {
    "專用標識編號":"臺北市旅館801號",
    "旅館名稱":"天雲旅棧台北開封",
    "營業地址":"100臺北市中正區開封街1段33號1至8樓",
    "電話或手機":"02-23811111",
    "客房最低定價":8000,
    "客房最高定價":18000,
    "房間數":158,
    "area":"中正區"
    }
  },
  {
    "type": "Feature",
    "geometry": {
       "type": "Point",
       "coordinates":  [ 121.536325012118,25.013161001267 ]
    },
    "properties": {
    "專用標識編號":"臺北市旅館802號",
    "旅館名稱":"捷絲旅臺大尊賢館",
    "營業地址":"106臺北市大安區羅斯福路4段83號1-10樓",
    "電話或手機":"02-77355088",
    "客房最低定價":12100,
    "客房最高定價":17600,
    "房間數":76,
    "area":"大安區"
    }
  },
  {
    "type": "Feature",
    "geometry": {
       "type": "Point",
       "coordinates":  [ 121.549601024738,25.052352014488 ]
    },
    "properties": {
    "專用標識編號":"臺北市旅館803號",
    "旅館名稱":"臺北嘉佩樂酒店 Capella Taipei",
    "營業地址":"105臺北市松山區敦化北路131、133、137、139號、 139號地下二層、135號二樓、135號等共有部分(一、二、十四、十五、十六、十七層)",
    "電話或手機":"02-77096868",
    "客房最低定價":34650,
    "客房最高定價":369600,
    "房間數":86,
    "area":"松山區"
    }
  },
  {
    "type": "Feature",
    "geometry": {
       "type": "Point",
       "coordinates":  [ 121.506818030731,25.043465017827 ]
    },
    "properties": {
    "專用標識編號":"臺北市旅館804號",
    "旅館名稱":"古奈堡精品旅館",
    "營業地址":"108臺北市萬華區峨眉街28號5樓之1",
    "電話或手機":"02-23816808",
    "客房最低定價":2000,
    "客房最高定價":24000,
    "房間數":8,
    "area":"萬華區"
    }
  },
  {
    "type": "Feature",
    "geometry": {
       "type": "Point",
       "coordinates":  [ 121.51261302713,25.04525501516 ]
    },
    "properties": {
    "專用標識編號":"臺北市旅館805號",
    "旅館名稱":"美好行旅北車漢口館",
    "營業地址":"100臺北市中正區漢口街1段45號6樓",
    "電話或手機":"02-23818008、 0983-385565",
    "客房最低定價":350,
    "客房最高定價":28000,
    "房間數":21,
    "area":"中正區"
    }
  }
]
}