{"type":"FeatureCollection","name":"taipei-district","crs":{"type":"name","properties":{"name":"urn:ogc:def:crs:OGC:1.3:CRS84"}},"features":[{"type":"Feature","properties":{"河流":"中港溪","縣市":"臺北市","行政區":"北投區","區域":"臺北市北投區"},"geometry":{"type":"MultiPolygon","coordinates":[[[[121.46956929646319,25.118197823590066],[121.46957670816803,25.1181910288984],[121.46959250377438,25.118188721572366],[121.46960113799621,25.118177408926606],[121.46961351635962,25.118172855450037],[121.4696280639136,25.118168295065423],[121.46961748528993,25.118157043599236],[121.46961651308732,25.118145761543047],[121.46961121952233,25.11813900730736],[121.46961490409656,25.118129967453555],[121.46961175419426,25.118116435300596],[121.46945718993939,25.118134983613924],[121.46932329435272,25.11812863865433],[121.46899307205732,25.11807777728207],[121.46880296017936,25.11803775499313],[121.46851720059266,25.117943867278996],[121.46842567460968,25.117914816412444],[121.468315369147,25.117836170174147],[121.46817001316808,25.11774860683613],[121.46743304265343,25.117484611600617],[121.46724252978572,25.117419760363326],[121.46705804009434,25.11739100256403],[121.46679731955041,25.117362485573498],[121.46655373544857,25.117358741528538],[121.46621120822469,25.117413993132732],[121.46592431033862,25.117428441852912],[121.4657163409598,25.11741781354635],[121.46559068238912,25.11745883760083],[121.46547732629624,25.117474995010316],[121.46536465714411,25.11750920676079],[121.4652949600055,25.11751619797513],[121.46519383927237,25.117489432217234],[121.46506554941551,25.117406325153414],[121.46483366304265,25.11730986341622],[121.4648312133393,25.117313233800736],[121.46463371896887,25.117516919598746],[121.4646905658194,25.117565503102366],[121.46487346114047,25.11766649496431],[121.4650248325611,25.117706644770355],[121.46520730860767,25.117694783435297],[121.46544016857757,25.117648906726455],[121.4656919476332,25.117607484155258],[121.46584919702603,25.11756184595075],[121.46610093409937,25.11750913791127],[121.46625835440068,25.117508640684097],[121.4664250121485,25.11749231469591],[121.46656963444593,25.11746702997349],[121.4668314681227,25.117461687958304],[121.46702918991876,25.117465576571586],[121.46726241580848,25.117516750577856],[121.46750838942955,25.117579168986357],[121.46769114727223,25.117641787234128],[121.46789940044881,25.117726894777267],[121.46827600075876,25.11791529159378],[121.46848279896058,25.118025229973103],[121.46866889915914,25.118069779554528],[121.46895865380839,25.11815462593988],[121.46923586057787,25.118198884896426],[121.46943021779397,25.118214065583825],[121.46955881143592,25.11821139915983],[121.46956312429596,25.118204614334974],[121.46956929646319,25.118197823590066]]],[[[121.46470793368634,25.117152402393575],[121.46467686188433,25.117046417393617],[121.46460002926082,25.116967661385136],[121.46444225243278,25.116871103249206],[121.46422487970696,25.116664134725184],[121.4640442571948,25.116506705874116],[121.46383425598735,25.11636516827539],[121.4633771972951,25.116032550787832],[121.46330349060719,25.115960554364133],[121.46326666705437,25.115890699448386],[121.4632673963593,25.115836526654483],[121.4632732171358,25.115818451594084],[121.46317685449596,25.115904523283884],[121.46314394856681,25.11597233949597],[121.46312085837067,25.11601303971317],[121.46309784322648,25.116074053669607],[121.46309463483372,25.11612823429052],[121.46309479332346,25.11617111883187],[121.46308808457403,25.116200482239332],[121.46306853633843,25.11627728512697],[121.46302538769204,25.116340619321015],[121.46299243977352,25.116397150255402],[121.46297584004535,25.11643331600517],[121.46295628331423,25.116507861885232],[121.4629531081658,25.116571070897436],[121.46296016718985,25.116636504944143],[121.46293379316596,25.116711072226956],[121.46288390197915,25.116794741699245],[121.46287118733491,25.116876037541008],[121.46287495439863,25.116973081483188],[121.46295636121782,25.11686448491323],[121.4630239318958,25.11678527421295],[121.46312004423767,25.116715002480486],[121.46318665884598,25.116712536456603],[121.46327998940359,25.116728043432055],[121.46338431589017,25.11678414367025],[121.46346994146177,25.11681096014463],[121.46354185741794,25.116817505681084],[121.46358954467986,25.11680832755877],[121.46364952662745,25.116772025639136],[121.4637052371502,25.116753793918488],[121.46375572994476,25.11674912115755],[121.46383110465672,25.116769198281688],[121.46396560686485,25.116773289911276],[121.4640225397894,25.116834052509553],[121.46410870983598,25.116924065306346],[121.46419764372061,25.117090810303587],[121.46432363747613,25.117223582065666],[121.46446953915202,25.117376604554806],[121.46458172876882,25.117472486672153],[121.46476499682343,25.1172812989825],[121.46475860325457,25.117278639320265],[121.46470793368634,25.117152402393575]]]]}},{"type":"Feature","properties":{"河流":"五分港溪","縣市":"臺北市","行政區":"北投區","區域":"臺北市北投區"},"geometry":{"type":"MultiPolygon","coordinates":[[[[121.49968406823155,25.110662123430526],[121.49979773648305,25.110724933091774],[121.49984178368662,25.110736068556598],[121.49991469338855,25.110681654068497],[121.49997999351203,25.110661119860726],[121.50022557350536,25.110624175089956],[121.50052046833878,25.110598347270543],[121.50079218647248,25.110588396625527],[121.50087022683714,25.110576846980393],[121.50100598295684,25.110508677157547],[121.5011496139253,25.110472078038903],[121.50145203872488,25.110317576910187],[121.50193616078154,25.11011506088603],[121.50210601943299,25.110051287915894],[121.50232479059193,25.10997606340575],[121.50262755972064,25.10983058635383],[121.50301090843432,25.10961261084879],[121.50360122505663,25.109238198808736],[121.5038459061056,25.10905906386366],[121.5043169153432,25.108759536041287],[121.5045871422859,25.108614166561452],[121.50475707113299,25.108568445998664],[121.50490788106778,25.108545360275546],[121.50507189036914,25.10856736843946],[121.50533684150786,25.108722191501307],[121.50555170674127,25.108904269409205],[121.50567175849609,25.10901219227153],[121.50590543295218,25.109171636878266],[121.50612243466087,25.109270200385932],[121.50625860333399,25.10930358851664],[121.50640330897954,25.109303092790622],[121.5065795277166,25.109279919247378],[121.50666125703162,25.10926158336186],[121.50683709483738,25.10914587511245],[121.50703141580102,25.108928539587726],[121.50708827553551,25.1088154960427],[121.50712278483161,25.108767981266354],[121.50715399715526,25.108747561422824],[121.5072593684781,25.108751713675083],[121.50728223649546,25.10877292401352],[121.50731221181444,25.108739857393527],[121.5072986092766,25.10872449532607],[121.50730124000019,25.108686117809434],[121.50733853197544,25.10867199008721],[121.5073320284507,25.108638185316124],[121.50725777582765,25.108665954299386],[121.50720034934444,25.108641324768275],[121.50715657851974,25.108546682301927],[121.50701189595833,25.108251515934224],[121.50691034283435,25.108120960248048],[121.50674265982616,25.10795903385201],[121.506478286149,25.107718445079467],[121.50632718434078,25.1075948299833],[121.50599778268428,25.107289011580143],[121.5058922678973,25.107174267861286],[121.50580211634497,25.107027873963027],[121.5057446151412,25.106833971942685],[121.50571878436136,25.106655760194283],[121.50571859362012,25.106533884738024],[121.50574537890566,25.10641643078743],[121.5058149984357,25.10631688576431],[121.50591835505111,25.106208197187858],[121.50615632053861,25.10590494779776],[121.50632551229657,25.105680927653747],[121.5065198202865,25.105461334912835],[121.5068832494755,25.10507640207015],[121.50710899671891,25.104818335393055],[121.50724053394536,25.10463281635298],[121.50730301135677,25.104531040490922],[121.50740173147074,25.10405449258583],[121.50748819766747,25.103686318681774],[121.50757087003754,25.10337458067767],[121.507650293819,25.103250177531308],[121.50772911648552,25.10313029027079],[121.50781914041112,25.103021649047452],[121.50813562243512,25.102754245296694],[121.50825504386752,25.102710953198898],[121.50845178422652,25.102559063366417],[121.50870500034141,25.10242729112382],[121.5090164568733,25.102293061067847],[121.50925429247994,25.10218842400589],[121.50943745529499,25.102124599398042],[121.5096346363475,25.102078781488906],[121.50999095339695,25.102003074587085],[121.51015177826116,25.101932555643984],[121.51026328120213,25.101848665459976],[121.51059717583674,25.101524776032626],[121.51124293682976,25.100874825786544],[121.51149920023988,25.100512839581434],[121.51171816287727,25.100049420851928],[121.51220556700824,25.10027794495113],[121.51223220850622,25.10020337532895],[121.51171317334838,25.099968189618664],[121.51172180312773,25.099810176842055],[121.51166862310713,25.099395090335026],[121.51167885165745,25.099101657993987],[121.51167144636933,25.09896175565965],[121.51170865265927,25.098747221855774],[121.51182283101522,25.098544571689267],[121.51165726015577,25.098490237448114],[121.51159495156577,25.098675392840406],[121.51155874475894,25.098980199173287],[121.51155399571473,25.099397742121738],[121.51161815463293,25.099697688877164],[121.51161887666557,25.09986921082374],[121.51160049952564,25.09999340364155],[121.5115365808721,25.100192230989684],[121.51138026931032,25.100450055749793],[121.5106375602085,25.101328286749315],[121.51038963231754,25.101611254855182],[121.51024913716897,25.101726841727473],[121.51011345723882,25.101808558416618],[121.50985437689421,25.10194486638604],[121.50933831330138,25.10205272022034],[121.509126992585,25.1021256693207],[121.5084839308019,25.10239194157266],[121.50826354855367,25.10252134362071],[121.50814256874601,25.102562384128476],[121.50783638711776,25.10277332959242],[121.50767775627077,25.102925087909437],[121.50754041051457,25.103128681984362],[121.5074075428656,25.10336611434464],[121.50733835301985,25.10356721731155],[121.50729255177212,25.103729872413723],[121.50726629898054,25.103973709222448],[121.5072197179563,25.10424695578094],[121.50717659206784,25.10445699692373],[121.5071018612592,25.10459266856549],[121.50700139373066,25.104723914824465],[121.50636853725554,25.105443798426457],[121.50612412538676,25.10568613245023],[121.50576656141021,25.106066528593157],[121.50569374143815,25.10614125796614],[121.50565989294381,25.10612331835012],[121.50561971753278,25.106073802979967],[121.50545738346726,25.10585543436792],[121.50531809960928,25.105666327151468],[121.50524042680989,25.105540203571913],[121.50522867501155,25.10547027799941],[121.50522441532502,25.10541386851492],[121.50542062628656,25.10490312282409],[121.50545119125373,25.104801456498205],[121.50546508013358,25.104713388923503],[121.50544530082198,25.104501306234912],[121.50541939928812,25.10430729990423],[121.50541887611922,25.104180914120256],[121.50545005125026,25.104076988790723],[121.50555215718937,25.10381709252729],[121.50556323852149,25.103724520744812],[121.50556172811027,25.103659075221067],[121.50551992782006,25.103591511018244],[121.50544133950575,25.10354438529369],[121.50542272981271,25.103539935290414],[121.50539710724631,25.10348811399278],[121.5053717011456,25.103413722731673],[121.50535270690435,25.103391218664555],[121.50532104619549,25.103377785720628],[121.505226833221,25.103373594953364],[121.50506933624848,25.10335156568917],[121.50501265243804,25.10335627382376],[121.5049434420913,25.103403906388852],[121.50488711280983,25.103494376313613],[121.50479975908875,25.103650403276756],[121.50472013478549,25.10372741143863],[121.50460736777285,25.103732311557742],[121.50455876242219,25.103733705316404],[121.50453053124555,25.10378952399557],[121.50464266999737,25.103802155248268],[121.50475139969251,25.103795012004984],[121.50483663865381,25.103727012274945],[121.50490630292423,25.10356427514496],[121.50500643492344,25.10342625972008],[121.50511352159981,25.103396552662293],[121.50523941396958,25.10341869024811],[121.50530141194521,25.103425248407785],[121.50533405825644,25.103452219503147],[121.50534709835786,25.103533423950097],[121.5053786267487,25.10358973884254],[121.50544155438328,25.103596293744154],[121.50547323385928,25.103614240432098],[121.50551124117025,25.103663762295746],[121.50551169902906,25.10377434985449],[121.5054494813359,25.103939318561554],[121.50536195835639,25.10412920020188],[121.50536266827821,25.104300723775914],[121.50539501122478,25.104478909578983],[121.50540821032887,25.10459848110445],[121.50539619765289,25.104765534474172],[121.50535904004468,25.104921389517354],[121.50523469522678,25.105276158465948],[121.50517217019868,25.105443388214752],[121.5051981618586,25.10558548778868],[121.50526465204895,25.105704878846282],[121.50546766025052,25.105943420724774],[121.50566667801294,25.106191004017273],[121.5056710398506,25.106272239789835],[121.5056549008118,25.10641674092208],[121.505605117045,25.106592954969106],[121.50558682745248,25.10674197737082],[121.50563461176003,25.106908828845313],[121.50568845429103,25.10704180507302],[121.50577115061134,25.107183710622472],[121.50598616196191,25.107401899681776],[121.50650474706761,25.10789891172094],[121.50686948376479,25.108432562083223],[121.50694809810057,25.108560939568203],[121.50698632846509,25.10866462895168],[121.50697420947651,25.10880685955333],[121.50687421987226,25.10898098911798],[121.5068366489845,25.10903754217809],[121.50669227792005,25.10911928806765],[121.5065650268518,25.10914455092677],[121.50637141888137,25.109158756203975],[121.50623253579803,25.109143433225263],[121.5061003398195,25.109096489707],[121.50574415879979,25.10891038099071],[121.5053896610677,25.10868138522584],[121.50514084126517,25.10853102094728],[121.50503134906575,25.108504312303765],[121.50490299240185,25.108486696006178],[121.50475246461195,25.10850300988899],[121.50434407673272,25.108657880004404],[121.50407168969556,25.108805513308834],[121.503836231215,25.108966561631483],[121.50353148313981,25.10915718637473],[121.50349375380769,25.109175370776796],[121.50317162898837,25.10943601948657],[121.50286800614221,25.10959955602038],[121.50266478416303,25.109688270297365],[121.50249127212801,25.109767855225027],[121.50236333748902,25.10985405570997],[121.50204257753828,25.109995079446882],[121.50191322857933,25.11003840184878],[121.50169050226609,25.11013169493199],[121.50126957397023,25.110329481566293],[121.50092367613121,25.110461560148675],[121.50080762315085,25.110498065474587],[121.50055890894343,25.110525993716948],[121.50042051649766,25.110555804271815],[121.50021268582941,25.110579079470092],[121.50004295070175,25.11059771118643],[121.49989191743352,25.11064336287698],[121.49981356620972,25.110654913436477],[121.49974350829663,25.110648380098343],[121.49959948209452,25.11058793028567],[121.49926875038649,25.11048748758007],[121.4990937650852,25.11043391310749],[121.49902134955262,25.110433120109548],[121.4990138421886,25.110567354240363],[121.49913612709949,25.11056467362842],[121.49938170797633,25.110604467099844],[121.49954541035999,25.11062648199611],[121.49968406823155,25.110662123430526]]],[[[121.512022048159,25.098195457401236],[121.5120699097463,25.098156924980614],[121.51216582300113,25.098124997471572],[121.51212545043367,25.09810256773301],[121.51207893837889,25.098093700577007],[121.51204447155236,25.09807576425162],[121.51199273997923,25.098078199584286],[121.51195958850926,25.098078313919615],[121.51191303845438,25.098060419238603],[121.51188515404318,25.098060515394558],[121.51185599231238,25.098051588343207],[121.51186049144066,25.098089940156996],[121.51183491835381,25.098123881855894],[121.51177008274549,25.098178271019208],[121.5117485753836,25.09822122628602],[121.51172041333263,25.098302571806048],[121.51167869876595,25.09842653064387],[121.51185890493792,25.098481953641315],[121.51196023864937,25.098306258760825],[121.5119854163649,25.09825200628852],[121.512022048159,25.098195457401236]]],[[[121.50872064283216,25.108214044133224],[121.50992341388454,25.108259551039165],[121.51003318829426,25.108279484920143],[121.51028849252693,25.10834856970707],[121.51071239514826,25.108500580963266],[121.51072096814642,25.108475724717454],[121.51005880394636,25.108254569714273],[121.50992393091154,25.10823472248765],[121.50928147967659,25.108209854850532],[121.50868891601775,25.108184812711364],[121.50859659645137,25.108189644518635],[121.50827442349329,25.108285546189773],[121.50818563332133,25.10831970622905],[121.50795823050015,25.10840399622797],[121.50740486138241,25.108610947216196],[121.50740943167028,25.108645130351263],[121.50796857686149,25.108433301292983],[121.5081665802477,25.108358140302776],[121.50861314943452,25.108221185171555],[121.50872064283216,25.108214044133224]]],[[[121.5074669479186,25.10919562406697],[121.5075084820229,25.109348955425947],[121.50758137109239,25.109441240922322],[121.50768257753748,25.10956277027015],[121.50768276296026,25.10960790931845],[121.50762939377607,25.109741254658697],[121.50757828092577,25.109820424597476],[121.5074396949993,25.110028542815154],[121.50730739342664,25.11018247166243],[121.50717581735736,25.110286744228084],[121.50701688964286,25.110370797582473],[121.50694310974784,25.110438759981353],[121.50682346536014,25.11058135989695],[121.5067613953384,25.110633483164133],[121.50666713627827,25.11069474459761],[121.50649766304682,25.11077657637486],[121.50627760278046,25.11091500556132],[121.50608327943543,25.111057860228275],[121.50593861316086,25.11114412027903],[121.50590099425793,25.111189388495877],[121.50598638806437,25.111157498733412],[121.50619192232483,25.111028147751874],[121.50633126508646,25.110928363743184],[121.50652138861443,25.1108193777391],[121.5067035386094,25.110730731570516],[121.50676952145608,25.11072599153029],[121.50682483488251,25.110764170661465],[121.50690084018734,25.110860960372317],[121.50696440035681,25.111020988198984],[121.50698504168182,25.111142794445303],[121.50699719197667,25.111309769422476],[121.50704044442779,25.111429241199037],[121.50706438330403,25.111523952374675],[121.50715567464668,25.111645516477466],[121.50758663846149,25.111930675474834],[121.50761371218688,25.111883185954817],[121.50730741305338,25.111696906868808],[121.50719268276335,25.111602506961553],[121.5070986759016,25.11134779027014],[121.50706562549406,25.111147032195653],[121.50698929084407,25.110894511926574],[121.50693417607596,25.110829248380696],[121.50683551355426,25.110723508409084],[121.50682079251237,25.110685190181442],[121.50682809043111,25.110651310456934],[121.50696903222874,25.110488324706253],[121.50705210808087,25.110420330423036],[121.50713176607324,25.110350090815245],[121.50723842850361,25.110291043426265],[121.50735020101364,25.11019360969791],[121.5075243752404,25.10997408455177],[121.50765553352763,25.109768248705947],[121.50773356191637,25.109603220876842],[121.50797023393004,25.109737826890996],[121.50815100110367,25.109841026985304],[121.50846085404149,25.11006340332622],[121.50847939016174,25.110049797659233],[121.5083395244341,25.10994645723294],[121.50815767890475,25.10980714924518],[121.50799082778,25.109697130391396],[121.50772173539241,25.109515239106024],[121.50760727862834,25.10941181133771],[121.50753592956929,25.109317263594807],[121.50750545448598,25.109215804579005],[121.50749433335916,25.109073653642668],[121.50749057153313,25.108987901691325],[121.50744083866772,25.108875223962723],[121.5073552596259,25.10878774093934],[121.50733021734492,25.108817426753966],[121.50734179771057,25.10882816765895],[121.50739824516536,25.108915995677137],[121.50744750705734,25.109064786553752],[121.5074669479186,25.10919562406697]]],[[[121.5042847501601,25.103943310067873],[121.50422033353499,25.104101515204885],[121.50402801968288,25.104352691877086],[121.50379642801138,25.104622058122505],[121.50357053633128,25.104846266127993],[121.50337613551669,25.10504328405772],[121.50312564553438,25.105391711283506],[121.50290620599259,25.10560461447176],[121.5028164071084,25.10569519921256],[121.50275074921257,25.105778930630386],[121.50286400749219,25.105893648833092],[121.50296910813296,25.105983568319377],[121.5031836200692,25.106156621561823],[121.50322355876486,25.106224193874098],[121.50320739490208,25.106287443855926],[121.50311848845556,25.10636899784647],[121.50295996029762,25.106550095432294],[121.50270066185128,25.106866953763337],[121.5026115518478,25.106898855002125],[121.50259618809193,25.106930504748338],[121.50271263946206,25.106916565916556],[121.50326207749836,25.106323368426853],[121.50330038480787,25.10621941758369],[121.50324190084727,25.106163193404587],[121.50299204274927,25.105909010482158],[121.50287392818922,25.105819135439578],[121.50281300259523,25.105771947315617],[121.50316320265387,25.105407381697578],[121.5034346610839,25.105034056188664],[121.50377135509665,25.10470339315385],[121.50386545084082,25.104603766629836],[121.50425173106099,25.10412623389364],[121.50433494608178,25.10394313823624],[121.50436619677299,25.10385726816415],[121.5044287703141,25.10377806161712],[121.50446869075641,25.103782558275245],[121.50449201339744,25.10373561931917],[121.50442860253682,25.10373743757365],[121.50437199304493,25.103760200617707],[121.50433440557964,25.10381223853083],[121.5042847501601,25.103943310067873]]],[[[121.49877892002448,25.110430465089802],[121.49851426933253,25.110444287704805],[121.49850915845056,25.110566174737738],[121.4987708186739,25.11057268126603],[121.49885449440048,25.110570847156534],[121.4988624160206,25.11043137955891],[121.49877892002448,25.110430465089802]]],[[[121.49762073256892,25.112686827654706],[121.49762618322838,25.11250173847306],[121.49759992684098,25.112215193039546],[121.49752995095895,25.11199876092384],[121.49743054827067,25.111401001730272],[121.49743252653415,25.111276862212264],[121.49741233173225,25.110956441923534],[121.49741137589768,25.110719464256032],[121.4974360656806,25.110617817682893],[121.49747367856158,25.110570294543777],[121.49760594721829,25.110558563204517],[121.4978262642608,25.11055781916121],[121.49804041125176,25.11056386652904],[121.49837135160749,25.110562747803822],[121.49837651948482,25.110562876319143],[121.49838097963543,25.110453626518723],[121.49820394917967,25.110468521345386],[121.49795127834827,25.110437777819833],[121.49755503788425,25.110459428786736],[121.49749212536632,25.11045738421569],[121.49746016333698,25.110446207302417],[121.4974352281619,25.11041018009293],[121.49742550388332,25.110380872422276],[121.49744044166292,25.110319884050558],[121.49749589937463,25.110240703194812],[121.4975149928609,25.11021129823616],[121.4975161594968,25.11019323860653],[121.49749939018557,25.110184267376965],[121.4974721399763,25.110188873296497],[121.49737550615936,25.110277220971284],[121.49726509192213,25.110406240355243],[121.49724116784793,25.110467259015696],[121.49720336235868,25.110697596534035],[121.49723064721096,25.111008965024116],[121.4972131187263,25.111426561802386],[121.49732796896409,25.11193624744336],[121.49737910630583,25.1120918052177],[121.49744297556568,25.112330827577342],[121.49745936149867,25.112551954429016],[121.49742037943051,25.112951567889336],[121.4973141093371,25.113186650077754],[121.49725161416393,25.113288423954714],[121.49715731134188,25.11334065188474],[121.49706939756243,25.11336351774525],[121.49701296374455,25.113354680061352],[121.49699932010516,25.113352469071142],[121.49704499014295,25.11338165566125],[121.4970852922231,25.11338603377714],[121.49711134910692,25.113392716847635],[121.49713653096198,25.113412944619032],[121.49717445414727,25.113442157283526],[121.4972246995905,25.11345327273131],[121.4972601255938,25.113477979875938],[121.49729556981507,25.113507200872014],[121.49732131685708,25.113513884955086],[121.4973278974625,25.11345518181512],[121.49748475912601,25.113316978328406],[121.4975706771767,25.11318352787354],[121.49762073256892,25.112686827654706]]]]}},{"type":"Feature","properties":{"河流":"內湖大埤","縣市":"臺北市","行政區":"內湖區","區域":"臺北市內湖區"},"geometry":{"type":"Polygon","coordinates":[[[121.58325109311667,25.080130384183413],[121.58315535259021,25.080191702794387],[121.58312814602702,25.08020309559836],[121.5823222016349,25.080551607962764],[121.58225276990015,25.0806083079564],[121.5821707667655,25.080757595506316],[121.58210635645337,25.080893271361575],[121.58204143270943,25.080986065797763],[121.5819246269275,25.081112920494263],[121.58183795426147,25.08119225862287],[121.58175578968984,25.081307691251325],[121.58166977985123,25.081461508392664],[121.58157916594908,25.081624371748973],[121.58147115068591,25.081776018629302],[121.58137119960145,25.081864436990276],[121.58135023144116,25.081950286577456],[121.58134590575413,25.082018014307277],[121.58135948308723,25.082072129250243],[121.58134657988931,25.082160203831414],[121.58142276617505,25.08235174896485],[121.58139309385072,25.082627221244625],[121.58136910274415,25.082728881354953],[121.58134520734328,25.082785400892064],[121.58134145900333,25.08290955120254],[121.58132451788074,25.082995384411788],[121.58126840506168,25.08305203106099],[121.58120767755443,25.083115466920745],[121.58120356529,25.083162880338882],[121.58124708464099,25.08319430676812],[121.58132992500482,25.08322106400847],[121.58147817236768,25.08325659109039],[121.58162156963476,25.083249253995373],[121.58177866157864,25.083255404737933],[121.5818695028857,25.083270845037802],[121.58191307512307,25.08324810283786],[121.58201692544223,25.08313258509593],[121.58207288793135,25.083044340609717],[121.58217236883308,25.082922068978732],[121.58231108568083,25.082842525376538],[121.58242855609157,25.0827901497609],[121.58261486096005,25.08268559059634],[121.58270157694905,25.082615280297905],[121.58271394413896,25.082479810754204],[121.58274383064096,25.08238038407115],[121.58276524575476,25.08225842078679],[121.58276455919165,25.082113974805267],[121.5827641087506,25.082019181681677],[121.58276801667165,25.081928885358224],[121.58277918768832,25.081802447954054],[121.5827353908817,25.081777793974716],[121.58270433792073,25.081762117659714],[121.58270604646356,25.081730512597947],[121.58272747360738,25.08167625931854],[121.58277527481246,25.08163092978739],[121.58292721519408,25.08159647329783],[121.58300556770004,25.081591649185864],[121.5831445616635,25.081570785841212],[121.58351722511328,25.08156931016538],[121.58366449874072,25.08159581098975],[121.58376236898867,25.08165636276852],[121.5839541685921,25.08179553791943],[121.58405545743973,25.081858332968807],[121.58436457597753,25.081913532607295],[121.58482118199039,25.08197491722397],[121.5849817983508,25.082005877968935],[121.58542319605327,25.08212600439911],[121.58553884085707,25.08214585812003],[121.58564198670906,25.08214319128379],[121.58568870953614,25.082131720549842],[121.58573163953518,25.08210446576876],[121.58574044794688,25.08200286482699],[121.58574613700078,25.081896762239175],[121.5857614750676,25.081865102988804],[121.58583149308585,25.081801628109794],[121.5858898688014,25.081765283729684],[121.58590918003662,25.0817223235657],[121.5859129592134,25.08167039706272],[121.58586568681642,25.08156676202159],[121.58585715830226,25.081467487002868],[121.58583729737245,25.081395341278707],[121.58577466560315,25.081318851504612],[121.58568853393326,25.081251483172966],[121.58566065125707,25.08118614036121],[121.58564056421743,25.081066598061305],[121.58561307758235,25.081019309833355],[121.58553483067703,25.080981251351904],[121.58544121346961,25.08096808111507],[121.58494522629714,25.080897825733988],[121.58479260098406,25.08085329113206],[121.58456980490861,25.0807751796194],[121.58438990671466,25.080663042281007],[121.58402339104293,25.080393653134102],[121.5837090711307,25.08022110819033],[121.58354491013826,25.080160818946773],[121.58348474935747,25.080147515105146],[121.58340380145815,25.08012752249425],[121.58334772145022,25.080125487546095],[121.58325109311667,25.080130384183413]]]}},{"type":"Feature","properties":{"河流":"內溝溪","縣市":"新北市","行政區":"汐止區","區域":"新北市汐止區"},"geometry":{"type":"MultiPolygon","coordinates":[[[[121.6175637020001,25.065184534000025],[121.61761041265616,25.06515283974475],[121.61761041262037,25.06515283975657],[121.6175637020001,25.065184534000025]]],[[[121.6175637020001,25.065184534000025],[121.61749944226572,25.06525735346262],[121.61749944228131,25.06525735345608],[121.6175637020001,25.065184534000025]]],[[[121.6173286263303,25.0654465002227],[121.61731509100004,25.065464595000037],[121.61732862624832,25.065446500348994],[121.6173286263303,25.0654465002227]]],[[[121.61731509100004,25.065464595000037],[121.61729811401189,25.065493502599246],[121.61729811412937,25.065493502418292],[121.61731509100004,25.065464595000037]]],[[[121.61796296700004,25.066442483000056],[121.61796139086823,25.0664097414659],[121.61796139086778,25.066409741471936],[121.61796296700004,25.066442483000056]]],[[[121.618603344,25.067670594000045],[121.61855469879997,25.067647986345406],[121.6185546987945,25.06764798634492],[121.618603344,25.067670594000045]]],[[[121.6186585123422,25.067712668752726],[121.61865851234981,25.067712668754705],[121.61865258800005,25.067706175000062],[121.6186585123422,25.067712668752726]]],[[[121.61894973219155,25.06807112440168],[121.61894973219276,25.068071124403673],[121.61897998814634,25.068082533780913],[121.61897998809613,25.068082533749042],[121.61894973219155,25.06807112440168]]],[[[121.61902993348816,25.06810136791522],[121.61902993347384,25.068101367896315],[121.61897998810579,25.06808253375267],[121.61897998815606,25.068082533784583],[121.61902993348816,25.06810136791522]]],[[[121.6195276310001,25.06838796400006],[121.61951889090881,25.06836150123417],[121.61951889090491,25.068361501232285],[121.6195276310001,25.06838796400006]]],[[[121.61952983766504,25.068416448660678],[121.61952983766733,25.068416448662838],[121.6195276310001,25.06838796400006],[121.61952983766504,25.068416448660678]]],[[[121.61985086900006,25.068593419000027],[121.61974340162305,25.06861621691618],[121.61974340162723,25.068616216917764],[121.61985086900006,25.068593419000027]]],[[[121.62011085642706,25.068630164361554],[121.62011085644644,25.068630164359767],[121.620095782,25.068623255000034],[121.62011085642706,25.068630164361554]]],[[[121.62027213471092,25.068707567112558],[121.62027213472344,25.068707567133234],[121.62033042288743,25.068742887265227],[121.6203304228852,25.068742887249122],[121.62027213471092,25.068707567112558]]],[[[121.62060232156169,25.073053180355377],[121.620602321562,25.073053180354577],[121.62060208900004,25.07304212900004],[121.62060232156169,25.073053180355377]]],[[[121.6209176804322,25.06935493989061],[121.62091783300002,25.069355531000035],[121.62091768043238,25.069354939890943],[121.6209176804322,25.06935493989061]]],[[[121.6209476399956,25.069508986471043],[121.62094764000095,25.069508986478738],[121.6209292220001,25.069447362000062],[121.6209476399956,25.069508986471043]]],[[[121.6214236971557,25.069558897837048],[121.6214236971098,25.06955889783139],[121.62133828300013,25.06957590500008],[121.6214236971557,25.069558897837048]]],[[[121.62133828300013,25.06957590500008],[121.62120678141679,25.069597416355297],[121.62120678190578,25.069597416295966],[121.62133828300013,25.06957590500008]]],[[[121.62102021358163,25.069586159738538],[121.62102021359496,25.069586159748624],[121.62107318800008,25.06960575100004],[121.62103185802151,25.06959046614291],[121.62102021358163,25.069586159738538]]],[[[121.62120678190195,25.069597416296602],[121.62120678141298,25.069597416355922],[121.62116281800002,25.069604608000077],[121.62120678190195,25.069597416296602]]],[[[121.62152892000005,25.069613783000023],[121.62152383484862,25.069603311044705],[121.62152383484671,25.06960331104357],[121.62152892000005,25.069613783000023]]],[[[121.62127309319938,25.071050039528416],[121.62127309319916,25.07105003953074],[121.62127309900006,25.071067987000045],[121.62127309319938,25.071050039528416]]],[[[121.62127784133908,25.071205855646316],[121.62127784133988,25.0712058556538],[121.62127309900006,25.071067987000045],[121.62127784133908,25.071205855646316]]],[[[121.62060206769641,25.072974884538375],[121.62060204500004,25.07290324400003],[121.62060208900004,25.07304212900004],[121.62060206769641,25.072974884538322],[121.62060206769641,25.072974884538375]]],[[[121.62160093700004,25.074789331000037],[121.62155477876169,25.07474066832623],[121.62155477874015,25.074740668320604],[121.62160093700004,25.074789331000037]]],[[[121.6216172447589,25.074797947037393],[121.6216172447776,25.07479794704205],[121.62160093700004,25.074789331000037],[121.6216172447589,25.074797947037393]]],[[[121.62319904600008,25.07582073200007],[121.62315822082552,25.075710240826854],[121.62315822083913,25.07571024093968],[121.62319904600008,25.07582073200007]]],[[[121.62322925141792,25.076066295845486],[121.62322925141854,25.076066295832685],[121.6232219320001,25.075931823000072],[121.62322925141792,25.076066295845486]]],[[[121.62318728827965,25.07652316015184],[121.6231872882812,25.076523160137498],[121.62318044800008,25.07642127300005],[121.62318728827965,25.07652316015184]]]]}},{"type":"Feature","properties":{"河流":"內溝溪","縣市":"臺北市","行政區":"內湖區","區域":"臺北市內湖區"},"geometry":{"type":"MultiPolygon","coordinates":[[[[121.62420123665089,25.078863787024886],[121.62406844202397,25.07881131256811],[121.62407279281588,25.078813931535755],[121.62406880005972,25.078811528088927],[121.6240373446114,25.07879902424866],[121.6238849371964,25.078738726946884],[121.6238090549428,25.078680363967315],[121.62376122429106,25.07857252609461],[121.62370224490851,25.078571181175818],[121.62372616259832,25.078644600830266],[121.62377480781646,25.0787075927262],[121.62386319555172,25.07878847333803],[121.6242935828304,25.078992048400714],[121.62433192565945,25.07903928435115],[121.62436692983525,25.079100076579547],[121.62438840727758,25.079181239173664],[121.62437493776679,25.079273834376977],[121.62434401772528,25.079346189896288],[121.6242647729007,25.07947968916002],[121.62415463082802,25.079629117915175],[121.62405819882895,25.079794287997732],[121.62404113809741,25.079850785765085],[121.62403862481895,25.080026844944115],[121.62406358978934,25.08018473199156],[121.62414546155782,25.080385262688726],[121.62420880465821,25.080475276871955],[121.62427630120182,25.08052916098233],[121.62461066452029,25.08079408023148],[121.62467813896832,25.080904390117315],[121.62476644930028,25.08115229103994],[121.6247949838213,25.081341761366183],[121.62480259084717,25.08143652463825],[121.62479594799518,25.08153134805815],[121.62475091519677,25.08156990769381],[121.62446781084091,25.08182163298043],[121.62441953123475,25.081891804673855],[121.624385375374,25.081998029008496],[121.62438921920794,25.082083779541797],[121.62459579828217,25.082439516956626],[121.62471216387095,25.0827820926719],[121.62480043125241,25.083081903496293],[121.62488942300416,25.083523903288828],[121.6249073340501,25.083634421529794],[121.62488690016583,25.08369770433367],[121.62484555019651,25.083790416703756],[121.62468719364385,25.08402355827094],[121.6246564336036,25.0841275109915],[121.62468478540136,25.084219929034596],[121.62478281682014,25.0843684782655],[121.62478990789147,25.084422616751134],[121.62477275510763,25.08446105849895],[121.6245508221115,25.084680926408463],[121.62452766882569,25.084757762814494],[121.62454203417727,25.08484121183243],[121.62459445762771,25.084915472077245],[121.62466427535014,25.084998686929573],[121.62481766775504,25.085128946104707],[121.62528812679929,25.085470024606774],[121.62541361555255,25.085534947506797],[121.62555611990196,25.08559528428483],[121.6256328452371,25.085635586035927],[121.62568146022151,25.085691805775436],[121.62570969810051,25.085761653799832],[121.62569278707299,25.085847491943976],[121.62565865428127,25.085958230120657],[121.62559308291077,25.086039760085356],[121.62495835841534,25.086597669221046],[121.62484303525206,25.086704235779717],[121.62468936633717,25.086946384494922],[121.62487036592702,25.086717662318343],[121.62563465250629,25.086050869309183],[121.62571521951396,25.085933163632333],[121.62574036830958,25.085822463460747],[121.62573995403307,25.085741212649932],[121.62572097533835,25.085664554412258],[121.6256707193445,25.0855902855016],[121.62558029422469,25.085536499618325],[121.62545831659776,25.085491875168834],[121.62533285086631,25.085431466239857],[121.6248347516686,25.085076962530263],[121.62467738949596,25.084958005221786],[121.62463310081527,25.084899509775262],[121.6245883760416,25.08481618894983],[121.62458421062648,25.084728182821234],[121.62461764444127,25.084662588121382],[121.62477861851922,25.08451745918719],[121.62480784153749,25.084476709442203],[121.62483144239941,25.08442695536762],[121.62482095513835,25.084375088247896],[121.62476247342248,25.08426699836341],[121.62471568329529,25.08414305994661],[121.62471544204655,25.084095663581525],[121.62472813141727,25.084032413488515],[121.62487452115839,25.083821892605787],[121.62494556408201,25.083659087262035],[121.62495273461712,25.08360714556393],[121.62493587929993,25.08352145007131],[121.62484904438307,25.08307718419997],[121.62476432236356,25.08280444267294],[121.62464454899953,25.08246188140123],[121.62458136422656,25.082342526051235],[121.6244377971365,25.082072289510112],[121.62443404511806,25.082004594752604],[121.62446462123651,25.081925469944327],[121.62450947031924,25.08185079864448],[121.62482735058877,25.081553785832494],[121.62485105427918,25.081463404458347],[121.6248438947432,25.08139572369526],[121.62480447180513,25.081136331320224],[121.62470116579637,25.080863666343813],[121.62464557016607,25.080776835168322],[121.62464495140348,25.08077654060289],[121.62464406700992,25.080776119582215],[121.6246396574641,25.08076913052362],[121.62439635644338,25.08056251004262],[121.62432366838368,25.080509059526516],[121.62432505381754,25.080510826089466],[121.62423840549307,25.080448067630115],[121.62418601919389,25.08038057758069],[121.62410012029643,25.080180063885518],[121.62407904455941,25.080056015938954],[121.62408981850128,25.07985960862556],[121.62414527991446,25.07973975198033],[121.62437439833029,25.07941151569608],[121.62444223876898,25.079289349655188],[121.62444533661694,25.07916745677091],[121.62443587723644,25.07913757868448],[121.62443462299704,25.079135688544767],[121.62441797346777,25.079086319017474],[121.6244028979302,25.07904575602045],[121.62435819906071,25.078966948432917],[121.62432617784091,25.078944513189597],[121.62427392970447,25.0789041069977],[121.62420123665089,25.078863787024886]]],[[[121.62415500477977,25.077507504757637],[121.62408153223102,25.077496529476786],[121.62384187460283,25.077456913432496],[121.62357959237293,25.07741513539942],[121.62329387108376,25.07733282924853],[121.62315530156114,25.077252159945758],[121.62309339397616,25.07720050905255],[121.62304603407667,25.07714653985433],[121.62303689846725,25.077113901103466],[121.62297315270975,25.077120004495715],[121.62298013368634,25.07716261649333],[121.62303845009068,25.077239109837464],[121.62311060296236,25.077295231662408],[121.62326432823396,25.077371323119813],[121.62357152662106,25.077473852180866],[121.62394194108333,25.07751968847493],[121.62421606346923,25.077574958218502],[121.6243548398791,25.077635312659762],[121.62441130953003,25.077714070577667],[121.62441942079228,25.077786261439208],[121.6244044714752,25.077831465199825],[121.62434124394765,25.07788590079456],[121.62400431709362,25.07802951507667],[121.62380724495877,25.078201880512992],[121.6237380278704,25.078296967682483],[121.62370394084157,25.078416734123014],[121.62369997131088,25.078453214000646],[121.62377296504502,25.078453314181615],[121.62378370131434,25.078384799467425],[121.62381459853063,25.078307930087593],[121.62387305383024,25.07822868748636],[121.62399760504714,25.078110796591503],[121.62416443382251,25.078022068703735],[121.62424355148366,25.077985622430067],[121.62438638994244,25.077930850989304],[121.62443480587584,25.077887763048043],[121.62448427732552,25.077808558090613],[121.62447858682994,25.07772507184528],[121.62444739196191,25.0776823198409],[121.62444288889442,25.07767559555207],[121.62436335285454,25.07760367826438],[121.62444302094589,25.07767571495422],[121.62439525907153,25.07760354363683],[121.62430268412393,25.077552022453876],[121.62423716233553,25.077520700398708],[121.62417097654415,25.07751105864038],[121.62416060731474,25.077508415169046],[121.62415500477977,25.077507504757637]]],[[[121.62319904600008,25.07582073200007],[121.62315822083913,25.07571024093968],[121.62318030577819,25.075893325125556],[121.62317338686213,25.076116799831933],[121.62313872652132,25.07636747566463],[121.62310661348259,25.076509803518217],[121.62296390084734,25.07689409877522],[121.62295168176158,25.076988945296836],[121.6229623817707,25.07705425844981],[121.62301422184407,25.077048870045076],[121.62301937573979,25.077048326518867],[121.623016033239,25.076972875192823],[121.62310383606724,25.07675583102368],[121.62317953459174,25.076595263421236],[121.62318728827965,25.07652316015184],[121.62318044800008,25.07642127300005],[121.62320304100001,25.076317727000056],[121.62321466729622,25.076273583945316],[121.62322305241234,25.076197843602227],[121.62322925141792,25.076066295845486],[121.6232219320001,25.075931823000072],[121.62319904600008,25.07582073200007]]],[[[121.62058487809604,25.072924956563806],[121.62052525179935,25.07307868452325],[121.62050325749011,25.07313971648843],[121.62051253614678,25.073259300042764],[121.62051162835226,25.073324757646628],[121.62051477164474,25.07333377257682],[121.6205207256256,25.07334728977664],[121.62053539858898,25.073369798526475],[121.6205859795953,25.0734485823856],[121.62065290942752,25.073513755496194],[121.62087585351398,25.073679840335313],[121.62107838814427,25.07385278156514],[121.62115660698271,25.07394499138468],[121.62119039279081,25.07401030335484],[121.6212114430348,25.074129837427307],[121.62122229403029,25.07425392836372],[121.62126159538931,25.074490751208444],[121.62129172139628,25.074567363646654],[121.62136049820803,25.074691211357596],[121.6214677210551,25.074760728937093],[121.6216172447589,25.074797947037393],[121.62160093700004,25.074789331000037],[121.62155477874015,25.074740668320604],[121.62150131367785,25.074726732456448],[121.62140307396936,25.074657177179613],[121.62131715726747,25.074513088209518],[121.62129466097537,25.0744138734743],[121.6212944686264,25.07425362536683],[121.62128110517104,25.074122773903618],[121.6212440158675,25.074016849336985],[121.62117467712524,25.0739042890479],[121.62110057664768,25.07383011816996],[121.62088589277646,25.073643685779036],[121.62068036387943,25.073491070077406],[121.62061777069317,25.073425878792523],[121.62058680739149,25.073367325926235],[121.62057329483217,25.073268073381296],[121.62057045254544,25.07313492067687],[121.62059032420098,25.07308292571367],[121.6205904995034,25.073082483258066],[121.62059034818782,25.073083890682934],[121.62060232156169,25.073053180355377],[121.62060208900004,25.07304212900004],[121.62060204500004,25.07290324400003],[121.62060229200006,25.072900909000055],[121.6206044511749,25.072880487711252],[121.62058487809604,25.072924956563806]]],[[[121.62126724294971,25.069617789546456],[121.62137838666848,25.069606038072187],[121.62145217634823,25.069619270686868],[121.62149695242148,25.069652938365376],[121.62150434283872,25.0696573811491],[121.6215058665168,25.06963935872768],[121.62147888800504,25.06957662378417],[121.62147868745821,25.06957615743885],[121.6214705209789,25.069571795903887],[121.62146151527047,25.069567319617203],[121.62146059919235,25.06956662354343],[121.62120678190195,25.069597416296602],[121.62116281800002,25.069604608000077],[121.62107318800008,25.06960575100004],[121.62102021359496,25.069586159748624],[121.62102510665827,25.069589862707232],[121.62102504633658,25.069589857315684],[121.62103575518809,25.06959844708806],[121.62105440897754,25.06961191110007],[121.62108914698528,25.06962079357891],[121.62126724294971,25.069617789546456]]],[[[121.62150424181965,25.06965857602637],[121.62153053162744,25.069677624865875],[121.62153255638134,25.069680425895296],[121.62153272800003,25.06967576100004],[121.62152892000005,25.069613783000023],[121.62152383484671,25.06960331104357],[121.62147889928029,25.069576650003228],[121.6215058665168,25.06963935872768],[121.62150424181965,25.06965857602637]]],[[[121.62146176244462,25.06956648241816],[121.62145560708137,25.069562830332295],[121.6214236971557,25.069558897837048],[121.62133828300013,25.06957590500008],[121.62120678190578,25.069597416295966],[121.62146176244462,25.06956648241816]]],[[[121.62126768638542,25.071109690147235],[121.62127784133908,25.071205855646316],[121.62127309900006,25.071067987000045],[121.62127309319916,25.07105003953074],[121.62126768638542,25.071109690147235]]],[[[121.62093974593894,25.07222521074537],[121.62094053524002,25.07222472221821],[121.6210969078529,25.07212833106402],[121.62094071409587,25.07222464248837],[121.62092167862846,25.072254151493023],[121.62096668200003,25.072221486000046],[121.62102726700004,25.072184749000023],[121.62110552500008,25.072135400000032],[121.62114074414784,25.072085183596524],[121.62112665781824,25.07209133840692],[121.62112537673497,25.0720929313726],[121.62111100788903,25.072098930399402],[121.62101980109064,25.072133168669808],[121.62096589106986,25.072192077849564],[121.62094803956505,25.072214723127423],[121.62094065115521,25.07222378227776],[121.62093974593894,25.07222521074537]]],[[[121.62033428149529,25.068770169640377],[121.62033397483678,25.06876854018301],[121.62033042288743,25.068742887265227],[121.62027213472344,25.068707567133234],[121.62027639668905,25.06871461231528],[121.62027885173909,25.068724817413447],[121.62033428149529,25.068770169640377]]],[[[121.62027795570073,25.06872408428085],[121.62027893184928,25.068725886904772],[121.62029917885008,25.068809312637256],[121.62033252791997,25.068849799715526],[121.62035774346477,25.06887452156212],[121.62047370346741,25.068957546365443],[121.62056444799208,25.069015849261632],[121.62073332899656,25.06915056401587],[121.62076699946746,25.069193306660726],[121.62079976358729,25.06924056717359],[121.62084133806361,25.06931487522202],[121.62088794870563,25.069404961417135],[121.62091174156274,25.069454516541008],[121.62091204186751,25.069455057326937],[121.62091184773594,25.0694540966949],[121.62091163481536,25.069453043087595],[121.62091924425961,25.06946802732366],[121.6209476399956,25.069508986471043],[121.6209292220001,25.069447362000062],[121.62091783300002,25.069355531000035],[121.6209176804322,25.06935493989061],[121.62087691275583,25.06928122573461],[121.62087704915822,25.069281900704137],[121.62087647808787,25.06928087232405],[121.6208574116342,25.069247096653747],[121.62079752753719,25.069166094231367],[121.62076542869882,25.069127859086638],[121.6205446706591,25.06896402019039],[121.62043713104399,25.06889224538237],[121.62039265378873,25.06885631902351],[121.62033779473548,25.068788837554035],[121.62033429601986,25.06877079587887],[121.62033402027814,25.068769955914526],[121.62027885173909,25.068724817413447],[121.62027795570073,25.06872408428085]]],[[[121.61979991099439,25.068637610320874],[121.61984266790583,25.068639688456194],[121.61995416644419,25.068636964815724],[121.62000464424915,25.068634496507308],[121.62007922694741,25.06863195669581],[121.61997752460395,25.068600754388573],[121.62008013871919,25.068632236427252],[121.62009229203693,25.068631872589464],[121.62011085642706,25.068630164361554],[121.620095782,25.068623255000034],[121.62000487800005,25.06858767500006],[121.61985086900006,25.068593419000027],[121.61974340162723,25.068616216917764],[121.61975528600307,25.068620716125924],[121.61975722014044,25.068620542400854],[121.61979991099439,25.068637610320874]]],[[[121.61899923751278,25.068094756703022],[121.61897998814634,25.068082533780913],[121.61894973219276,25.068071124403673],[121.61895455420031,25.068079144357934],[121.61900624595121,25.06813309710256],[121.61907187633786,25.0681869915039],[121.61914584711246,25.06823633688792],[121.61933553615026,25.06832131053279],[121.6194926449448,25.06839513515749],[121.61950472367117,25.068400424832483],[121.61950468257761,25.068400233288425],[121.61951903057037,25.068406309896986],[121.61952983766504,25.068416448660678],[121.6195276310001,25.06838796400006],[121.61951889090491,25.068361501232285],[121.61948174371426,25.06834354609104],[121.61949777355466,25.06836802916857],[121.6194819896088,25.068343921656655],[121.61947191606728,25.068338795885143],[121.61939924116672,25.068300730445895],[121.61917348453558,25.068188823325823],[121.61911198353678,25.06815522507067],[121.61906474231165,25.068123824163848],[121.61904856288085,25.068114761069786],[121.61904965058523,25.06811520219826],[121.61903336664426,25.068105899112346],[121.61902993348816,25.06810136791522],[121.61897998815606,25.068082533784583],[121.61899923751278,25.068094756703022]],[[121.61950463373758,25.068400005636832],[121.61950463061206,25.068399991068333],[121.61949777355466,25.06836802916857],[121.61950463373758,25.068400005636832]]],[[[121.6186585123422,25.067712668752726],[121.61865258800005,25.067706175000062],[121.618603344,25.067670594000045],[121.6185546987945,25.06764798634492],[121.61854963288033,25.06764753750303],[121.61854907545839,25.067647488115146],[121.61845425936399,25.06764111340237],[121.6183084379858,25.067655265199182],[121.61794278885885,25.06768839159434],[121.61786631603638,25.06769548213525],[121.61775506067804,25.06768466155135],[121.61771581905688,25.067676070680907],[121.61769073694553,25.067711352305867],[121.61777046591232,25.067729738058986],[121.61793584697051,25.067724533263398],[121.61827517930732,25.067693773920613],[121.61843933269401,25.067690830735106],[121.61859464042578,25.067697970771146],[121.61855075133984,25.067648790794408],[121.61859511003773,25.067698496995163],[121.61860664053901,25.067699159389566],[121.6186585123422,25.067712668752726]]],[[[121.61796296700004,25.066442483000056],[121.61796139086778,25.066409741471936],[121.6179572380602,25.066465657697556],[121.61796296700004,25.066442483000056]]],[[[121.61790410059025,25.065228144680574],[121.61790204970893,25.06520587817264],[121.61787263670692,25.0652819406318],[121.61787325506889,25.0652851200586],[121.61790203200009,25.065235048000027],[121.61790410059025,25.065228144680574]]],[[[121.61761041265616,25.06515283974475],[121.6175637020001,25.065184534000025],[121.61749944228131,25.06525735345608],[121.61766873923438,25.065186476232096],[121.61778115120454,25.065181492675965],[121.61782583311998,25.06519710534442],[121.61785662240342,25.06522180420398],[121.61786795516103,25.065257869547924],[121.61787260207318,25.065282030195124],[121.61790207412358,25.065205815035927],[121.61790198848998,25.065205213515284],[121.61790142048349,25.065199046638213],[121.61790090201407,25.065197581726327],[121.61789105109783,25.065169748400248],[121.61782546874753,25.065124881498942],[121.61766568978183,25.06513457698594],[121.61761041265616,25.06515283974475]]],[[[121.61768476784236,25.066890476287323],[121.61760391124062,25.066949496982456],[121.61750674060015,25.0670288991095],[121.61745594914841,25.067153248426663],[121.61746367638224,25.067272839392185],[121.61747793102175,25.06739691719389],[121.61751514092846,25.067527670298873],[121.6175682641602,25.06761998725358],[121.6176153552471,25.067662066496005],[121.61763559114681,25.067633770568868],[121.61759323965275,25.06759731257058],[121.61753700758575,25.067502751559985],[121.61751938227154,25.067324518828972],[121.61751754009647,25.067204903298897],[121.61751858559172,25.067166529222124],[121.61752591700183,25.067146185240432],[121.617549195715,25.067094176097992],[121.61758056187128,25.067048904313243],[121.61763178569717,25.067010320738483],[121.61765229025264,25.066995008011695],[121.61765216646488,25.066995288724588],[121.61766378646702,25.066986698811395],[121.61769673900007,25.066930286000055],[121.61778746306571,25.06681578811686],[121.61772527133193,25.066859907726936],[121.61772518875696,25.06686002292745],[121.617726152764,25.06685867803847],[121.61772611395136,25.066858705047267],[121.61768476784236,25.066890476287323]]],[[[121.61732862624832,25.065446500348994],[121.61731509100004,25.065464595000037],[121.61729811412937,25.065493502418292],[121.61732862624832,25.065446500348994]]]]}},{"type":"Feature","properties":{"河流":"內雙溪","縣市":"臺北市","行政區":"士林區","區域":"臺北市士林區"},"geometry":{"type":"MultiPolygon","coordinates":[[[[121.5847267677982,25.137838425662846],[121.58474499340652,25.1376961642975],[121.58475072508752,25.137533639494254],[121.58473804493671,25.137409555942483],[121.58470515531508,25.137272010296403],[121.58465423651381,25.137123250888965],[121.58465376197476,25.13702394584761],[121.58470448877087,25.136937980624275],[121.58475386006828,25.136892646300115],[121.58482534343888,25.13686979444842],[121.58491870451134,25.136885224770957],[121.58506051006388,25.13692077651739],[121.58519478079637,25.13693604461728],[121.58534065646016,25.136915154012705],[121.58548403862517,25.136826563900375],[121.58604904578308,25.13644063759447],[121.58615705269229,25.136343158970305],[121.58617141344561,25.13630021939328],[121.58618072902672,25.136239243379283],[121.58611667679978,25.136131160543798],[121.58605861773619,25.135980170451283],[121.58589129149672,25.135728047631215],[121.58576780805971,25.1355705456049],[121.58574523481595,25.135516466519775],[121.58572749066576,25.13543528399653],[121.58573756342977,25.13533819204473],[121.58578524073104,25.1351980676029],[121.58589719670505,25.13501931900651],[121.58601018275073,25.13492633319219],[121.58611071066386,25.134885308240563],[121.58654864938039,25.134824888711307],[121.58687371366608,25.134751374037844],[121.58696935821668,25.134726167139323],[121.58716152276995,25.13466446463672],[121.58750676513561,25.134468989928493],[121.58757632232296,25.13443260132544],[121.5876198900784,25.13440534403607],[121.58766345334269,25.134312633377654],[121.58768540934504,25.134238064695484],[121.58767444950217,25.134150084738256],[121.58763080793405,25.13403289345136],[121.58756072638242,25.133895494028057],[121.5874582408166,25.133722110974198],[121.58738898763403,25.133498941494953],[121.5873278315038,25.133219314379687],[121.58727182261023,25.13304348944198],[121.58721917293309,25.132921819487],[121.58715298484744,25.13282051632954],[121.58698590611185,25.132554850934337],[121.58697478869355,25.132498469575932],[121.58697429073689,25.132394648744253],[121.58697947132485,25.132182468558387],[121.58706969621112,25.13199703548833],[121.58717278523265,25.131779953216107],[121.58720955836156,25.131628588546583],[121.58721592151234,25.13153376953934],[121.58719397764054,25.13128784411273],[121.58708820673216,25.130816551602134],[121.58692071555713,25.130399671698182],[121.58677709557342,25.130113602802176],[121.58659221196072,25.129753216638715],[121.58657640627143,25.129559177860184],[121.58661363008545,25.12943715267763],[121.58668853198617,25.129287894174077],[121.58674517512398,25.129208674809476],[121.58683243348686,25.129115792033275],[121.58697054796764,25.129029478434],[121.58720697255109,25.128893120646964],[121.58729286506133,25.128838611842166],[121.58737886167094,25.128741219631014],[121.58753748312341,25.128666108917926],[121.58764445944632,25.128613773117184],[121.58774296006756,25.12853890091875],[121.58788082438802,25.128400676266388],[121.58797496451267,25.128321307185598],[121.58806789746384,25.128248713817126],[121.58814706470378,25.128149091114764],[121.58821890906188,25.128008871478215],[121.58836272752457,25.127755515484477],[121.58856199561598,25.127497424559287],[121.58876301385402,25.12721675613312],[121.58885359659536,25.12704260542355],[121.58893223992987,25.126834646939088],[121.58895239416377,25.126708173878043],[121.58894073792553,25.126475747898162],[121.58890823733746,25.126162152490366],[121.58886969637115,25.12607428254461],[121.58866181243417,25.12582909645223],[121.58857062816539,25.125685010941684],[121.58850420297594,25.12553405576399],[121.58834373511543,25.12516003110471],[121.58819137877393,25.12492590886623],[121.5880593507362,25.124756303275365],[121.58797548893057,25.12474512905692],[121.58803345471446,25.124822715364452],[121.58815427271716,25.12500730902813],[121.58829978474641,25.125171491232972],[121.58835726601464,25.125331510055343],[121.58844009857685,25.125543339175678],[121.58852282281711,25.125732598636134],[121.58863079566092,25.12588790234865],[121.58866848840987,25.125928378408826],[121.58879526737576,25.126063294060994],[121.58883977236545,25.12616693933963],[121.58886101337166,25.126394813062003],[121.5888350957263,25.126740239346876],[121.58882473825,25.126970495937368],[121.588674834239,25.127246448309222],[121.58855603792041,25.127418453246335],[121.58844953517635,25.127504643096433],[121.58834953383659,25.127654002974975],[121.58825597961207,25.12785524808514],[121.58815611880304,25.128033948159672],[121.58809492577247,25.128133499423218],[121.58804011051046,25.12820594130454],[121.58795581140983,25.12826947234949],[121.58784910627305,25.128378232328906],[121.58772383950785,25.12849383692942],[121.5876408230714,25.12856639061963],[121.5874787711986,25.128637001108054],[121.58734705692879,25.128700719962666],[121.58726540975363,25.12880035188877],[121.58710849992816,25.128909310384913],[121.58683221705638,25.12907065300559],[121.58672571238442,25.129156841119336],[121.58664430960833,25.12924292961786],[121.58657652460455,25.12938990289318],[121.58653829534273,25.129496133095785],[121.5865327788257,25.12963834552599],[121.58655073915092,25.12976466596433],[121.58662208928783,25.129908830765853],[121.58676370873243,25.13016556672147],[121.58692435576387,25.130512506974306],[121.58705482368526,25.130834739916864],[121.5871319776734,25.131154927246822],[121.58717128020972,25.13146623668532],[121.58717119093704,25.131576829776083],[121.58715339372952,25.13167846508408],[121.58708971286552,25.131841221967573],[121.5870247705795,25.131999470586358],[121.5869596007843,25.132110322756397],[121.5869323546135,25.132180398299525],[121.58691736113613,25.132349734068548],[121.58692429532475,25.13250318379299],[121.58694975509403,25.13257756444135],[121.58706403687954,25.132755415642116],[121.58722273774575,25.133018857030514],[121.58729322988756,25.133242021860777],[121.58734491953433,25.133551027787448],[121.58740901904082,25.133733591501688],[121.58752852157531,25.133965589381248],[121.58761853510653,25.13412322274793],[121.58763174017135,25.134226992894725],[121.58759442937709,25.134330963766228],[121.58751669967475,25.134408011079707],[121.58733743727879,25.134510288885902],[121.58709589259395,25.13461507090988],[121.58684028221015,25.13469508130418],[121.58660783931056,25.134759200299847],[121.58646941558041,25.134782319689208],[121.58633282965133,25.13480091763478],[121.58614823928387,25.134826476876164],[121.586060342312,25.134851652604794],[121.5859703839402,25.134899406690064],[121.58585676725387,25.13499013795211],[121.58578454197806,25.135116817520938],[121.58571327114956,25.13531346106138],[121.58568604821264,25.135453504449075],[121.58569815983074,25.13552342419062],[121.58573005216743,25.13558198039541],[121.58578066919532,25.135667546631854],[121.58588827132988,25.13580931243239],[121.58601032450665,25.13599164714853],[121.58609804195913,25.136187660027513],[121.58612381200174,25.136262039474705],[121.58610527453004,25.1363388504902],[121.58596082677094,25.13646355735634],[121.58542107071442,25.13681552855252],[121.58530174359326,25.136879196595277],[121.58513784947382,25.13689113048777],[121.58501805895399,25.136857748872824],[121.58490107933584,25.136828869993487],[121.58480376487216,25.13682925406897],[121.58475984271253,25.136847483195815],[121.58466561948367,25.136911050294803],[121.58461497894696,25.137015070974165],[121.58460871072252,25.137130201460366],[121.58463574125311,25.137209088938032],[121.58469947464201,25.13738036751686],[121.58471438891335,25.137517984115348],[121.58470463900807,25.137682781770703],[121.5846811123464,25.13781829314953],[121.58464333720092,25.137890665490424],[121.58450942731044,25.138080780086188],[121.58438259135383,25.13825958188053],[121.58427066368152,25.138445095768258],[121.58412505373951,25.138716507761846],[121.58405098989358,25.13891315715947],[121.58430789748179,25.138453976712967],[121.58445767594897,25.138211888988774],[121.58455808498645,25.13808058799717],[121.58466774832797,25.13794022256333],[121.5847267677982,25.137838425662846]]],[[[121.58744440060177,25.1236739864877],[121.58741663178574,25.12357027471397],[121.5873949306908,25.12343945470842],[121.58740826857036,25.123313009218695],[121.58744259199754,25.123168424095663],[121.58737164218557,25.122590913726885],[121.587184787954,25.121860392354485],[121.58714377556258,25.121860555645295],[121.58714152480216,25.121861150805984],[121.58715044559963,25.12189438397193],[121.58718907470232,25.122065761573836],[121.5872407667056,25.122311567890407],[121.58731760731872,25.12263175477799],[121.58738231967037,25.12294296340189],[121.58739926842296,25.12311668544783],[121.58731517039236,25.12341494515457],[121.58731577734959,25.1235413350984],[121.58732876455566,25.123599965571668],[121.58739968363648,25.123719304632775],[121.58751919485265,25.123890361424795],[121.58768378133877,25.12409057984801],[121.587785547571,25.124309104455964],[121.58786840003303,25.12452544739317],[121.58793997966129,25.124678106665904],[121.58801612089253,25.1246879827796],[121.58783572327982,25.12423893738416],[121.58772139257667,25.124049803940274],[121.58755587642021,25.12384958925683],[121.58744440060177,25.1236739864877]]],[[[121.58688925931457,25.121258951856596],[121.58664917549436,25.12108160477886],[121.58640402608623,25.120881707556865],[121.58615049649559,25.120808234808784],[121.58586048775295,25.120752962508025],[121.5852052996278,25.120669798471056],[121.5850978543033,25.120622828027315],[121.5850284494523,25.12055990748723],[121.5850092448559,25.12049678785728],[121.58502137005875,25.120440315016296],[121.58502604270548,25.120056607981205],[121.5849752619046,25.119740830479067],[121.58488454020217,25.119431982227955],[121.58467042821343,25.11917553362835],[121.58446671820064,25.119020608153434],[121.58428774720812,25.118919752254588],[121.58405041558855,25.118862009966268],[121.58382373826421,25.118829052055403],[121.58356552956653,25.118812017430773],[121.5833451165838,25.118858028694763],[121.58322348781746,25.11889010730648],[121.5831041141189,25.11894023282886],[121.5828598424688,25.119051790343903],[121.58276922994555,25.119056608626043],[121.58276912035474,25.119100510720834],[121.5828684240079,25.11909689625394],[121.58328730189338,25.118950793835143],[121.58355490161482,25.118922652003786],[121.58395009523015,25.11894365864747],[121.58429690860395,25.119021280584484],[121.58461266549192,25.119214131314568],[121.58474038178642,25.119353558787413],[121.58482962321405,25.119547306423414],[121.5849306786053,25.119878683658584],[121.58494504828515,25.12029165610502],[121.58490200637969,25.120492698899234],[121.58494036152165,25.120607653439485],[121.5850099895297,25.12065251729456],[121.58519628390737,25.12072851602377],[121.58589877959258,25.120854374994757],[121.58623905420961,25.120922989355083],[121.58644744961826,25.12101921138234],[121.58665594673988,25.121201198421236],[121.58685806277963,25.121344841712],[121.58697343386217,25.121493344023563],[121.58711352849986,25.12175685442682],[121.5871311288362,25.121822422084648],[121.58717395897865,25.12181805533574],[121.58715941286633,25.121761185729913],[121.5870349055302,25.121452473473983],[121.58688925931457,25.121258951856596]]],[[[121.58200416204308,25.119224441724633],[121.58158489770965,25.1194201957132],[121.58132093104486,25.11956116907556],[121.58108525778007,25.119656890764517],[121.58095211935013,25.119679984824295],[121.58080742985973,25.11968506831417],[121.58073769761506,25.119683085748214],[121.5806850191219,25.11968329303622],[121.58061511557025,25.119645199269847],[121.580484070137,25.119521580420116],[121.58036939521132,25.119452064805103],[121.58030546508863,25.119432003315126],[121.5801857257892,25.119405390257374],[121.5799741884101,25.119363339050697],[121.57967872790215,25.11926744957172],[121.57952297847278,25.119227435563676],[121.57930006115616,25.1192034840248],[121.57916681511712,25.119204007085198],[121.57892783754099,25.119256855636547],[121.57872210174712,25.119327629341253],[121.5786054069824,25.11935517084703],[121.57849165088452,25.119348845909325],[121.57841344506856,25.11932432562092],[121.57827955839295,25.119254883743572],[121.57819623472388,25.119196528563155],[121.5781117362788,25.11908626719206],[121.57805023262212,25.118989457622213],[121.57808796125131,25.119104416250742],[121.57812142700976,25.119169737813525],[121.57813003885633,25.119221614816226],[121.57809261866043,25.119237560349063],[121.57796816704989,25.119197422076656],[121.5778724166033,25.11913234441918],[121.57777646378432,25.11902438469894],[121.5777133692931,25.118853100573876],[121.57772933442588,25.118755987534414],[121.57762645641442,25.11875639029965],[121.57747900986547,25.118768252371193],[121.57737054346637,25.118766419840597],[121.57726191736182,25.118730733016754],[121.5771975286913,25.11867907414901],[121.57706644281669,25.118611877183934],[121.57688002812198,25.118574237284836],[121.57676019368446,25.118527308960275],[121.57664869399181,25.118473576996838],[121.57653972801947,25.11836566729916],[121.57646413123672,25.118302766948034],[121.57632436972868,25.118235603195878],[121.57610740779991,25.118159712766914],[121.57587607521012,25.118059051220992],[121.57580458171083,25.11801193343145],[121.57573354877803,25.117930958955874],[121.5757000952999,25.11786789375304],[121.57567559216155,25.117928928095168],[121.57561747425963,25.117958495705754],[121.57549991614579,25.117934127373566],[121.57531884723588,25.1178468108746],[121.57520550250089,25.11772988929127],[121.57515649214659,25.11765334268138],[121.57514778627183,25.117581152933372],[121.57513579319662,25.11740289745785],[121.57514329007323,25.117217795039025],[121.57515711756977,25.11719291424415],[121.57517655453445,25.11717478255091],[121.57520299953194,25.117197249359258],[121.57526542127862,25.117226346866893],[121.57531040546803,25.11723745642075],[121.57525677901698,25.11716769881387],[121.5752237206905,25.117122687895122],[121.57517587580556,25.11703033781739],[121.5750474833432,25.11674420046479],[121.57497389892116,25.11664743661669],[121.57492629852936,25.116606996255513],[121.5747589015448,25.116460943983697],[121.57456594765591,25.11628339315862],[121.57450579402952,25.116209146674155],[121.57443160236498,25.116117493256567],[121.57439222673503,25.116138237917983],[121.57447245565845,25.11623636035506],[121.57477834639015,25.11651052203635],[121.57488481882056,25.116616185823908],[121.57494894814,25.116679131701755],[121.57500222158522,25.116739862862513],[121.57509201223888,25.11692232916784],[121.57512046230845,25.117041838772668],[121.57512367528435,25.11713210586136],[121.57512399341162,25.117199814329283],[121.57509696420357,25.11738273588389],[121.5751202927446,25.117599316016854],[121.57512895613412,25.117662477973585],[121.57516526166343,25.11773907412105],[121.57528265591547,25.117860493925665],[121.57537750621819,25.117932347771355],[121.57545577426058,25.117970411378288],[121.57566472129668,25.118055361967127],[121.57596857443602,25.11815799776634],[121.57607435768769,25.118182411708272],[121.57621059345219,25.118224762586152],[121.57642841993845,25.118352560229237],[121.57661804848087,25.11848046772492],[121.57680321150015,25.11858130855359],[121.57689416394496,25.11861480782792],[121.57699154927852,25.118632482965626],[121.57706662375901,25.118650245294823],[121.57715328067022,25.11869278916441],[121.57723695601581,25.118760171527903],[121.57729810758475,25.118782502182295],[121.57735949450606,25.118789032965783],[121.57744576717685,25.118815779240105],[121.57751002819498,25.118840354626524],[121.57757405393126,25.118880729829474],[121.5776606037121,25.118966156608288],[121.57771675396694,25.119044931392427],[121.57781454468574,25.119148369976486],[121.57789253633898,25.119193204323967],[121.57803481069006,25.119267127675222],[121.57829669690912,25.1193405821499],[121.57845002046624,25.119391891903245],[121.57852506356284,25.11940288263945],[121.57861119814774,25.119400287912107],[121.5787891307759,25.11934767933044],[121.5789085609851,25.11930884200537],[121.57916141894152,25.119242397071872],[121.57930855596241,25.11923053453708],[121.5795343156325,25.11926575984143],[121.57961589816829,25.11928349530652],[121.57996040445614,25.119397248053804],[121.58024453783285,25.119457069759076],[121.5803447873049,25.11949053038271],[121.58045352114618,25.11954878444268],[121.58059883146473,25.11967460418707],[121.58067403500364,25.119719448073344],[121.5807379010899,25.1197259677314],[121.58096313633845,25.119716053274928],[121.58109937354205,25.119692947005056],[121.58121887752405,25.119669906511067],[121.58134383052638,25.119619760585653],[121.58159905649818,25.119465279699085],[121.5817671767132,25.119369823485187],[121.58201270033123,25.119260519884573],[121.58226793689948,25.119173747434967],[121.58242724171888,25.119114437057075],[121.58269090127327,25.119103546295495],[121.5826900548808,25.11906081868035],[121.58258474086608,25.119066418580662],[121.58240817841495,25.119080657444446],[121.58224857449751,25.119142225973256],[121.58200416204308,25.119224441724633]]],[[[121.57407309987526,25.115590158148393],[121.57407260241969,25.115484081505734],[121.5740362513676,25.115265294782926],[121.5739998369576,25.11503296634235],[121.5739846444375,25.114766700471087],[121.57399676674423,25.11464251879852],[121.57403170234981,25.114493421478638],[121.57408987743517,25.11434423374245],[121.57422047016854,25.114043545788142],[121.5742085261119,25.114007480400467],[121.57417296920121,25.1139579649375],[121.57409488745255,25.113892815963716],[121.57397903467073,25.113834584836077],[121.57380661524806,25.11380591446611],[121.57364144957288,25.11380429959772],[121.57329689639465,25.11380789553459],[121.5730610721786,25.113804297510256],[121.57292570582189,25.113813851081325],[121.57276006459571,25.113909287727093],[121.57262321213581,25.113932388742935],[121.5725613246101,25.11395068480983],[121.57250251455585,25.113964454928198],[121.57223055517478,25.114118985205348],[121.57190294669294,25.114300814572903],[121.57180759389522,25.114319240020045],[121.57157927911632,25.114331409497478],[121.57125133040789,25.114307852480067],[121.57104825572338,25.114283811555758],[121.57089469568496,25.114246036848826],[121.57073304779432,25.114201522285544],[121.57058360508896,25.114116334490095],[121.57045982840155,25.114019762361778],[121.57029058600502,25.113808259223752],[121.57020322100732,25.113745401076752],[121.57012240494987,25.113691545616433],[121.57007044700687,25.113513444292494],[121.57005134961287,25.11327202034476],[121.56997940894423,25.113127851005682],[121.56994105446228,25.113076088425764],[121.5698761783931,25.113051512122496],[121.56977243894202,25.113065454656233],[121.56957504866304,25.11306395972002],[121.56948185998357,25.11301466566452],[121.56941118078831,25.1130081674605],[121.56931187387013,25.113042405456177],[121.56922881083705,25.113038211931492],[121.56915410348137,25.113031729144133],[121.56911571255591,25.11303864818102],[121.56903386258385,25.11309538853131],[121.5689347339304,25.11316799436623],[121.56884340958895,25.113186402348855],[121.56877708932907,25.113184401011306],[121.56866902766724,25.113135163782303],[121.5685969096771,25.11308578797756],[121.56842309625256,25.112890099763156],[121.56833165777095,25.112750518778142],[121.5682394157423,25.112638024681406],[121.56806688948943,25.11251906868305],[121.56792175670283,25.11242709090235],[121.56782801235578,25.11239133990485],[121.56775168287722,25.11236906376178],[121.56760707408387,25.112389933009048],[121.56737319509743,25.112404374452353],[121.56724125892028,25.112418423648865],[121.56698658149769,25.11249162608011],[121.56687569453071,25.112501080087007],[121.56639880727192,25.112566107094167],[121.56617012221191,25.11256472778464],[121.56579556422352,25.11251199689601],[121.56546371466712,25.112447816475417],[121.56509071400131,25.112329625293004],[121.56490737997989,25.11228518763873],[121.56458649039149,25.112245790161946],[121.56436949676743,25.112226307482338],[121.56410126237128,25.112182193576214],[121.56368075133794,25.112041610718318],[121.5634924605703,25.11199719028454],[121.5631135875146,25.111948983170915],[121.56285376030914,25.111846153378387],[121.5625470947928,25.11179992633559],[121.56239790763414,25.111701187828494],[121.56218478683974,25.111580122981316],[121.56192457886846,25.111461494179874],[121.56173311861667,25.111401284753846],[121.56161811064848,25.11139043769539],[121.56146948379255,25.111413573244562],[121.5613334166674,25.11147277258165],[121.56120210070057,25.111554523543525],[121.56109629615794,25.11165874718568],[121.56101328674788,25.11180125276913],[121.56102232429126,25.111812503315626],[121.56103627815938,25.111814707235695],[121.5610456152182,25.11182369965927],[121.56105061429236,25.111832708579044],[121.56106334942737,25.11183943109655],[121.56106740859063,25.111846186607618],[121.56106840022555,25.111859724732142],[121.56111517816936,25.11185728984745],[121.56115921913586,25.111866150271606],[121.56127813208651,25.11191760853308],[121.56138433067385,25.1119668580991],[121.56145582540887,25.112016239662328],[121.56153083216286,25.11208817765454],[121.56156747207785,25.112114482623515],[121.56161266806893,25.11210322075259],[121.56157851904726,25.112081225201415],[121.56152717525698,25.112034023984297],[121.561493886009,25.112004809902576],[121.56135659819594,25.11193310887863],[121.56114295142416,25.11183235740617],[121.56112708668768,25.111818875850442],[121.56112513444175,25.111798570431553],[121.56120705949417,25.111689923646964],[121.5612661378749,25.11159941959196],[121.5613636071688,25.11150199848587],[121.56148572048053,25.11144059524639],[121.5616294725275,25.1114355341049],[121.56181831927971,25.111466412835167],[121.56204460783057,25.111553573276883],[121.56255598859723,25.111847289079435],[121.56270094042245,25.11190090391647],[121.56283266046015,25.11190717243473],[121.56311378481165,25.111991865112554],[121.56357333503821,25.112064590907853],[121.56374365425293,25.11210907991239],[121.56406766481193,25.112220690762808],[121.56437839134617,25.11227367013755],[121.56459541629847,25.112299923641643],[121.56490168023305,25.1123258351915],[121.56542977641237,25.112479544331684],[121.56574499810789,25.112566358442294],[121.5659490825081,25.11260845851012],[121.56614505854164,25.112639304485022],[121.56625133963033,25.1126388966502],[121.5663703771069,25.11264972470392],[121.5664639749455,25.112653879372772],[121.56657010972346,25.11262187406756],[121.56672332183423,25.112585173901216],[121.56694019051515,25.112577569817375],[121.5672746856796,25.11247697678835],[121.56745407189227,25.112471773033114],[121.56756071501319,25.112482647795925],[121.56765008994121,25.11251164481123],[121.56768412184542,25.112500228947567],[121.56773067982367,25.112450396103792],[121.56779448937793,25.112445636595556],[121.56787953681298,25.112476907113393],[121.56802020587813,25.112541818275634],[121.56819962236042,25.112676546704122],[121.56824698743661,25.112800498592208],[121.56828533059745,25.112850004640002],[121.5684092308077,25.112973661699435],[121.56857664784539,25.113126491821756],[121.56872953898106,25.1132206960851],[121.56880622103559,25.11325199833777],[121.56886573493455,25.113256282890486],[121.56892946089478,25.113233467331206],[121.56910083401357,25.113104158203683],[121.56914966563602,25.113076886013015],[121.56926470713354,25.113094498143337],[121.5693582108456,25.11307833847499],[121.5694175985917,25.11305553943781],[121.56945606305486,25.11306441895303],[121.56948228029918,25.11310494355419],[121.56948677081219,25.113204233685575],[121.56951624942577,25.11321314786595],[121.56960542568305,25.113199261733794],[121.56969918171912,25.113237268587362],[121.56984858131494,25.11331342930776],[121.56989001339598,25.113360666049548],[121.57005291696017,25.113608305509818],[121.57009492209122,25.11371196468527],[121.57015753004914,25.11378168946084],[121.57022840933925,25.1138310694234],[121.57044945090868,25.11405365736413],[121.57058696668028,25.11417274630016],[121.57079716321567,25.11426221308798],[121.5709036138688,25.114297913167306],[121.571048124839,25.114322180928923],[121.57148646834634,25.114363366844994],[121.57185336484261,25.114366459486686],[121.57203972839454,25.114395078068497],[121.57217329960287,25.114399074208904],[121.57224946212055,25.114385236928953],[121.5723749807753,25.114323811351877],[121.57243149534919,25.11428296628488],[121.57264065189511,25.1140835395232],[121.57276367004303,25.114017609340998],[121.57287296973158,25.11393367637961],[121.57296697698719,25.113892685558966],[121.57318315340592,25.113869276145298],[121.5735773266035,25.113874515583717],[121.5738872497277,25.113886852609117],[121.57395545059796,25.11389335834427],[121.57404548981367,25.113931376981103],[121.57409281075796,25.11397858971948],[121.5741261880384,25.114025856690276],[121.57413817441156,25.114070949885964],[121.5741267701833,25.114149988954793],[121.57402815925937,25.114398641623772],[121.5739828077736,25.114507153613935],[121.5739521678413,25.114647206250172],[121.57393880303863,25.114836845499056],[121.5739487413812,25.115039936056178],[121.57396485884578,25.11517303584736],[121.57398645864454,25.115285801389426],[121.57403350373367,25.11553840139075],[121.57403010756417,25.1157392868009],[121.5740760386566,25.115820359794338],[121.57411973724614,25.11588789951235],[121.57432161242464,25.116051874278618],[121.57433711511841,25.116070834599913],[121.57437533889298,25.1160479874931],[121.5743546303261,25.116022404887744],[121.57422179918939,25.115912329289046],[121.57410101066598,25.115793178751144],[121.57407031583759,25.115723331447192],[121.57407309987526,25.115590158148393]],[[121.57250160530987,25.11416758772315],[121.57235903014235,25.11429227533338],[121.5722514306947,25.114342346450197],[121.57216883496434,25.11437200761765],[121.57205322517594,25.11436568485374],[121.57191152381287,25.11434592117048],[121.57192381280896,25.114323303623625],[121.57204316599433,25.114268673196502],[121.57225480868239,25.114136947090433],[121.57244517610565,25.114027873136504],[121.57253020819634,25.113989174397958],[121.57256152516764,25.113993566877294],[121.57256961319534,25.114000306471667],[121.57259050049159,25.11402730933],[121.57259061661007,25.114052135789755],[121.57250160530987,25.11416758772315]]],[[[121.56196521393792,25.112348333795026],[121.56205459798136,25.112379591079897],[121.56213336399021,25.112392832902103],[121.56216093094913,25.112390470886673],[121.5620364707927,25.112345805387125],[121.56197223703856,25.112325737214217],[121.56189551576598,25.112285403725068],[121.56182978496787,25.11224306643548],[121.56178410886018,25.11225459542616],[121.56182609736906,25.112283411099742],[121.56191027591667,25.11232823018914],[121.56196521393792,25.112348333795026]]]]}},{"type":"Feature","properties":{"河流":"四分溪","縣市":"臺北市","行政區":"南港區","區域":"臺北市南港區"},"geometry":{"type":"MultiPolygon","coordinates":[[[[121.61684270293054,25.036609286593666],[121.61675900401188,25.03659157893332],[121.61666852650615,25.036580670426847],[121.61624073342159,25.036614047767305],[121.61597666039346,25.036628687528168],[121.61575037721889,25.036645426821057],[121.61562868042218,25.036645932378544],[121.6155137058998,25.036628353924684],[121.61541979964122,25.036612944897826],[121.61530836065566,25.036559239614103],[121.61523824715296,25.03647150771076],[121.61518546867418,25.036320507834954],[121.61518846292337,25.036176047442375],[121.6152118382988,25.036020217449934],[121.61521472582935,25.035916383486263],[121.6151865911114,25.035801393292232],[121.61511337036326,25.035711417211104],[121.61503577541028,25.035675627234827],[121.61493048032938,25.035673807143105],[121.61481326632811,25.035703634415473],[121.61458567313626,25.0357677743427],[121.61444762171809,25.035779631735803],[121.61428873314986,25.03577352031165],[121.61412719268787,25.035777298100374],[121.61412089326552,25.035833680334033],[121.61434446597174,25.035834227820082],[121.61448223030061,25.035826885247392],[121.61461346928445,25.035815056072085],[121.61477895640783,25.03577825772703],[121.61485841470405,25.035753101115922],[121.61494781584341,25.035734674207834],[121.6150274093343,25.03573660094187],[121.61508953267627,25.035774712130763],[121.61513130878876,25.035830963739727],[121.61516302405879,25.035918855088518],[121.61514355098915,25.036173976856997],[121.61514418239862,25.036300366205687],[121.61519669625339,25.03646039519337],[121.61523857419509,25.03653695933422],[121.61529810287446,25.03661345018395],[121.61537475834211,25.03664698691042],[121.61547585452554,25.036675908102605],[121.61563949104684,25.036702312452327],[121.6157820142327,25.036717519349704],[121.61592468902937,25.0367011274924],[121.61606023027757,25.036682508151994],[121.61624102718872,25.036672728520635],[121.61667950729638,25.036670904694034],[121.61673158690317,25.036681972981103],[121.61676305494292,25.03672021101202],[121.61680522115287,25.036792259495513],[121.61681597586266,25.036837354713004],[121.61681617929784,25.03687797984687],[121.6167955065366,25.036954803847376],[121.61674046125893,25.03703177089283],[121.61664676710322,25.037127683262078],[121.61667416331379,25.03714002083904],[121.61671289778559,25.037162560537823],[121.61677886611362,25.0370948070361],[121.6168725061238,25.036995109347618],[121.61690675874615,25.036909200820716],[121.61688474471157,25.036656508586073],[121.61684270293054,25.036609286593666]]],[[[121.61505784894655,25.039228055761736],[121.61508539226081,25.03916248833837],[121.61511262587726,25.039096922198706],[121.61513405467188,25.03904717917459],[121.61518586466373,25.039004080988285],[121.61533953259989,25.038956045715327],[121.61539768239244,25.038942262149735],[121.61557536271908,25.03880384685775],[121.61564858967492,25.03870874852371],[121.61568503390248,25.038627345039078],[121.61570936725826,25.038539220880814],[121.6157270622217,25.03842404030176],[121.6157173260938,25.03827286171041],[121.61566377442409,25.03802932814396],[121.6156881302414,25.037945717903003],[121.61571156322258,25.03792530752226],[121.61583335665924,25.03788191835715],[121.61611765447712,25.037700176478378],[121.61626299806551,25.037598007083734],[121.61641558132216,25.037457438464923],[121.61654718621354,25.037332756003572],[121.61666678837304,25.037209917661436],[121.61660184860001,25.037173665142078],[121.61652572248367,25.037251593322797],[121.61633185932884,25.037435216703603],[121.61620353620097,25.037535058362895],[121.61611350956004,25.037614427706036],[121.61595768238473,25.03772566855177],[121.61584656441666,25.03779835443737],[121.61578411379357,25.037818926989193],[121.6156731586546,25.03786227107532],[121.61562106223593,25.03790988455578],[121.61561446391255,25.03795279499197],[121.61561456028147,25.038034046632053],[121.61566811185152,25.03827758022743],[121.6156812655208,25.03843100162748],[121.61566326084512,25.03854618349305],[121.61560545578925,25.038690871762082],[121.61554145114619,25.038772389752264],[121.61535753238606,25.038901802912],[121.61517196880249,25.038949970652826],[121.61509382583402,25.038990921173884],[121.61506928908834,25.03903842009591],[121.61505416630443,25.03911070695057],[121.61502713547576,25.039216898277612],[121.61481897692855,25.039391551593148],[121.61470597054173,25.03952066976199],[121.6146050410026,25.039649737756662],[121.61458107256536,25.039749145336817],[121.61457684515642,25.039893382958986],[121.61463348224734,25.039898305517326],[121.61464039959216,25.039785011190528],[121.6146575440015,25.039683374922802],[121.61473373378824,25.039561180584144],[121.6149601686634,25.039325512411395],[121.61505784894655,25.039228055761736]]],[[[121.61594306850496,25.048964463117468],[121.61593147736859,25.04906720056017],[121.6159314929993,25.049070319091655],[121.61605373381053,25.049114088048288],[121.61619881292802,25.049203763273958],[121.61623157965836,25.049253280666832],[121.61623176916497,25.049253568414372],[121.61623164512272,25.049253898434728],[121.61624021099233,25.0492666543421],[121.61624023500008,25.049266311000054],[121.61626996680852,25.049151941740938],[121.6162699668085,25.049151941741012],[121.61627932100009,25.04911595900006],[121.61629069630897,25.04909678990681],[121.616290696309,25.049096789906773],[121.61629635878222,25.049087247794244],[121.61629454171991,25.049086559003655],[121.61629394582556,25.04908814440935],[121.6160863391132,25.04900787305764],[121.61601683226377,25.048981078748426],[121.61594306850496,25.048964463117468]]],[[[121.6143906979011,25.04881405818748],[121.61420778276961,25.048837390036944],[121.61373056458203,25.048904829696777],[121.61338890099225,25.048953648154733],[121.61313736890702,25.0490043482431],[121.61300288353247,25.048989108126985],[121.61287268884311,25.04896482199801],[121.612733873596,25.048888660217276],[121.6126243216854,25.048780778532524],[121.6124847866163,25.048560170448688],[121.61243440336534,25.048393360458146],[121.61238755652684,25.048190423489647],[121.61233426789472,25.048061994745787],[121.61231471308169,25.047928911940673],[121.61229678399692,25.047532535795288],[121.61223278631361,25.047550549617398],[121.61223152646768,25.047642616028366],[121.61216095104301,25.047649679878585],[121.61216889571394,25.047690273222386],[121.61223181890584,25.04770129724728],[121.61223207760192,25.04775320755592],[121.61223889002324,25.047877315201106],[121.61224596715844,25.047992393677443],[121.61227165947909,25.048114165949308],[121.61230529131723,25.048213335093116],[121.6124154832329,25.048574000269138],[121.61253057503825,25.048799223969922],[121.61260509789585,25.04890048017524],[121.61271454858391,25.048988049145095],[121.61282347581293,25.049032736907737],[121.61294747670966,25.049057048809146],[121.613150381697,25.049067490527406],[121.61362422802121,25.049006837644214],[121.61431216653338,25.04890240864902],[121.61470380293305,25.04887595204559],[121.61503303952101,25.048881353480656],[121.61519043090183,25.048894240526995],[121.61543710407571,25.04892481171256],[121.61570020555018,25.048997884048102],[121.61571430480863,25.048912932733863],[121.61565283513826,25.048899086249296],[121.61524022811673,25.048819552068355],[121.61501899510077,25.04879790266655],[121.6146281864809,25.048804042219412],[121.6143906979011,25.04881405818748]]],[[[121.61439942392357,25.040955138678907],[121.61442969866914,25.04087827486066],[121.61444116244968,25.040693153061827],[121.61446996241015,25.040320628091518],[121.61451240996062,25.04020083081083],[121.61462551292283,25.040028829255288],[121.61462990071601,25.039956964829436],[121.61457506647128,25.03995407096674],[121.61457313363178,25.04002001861188],[121.61445404554213,25.040171731941385],[121.61442683935432,25.040305007993965],[121.61439496515399,25.040682059852994],[121.6143807593352,25.04087622110307],[121.61435319283615,25.04093727467151],[121.61428300418734,25.041021075265114],[121.61420326646463,25.041053004409928],[121.61409870995439,25.04107600853649],[121.61406708970833,25.041080918126127],[121.61408519800749,25.041131676198972],[121.6141184780629,25.04112783752807],[121.6142159009081,25.04110260600745],[121.61428630348895,25.041061687612892],[121.61434738210775,25.041014036899032],[121.61439942392357,25.040955138678907]]],[[[121.61345678111043,25.035921421460607],[121.61329538142793,25.03590854882919],[121.61317437852364,25.035861653523185],[121.6130951859246,25.03575364576044],[121.61302450661978,25.035614004637434],[121.61296174378728,25.035447246639766],[121.61288058941918,25.03513160268778],[121.61282761896724,25.03487903794377],[121.61280908620034,25.03476400762073],[121.61271428835437,25.034631237198152],[121.61259559578613,25.03455047671208],[121.61248474576374,25.034489996670775],[121.61236562707542,25.034323471642413],[121.61231201861236,25.034253726467895],[121.61226294731928,25.034224588542365],[121.61220925021175,25.03420386231927],[121.61216983269371,25.03426471574333],[121.61221397025392,25.034276702314344],[121.61229598838773,25.034330530916215],[121.6123741942826,25.034427258300646],[121.61244392737918,25.034501450689298],[121.61253842177527,25.034573283502816],[121.61262869336284,25.034667703760867],[121.6127109701725,25.034773442081313],[121.61275526046305,25.034899650731944],[121.6128113610357,25.035158973547542],[121.61289493635198,25.03546332250573],[121.61297292851589,25.035641302428285],[121.61304951375939,25.03578543310081],[121.61313313145064,25.03591147855468],[121.61329226739272,25.035967243772333],[121.61345086897937,25.03597787100723],[121.61357662424913,25.035984120342555],[121.61371677604751,25.03595871182179],[121.6138921335552,25.03585190502842],[121.61400259166687,25.035833390500237],[121.61403879002366,25.03583347919466],[121.61404401015587,25.035779706042167],[121.61391597192029,25.03578861006672],[121.61385411897142,25.03580466580178],[121.61370252649745,25.035895574932653],[121.61358191700512,25.035927673364274],[121.61345678111043,25.035921421460607]]],[[[121.61290774443779,25.04189572619545],[121.61297716835371,25.041782588279897],[121.61309493549892,25.041551885801844],[121.6131688465801,25.041407131228517],[121.61325447459647,25.041314239164826],[121.61338309101102,25.041209883806033],[121.61349978737138,25.041137175795576],[121.61355486400649,25.0411279193504],[121.6138749012723,25.04115593258807],[121.614012814365,25.041140025226184],[121.61399657862431,25.041091866164418],[121.61387467632665,25.041110793473056],[121.61351159480111,25.04108295877188],[121.61345655190124,25.04109898606827],[121.61332785700277,25.041187542809443],[121.61320537783416,25.041280587669014],[121.61312290252275,25.04138475163568],[121.61305483018381,25.04152045398171],[121.61293214195076,25.04175794784423],[121.61283832123478,25.04188472886735],[121.61261894114114,25.042045885134627],[121.61251271035813,25.0421682034644],[121.61242541944009,25.04236266750365],[121.61241187497643,25.042441595976065],[121.61246914300561,25.042455388279752],[121.61247737122297,25.042409849434968],[121.61252563682933,25.042276486180615],[121.61263193006542,25.04210451345689],[121.61277597464671,25.041988809412903],[121.61290774443779,25.04189572619545]]],[[[121.61235987946671,25.04561979800811],[121.61246337744114,25.044885842184687],[121.61249370470237,25.044197329930316],[121.61250240680667,25.04389259817855],[121.61250066469476,25.04354276960784],[121.61248302790706,25.04317269383597],[121.61245309410289,25.042820725012117],[121.61245224001877,25.042649196128057],[121.6124576461774,25.042521469623924],[121.61239976855937,25.042513115846134],[121.61238940318856,25.042717166592215],[121.61244808676098,25.043556529534563],[121.6124120338796,25.044712265672576],[121.61233313196941,25.045285872143637],[121.61229121311054,25.0456990779447],[121.6122741547189,25.046067041487508],[121.61225665856266,25.04634698414789],[121.61224793175613,25.047143747282057],[121.61223606685503,25.047310815740563],[121.61223450429098,25.047425004078733],[121.61229644779486,25.047410146227406],[121.61231693068558,25.04706897948336],[121.61233294192198,25.046491116814714],[121.61234321460083,25.046066755067912],[121.61235487694907,25.045859061299122],[121.61235987946671,25.04561979800811]]],[[[121.61141096871708,25.034389473997145],[121.61144614247868,25.034365644232285],[121.6115808046609,25.03429512043071],[121.61170917950247,25.034255813131534],[121.61176854227087,25.03416975105104],[121.611727285403,25.0341726365624],[121.61162923699099,25.034195612026153],[121.6115068939036,25.034252542916235],[121.61129608932438,25.034386120166307],[121.61141096871708,25.034389473997145]]],[[[121.61051559862295,25.034613244256434],[121.61040055622581,25.034518924826315],[121.61034249696964,25.034444647419924],[121.6102517234223,25.034425582958548],[121.61026115188373,25.034445018849926],[121.61037238109579,25.0345822372301],[121.61050348088818,25.0346674623863],[121.61066322221026,25.0347209711074],[121.61076951255197,25.034736331288965],[121.61091242809127,25.034706400044367],[121.61103482789422,25.034660754387208],[121.61118134321521,25.034545041869393],[121.61132691379531,25.034446420042883],[121.61120697527468,25.034442918449344],[121.61104243106153,25.034570442811138],[121.61092844802906,25.03462733872844],[121.61078958049556,25.034661767276408],[121.61065892812003,25.034666820724055],[121.61051559862295,25.034613244256434]]],[[[121.61117479686047,25.03241445678853],[121.61114988663769,25.032324279526094],[121.611071728038,25.032236579264968],[121.61087053079771,25.032002681856536],[121.61063628021073,25.03178471958453],[121.61046009454952,25.03166131146829],[121.61034921476625,25.03159405882111],[121.61026315164624,25.031535731746217],[121.61010722468383,25.031376127603],[121.61002499732565,25.03127941552746],[121.60978679119988,25.031075010175748],[121.60954899597493,25.030890915756228],[121.60939295069574,25.030769680358173],[121.60917580415861,25.030628383329088],[121.60899944498694,25.030532058165434],[121.60881520253545,25.03046962026818],[121.60864734929436,25.030402600718798],[121.60853679200716,25.030337602353203],[121.60841760710244,25.030218471302778],[121.60828277104127,25.030002353352653],[121.6078678200668,25.02949623281268],[121.60746460632322,25.028983291834432],[121.60732848135625,25.02881908931916],[121.60718406317297,25.02866846272417],[121.60689354914722,25.028466524150495],[121.60674897902352,25.028410691910274],[121.60654591021851,25.02842280945169],[121.60636592114471,25.028468687205546],[121.60622590803104,25.028457975865106],[121.60610835461188,25.028417831341283],[121.60579083715027,25.028076066896627],[121.60560930945302,25.027871422522203],[121.60544646009858,25.027750210490662],[121.6053242185964,25.02770105640439],[121.60516194575284,25.027697206099027],[121.60500850895492,25.02772717462233],[121.60486900583564,25.027757086037045],[121.60473300793946,25.0277440998263],[121.6045522664761,25.027573305636327],[121.60453842099562,25.027528222010883],[121.60455599258273,25.02744915489478],[121.60459163353052,25.027329387785304],[121.6045684432658,25.027209861024787],[121.60448217556255,25.02710864799626],[121.60431469278474,25.026989710491243],[121.60404766024523,25.02683958098923],[121.60382151195675,25.026691541170674],[121.60373549832552,25.02664223784753],[121.60358587607162,25.026502913468377],[121.60343196339419,25.02637263445164],[121.60336682887448,25.02628713358002],[121.603332005634,25.026257934394906],[121.60331225532309,25.026208360657396],[121.60322932872309,25.025967198448736],[121.60318128031112,25.025829716565987],[121.60312636431865,25.02574417391036],[121.60298651875712,25.025704117479236],[121.60289176949114,25.02570450344524],[121.60269149916678,25.025782057471],[121.60250834771192,25.025814401310118],[121.60240058250916,25.02581258293944],[121.60223811054561,25.025831300210168],[121.60210294184112,25.02586119130323],[121.60194460527653,25.02590246156678],[121.60181560715468,25.025927813285715],[121.60169321171331,25.02591025480211],[121.60148202965232,25.025782463393124],[121.6013866953852,25.025726425438584],[121.6013173033833,25.025719936328805],[121.60123594557923,25.02573606593153],[121.60110841715007,25.02580880835905],[121.60098637403503,25.025863472300074],[121.60091646171807,25.02587729824736],[121.60084852983417,25.025852746880197],[121.60068978926331,25.025684115124836],[121.6005447171724,25.025524455770174],[121.60035920386919,25.02538978744699],[121.60024160948367,25.025340610033158],[121.59996146661636,25.025294348481754],[121.59988019886958,25.025265336659327],[121.59982141386675,25.025211406511644],[121.59982734516852,25.02509401765989],[121.59983885093844,25.025073204390686],[121.5998005297171,25.025055757053785],[121.59978740884371,25.025050283840244],[121.59977131189387,25.02509650172832],[121.59977632764968,25.02523641638139],[121.59985343615779,25.025301557369186],[121.60002490726639,25.025350516709583],[121.60021024625907,25.025385877517927],[121.60032319611224,25.02543507379174],[121.60045894749832,25.02552480374254],[121.60061042291163,25.02566412407278],[121.60080377524045,25.0258822697438],[121.60089872271892,25.02592251055148],[121.60098880559761,25.025917630765417],[121.60105656146243,25.025906070554583],[121.60114180162046,25.025860584092218],[121.60127249252028,25.025801370870067],[121.6013535847654,25.025794270378793],[121.60141242708023,25.025796288308676],[121.60153440134468,25.0258544749882],[121.60167484270227,25.025953212728588],[121.6017424651589,25.02597776496144],[121.60185549436788,25.025979562395356],[121.60216225921141,25.025897062191692],[121.60233178679205,25.0258647742095],[121.60257202217828,25.025854768316936],[121.60269389836958,25.025829444956297],[121.60286945289963,25.02576327665471],[121.60296880262524,25.025753843911577],[121.60306803040645,25.025782780798682],[121.60314071724767,25.025893078189288],[121.60324177904403,25.02623347504989],[121.60329630837752,25.026303220135492],[121.60345515270537,25.026492161487525],[121.60372209523065,25.026687432736797],[121.60424012455734,25.02700130002012],[121.60441910877198,25.02712921867721],[121.6045100435057,25.027234926699272],[121.60452851167143,25.027338673695617],[121.60450050093456,25.02743583952973],[121.60445729574333,25.027528553406995],[121.6044708647641,25.027580409199746],[121.60465215898857,25.027737659181028],[121.60475188524025,25.027804961925902],[121.60483303279848,25.027809144284117],[121.60502243215072,25.027788056934174],[121.60517122442971,25.02775810738656],[121.60532912915374,25.02775520452],[121.60542410031219,25.027799956157242],[121.60555093161341,25.027901002490964],[121.60576857686395,25.028146125166156],[121.6060723261721,25.028458604989947],[121.60621252776717,25.02850768477588],[121.60635694246943,25.028531920116883],[121.60657842354095,25.028485872293],[121.60669973618181,25.028471832928876],[121.6067809286885,25.028485042037754],[121.60712043255278,25.028700321864147],[121.60731503491525,25.028855256569233],[121.60760117650032,25.029237772535836],[121.6081280889596,25.02990593800994],[121.60835212700111,25.030189399489366],[121.60850010003504,25.030369351292943],[121.60865579012224,25.030481561104445],[121.6087870828513,25.030544217063106],[121.60893438820214,25.03058875098336],[121.60902429740682,25.030610950977863],[121.60911021469511,25.030639938358885],[121.60943442679692,25.030891387681468],[121.60974608531174,25.0311090329629],[121.6099843472939,25.03132472316076],[121.61023893532301,25.031585485671986],[121.61030856475458,25.031639366540894],[121.61050544078554,25.031751404460998],[121.61064068587609,25.03186143947346],[121.61076384370814,25.031969267250116],[121.6109095426513,25.032126655896114],[121.61101450998322,25.032250357571193],[121.61108471839715,25.032358403725024],[121.61109726501998,25.032453146107294],[121.61106934821788,25.032568368649386],[121.61098823859254,25.03269735288868],[121.61089472036468,25.032821874318252],[121.61065925226819,25.033054672967168],[121.61072147351565,25.033101073023406],[121.61098473929962,25.03280344656529],[121.61110259666758,25.032653997507524],[121.6111590684879,25.03255219904195],[121.611175144011,25.03248442249945],[121.61117479686047,25.03241445678853]]],[[[121.6106712003379,25.03315135912321],[121.6106110130394,25.033102365171295],[121.61053480411127,25.03317770980081],[121.61028909955341,25.033460849243568],[121.61014872519426,25.033628446668455],[121.61008195523974,25.033714488252077],[121.61007242226835,25.033796125722745],[121.6100737389037,25.03379672086541],[121.61010600837878,25.03380497717803],[121.61010669735246,25.033770811352873],[121.610147236222,25.03370293399219],[121.61029349407295,25.033535312293555],[121.61050478618571,25.033306482972808],[121.6106712003379,25.03315135912321]]],[[[121.61010445431101,25.03388204251348],[121.61006392463916,25.033868896754484],[121.61005848751631,25.033915458528863],[121.61006290427697,25.033994435508617],[121.61011254514382,25.034138679130486],[121.6102062963897,25.03433193928046],[121.6102905461475,25.0343769575643],[121.61029622550639,25.034377332028548],[121.61025242989494,25.03430963452071],[121.61017798288084,25.034158722271915],[121.61011596694003,25.034016786723164],[121.61010346560066,25.033931072073965],[121.61010445431101,25.03388204251348]]],[[[121.60046436496495,25.024793508923523],[121.60046864671034,25.024719010058075],[121.6004503360456,25.02464685984941],[121.60039097764982,25.02453876388083],[121.60030949049437,25.02446461284832],[121.60020980090594,25.02440407765976],[121.60006102228893,25.024373082590206],[121.59999319026484,25.024368843499662],[121.59990330616064,25.024414348092066],[121.59980447120722,25.02459305283984],[121.59973038707757,25.02470394678305],[121.59967474046745,25.024722228349397],[121.59959785197641,25.024702226665475],[121.59947176674856,25.024625998858422],[121.59897312831541,25.02428269918382],[121.59886011524996,25.02421996115914],[121.59857963809807,25.024103733669804],[121.59834912160267,25.02400987332682],[121.59825438535599,25.02401251425361],[121.59816916810749,25.02406251393419],[121.59807006119335,25.024121597908906],[121.5979843260884,25.02412871624295],[121.59789397140156,25.02407717075796],[121.5977484756619,25.023892684373614],[121.5975943325195,25.023712746852567],[121.59749441568164,25.023604814318684],[121.59719562442626,25.02335097996939],[121.59704173726553,25.023159755640858],[121.59700471961658,25.023060596436608],[121.59696803017788,25.02302914647656],[121.59690135044278,25.023006845801948],[121.59680188280863,25.02299144865684],[121.59670203994597,25.022962510827412],[121.59663527278579,25.022922154191885],[121.5965187681614,25.02284137201499],[121.59648524424483,25.02276025460964],[121.59646802136902,25.022656501133948],[121.59644427444587,25.02254825994527],[121.59641068502903,25.022453600614593],[121.59635379699644,25.022343236153663],[121.59629351405363,25.022235142368295],[121.59623631653464,25.022124779054455],[121.59620494195195,25.021784095062376],[121.59617350923564,25.021495322794074],[121.59615630124722,25.02133062943742],[121.59610552250797,25.021138987148973],[121.59607477849075,25.020992404515585],[121.59606755517075,25.020843470004746],[121.59607368580274,25.02076670644607],[121.59609349459528,25.020701172869682],[121.5961459597709,25.02060165227161],[121.59633106101631,25.020397773772928],[121.59648604079544,25.020175960500403],[121.59665104845585,25.019978934002864],[121.59675993380974,25.01982953132077],[121.59682566847876,25.01972092909766],[121.59683210839799,25.019644164389124],[121.59682467335503,25.019515544159905],[121.59678771130376,25.019427669410483],[121.59674101628984,25.019375946240643],[121.59666457559568,25.019319828950017],[121.59652473870455,25.019279766346006],[121.59626257521563,25.019298879182266],[121.59614304968714,25.019297103752773],[121.59608657805433,25.01927250397994],[121.596059731935,25.01922747161931],[121.59605896712982,25.01906948293136],[121.59603550504933,25.01901992287036],[121.59599198305044,25.01898398573892],[121.59591226797885,25.018954965402475],[121.59579615944287,25.01895543287211],[121.59552097734124,25.0190355364091],[121.59544797184151,25.019049372339914],[121.59528848327308,25.019043242886948],[121.59506899738376,25.018987699859853],[121.59501912627645,25.018983386318816],[121.59490659813932,25.019019951198338],[121.59480688864501,25.01901809495575],[121.59474368192832,25.019009320857734],[121.5946836410747,25.01895087930619],[121.59462999773443,25.018806645444634],[121.5945798324677,25.018741393685815],[121.59451313289398,25.018714577510885],[121.5943904141378,25.018692500884153],[121.59413789922303,25.018657403982164],[121.59395501633381,25.01861525580693],[121.59374885761441,25.0185619158451],[121.59369562470857,25.018566643700453],[121.59364619430099,25.01858941235613],[121.5935437109629,25.018718473595317],[121.5934975782396,25.018789068527386],[121.59353997387014,25.018793251458426],[121.59359687864296,25.018700203983098],[121.59368721653838,25.018620845746984],[121.59373765199861,25.018613872119357],[121.59388056113708,25.018649410155085],[121.59443705332112,25.018732939506375],[121.59453995656254,25.01875509594362],[121.5945835107617,25.01879780416977],[121.59467044728844,25.018975759673626],[121.59474071661376,25.0190364171545],[121.59488350735535,25.019047128390728],[121.5950226958229,25.019017227421628],[121.59529856586991,25.019079314792428],[121.59545121000869,25.019078700677596],[121.59580281443665,25.01898700445225],[121.5958990743612,25.018979845813366],[121.59596575250859,25.01900214757652],[121.5960024191032,25.019029084222694],[121.59602592487757,25.019087672217715],[121.59602377194115,25.01921858836406],[121.59602985144036,25.019259190333546],[121.59605607831075,25.019304225194983],[121.59610046371164,25.019326616643163],[121.59617326891275,25.01933535142135],[121.59651154514948,25.019304646786818],[121.5965881204979,25.01932465127168],[121.59670138449226,25.019376106070975],[121.59674812323294,25.019436857168785],[121.59678159192856,25.019506689852037],[121.59679524473034,25.019576602452023],[121.59678899069213,25.01969173578224],[121.59676608600407,25.01975728180785],[121.59662433328903,25.019960985582678],[121.59650211202468,25.020105927975035],[121.59631077143803,25.020364000231897],[121.59613584413229,25.02055880958767],[121.5960634171971,25.020692266023772],[121.59604071973864,25.020800694718805],[121.59604149551832,25.02096094035975],[121.59606199997909,25.02110305025122],[121.59612646780252,25.02130817951632],[121.59615031999375,25.021502187403808],[121.5961577000578,25.021619522892532],[121.59619263342411,25.02199179092186],[121.5962100855821,25.022142941096945],[121.59625025353589,25.02225337315446],[121.59633729567881,25.02238844322634],[121.59639758963225,25.022498793940503],[121.59642822488073,25.02262280649518],[121.59646570129776,25.02281675909223],[121.5964956771638,25.02286854954238],[121.59663891927664,25.022971793933415],[121.5967022149169,25.02299862245939],[121.59689844009556,25.023045226908934],[121.59694844360024,25.023076623070512],[121.59705077886139,25.023236457745547],[121.59732727312533,25.02355357916732],[121.59750410956104,25.023688284792204],[121.59772177861456,25.02394244686757],[121.59786248753917,25.02409761142035],[121.5979767276783,25.0241580882565],[121.5980519572303,25.02415552651806],[121.59809711964171,25.02414631549514],[121.59826358380083,25.024057617340127],[121.5983449620908,25.02404600247026],[121.59884667786875,25.024258384957086],[121.59905941190016,25.024388428898433],[121.59921979648443,25.024514170957872],[121.59948364026735,25.024711717306083],[121.59958915795757,25.02476094429927],[121.59968396145403,25.024771845345818],[121.59975140719186,25.024760287017582],[121.59981863327909,25.024703589232942],[121.59985431154249,25.024590593868712],[121.59991272491533,25.024504590554596],[121.59998000571356,25.02445917756568],[121.60003411496825,25.02444315914203],[121.60013785372198,25.02444499563243],[121.60024176830866,25.02448294358375],[121.6003415239249,25.024557020568945],[121.60041438349691,25.024703431056228],[121.60041472427265,25.02477339714286],[121.60037643933771,25.024796122576188],[121.60025698578268,25.024810149103526],[121.60003599353605,25.02482910119511],[121.59987851844643,25.024920020074834],[121.59980673557872,25.0249947924815],[121.59980589650138,25.02499720166044],[121.59981729616644,25.025001520735813],[121.59986755643858,25.02502405751057],[121.59992846875129,25.024940130781278],[121.60004521467629,25.024878718157957],[121.60032218520733,25.024845996946542],[121.60043297997133,25.024834262502452],[121.60046436496495,25.024793508923523]]],[[[121.59299332564756,25.01887415964239],[121.59288370896788,25.018872342391905],[121.59279087703872,25.018883999829708],[121.59266805540614,25.018904805695694],[121.59259505009943,25.018918640629646],[121.59250858970701,25.01890318803446],[121.59226233251988,25.018752955008885],[121.59215867505199,25.01863826267843],[121.5919739204666,25.018142459812108],[121.59192035116772,25.018077220950058],[121.59184712909291,25.018045915961643],[121.59174445490002,25.01807115418993],[121.59163864609523,25.018152830244915],[121.59157244677458,25.018229833681346],[121.5915393608725,25.01823899415304],[121.5915027389813,25.018221084599467],[121.5914458025141,25.01809943367397],[121.59142162068908,25.0179641095798],[121.59141421849,25.017776807012734],[121.59139721710581,25.017718192661743],[121.59135064420406,25.01769129481268],[121.59130419060297,25.017689223629375],[121.59125796470921,25.01773454882505],[121.59115889636898,25.01786585190301],[121.59108614070934,25.0179315962828],[121.59102006652739,25.01797022973963],[121.5909568934082,25.017968225305196],[121.59091373714969,25.01794357067502],[121.59086705589246,25.01789410295806],[121.59083325945689,25.017819756557614],[121.59072618264706,25.01763736629172],[121.59065615019772,25.017560907627022],[121.59056959342925,25.017525141217664],[121.59039709285422,25.01751680222539],[121.59029725508641,25.01748785974107],[121.59022062787722,25.017456567497636],[121.59010392582374,25.01733289754203],[121.59010353615403,25.017251646522542],[121.59011418446572,25.017147781279792],[121.59006994167129,25.01715472893486],[121.59005720602853,25.01733985508548],[121.59008250153659,25.0173848944325],[121.59018760701578,25.017479269497617],[121.59032071464686,25.017537420401975],[121.59040382224563,25.01756417267449],[121.59051349205524,25.017577276696485],[121.59059990802179,25.017583702500623],[121.59066978878288,25.017628563586264],[121.59072591011368,25.017709591865042],[121.59089072163583,25.017986545964753],[121.59096392179684,25.018013337500633],[121.59102672028025,25.018001801340485],[121.59109654242508,25.017969923935876],[121.59119890224513,25.01787923398856],[121.59129118063633,25.01775247207602],[121.59132113772321,25.017736553139336],[121.5913510129231,25.01776803182657],[121.59136867584239,25.017964321409877],[121.5914059483922,25.01811764925332],[121.59148278726354,25.01825727666646],[121.59152289091266,25.018290971388602],[121.5915559985248,25.018286324860735],[121.59159589606972,25.01827713712141],[121.59168817434761,25.018150374976365],[121.59175448208025,25.018095941198993],[121.59183739492457,25.018082067156737],[121.59189722741077,25.018097626671214],[121.59194244783787,25.018165155990534],[121.59199104674454,25.01829135411153],[121.59212225927364,25.018663235717053],[121.59229147478133,25.01882506264208],[121.59242902797708,25.01890576400395],[121.59247908356203,25.01894844698835],[121.59254886793693,25.018972994592374],[121.59254095402808,25.019065564689853],[121.59250379490223,25.01925756149802],[121.59242106633235,25.019309804895652],[121.59242364116433,25.019330107874737],[121.59244164273204,25.019339063849344],[121.59253701143408,25.019275484597877],[121.59255657710558,25.01922349438822],[121.59257279641506,25.019119605825775],[121.59259539811728,25.018990864303056],[121.59266014665553,25.018934178843704],[121.592833116042,25.018910914810704],[121.5929587895294,25.01890363956711],[121.59308342042004,25.018936995000313],[121.59324044791526,25.019010846893952],[121.59331946664955,25.01902407190163],[121.59337266706183,25.019012573158644],[121.5934322170609,25.01896945043794],[121.59350361251829,25.01885270741692],[121.59349450398028,25.018851834874667],[121.59345208483046,25.018852846696042],[121.59336553963972,25.018947147810835],[121.59328601057159,25.018956495207632],[121.59316634443974,25.018925377053453],[121.59304663482811,25.018885230843185],[121.59299332564756,25.01887415964239]]]]}},{"type":"Feature","properties":{"河流":"基隆河","縣市":"新北市","行政區":"汐止區","區域":"新北市汐止區"},"geometry":{"type":"MultiPolygon","coordinates":[[[[121.62423518430154,25.055416533338434],[121.62426404500002,25.05547947200006],[121.62423518430698,25.055416533332217],[121.62423518430154,25.055416533338434]]],[[[121.6161836130001,25.06400574400004],[121.6161682316223,25.063980374875072],[121.61614003800001,25.063933874000046],[121.6161836130001,25.06400574400004]]],[[[121.61631147341433,25.06425046386787],[121.61631147341922,25.064250463867193],[121.61630107500002,25.06423185900007],[121.61631147341433,25.06425046386787]]]]}},{"type":"Feature","properties":{"河流":"基隆河","縣市":"臺北市","行政區":"信義區","區域":"臺北市信義區"},"geometry":{"type":"Polygon","coordinates":[[[121.57998445960887,25.049429565618155],[121.5799846063866,25.049460671486653],[121.58005786600008,25.049461834000052],[121.58007026300004,25.049462031000076],[121.5800695417468,25.04943114654097],[121.57998445960887,25.049429565618155]]]}},{"type":"Feature","properties":{"河流":"基隆河","縣市":"臺北市","行政區":"松山區","區域":"臺北市松山區"},"geometry":{"type":"MultiPolygon","coordinates":[[[[121.57995354080983,25.052185975896613],[121.57993096127751,25.052273652526026],[121.57989730814712,25.052361810112334],[121.57981351659184,25.052391481276693],[121.57969770867818,25.052396450749868],[121.57964586957807,25.052437281605677],[121.57958523134707,25.052451062335713],[121.5795266548725,25.052442264362178],[121.57945160041446,25.052419988788753],[121.57936352780536,25.052395507284704],[121.57928839909319,25.052357432541015],[121.57922142882614,25.052341896276],[121.57901782624447,25.052315611391098],[121.57890378107474,25.052300259876354],[121.57842645814733,25.052155425022903],[121.5774696969084,25.05194249944234],[121.57726903317678,25.05188234517777],[121.57705147352252,25.051851598447673],[121.57680058525108,25.051780355038705],[121.57658334606263,25.051751863484256],[121.5763158187578,25.051698740813737],[121.57606898880623,25.051634251600138],[121.57577231805776,25.051574470860334],[121.57548397775723,25.05150788594375],[121.57476058685582,25.051327889216196],[121.57430898134115,25.051250653820546],[121.57363608067256,25.051138166091768],[121.57343160371093,25.051123162731944],[121.57313088318651,25.051124332753744],[121.5729847249328,25.0511294152751],[121.57290957255228,25.051152277900457],[121.57283433600482,25.051157084498666],[121.57272594030512,25.051157505872954],[121.57266742765334,25.05116224738035],[121.57258389220218,25.051180628347307],[121.57250470306255,25.05120124942123],[121.57239606065973,25.051215213757274],[121.57216230903052,25.051231920938633],[121.57208310927003,25.051250284794744],[121.57210834218695,25.05128178538812],[121.57211686168739,25.051315607915683],[121.57207514636717,25.051336083255155],[121.57189165022844,25.051370651217052],[121.57162874923051,25.05144615378984],[121.5715122115433,25.051494003748378],[121.57138304933869,25.05155770187065],[121.57135705722901,25.051576312431852],[121.57200508925808,25.05192036498268],[121.57204888500009,25.051900220000054],[121.5722712930001,25.051831778000057],[121.57238253800006,25.051806008000028],[121.57261434400004,25.051762863000075],[121.5727071450001,25.051762494000055],[121.57282774900013,25.051753587000064],[121.57302259200004,25.05174437700003],[121.57328251600006,25.05176026400005],[121.57347747500012,25.051776398000076],[121.57373711800007,25.051793917000058],[121.57395092200012,25.05180834300005],[121.57418304300005,25.051832777000072],[121.5748051280001,25.051897932000028],[121.5753066530001,25.05198043700005],[121.5759835880001,25.052097299000025],[121.576297951,25.052142945000064],[121.57655007400002,25.052179553000034],[121.57672651599998,25.05220420900002],[121.57716316000007,25.05230386100004],[121.577571884,25.052386735000017],[121.5782314920001,25.052536197000045],[121.57887254200011,25.05268572800003],[121.57948563400008,25.052810024000053],[121.57980764600006,25.052886801000056],[121.57992874200012,25.052915674000072],[121.57994616500004,25.052615442000043],[121.5799552430001,25.05254251200006],[121.57996874600009,25.05240953200007],[121.57998631500004,25.05223944700003],[121.57999093922075,25.052194676640053],[121.57995354080983,25.052185975896613]]],[[[121.57998477910644,25.049497275064258],[121.58003108294163,25.049596401993256],[121.58003973234513,25.049657307609174],[121.5800317113296,25.049729563904226],[121.57998614230915,25.049786168694006],[121.57977396450895,25.04997659288778],[121.5796962289676,25.050124260888197],[121.57966111202407,25.050279478089976],[121.57968487892585,25.050287008940078],[121.57969923600001,25.050237146000033],[121.57976006900003,25.050151143000047],[121.57981150100012,25.050069463000057],[121.57995921200006,25.04985381300003],[121.58002278600007,25.049760998000064],[121.58005535400002,25.04967511500007],[121.58005748200003,25.049668719000067],[121.58007393300012,25.049619302000053],[121.58007180400013,25.049528160000023],[121.58007026300004,25.049462031000076],[121.58005786600008,25.049461834000052],[121.5799846063866,25.049460671486653],[121.57998477910644,25.049497275064258]]],[[[121.5799812935128,25.05184687059176],[121.5799844917804,25.052065792680672],[121.57997518454103,25.05210193289243],[121.57999925618329,25.052107754288315],[121.580004711,25.052044914000074],[121.580013687,25.051950535000056],[121.58001795300004,25.05185619600007],[121.58002250000004,25.05182186900003],[121.58003076700004,25.051577412000025],[121.5800155114712,25.05144752635281],[121.57997176118874,25.051446571357943],[121.57998010384675,25.05159408472083],[121.5799812935128,25.05184687059176]]],[[[121.57960813860868,25.050390969778306],[121.57960515011794,25.050430918840647],[121.57961790004205,25.050507607455266],[121.57969160365705,25.05070368111404],[121.57986827284618,25.051061858565667],[121.57996810841264,25.0513893230319],[121.58000914591565,25.05139085262752],[121.5800010910001,25.051312241000062],[121.57999128600012,25.05123080800007],[121.57994355100006,25.05109806700005],[121.57987210100009,25.050931122000065],[121.57983874100012,25.050849775000078],[121.57979123000007,25.050764204000075],[121.57975791000003,25.050691443000062],[121.57972938400009,25.050635814000028],[121.57969119300002,25.05052876500002],[121.57967599700008,25.05047777300007],[121.57967204500007,25.05046451600003],[121.5796717802308,25.050408676482842],[121.57960813860868,25.050390969778306]]],[[[121.57062865540824,25.073783424472765],[121.5703435795278,25.074296874605626],[121.57021378324573,25.07449599591131],[121.5700400212597,25.074699801449192],[121.56978500632641,25.07488360835542],[121.56964847872635,25.074967646993347],[121.56949259892941,25.07502016202926],[121.56934314024508,25.075054595837535],[121.5691997511056,25.075061921694562],[121.56898784138282,25.07505597024777],[121.56880058721958,25.075022838871817],[121.56853795211916,25.074899717520466],[121.56828163445218,25.07473594485369],[121.5664727185648,25.073623436332934],[121.5655606679738,25.0731981108077],[121.56426053866296,25.07244699207801],[121.56397413312024,25.072272040158218],[121.56362328872197,25.072095077369262],[121.56334383428403,25.07194943921725],[121.56315918755519,25.071875663261984],[121.56297534703498,25.07184251074615],[121.56279818659303,25.07177999093367],[121.56267504800402,25.071744348951746],[121.5624872741387,25.071731524245532],[121.5622079161887,25.071741619481152],[121.56199428838472,25.071765005533912],[121.56171917419687,25.0718224814974],[121.56149991911188,25.071902314310318],[121.56115208404076,25.07204357702298],[121.56086134658248,25.07220719178051],[121.5606714756464,25.072345594409693],[121.5604877475395,25.0725403993803],[121.55848271037597,25.07343954776695],[121.55594228018954,25.07459347711831],[121.55447025334458,25.07534491380659],[121.554475496,25.07534386400005],[121.55468464000012,25.07529910700003],[121.55507072200011,25.075209720000036],[121.55521548600007,25.07517254200008],[121.55575427900008,25.075023946000044],[121.5561000670001,25.07492738500002],[121.55627995600003,25.07487889500004],[121.55629816200006,25.074873988000036],[121.55648607900004,25.07482333300004],[121.55669512300004,25.074756591000035],[121.55710512200005,25.074615811000058],[121.55763566100006,25.074423275000072],[121.5579008970001,25.074319681000073],[121.55823751700008,25.074155523000055],[121.55875180400004,25.07392258600004],[121.55925458500008,25.07364962700007],[121.55945416400003,25.07355322100005],[121.5599289500001,25.073323879000043],[121.56005466700003,25.073260850000054],[121.56017743900009,25.073212003000034],[121.56034973600005,25.07309556900003],[121.56060006100006,25.072915743000067],[121.56062452000002,25.072898172000063],[121.56098320600006,25.072700446000056],[121.56139003500004,25.07254617200004],[121.56166536800004,25.072468760000046],[121.56179711400011,25.072446443000043],[121.56199576200004,25.072433626000077],[121.56204485600004,25.072430458000042],[121.56215659700001,25.072423249000053],[121.562264475,25.072422831000033],[121.5623162620001,25.07242431800006],[121.56260013300006,25.072432463000037],[121.56298399400009,25.072496442000038],[121.56322401400008,25.072560974000055],[121.56357246500012,25.072745083000022],[121.5640171570001,25.073005178000074],[121.56428145600012,25.073135067000063],[121.5644149850001,25.073211839000063],[121.56449493600007,25.073252658000055],[121.56471175100013,25.07338300900005],[121.56518437900002,25.07368391600005],[121.56568747500013,25.074002094000033],[121.56590431700012,25.07413748800008],[121.56625463400009,25.074363179000038],[121.56667718500013,25.074623918000036],[121.56718872200008,25.074944849000072],[121.56762248300004,25.07523075600005],[121.56797528200002,25.07544866900003],[121.56818658400005,25.07558408300002],[121.56854799700011,25.075809733000032],[121.5688871640001,25.076020327000037],[121.56914850700002,25.076185810000023],[121.56928736300006,25.076240763000044],[121.56934844300008,25.076260715000043],[121.56939840800011,25.076275652000053],[121.56949827100004,25.07629041100006],[121.56959256800008,25.076300132000025],[121.56971448800005,25.076289571000075],[121.56981421000012,25.076274037000072],[121.5698751020001,25.076253627000025],[121.5699636400001,25.076217958000026],[121.5702014220001,25.076085860000028],[121.57030081300002,25.075999691000046],[121.57041679100007,25.07590338800002],[121.57059344900004,25.075741252000054],[121.57070926200005,25.075609610000075],[121.5709405770001,25.075280762000034],[121.57119544500007,25.07483683800006],[121.5713052410001,25.074604317000023],[121.57144224100011,25.074289308000058],[121.57145875100004,25.07423541000002],[121.57147367700009,25.074196398000023],[121.57155734500007,25.073977706000047],[121.57169974300007,25.073603787000028],[121.57174886200005,25.073437104000053],[121.57185275200004,25.073211243000063],[121.57188719500003,25.07313433200005],[121.57196006900006,25.072838393000037],[121.57199621100006,25.07262706800003],[121.57205609000003,25.072238931000076],[121.57206030200008,25.07221162900003],[121.5720953130001,25.07198468000007],[121.57219540200002,25.071446387000034],[121.57220314500012,25.07111691000006],[121.57219806813029,25.071020124646807],[121.57197421709,25.071047196176785],[121.57170503131228,25.071079017103905],[121.57171586344569,25.071176850377686],[121.5715767793289,25.071840957428332],[121.57130381003827,25.072424330968268],[121.57091576061123,25.073107459905422],[121.57080686738838,25.073338099079326],[121.57062865540824,25.073783424472765]]],[[[121.55269340538905,25.075616860779913],[121.5526645255205,25.075614039232384],[121.55266509400008,25.07562180500002],[121.55269733400007,25.07562901300002],[121.5527367145214,25.07562288694977],[121.55269340538905,25.075616860779913]]],[[[121.5690664123129,25.064605599273115],[121.56912665112982,25.064704676441636],[121.56920182012439,25.064817238160412],[121.56932171689225,25.064956711570378],[121.56938203298064,25.06513929860674],[121.56948252504544,25.06536912816143],[121.56952229706039,25.0653960589614],[121.56960242267623,25.065508601192356],[121.56961764559844,25.065585281576176],[121.56962960387581,25.065625862005724],[121.56966764302722,25.065679883863858],[121.56974766439957,25.06576985601534],[121.56990757556675,25.06598817022027],[121.57003307448838,25.066199845888377],[121.57006826761692,25.066308047312337],[121.5700834909074,25.06638472754698],[121.57009856773301,25.066429809869575],[121.57024332990176,25.066587241835045],[121.57030835892846,25.066650186993265],[121.5703334104088,25.066708772867788],[121.57034846025999,25.066814795179972],[121.57037871459872,25.066859818693676],[121.57041873413918,25.066873205907072],[121.57043868326835,25.066900213048807],[121.5704537602903,25.06694529532881],[121.57043410429874,25.066981484000195],[121.57043429275177,25.06702210987825],[121.57048414472048,25.06708511373294],[121.57053936708378,25.067170667102797],[121.570574351504,25.06723372851807],[121.57059492908937,25.06739615521971],[121.57064036556095,25.0675088308609],[121.57070027628514,25.067603394130682],[121.5707705448485,25.06772725866814],[121.57080565527168,25.067817403933358],[121.57081414866033,25.06791216641895],[121.57083074781816,25.068018182652718],[121.57087181687791,25.06812410403519],[121.57099203297884,25.068331285068435],[121.57110241572015,25.068622014350726],[121.57120951075063,25.06893758348777],[121.57133401535053,25.06926662714711],[121.57140989488913,25.06953040542431],[121.57146006462597,25.069661118560894],[121.57156609091736,25.07001280392826],[121.57163250129253,25.070371414062457],[121.5716586069188,25.07065569860185],[121.5716741483228,25.070800088231234],[121.57167964813765,25.070849761547223],[121.57218557351173,25.070781926680933],[121.57218276600008,25.07072840400007],[121.57210528100008,25.07003602200006],[121.5720482910001,25.069757483000046],[121.57186910400003,25.069149972000044],[121.57169963500007,25.06863533200004],[121.57163364000009,25.068415963000064],[121.57132124600002,25.067734841000064],[121.571012676,25.067246091000072],[121.57074906100001,25.06682722600004],[121.57065735000005,25.066681503000037],[121.57040486800008,25.066277007000057],[121.570264628,25.06605791400006],[121.56984383100007,25.06538376000003],[121.56955415200002,25.064962516000037],[121.56945181000005,25.06474527700004],[121.56942334000007,25.064610220000077],[121.56939479200004,25.06445828000005],[121.56939615400006,25.064447996000066],[121.56941272400003,25.064323063000067],[121.56941152688752,25.064065005136097],[121.56940033314979,25.06402224969433],[121.56878973899686,25.063816071720037],[121.56877989761578,25.063868654804974],[121.56879012276399,25.063936326059164],[121.56888601316375,25.064242912198527],[121.56890634785627,25.0643534286143],[121.56904121562825,25.06451541500812],[121.5690664123129,25.064605599273115]]],[[[121.57107630291937,25.052062211448025],[121.57103490154832,25.05215039655041],[121.57102680153416,25.05220685398598],[121.57103943079697,25.05225871698835],[121.57106905193734,25.052301485955667],[121.57106030107575,25.052351174790154],[121.5709727115253,25.052430510751556],[121.57092573523357,25.0525187174396],[121.57091925702147,25.052590967876814],[121.57099376464687,25.052629048803112],[121.57102808387056,25.052683084768574],[121.57098814114893,25.05281866208194],[121.57101747735314,25.053066822915813],[121.57096074877465,25.053656130590202],[121.5709053551825,25.054599788502145],[121.57091728458451,25.05491358424525],[121.57091732091658,25.05491360222499],[121.57159779002991,25.05525034715733],[121.57158910200008,25.055084621000045],[121.57156967400012,25.054898843000046],[121.5715599230001,25.05479751500007],[121.57146531100013,25.054409305000032],[121.57136569900001,25.05397703700004],[121.57136024600003,25.053953374000056],[121.57135298100003,25.05392184500004],[121.57128629100008,25.05355042900004],[121.57128589700004,25.05346594500003],[121.57128526800011,25.05333079800005],[121.5712754770001,25.053221020000024],[121.571311497,25.052984346000073],[121.57132958600006,25.052882910000044],[121.57134767600009,25.052781465000063],[121.5713749680001,25.052663100000075],[121.57144842100001,25.05249387000003],[121.57153112000003,25.05231615900004],[121.57161413100005,25.052206015000028],[121.57166650700003,25.05213729300004],[121.57167558000002,25.05212538900002],[121.57167869800004,25.052121298000028],[121.57176610640722,25.052055622270668],[121.57115792238426,25.05171908525669],[121.57112926427196,25.05179567524216],[121.57112113288106,25.051845361678232],[121.57114646001365,25.05189717544891],[121.57116738840958,25.051935464018364],[121.5711635195046,25.051969334639764],[121.5711346274343,25.052016844520022],[121.57107630291937,25.052062211448025]]],[[[121.56929982892812,25.06250566309069],[121.56908875742137,25.062341715219645],[121.56906503358165,25.062368891085736],[121.56927797395832,25.062535088800214],[121.56931067368681,25.06257333195322],[121.56922645155278,25.062645881929416],[121.56917700304845,25.06273635380227],[121.56912309675108,25.062867469287802],[121.56907408332812,25.06298502370891],[121.56900974647633,25.063071038898492],[121.56893545624116,25.063148064356156],[121.56894582779373,25.063247333374502],[121.56894131121774,25.063342145786745],[121.56890215667963,25.06344837694168],[121.56883823377159,25.063556960636856],[121.56887592075651,25.063601955731126],[121.56939851595381,25.063774198170837],[121.569400309873,25.063735353504594],[121.56940957258519,25.063595382222708],[121.56948602244385,25.063382926702992],[121.56955820789734,25.06327761056392],[121.56957468600001,25.06322426600007],[121.56968396600007,25.06299620600003],[121.569712566,25.06293651900006],[121.56986901000006,25.062648702000043],[121.57006206500012,25.062250926000047],[121.57014461300004,25.062039416000054],[121.5703097080001,25.061616415000056],[121.5705055400001,25.060993764000052],[121.57059394400005,25.060712675000048],[121.57074039500003,25.06027283700007],[121.57089596900005,25.059799179000034],[121.57101461500008,25.059367905000038],[121.57107828200002,25.059088894000066],[121.5712049870001,25.058395713000042],[121.57147738100002,25.05700260900005],[121.57151340300004,25.05676594600004],[121.57154138200006,25.056585121000065],[121.57159448800007,25.05624189200006],[121.57160349400012,25.056182722000077],[121.57160160700005,25.055777255000066],[121.57159635500012,25.055642574000046],[121.57159106700009,25.055506979000025],[121.57159254139184,25.05546605292166],[121.57092683828698,25.05513126984627],[121.57092553597401,25.05513063811502],[121.57093675343407,25.055425746635155],[121.57090835409365,25.05738272726557],[121.57075499454474,25.058575048918964],[121.57038503478809,25.05994651228124],[121.56978954638991,25.06170929812426],[121.56933682305352,25.06253486155667],[121.56929982892812,25.06250566309069]]]]}},{"type":"Feature","properties":{"河流":"基隆河","縣市":"臺北市","行政區":"大同區","區域":"臺北市大同區"},"geometry":{"type":"MultiPolygon","coordinates":[[[[121.5210223929688,25.077363840535018],[121.52119767666504,25.07784895837209],[121.52148702500006,25.077701986000026],[121.52170130900002,25.077589574000058],[121.52208176700003,25.077388837000054],[121.5222828310001,25.07726052000004],[121.52250088500011,25.07711108000006],[121.52248039000006,25.07708440700003],[121.52245917000003,25.077056788000046],[121.52235058200006,25.076855874000053],[121.52224599041803,25.07667966250914],[121.52224097267296,25.076682582691785],[121.52156076907123,25.077061903956906],[121.52129572397244,25.077236628602726],[121.5210223929688,25.077363840535018]]],[[[121.5176851454724,25.078533513573962],[121.51743660915135,25.07865851550566],[121.51710293707967,25.078869579935787],[121.51690935576686,25.079023730697692],[121.51683435668205,25.079089445073052],[121.51676964082517,25.079096441249145],[121.51671380319505,25.07907857935692],[121.51659833994599,25.078880363663053],[121.51649757748615,25.07878817646906],[121.51642294872704,25.078795206980864],[121.5163403997642,25.078833863175802],[121.51627736704296,25.078872451490422],[121.51628072354448,25.078933379188552],[121.5163147389548,25.078991943317927],[121.51640170809283,25.079045809351527],[121.51654849416404,25.079106238411313],[121.51660876461084,25.07914665509138],[121.51662043748972,25.07919626881257],[121.51660545942988,25.07924371819485],[121.51650421473488,25.079329836745305],[121.51626418360658,25.079488661949682],[121.51596794351323,25.07968830810073],[121.51572976627334,25.079919350183076],[121.51563783296228,25.07999207743596],[121.51594345200012,25.080102487000037],[121.5160205630001,25.080130346000033],[121.5160346130001,25.08013780000005],[121.51621913699998,25.08024232800005],[121.51622353500011,25.080244819000033],[121.51623383600008,25.080238171000076],[121.51625758300008,25.08022284200007],[121.51645957200003,25.080092454000066],[121.51666946700004,25.07997608500005],[121.51704982000001,25.079747436000044],[121.51725957800012,25.079599143000053],[121.51747811600002,25.07945481800004],[121.51765301000013,25.07935450400003],[121.51784536900004,25.07923818200004],[121.51825039500011,25.07901110000006],[121.51846030200012,25.078898698000046],[121.51863969600002,25.078826289000066],[121.51889788100004,25.078729683000063],[121.5191517500001,25.078649034000023],[121.51927863300011,25.07859675300006],[121.5195455810001,25.078500104000046],[121.5198081310001,25.07839948900005],[121.52023267700007,25.078258428000026],[121.52042523500006,25.078189955000028],[121.52088344800006,25.07799922000003],[121.52096908156867,25.077959882252273],[121.52079094294005,25.077457227606306],[121.52051364659607,25.077555361343993],[121.5197798731965,25.077724953554004],[121.51913820857699,25.077919046410422],[121.51876491038588,25.07806254317913],[121.518346256299,25.078249080552766],[121.51805800190968,25.078358423181893],[121.5176851454724,25.078533513573962]]]]}},{"type":"Feature","properties":{"河流":"基隆河","縣市":"臺北市","行政區":"中山區","區域":"臺北市中山區"},"geometry":{"type":"MultiPolygon","coordinates":[[[[121.55356811857887,25.075805421685057],[121.55346782608095,25.075821598011487],[121.55332800983784,25.075797296283277],[121.55319942047856,25.075721040521728],[121.55305668400968,25.07566740810676],[121.5527367145214,25.07562288694977],[121.55269733400007,25.07562901300002],[121.55266509400008,25.07562180500002],[121.5526645255205,25.075614039232384],[121.55238194934036,25.07558643138859],[121.55207685603139,25.07552437904146],[121.55164191072244,25.07544927054246],[121.55120893126141,25.07546669169139],[121.54916322046857,25.07560750546367],[121.54898857311795,25.07562169961079],[121.54855090389154,25.075630103606183],[121.54728114189219,25.075628062541522],[121.54721329299453,25.075626057947055],[121.54718846124429,25.075614865153238],[121.54717439059516,25.07558557604127],[121.5471758183462,25.07555848630762],[121.54721472169928,25.075391320975097],[121.54724149764075,25.075075236429093],[121.54723640013091,25.075043656899588],[121.54718228915979,25.0749964604544],[121.5469967140638,25.074852700376425],[121.54697084224027,25.07481668400954],[121.54696286615582,25.07476480184704],[121.54697526390478,25.074697044678395],[121.54700075241661,25.074647295117366],[121.54706476972028,25.074554518597672],[121.54710553746894,25.074527282556],[121.54735677284567,25.07446089394698],[121.5474056044444,25.07443588485992],[121.547451547212,25.074388316156313],[121.54754997484586,25.074232214414028],[121.547730169455,25.07407355118052],[121.54799362901777,25.073901035424964],[121.54823596701009,25.073785023813826],[121.54845112644058,25.073687169425156],[121.54880897421825,25.073563955196843],[121.54906806218618,25.073522361941762],[121.5495344408811,25.073493536368478],[121.54970475878928,25.07348161497693],[121.54973445531265,25.073472475893535],[121.54976225273074,25.07345431576915],[121.54977691857484,25.073409120313702],[121.54978032154814,25.073339139580717],[121.54971464215367,25.07333712794639],[121.54969824945549,25.073411671276407],[121.54968009515416,25.07343882349516],[121.54963928776752,25.07345703220588],[121.54952533625419,25.073466485976486],[121.5491954509216,25.07346997472491],[121.54905515954789,25.073477269419087],[121.54879115595445,25.07352790911702],[121.54843734526747,25.073653365282986],[121.54819930394103,25.073760333048938],[121.54796597936804,25.07388308213307],[121.5476942067078,25.07406691396366],[121.54761736865454,25.074132654018104],[121.54752017703483,25.074218783106133],[121.54745364173775,25.074302541023222],[121.54739510973484,25.07437498395886],[121.5473593084011,25.074404458630028],[121.54730803906467,25.074438504912678],[121.54720530860119,25.074463714469214],[121.54708987779141,25.074488971190142],[121.5470568037043,25.07450489343809],[121.54703123454475,25.074536587021047],[121.54695861443722,25.07464519476444],[121.54693179896704,25.07474460403873],[121.5469194011914,25.074812361205222],[121.54693328295721,25.074868735484106],[121.54696596960096,25.074904726517474],[121.54710265944327,25.074992242574375],[121.54716699262431,25.075039401026554],[121.54718761872302,25.075079950936193],[121.54716324005804,25.075377970281295],[121.54713058240912,25.0755563975483],[121.54710265600244,25.07561518434345],[121.54705911010909,25.075644687771465],[121.54700773933997,25.075656164006304],[121.54651008593618,25.075689612463247],[121.54464838977879,25.075766486584683],[121.5444450694954,25.075777771753188],[121.54446768638134,25.07705372791823],[121.5446729414078,25.077037108511817],[121.54491988901052,25.077049735532118],[121.54512767482133,25.077033165878632],[121.54569107570367,25.077015276882523],[121.54633168673169,25.07694518721569],[121.54702905539685,25.076890682956456],[121.54711609046745,25.07688810214264],[121.5471987171925,25.077077385634702],[121.54728095055307,25.07717864617545],[121.54763125993449,25.077168313896802],[121.54756915449445,25.077134689650702],[121.54739720889901,25.077060847664377],[121.5472918841172,25.07699127161165],[121.54724385667954,25.076919225233617],[121.54723900830625,25.076874102581133],[121.54728648063663,25.076822014121266],[121.54737670104446,25.076769766542533],[121.5475435352462,25.076739804030233],[121.54829861015546,25.07670539234919],[121.54841807977081,25.076682376552423],[121.5490832199031,25.07662572593138],[121.54990264994336,25.076505298666287],[121.55068487372125,25.076378236792387],[121.55144392334167,25.076264800657675],[121.55214873768543,25.07621476096899],[121.55268302314069,25.076199213756368],[121.55290614233974,25.076286400084793],[121.55308507734672,25.076398579428567],[121.55320864596372,25.07652902287875],[121.55327063234462,25.0766732398757],[121.55336626498448,25.076722535079202],[121.5535333417569,25.076746734248605],[121.55392356026212,25.076657242204323],[121.55482702924179,25.076148264970225],[121.55710120237609,25.07522332047401],[121.55821425150387,25.074756412846998],[121.55890664263572,25.074428773695722],[121.55958551521513,25.074058299429023],[121.56023347935607,25.073703739126966],[121.56039049744734,25.073628659737242],[121.56050980711788,25.073571779944864],[121.56088606289508,25.073412355310275],[121.5610099978995,25.07335094344954],[121.56105737063368,25.073278538130598],[121.56107121709162,25.07319046138281],[121.56108038597786,25.073095630875475],[121.56110883212827,25.07301652607894],[121.56115621481763,25.07294637726145],[121.56127489338684,25.07281953065318],[121.56134900806835,25.072769593215884],[121.56142851317618,25.072949853267552],[121.56195511890543,25.074168896272003],[121.56223958734077,25.074799777121736],[121.56242395130201,25.075216622469654],[121.5625914843949,25.075475540174068],[121.56270090510239,25.07562634263046],[121.56271938074627,25.075939998357587],[121.56283404575437,25.075950845170013],[121.5628447617558,25.075788298476844],[121.56299445254237,25.07593894674608],[121.5630916671369,25.075927289849005],[121.56298794574478,25.075803550191008],[121.5627520466092,25.075565207510593],[121.56264829478661,25.075434696644276],[121.56257938160199,25.0753356509212],[121.56249259473037,25.075189275941405],[121.56232469973075,25.074783652902546],[121.56203527474231,25.07415279114079],[121.56176920858736,25.07354892389811],[121.56147386144603,25.072841342417266],[121.56143749553935,25.072746685412717],[121.56147895144076,25.072735242122558],[121.56187661856386,25.072720182810315],[121.56209075434535,25.07273967882087],[121.56225139518811,25.07277969218552],[121.56238172123723,25.07282884933732],[121.56242522192862,25.072858024703024],[121.56248765930054,25.07289615587625],[121.56252644201004,25.072977261174596],[121.56262619546098,25.073046848290026],[121.56276839633935,25.07311853014799],[121.56295613187486,25.073190037623707],[121.56326971447339,25.073414540802542],[121.56418499277538,25.07393692320421],[121.56745833800615,25.075822494638068],[121.56809445181393,25.076190192211833],[121.56832244775714,25.076324733326334],[121.56852987408496,25.07643226927391],[121.56886433688665,25.076546084969756],[121.56917867154904,25.076594524035617],[121.56943273342786,25.076604826247642],[121.56979299904957,25.07653797793677],[121.57003309543717,25.076476108363103],[121.57023296911251,25.07635796868498],[121.57049295296528,25.076176399003515],[121.57085158844386,25.075759715505566],[121.57140187387398,25.074857026500144],[121.57163908642312,25.074443069495015],[121.57197297328747,25.074500455039498],[121.57199373196501,25.07443492059471],[121.57176949709174,25.074370140834937],[121.57170865400009,25.07435385900004],[121.57144224100011,25.074289308000058],[121.5713052410001,25.074604317000023],[121.57119544500007,25.07483683800006],[121.5709405770001,25.075280762000034],[121.57070926200005,25.075609610000075],[121.57059344900004,25.075741252000054],[121.57041679100007,25.07590338800002],[121.57030081300002,25.075999691000046],[121.5702014220001,25.076085860000028],[121.5699636400001,25.076217958000026],[121.5698751020001,25.076253627000025],[121.56981421000012,25.076274037000072],[121.56971448800005,25.076289571000075],[121.56959256800008,25.076300132000025],[121.56949827100004,25.07629041100006],[121.56939840800011,25.076275652000053],[121.56934844300008,25.076260715000043],[121.56928736300006,25.076240763000044],[121.56914850700002,25.076185810000023],[121.5688871640001,25.076020327000037],[121.56854799700011,25.075809733000032],[121.56818658400005,25.07558408300002],[121.56797528200002,25.07544866900003],[121.56762248300004,25.07523075600005],[121.56718872200008,25.074944849000072],[121.56667718500013,25.074623918000036],[121.56625463400009,25.074363179000038],[121.56590431700012,25.07413748800008],[121.56568747500013,25.074002094000033],[121.56518437900002,25.07368391600005],[121.56471175100013,25.07338300900005],[121.56449493600007,25.073252658000055],[121.5644149850001,25.073211839000063],[121.56428145600012,25.073135067000063],[121.5640171570001,25.073005178000074],[121.56357246500012,25.072745083000022],[121.56322401400008,25.072560974000055],[121.56298399400009,25.072496442000038],[121.56260013300006,25.072432463000037],[121.5623162620001,25.07242431800006],[121.562264475,25.072422831000033],[121.56215659700001,25.072423249000053],[121.56204485600004,25.072430458000042],[121.56199576200004,25.072433626000077],[121.56179711400011,25.072446443000043],[121.56166536800004,25.072468760000046],[121.56139003500004,25.07254617200004],[121.56098320600006,25.072700446000056],[121.56062452000002,25.072898172000063],[121.56060006100006,25.072915743000067],[121.56034973600005,25.07309556900003],[121.56017743900009,25.073212003000034],[121.56005466700003,25.073260850000054],[121.5599289500001,25.073323879000043],[121.55945416400003,25.07355322100005],[121.55925458500008,25.07364962700007],[121.55875180400004,25.07392258600004],[121.55823751700008,25.074155523000055],[121.5579008970001,25.074319681000073],[121.55763566100006,25.074423275000072],[121.55710512200005,25.074615811000058],[121.55669512300004,25.074756591000035],[121.55648607900004,25.07482333300004],[121.55629816200006,25.074873988000036],[121.55627995600003,25.07487889500004],[121.5561000670001,25.07492738500002],[121.55575427900008,25.075023946000044],[121.55521548600007,25.07517254200008],[121.55507072200011,25.075209720000036],[121.55468464000012,25.07529910700003],[121.554475496,25.07534386400005],[121.55447025334458,25.07534491380659],[121.55356811857887,25.075805421685057]]],[[[121.53408501386495,25.076170833409357],[121.53399759897697,25.07615760736933],[121.53388434470453,25.076115132880958],[121.5338440978682,25.07604982351092],[121.53381655683302,25.075702334613386],[121.53377488644018,25.07516981716447],[121.53377717852763,25.074914760113423],[121.5337771678384,25.074558143286406],[121.53379195166629,25.074467807066288],[121.53382015421168,25.07439999300155],[121.53385470016224,25.074366012020963],[121.53391553688007,25.07432290765708],[121.53398506680746,25.074284285957784],[121.5341393940478,25.074227300836377],[121.53422660037697,25.07419312919932],[121.53425683907157,25.074165934929564],[121.53424808656091,25.074147910062656],[121.534222056213,25.074145747209485],[121.53416320038635,25.074145960217677],[121.53389990413503,25.07421913904252],[121.53383691882247,25.074266765306472],[121.53378681540481,25.07428500306405],[121.53374344790946,25.074285159895755],[121.53371207253575,25.07426495973113],[121.5336919710675,25.074201834483727],[121.5336966411498,25.0741363625957],[121.53371595307092,25.07401892517653],[121.53377250989276,25.073847183418476],[121.53382276877436,25.073722862870504],[121.53382695134916,25.073616765500166],[121.53382269562259,25.07355671432876],[121.53369296710339,25.073621437986628],[121.53358798250403,25.073659621451387],[121.5335821255371,25.073804987442543],[121.53357444863035,25.074032979186832],[121.53356038498852,25.07428807884346],[121.5335260916061,25.07445071178877],[121.53352481121415,25.074653852637372],[121.53356120424205,25.074829772458674],[121.5336457969332,25.074906206953287],[121.53367696578515,25.07523336922216],[121.5337179752996,25.07596902527514],[121.53369862368453,25.076077434553508],[121.53364822960489,25.076100187495683],[121.53345778910119,25.076116675578188],[121.53308666864406,25.076185728863766],[121.53221456765868,25.07623853251459],[121.53141683092957,25.076295577420172],[121.53092088565342,25.076297362757387],[121.53042316561442,25.076247240157734],[121.52990735848768,25.07617009097418],[121.52908678523843,25.075963118615356],[121.52861178773445,25.07579553535656],[121.52850199740332,25.075694359207468],[121.52839998736722,25.07552995721844],[121.52828846919448,25.075101511786546],[121.52849485399486,25.07426114444072],[121.52851371382249,25.074109853298374],[121.52850982363428,25.074067661294038],[121.52754830613806,25.074439382185165],[121.52754036471315,25.074458657877134],[121.52746670364516,25.074616915370797],[121.52744310806669,25.074747909560266],[121.52743166048589,25.0751090816501],[121.52746396611894,25.07541592811436],[121.52745712743909,25.075553633781382],[121.52732785575502,25.07581817161475],[121.5273290374566,25.076091272899514],[121.52744944333178,25.076354921115318],[121.52763037021379,25.076573212130192],[121.52799816397214,25.07687886228328],[121.52829080436096,25.07706966920185],[121.5285897845069,25.077222082733883],[121.52891950797564,25.077320216149364],[121.52916977600832,25.07745474602341],[121.52936688636936,25.07754658123362],[121.52978972105345,25.077685007076077],[121.53017507895589,25.077753596744106],[121.53044613827615,25.077824850881143],[121.53068479313772,25.07785333449095],[121.53124362807935,25.07785132301884],[121.53190756012997,25.07779701800664],[121.53257205769232,25.077801391787336],[121.53280173351502,25.0777599352405],[121.53324221808317,25.07768386046579],[121.53343141167323,25.07766511995019],[121.5338397740256,25.07768169937058],[121.53423241695246,25.07771639112332],[121.53494102391002,25.077677710335227],[121.53677440634532,25.07756269896331],[121.53773983885833,25.077529832911257],[121.53860194763953,25.077458968837902],[121.54077294318132,25.077335896052436],[121.54208823379017,25.077261082382854],[121.54329602100965,25.077114429321515],[121.54401337919704,25.07702600864322],[121.5440763830797,25.077052859951],[121.54410821051741,25.07710465407353],[121.54412731729654,25.07715198119302],[121.54415900563116,25.077242145493305],[121.54419679773439,25.07724200558019],[121.54420899649388,25.07712910841721],[121.54426545371108,25.077076987472136],[121.54429599824132,25.077073059799844],[121.54427906799343,25.076307286455528],[121.54427382514739,25.075787276352923],[121.54268770231205,25.07587530187937],[121.5396840395474,25.075922465747123],[121.53917856516439,25.0759401166742],[121.53756956748704,25.07607465138597],[121.5364671058942,25.076080929026972],[121.5355116334307,25.076122777051026],[121.53408501386495,25.076170833409357]]],[[[121.53448183231893,25.070366468889393],[121.53457188026019,25.07020363359689],[121.53469294027792,25.069907518620898],[121.5348779415928,25.069358379699356],[121.53502649246775,25.068974138979673],[121.53511906952933,25.06875261028363],[121.5351835480423,25.068479271223556],[121.53519259011159,25.068350585513855],[121.53497299463254,25.068355895472592],[121.53495307167682,25.068475592330394],[121.53488591817673,25.06870379962805],[121.53441031597671,25.070021395599717],[121.53414172466405,25.070794286619233],[121.53404125850912,25.07105421347587],[121.53392015038925,25.07126907345952],[121.53387220269315,25.071388126680056],[121.53387266039546,25.071388870071146],[121.53392071879645,25.071469950890005],[121.5339488341231,25.071524018950953],[121.5340453338534,25.071632009384945],[121.53405571369116,25.071643262751326],[121.53408109840137,25.071593509763684],[121.53423000729514,25.07114832762625],[121.53428153979789,25.071102999677255],[121.53429075361439,25.07108490974841],[121.53429393755363,25.070963016288932],[121.53441883818115,25.070624003261926],[121.53448183231893,25.070366468889393]]],[[[121.5339482446264,25.071885152726527],[121.5339539395585,25.071891444717128],[121.53399110803664,25.071769886977947],[121.53400672118954,25.07173928591465],[121.53389165265493,25.071623536962985],[121.53381972981329,25.071518415569816],[121.53376896554802,25.071644461736096],[121.53382959383126,25.071741129172295],[121.5339482446264,25.071885152726527]]],[[[121.53376458920096,25.071822618842067],[121.53372095049647,25.07176368143743],[121.53370257761193,25.071809300606077],[121.5336823284076,25.072066680105838],[121.53363514361715,25.072256444785708],[121.53360944085696,25.072470959597084],[121.53360691984716,25.07256283684749],[121.53389375024715,25.072590001139314],[121.53389288060222,25.072542161099037],[121.53389192350157,25.072323228521643],[121.53390681752967,25.07204555472107],[121.53392423395765,25.07198859529668],[121.53388223178138,25.071948589511184],[121.53376458920096,25.071822618842067]]],[[[121.53389175092678,25.07297435487053],[121.53389981415647,25.07292358127083],[121.53389795738606,25.07282143925689],[121.53360033138404,25.07280295048034],[121.53360008825052,25.07281181136193],[121.53359766175491,25.07306047407558],[121.53374218922396,25.073005405877183],[121.53389175092678,25.07297435487053]]],[[[121.5336014075912,25.07332641904443],[121.53359167222298,25.0735680450003],[121.53365252413985,25.073544871689876],[121.5338173480281,25.07346420295927],[121.53382668629916,25.073343661099788],[121.53384773831826,25.073199132435548],[121.5338790126715,25.07305456670137],[121.53387977347361,25.073049775990736],[121.53377077061964,25.073069556892996],[121.5335974232578,25.073134688649098],[121.5336014075912,25.07332641904443]]],[[[121.5286652573252,25.073267424259008],[121.52875210641065,25.073221972536025],[121.5289295704886,25.073142340830504],[121.52927835488629,25.07306661040888],[121.52935659864985,25.073036988602247],[121.52938237440604,25.072980469584937],[121.52939798656588,25.072937529356814],[121.52938174171759,25.072905988454956],[121.52931403654705,25.072865603336894],[121.52919393203426,25.072814120220052],[121.52915928714049,25.072825529470688],[121.52909558290587,25.07285058504883],[121.52907016251905,25.072846161789958],[121.52904839086999,25.07282592597599],[121.5290329580655,25.072767297268143],[121.5287708997554,25.072626038347824],[121.52867160860116,25.072588022883068],[121.52867179428924,25.07263090659046],[121.52872889191899,25.072725499622866],[121.52877689889051,25.072795297325158],[121.52879794647689,25.072862934279932],[121.52877990487102,25.072917168479727],[121.52855954956306,25.073035323443005],[121.52831906598449,25.073083580698306],[121.52821500387884,25.07308846631712],[121.52805317869958,25.073059701916392],[121.52796962694416,25.073008087386345],[121.52789092416192,25.072931627727417],[121.52785914979744,25.07281888749568],[121.5278430662047,25.072681263502137],[121.52781630424865,25.07250982152043],[121.52785238090445,25.072471322617094],[121.52796203783329,25.07247093141514],[121.52830627500637,25.07249001646751],[121.52833745386842,25.072465077358206],[121.52831622379203,25.07242678293343],[121.52815453343139,25.07235739089679],[121.52802942739588,25.07236686566067],[121.52797676474836,25.072294827274302],[121.52792456808338,25.07225890035644],[121.52779392290407,25.072205196680173],[121.52772637468414,25.0722009234542],[121.52756331400334,25.072244389258348],[121.52748127508838,25.072255967082977],[121.52740316559218,25.072244960142637],[121.52729328461677,25.072193439096925],[121.5272279165442,25.072190619440416],[121.52641722858321,25.07312496214918],[121.526473611526,25.073121756667245],[121.52665094429572,25.07315498173148],[121.52704459203161,25.073210007051607],[121.52718899441098,25.07329300432077],[121.52729376676362,25.073380656808922],[121.52744291144826,25.073413981382224],[121.52754223245427,25.073458768781816],[121.5275863200196,25.073553408601693],[121.52763002948979,25.073632250259905],[121.52762430309932,25.073740610089118],[121.52763084043077,25.073819584269778],[121.52768161607351,25.073884858295376],[121.52772459868541,25.073938874738392],[121.52771439787634,25.074025604811172],[121.52845396725648,25.073747101910975],[121.52839349042739,25.073602441475522],[121.52830607064598,25.073444758563955],[121.52833055858534,25.07337695899233],[121.52837370101972,25.073324892314332],[121.52849157563013,25.07329061533164],[121.5286652573252,25.073267424259008]]],[[[121.52529950386588,25.07288893652167],[121.52522191866578,25.072999808052494],[121.52512871004205,25.07315136216335],[121.52504850173905,25.073300613046182],[121.52489090349357,25.073605875726408],[121.52472312833793,25.07387019928887],[121.52508838534953,25.074025606129066],[121.5253089601391,25.074129839877564],[121.52550394961757,25.07382263777237],[121.52582300194014,25.073460373318007],[121.52602530392443,25.073249746844652],[121.52613480429994,25.07314101820247],[121.52613874957615,25.073140793914007],[121.52694807024267,25.072211926692574],[121.5266995259475,25.072281322437757],[121.52635044198924,25.072359304970085],[121.52613182718243,25.072450365253882],[121.525725882985,25.072632373670157],[121.52553328761725,25.072723340591786],[121.5254137093686,25.072793734385684],[121.52529950386588,25.07288893652167]]],[[[121.52342974055216,25.075633373297634],[121.52340090353783,25.075668231508608],[121.5236183263742,25.075598554648806],[121.52432702647364,25.075325356663697],[121.52453419900007,25.07503306000006],[121.52459032000002,25.074953879000077],[121.52472093000006,25.07475002700005],[121.52492553300011,25.074426266000046],[121.52497439500009,25.074334578000048],[121.525006850633,25.07427367728027],[121.52459925952478,25.074108306983337],[121.52451525222452,25.074277554883782],[121.52431987888095,25.074587464240892],[121.52406954968097,25.074940451672237],[121.52388027181458,25.075155541784877],[121.52371707173056,25.07531185576824],[121.52356685260109,25.075461352466675],[121.52342974055216,25.075633373297634]]],[[[121.52341385586294,25.075985523652452],[121.52303537288026,25.076109690321516],[121.52287646755808,25.076280844526075],[121.52270139640993,25.07641462810389],[121.52224599041803,25.07667966250914],[121.52235058200006,25.076855874000053],[121.52245917000003,25.077056788000046],[121.52248039000006,25.07708440700003],[121.52250088500011,25.07711108000006],[121.5226630300001,25.076999954000026],[121.52284649500007,25.076855734000052],[121.52300637500002,25.07674086900005],[121.523264175,25.076556504000052],[121.52332741300006,25.07650541300006],[121.52344762100006,25.07640829400003],[121.52361785000006,25.076244179000074],[121.52375305000011,25.076088169000062],[121.52389254900004,25.075912199000065],[121.52400635408999,25.075767629818408],[121.52341385586294,25.075985523652452]]]]}},{"type":"Feature","properties":{"河流":"基隆河","縣市":"臺北市","行政區":"士林區","區域":"臺北市士林區"},"geometry":{"type":"MultiPolygon","coordinates":[[[[121.52495489643735,25.075083314199546],[121.52505942411572,25.074900835778873],[121.52513335922076,25.074733550823286],[121.52519802865676,25.07450084363125],[121.5252277587253,25.074363304770564],[121.525006850633,25.07427367728027],[121.52497439500009,25.074334578000048],[121.52492553300011,25.074426266000046],[121.52472093000006,25.07475002700005],[121.52459032000002,25.074953879000077],[121.52453419900007,25.07503306000006],[121.52432702647364,25.075325356663697],[121.52495489643735,25.075083314199546]]],[[[121.52135488527563,25.078284047773597],[121.5213692494695,25.078274610574933],[121.52158509875521,25.078185828237796],[121.52192565344745,25.078065008631906],[121.52211534498569,25.077944718753407],[121.522304678032,25.077813144412694],[121.52261840646715,25.07757730593069],[121.52278215314637,25.07747516152499],[121.5232595872789,25.077200374456318],[121.52369712530185,25.0768692997083],[121.52392610592405,25.076665355536225],[121.52415472746073,25.07645012681075],[121.5243371334608,25.076221518573067],[121.52456772516051,25.075816688397875],[121.52472413102971,25.075503660002326],[121.52400635408999,25.075767629818408],[121.52389254900004,25.075912199000065],[121.52375305000011,25.076088169000062],[121.52361785000006,25.076244179000074],[121.52344762100006,25.07640829400003],[121.52332741300006,25.07650541300006],[121.523264175,25.076556504000052],[121.52300637500002,25.07674086900005],[121.52284649500007,25.076855734000052],[121.5226630300001,25.076999954000026],[121.52250088500011,25.07711108000006],[121.5222828310001,25.07726052000004],[121.52208176700003,25.077388837000054],[121.52170130900002,25.077589574000058],[121.52148702500006,25.077701986000026],[121.52119767666504,25.07784895837209],[121.52135488527563,25.078284047773597]]],[[[121.51554636640353,25.080064435306138],[121.51539034186251,25.080236510072616],[121.51517399073553,25.080501332090627],[121.51510734069876,25.080636984253633],[121.5149557167926,25.08104377272408],[121.51474910256324,25.081486864008596],[121.51443905269768,25.082158271717155],[121.51425666053544,25.08254259373539],[121.51406838642106,25.083001413498355],[121.51394748377886,25.083421630824816],[121.51388710853342,25.083649794994777],[121.51378129888101,25.08404964694346],[121.51366433647416,25.08459624102775],[121.51359840344247,25.084975641814918],[121.51350832986917,25.085434120318418],[121.51336447508405,25.08621553266841],[121.51335920401185,25.08643447783405],[121.51323904928248,25.087032990566996],[121.51322142847485,25.08718878077914],[121.5131490390134,25.087507260434357],[121.5131317229058,25.08773527185259],[121.5130957518324,25.08794754911634],[121.51305985685045,25.08817788167232],[121.51305944616489,25.088565804037763],[121.51421532679696,25.089349807617396],[121.5142835792639,25.08890489786287],[121.51433792255256,25.088715126164203],[121.51445230804703,25.088218201773845],[121.51452951496205,25.087574704651693],[121.51455774795858,25.087364710828076],[121.51463035050259,25.08680473531593],[121.51467318663454,25.08616586126135],[121.514674973794,25.085709944914043],[121.51473945704453,25.08506196768947],[121.51476265423611,25.08468722831328],[121.51485856150748,25.084217443396543],[121.51502741890422,25.083490109132203],[121.51508137640965,25.083210055989483],[121.5153604751825,25.082545533673503],[121.51551280751278,25.082305763455704],[121.51581145663475,25.081869124706046],[121.51615949425795,25.081463911750703],[121.51649715031061,25.081094845928092],[121.51659181412694,25.08099069436488],[121.51671466842522,25.08088644472489],[121.51680605852859,25.080813902553825],[121.51691982992112,25.080759338592188],[121.51705756993384,25.080731775329202],[121.51717808390875,25.080805837549445],[121.51726216095486,25.080834886186192],[121.51744257222022,25.08086134244469],[121.51761693188253,25.08092167481052],[121.51766764812693,25.080973409570312],[121.51772161836875,25.08098902072289],[121.51776590835506,25.08098660944372],[121.5178007894238,25.080957146727247],[121.51779100347086,25.080914297500474],[121.51771997812607,25.080822007220544],[121.51767014325424,25.08075898433168],[121.51756516640228,25.080696153454646],[121.5174417944898,25.080678526874863],[121.51737853081082,25.08066294799334],[121.51731165790922,25.08059998432361],[121.51723881009978,25.080588952778584],[121.51719141277415,25.080589117716446],[121.51715977617032,25.080580199739686],[121.51714381392483,25.080541886023497],[121.51716872427934,25.080498916058414],[121.51724681225217,25.080430933854892],[121.51755456456222,25.080170305606135],[121.51793040102363,25.07989364012185],[121.51798734375342,25.079879899533303],[121.51804438258742,25.079888728761784],[121.51808458731607,25.079872789468567],[121.51810395956137,25.079838866659223],[121.5181102151059,25.079780162386214],[121.51812421525364,25.079721431106535],[121.51816923226319,25.079671619731577],[121.5182495934699,25.079628456117987],[121.51834920931462,25.079596510373683],[121.51845815710239,25.079573560067548],[121.51856731842818,25.07952803874079],[121.51869485499954,25.07943279874877],[121.51881779275698,25.079348859776907],[121.51897420619588,25.07926931778572],[121.51923515272331,25.07914878391552],[121.51949715338289,25.07905758710808],[121.51968072919469,25.079027603751474],[121.51990948613417,25.078913952203703],[121.52085908725222,25.07857658569805],[121.52112057231362,25.0784379896426],[121.52113513215045,25.078428423965573],[121.52096908156867,25.077959882252273],[121.52088344800006,25.07799922000003],[121.52042523500006,25.078189955000028],[121.52023267700007,25.078258428000026],[121.5198081310001,25.07839948900005],[121.5195455810001,25.078500104000046],[121.51927863300011,25.07859675300006],[121.5191517500001,25.078649034000023],[121.51889788100004,25.078729683000063],[121.51863969600002,25.078826289000066],[121.51846030200012,25.078898698000046],[121.51825039500011,25.07901110000006],[121.51784536900004,25.07923818200004],[121.51765301000013,25.07935450400003],[121.51747811600002,25.07945481800004],[121.51725957800012,25.079599143000053],[121.51704982000001,25.079747436000044],[121.51666946700004,25.07997608500005],[121.51645957200003,25.080092454000066],[121.51625758300008,25.08022284200007],[121.51623383600008,25.080238171000076],[121.51622353500011,25.080244819000033],[121.51621913699998,25.08024232800005],[121.5160346130001,25.08013780000005],[121.5160205630001,25.080130346000033],[121.51594345200012,25.080102487000037],[121.51563783296228,25.07999207743596],[121.51554636640353,25.080064435306138]]],[[[121.51167825931702,25.09211424499604],[121.5115072807526,25.092345041260522],[121.51120823120678,25.092695895888443],[121.51097642606618,25.092976553624013],[121.51070146067622,25.093234790273424],[121.51055495166776,25.093391022856153],[121.51017981138556,25.093699257800207],[121.50988198201217,25.093973371713496],[121.50961979711974,25.094177397523207],[121.50950124258944,25.094277110195524],[121.50927868287617,25.094399749591265],[121.50891277424545,25.0946944077452],[121.50865543002273,25.094871331930626],[121.5084628189278,25.09504351966117],[121.5082993195538,25.095138871656417],[121.5081656273917,25.095175441079153],[121.50800205215717,25.095252737556528],[121.50755107562951,25.095432580348284],[121.50741522357494,25.0954714134001],[121.50735538065891,25.095460333665198],[121.50732894210576,25.09543559797052],[121.50732060414668,25.09536791865654],[121.50735183869831,25.095279791494672],[121.5074868436969,25.095112316447857],[121.50749708556317,25.09504231657382],[121.50743926086825,25.09499511910491],[121.50722728914577,25.095205739246254],[121.50708536403071,25.095348411505377],[121.50710597324587,25.095461187403846],[121.50708019290064,25.095519955768808],[121.5070316918891,25.095553975659872],[121.50681350182765,25.095611145287315],[121.50625905009522,25.095719116203533],[121.50534338548883,25.095839606230747],[121.50502405572932,25.095865525711705],[121.50420588435072,25.095814157409862],[121.50322814284404,25.095761071906804],[121.50312988999076,25.095752379235638],[121.50270473322603,25.095661294136697],[121.50265718032799,25.095625345238282],[121.50263072372069,25.09559609525701],[121.50260595821814,25.095526214750812],[121.50258643183322,25.095449545600733],[121.50257805924932,25.095372838458214],[121.50259116731407,25.095320884397395],[121.50261732539606,25.09527791361186],[121.50269613533143,25.095230249607916],[121.50291512675983,25.095215961853583],[121.50336126923045,25.095137705084372],[121.50354497755706,25.09513256448127],[121.50372106174073,25.09515678976511],[121.50390405451633,25.09527803922168],[121.5039871629082,25.09529581084229],[121.50404854602745,25.095304628905886],[121.50406162532613,25.095245904063162],[121.50393142332254,25.09522829330971],[121.50373730490361,25.095113852651],[121.50355187927202,25.0950783746078],[121.50290441534246,25.09517311667221],[121.50268264488605,25.095189670803894],[121.50265378438385,25.09517848445736],[121.50271309781121,25.09498644326705],[121.5026817867349,25.094982036064312],[121.5026024184696,25.09519445793187],[121.50256436575792,25.095208129118465],[121.50251080305736,25.095217339250357],[121.50224778822171,25.09522500545782],[121.50224483905764,25.095261126400437],[121.50244631966376,25.095283009830762],[121.50249542148059,25.095318953535912],[121.50253810088664,25.0953752314757],[121.50254082195252,25.095433902419657],[121.50252087900063,25.09548136589138],[121.50245849899125,25.095531230801196],[121.5023944765668,25.095558531966507],[121.50231586424988,25.095579111978946],[121.50200179217241,25.09560275011946],[121.50186047349294,25.09559420310016],[121.5015307051709,25.095568241124568],[121.50136306051776,25.09556204003535],[121.50126485446059,25.095564630614057],[121.5012421626544,25.095546652237285],[121.5012435909099,25.09551730726162],[121.50127856716925,25.095433681940296],[121.50126544283552,25.095406643332993],[121.50122761602339,25.09540000102797],[121.50099626491674,25.095497834803908],[121.5006679652972,25.095602768062506],[121.50030936387044,25.095646866964604],[121.50015395208536,25.09567673431148],[121.49996585634823,25.095745080141935],[121.49959999039432,25.095906562252978],[121.49920820817985,25.0960952138235],[121.49856549939665,25.096444954496565],[121.49790226692129,25.096853442137995],[121.49773797187432,25.09698489857865],[121.49696304742568,25.097662333999683],[121.49680667928675,25.097838901438177],[121.49669211966939,25.0980108140096],[121.49664638619798,25.09811704370973],[121.49653670536023,25.098422098482132],[121.49646804604917,25.098605140934776],[121.49644367460428,25.098783520313766],[121.4964001644269,25.098903284057485],[121.49635759027197,25.09925325124972],[121.4963722415932,25.09980840602358],[121.49639858463298,25.10003852383166],[121.49639340895487,25.100365795708786],[121.49638194096505,25.100593784073425],[121.49634558557754,25.100950501330306],[121.49629877641576,25.101862458168238],[121.49630710453677,25.10238829439264],[121.49628869781434,25.102510230526878],[121.49627072092926,25.102738240826227],[121.49624135608872,25.103214551545825],[121.49618646439936,25.10366160813557],[121.49617552547734,25.10409723200891],[121.49615552653819,25.104438095410536],[121.49615100218509,25.10577196219544],[121.49615167596318,25.10593897416892],[121.49616704776253,25.10667694475441],[121.49613945788953,25.107595615839855],[121.49612790912589,25.108112495964388],[121.49609264700398,25.10851209458726],[121.49608714169602,25.10868364120393],[121.49605586327033,25.108764996664295],[121.49599307906534,25.108794548376952],[121.49583571322529,25.108806362826776],[121.49569088839111,25.108777509761484],[121.49565115687733,25.108773088156212],[121.49564739673846,25.10882119950334],[121.49575404546593,25.108840491862548],[121.49601229944226,25.10887347686028],[121.49604491721065,25.108893679575484],[121.49606315341923,25.108959069674462],[121.4959774352056,25.109602588870953],[121.49594689204453,25.109790019170156],[121.49584138408696,25.110214682236986],[121.49575430711792,25.11044518477259],[121.49539747358041,25.11101965110921],[121.49489662678522,25.11169164869959],[121.4946708427505,25.111951956034655],[121.49446417030833,25.11218737236323],[121.4943386497046,25.11233675210475],[121.49396588842251,25.11272845395445],[121.49381826623463,25.112853080672902],[121.49360463156664,25.11297567117664],[121.4932872066713,25.11310312235745],[121.49288790806011,25.113291784074125],[121.4927056895605,25.113366872186315],[121.49252957815514,25.11341937015713],[121.49247954072518,25.113460162323285],[121.49231065540283,25.11353746234422],[121.492253099714,25.113557966959842],[121.4921653925261,25.113632738948144],[121.49208334758185,25.113651068238955],[121.49202065006855,25.113703187204923],[121.49193897799923,25.11373731381414],[121.49185092821092,25.113726322645928],[121.4918067330552,25.113755810327564],[121.49174421549878,25.113853067548558],[121.4917031730698,25.113896086379842],[121.49153703058337,25.113962091534283],[121.49137993734476,25.114043864988677],[121.49108452603627,25.11417575205706],[121.4908076439861,25.11429177822609],[121.49036756507678,25.114435430015316],[121.48990205724328,25.114574651144533],[121.48964819097326,25.114634174969346],[121.48936859568094,25.11469152678612],[121.48917448154063,25.1147373098465],[121.4890905763174,25.114755643759107],[121.48879484893646,25.11480853411976],[121.48863056023771,25.114795536680905],[121.48830990841414,25.11481465424423],[121.48812113050116,25.11479948034336],[121.4880671047413,25.1147725755699],[121.48799464458637,25.114707363400072],[121.4879657903157,25.11469843100576],[121.48779851007883,25.114712526068914],[121.48771384224376,25.11469475033555],[121.48755999159651,25.11465689056971],[121.4873455724812,25.114583119333066],[121.48683873355793,25.1143794091607],[121.4864948124439,25.11423384100534],[121.48603938908765,25.114023187570524],[121.48576855605346,25.113866092852483],[121.48550215993286,25.11373380955217],[121.48516334203792,25.11354534016175],[121.48468430302333,25.113316705659777],[121.4843869575054,25.11319354993264],[121.48424191050154,25.113108261948852],[121.48416634593055,25.11304080140965],[121.4841547036382,25.112995700570657],[121.48415820083956,25.11293926527793],[121.48420305270982,25.112839812142898],[121.48427199481716,25.11271996732878],[121.48423591693313,25.11268623147855],[121.48416488545838,25.112747402365205],[121.48405911270227,25.112878652753388],[121.48402021039618,25.112914891647968],[121.48397682830088,25.112915033990113],[121.48384424757194,25.11284776035415],[121.48366853293147,25.1127648293784],[121.48334544469182,25.112555991870348],[121.48319395376579,25.112486522690286],[121.48295164530744,25.112331586572992],[121.4827410060109,25.112192345096716],[121.48219560486501,25.11186912810548],[121.48176031397145,25.111651626286058],[121.4814134954941,25.11147445960038],[121.48124931129831,25.11140728689927],[121.48114847224795,25.111373761643843],[121.48081303895272,25.111255236530504],[121.4805998607549,25.111179193652575],[121.48048719421362,25.11113216403455],[121.48029730041927,25.11106732970985],[121.47998819835665,25.110946458491224],[121.4797486036266,25.110850187419164],[121.47947731524108,25.110731449167545],[121.47918761046125,25.11065790916069],[121.4788723832463,25.110555110779856],[121.47856966487352,25.11048161159713],[121.47836791960808,25.11039650021247],[121.47801471552538,25.110248683482503],[121.47786982485393,25.110201755766397],[121.47766826377214,25.110164038852865],[121.47749262688212,25.110099154380595],[121.47738137243708,25.11001600609888],[121.47728971331424,25.110032100770752],[121.47704819750201,25.109999025847223],[121.47693099003092,25.1099790913322],[121.47666993550516,25.10994156486027],[121.47636797025066,25.109901912758694],[121.4763087860214,25.1099021034394],[121.47628539282277,25.10994280416769],[121.47626319558587,25.109972216217674],[121.47623750285736,25.10997906987676],[121.47622011561812,25.109970098024267],[121.47618724934895,25.109884439213467],[121.47614752576368,25.109868768392356],[121.4760234928446,25.109846598130865],[121.47568981434495,25.109858955977824],[121.47560810632748,25.10988404519066],[121.47555631000587,25.109951920638995],[121.47553770959438,25.10994972343566],[121.47551379811642,25.109936258456294],[121.47547646707922,25.109898009939833],[121.47537935007693,25.109864467374962],[121.4751545960761,25.109838105435898],[121.47478931226806,25.109850562472786],[121.47467619533694,25.109846411340268],[121.47460667363013,25.10981729365702],[121.47452638476292,25.109808523194136],[121.47438986560722,25.1098428153767],[121.47417615610394,25.109868326871148],[121.47413459997573,25.109859432105672],[121.47412292735814,25.10980530214927],[121.47411347571345,25.109764706912838],[121.47409602825624,25.109739936094602],[121.47407030973925,25.109740018466013],[121.47403695717638,25.109769465932285],[121.47400717748273,25.10984178444456],[121.4739704596543,25.109882527548653],[121.4737504403098,25.109878718002264],[121.47366770714615,25.10987898279122],[121.47349205729674,25.10980957857622],[121.47317710808333,25.10977673109674],[121.47240223748837,25.109641530394317],[121.47218164109306,25.109567754380066],[121.47206823186433,25.109568116082293],[121.47196765665821,25.109602290971075],[121.47183346945796,25.109598204775054],[121.47182352818368,25.109672716858167],[121.4718463203005,25.10971778384026],[121.47184154334508,25.109765195681632],[121.47173901351891,25.109774550410556],[121.47168635422085,25.109779232193087],[121.47167878841778,25.109745401569146],[121.47168612180405,25.1097182944138],[121.47177892533666,25.109677372984127],[121.4717609013563,25.10958263747424],[121.47170270650075,25.109517371655066],[121.4713314496105,25.10950726950881],[121.47121191230967,25.109525705589895],[121.47099770323524,25.109501560969996],[121.47087159069522,25.109501961526895],[121.47073310972564,25.109509172036415],[121.47057545989882,25.109446478160002],[121.47033624902446,25.10944723714345],[121.47016002566086,25.109470365398504],[121.46997776019396,25.109534137435958],[121.4698646361131,25.10960897492833],[121.46966678186902,25.109647970493654],[121.46944158279385,25.109666739494518],[121.46915980778428,25.10971954197373],[121.46897749740782,25.109772029384335],[121.46888929865347,25.109801649141065],[121.46871953835857,25.10981347078968],[121.46817583478267,25.10992352387214],[121.46798965164605,25.1099353965518],[121.46717798267724,25.110145599074144],[121.4669830090009,25.110209408963627],[121.46670635950237,25.110307330561287],[121.46653273167638,25.110362044736842],[121.46630636773095,25.11040112565542],[121.46575052296565,25.110578917571992],[121.46558688841114,25.110653911900332],[121.46534176100745,25.110729161677003],[121.4652851248723,25.110747395233123],[121.46508406496883,25.110840562212925],[121.46495212027132,25.110938026257955],[121.46487102215798,25.11096085027063],[121.46483043067752,25.110960977457005],[121.46482872869,25.110920357024696],[121.46483217553522,25.110848122641936],[121.46475081397293,25.110965740863346],[121.46466615864932,25.111031458643353],[121.46461684413364,25.111101579665736],[121.46456811467381,25.111327430878006],[121.46449783133659,25.111424701315773],[121.46434938698803,25.11150190344504],[121.4642224028265,25.111682859583475],[121.46413124723637,25.11191561416091],[121.46408940645556,25.11207824790897],[121.46407614059939,25.11225884816148],[121.46408365237967,25.112443897412078],[121.46405625996053,25.112658396576517],[121.46396478170288,25.1128053864876],[121.46384516511085,25.11296826311155],[121.46378906166629,25.113128684223078],[121.46377307442748,25.113327348713437],[121.46390011468118,25.113243443457748],[121.46406346805962,25.113175223464115],[121.46423955957385,25.113115991374986],[121.46435292690175,25.1131043519301],[121.46445467205523,25.11313337448874],[121.46452945918887,25.113162481330033],[121.4645985755291,25.113166779041137],[121.46473067483144,25.113109940973125],[121.46492530277744,25.11295359956896],[121.46510129189078,25.112867282831463],[121.46525539421481,25.112801074109328],[121.4652923020001,25.11277440500003],[121.46565729900011,25.11252946400003],[121.4661147060001,25.112190466000072],[121.46660829400001,25.111879473000045],[121.46688590300006,25.111695755000028],[121.46726509000008,25.11151858500006],[121.468000822,25.111188074000037],[121.4686132170001,25.110951715000056],[121.46893240600002,25.11086161500003],[121.46908180800006,25.11084707500004],[121.46931359900007,25.11081350700004],[121.46943719500008,25.110789680000035],[121.46988015900001,25.110722621000036],[121.47022536000009,25.110698079000034],[121.47055526400004,25.110715776000063],[121.4706171250001,25.110720265000058],[121.47067381400007,25.11072007500007],[121.4712399880001,25.110692120000063],[121.47148383500007,25.11067116700008],[121.47163669100007,25.110658032000053],[121.4723221380001,25.11066051600005],[121.47269339500008,25.110710891000057],[121.4731264950001,25.110761059000026],[121.47353391900003,25.110834753000066],[121.47415308800011,25.11102496200004],[121.474540079,25.111145612000033],[121.47489105300008,25.111280432000058],[121.47528749800004,25.111412604000073],[121.47529562300008,25.111415991000055],[121.47534708500007,25.111437446000032],[121.4759841980001,25.111703069000043],[121.47639217800008,25.11187315800004],[121.47707342700005,25.11211941900006],[121.47740880000003,25.112216791000037],[121.47790936400008,25.112383947000065],[121.47922336900002,25.112698002000062],[121.47988021700007,25.112853876000038],[121.48053061000007,25.113003926000026],[121.480962169,25.113131277000033],[121.48142598500012,25.113281919000034],[121.48179318800011,25.113403623000064],[121.48215383800004,25.113496080000058],[121.483240023,25.113828158000047],[121.48396118700009,25.11401430800003],[121.48517957700004,25.114366696000044],[121.48588054100003,25.11456153500006],[121.48614489400008,25.114650723000064],[121.48621441000013,25.114674175000058],[121.48669862200006,25.11486214600006],[121.48709090500006,25.114989759000018],[121.48766666100006,25.115139509000073],[121.48823119500004,25.115267831000036],[121.48858978000008,25.115304568000052],[121.48904839400006,25.115340963000044],[121.489365119,25.115332334000072],[121.48971137600006,25.115313696000044],[121.48996517000013,25.115300033000036],[121.4904233940001,25.115237859000043],[121.49070650700003,25.115161102000055],[121.49118119100001,25.115045801000065],[121.49148088600009,25.11494623800007],[121.49169719500003,25.114839378000053],[121.49207157600006,25.114656163000063],[121.49237927500009,25.114473163000067],[121.49268921800002,25.11427623200007],[121.49338754300005,25.113803825000048],[121.4939530050001,25.113460753000027],[121.49469309200005,25.11301094000004],[121.4947926840001,25.112946024000053],[121.49497934500005,25.11282435500004],[121.49506722900003,25.11276707100006],[121.49524447100009,25.112596047000064],[121.49544349900009,25.11233759400005],[121.49587779,25.11161311800003],[121.49589892300004,25.111577864000026],[121.49624556100004,25.110712349000035],[121.49645216100011,25.110264315000048],[121.4967315900001,25.109150497000034],[121.4968191800001,25.108796930000043],[121.49682182400012,25.108786255000037],[121.49682525100003,25.108758143000045],[121.4969993650001,25.107329897000056],[121.49704797500011,25.106980954000043],[121.49708809200003,25.10611227500004],[121.49711511700004,25.105071026000076],[121.49712102700005,25.103954119000033],[121.4970973610001,25.103244306000075],[121.49708101400007,25.102683890000037],[121.49694903700005,25.100791015000027],[121.49693442500005,25.100453471000034],[121.49697166400006,25.09982638300005],[121.49704910000003,25.09930767900005],[121.497107259,25.098939756000046],[121.49715238500005,25.098626121000045],[121.49717855000004,25.09854163300002],[121.4972771460001,25.098342368000026],[121.4973306830001,25.09821562600007],[121.49757267100006,25.098069544000055],[121.49792889600009,25.097918529000026],[121.49815424800012,25.097822993000023],[121.49841333438803,25.09773489994597],[121.4984294393386,25.097722833414533],[121.4986330740571,25.09758898619494],[121.49868696629103,25.097584290030856],[121.49871161839498,25.097627088166192],[121.49871217382668,25.097636396779635],[121.49916127200004,25.097507071000052],[121.49946699400006,25.09738373800008],[121.49991418200011,25.097151230000062],[121.50016737500005,25.096966924000075],[121.50042811700007,25.09680297400007],[121.50066659100003,25.09667307600006],[121.50069999600011,25.096664383000068],[121.50072323600011,25.096658336000072],[121.50074006600005,25.096653958000044],[121.50095756700013,25.09659736100007],[121.50162922600009,25.09646600600007],[121.50212946300009,25.096423558000026],[121.50259246900008,25.09640840200007],[121.50324668700013,25.096466994000025],[121.50357539400011,25.09648627400003],[121.5038069220001,25.096485487000052],[121.50423258400008,25.096470469000046],[121.5044790500001,25.096469632000037],[121.50491225900011,25.096474965000027],[121.50533791900011,25.096459935000045],[121.50576351900008,25.096431317000054],[121.50629353900003,25.096368370000047],[121.50633634400003,25.09636051600006],[121.50635072600005,25.09635787700006],[121.50662276900006,25.09630796200002],[121.5069726810001,25.09624375700002],[121.5073264130001,25.09613683700007],[121.50745008600005,25.09609945400007],[121.5077587490001,25.095968925000022],[121.50785712600009,25.095936226000045],[121.507860316,25.095935166000057],[121.50802725300004,25.095879677000028],[121.50813170200001,25.095852152000074],[121.508239869,25.095818738000045],[121.50837909800009,25.095803375000056],[121.50850950900008,25.09581874500003],[121.5085654400001,25.095835497000053],[121.50877052700002,25.095896926000023],[121.50880735900012,25.095914250000074],[121.50897078300012,25.095991116000047],[121.50902035300008,25.09603090200005],[121.50903425399113,25.096042060091065],[121.50908554030028,25.09599831899137],[121.50921204092866,25.095945975567805],[121.5092850553815,25.095920898583554],[121.50938046944235,25.095843835017764],[121.5094533230142,25.095780390529242],[121.5095050067957,25.09576667125347],[121.50952752931848,25.09574402451153],[121.50966386814775,25.095673590816588],[121.50979372892697,25.095609950067438],[121.50997386348972,25.09549196985743],[121.5100465014113,25.095451095103083],[121.51012893049234,25.09538084650624],[121.5101991749616,25.09536029228808],[121.5102543517803,25.0953668730903],[121.51040473886725,25.09539569526027],[121.51057317156248,25.095442510550647],[121.5106535671125,25.095478344637332],[121.5106685807543,25.095512146919532],[121.51066635814553,25.095573091701286],[121.5106216170882,25.095690606106714],[121.51053227370242,25.095885009901675],[121.51049217667901,25.09592802972067],[121.51047497824396,25.095964199359347],[121.51047770335529,25.09602286935923],[121.51050541045625,25.09605437049941],[121.51054837483156,25.09610387425817],[121.51057859850579,25.096144394304176],[121.51060621079836,25.096153326776538],[121.51063622569981,25.096144195872046],[121.51067851969626,25.096107939901817],[121.51070601805799,25.09608979004623],[121.51074379748731,25.096085146185793],[121.51079897443417,25.096091726911848],[121.51084184385502,25.096118662096046],[121.51090453247812,25.09614327211841],[121.51093206877475,25.09613414968658],[121.51092698825067,25.096104827485117],[121.5108867743902,25.096046286581004],[121.51087145074891,25.096012485854803],[121.51087377752246,25.09597636744509],[121.51088851617817,25.09594472008964],[121.51091604295266,25.09593334078747],[121.51095381284803,25.095926439998685],[121.51100155400275,25.09593304625286],[121.51106935159129,25.095993749003842],[121.51110964753269,25.095998123976358],[121.51113720277509,25.095993515235453],[121.51114077826993,25.09595964940867],[121.51107631286791,25.095880879408565],[121.51105882050544,25.09584708571833],[121.511071128021,25.09582673094579],[121.51108780150756,25.095813131921403],[121.5111113480077,25.09581305079656],[121.51117161485281,25.09585121095394],[121.5112217966005,25.095848781098688],[121.51123412307109,25.09583294010904],[121.51122163528093,25.095810413843555],[121.51119651120291,25.09580372963187],[121.51119643529124,25.095785674452646],[121.51121400975941,25.095765301520203],[121.51133769188876,25.09570619507477],[121.51150068934535,25.095565703508814],[121.51153504758877,25.095484335568962],[121.51151491519708,25.095412183230692],[121.51144524939197,25.095349229376918],[121.51128533414108,25.09533849593209],[121.51108794951055,25.095332405259793],[121.51090432665468,25.095283385251182],[121.51058476527942,25.09517840968099],[121.51048210995175,25.095153937130895],[121.51047631519353,25.095102047682584],[121.51071561135628,25.094907127561427],[121.51121586925719,25.094512698811428],[121.51172342106162,25.094158868138024],[121.51210223430911,25.093767112427226],[121.51246862421357,25.09336862799232],[121.51276158025118,25.093042618249047],[121.51303577040672,25.09260156950505],[121.51327367176044,25.092298318502195],[121.5133954630597,25.09208574598055],[121.51354745876041,25.091762479379053],[121.51360827780378,25.091638137875947],[121.51377850330128,25.09130352264621],[121.51385100767475,25.0910121257804],[121.51394022752383,25.090790636298347],[121.51403824939275,25.090379532889656],[121.51414639792951,25.089799123432314],[121.51415897727497,25.089717124656477],[121.51354228535665,25.08929114483581],[121.51300647591202,25.088932531281003],[121.5129662447544,25.08919383082527],[121.51286955016438,25.08955301928772],[121.51275397648305,25.08977008531449],[121.51255418431869,25.09036660891297],[121.5124267688267,25.09071461840041],[121.51229920993002,25.091028774085757],[121.51209482092875,25.091417673858942],[121.51167825931702,25.09211424499604]],[[121.51105837463024,25.095741011532258],[121.51099066584932,25.09577509872807],[121.51090321376036,25.095829566265774],[121.51084572903918,25.095863618188606],[121.51082313096266,25.095868209867028],[121.51078813050148,25.095870587316412],[121.51075789115872,25.09590003153187],[121.51073573565479,25.095936218576608],[121.51070545840435,25.09595663490962],[121.5106831606549,25.095958968571104],[121.51066793191671,25.09594773649901],[121.51065387609125,25.095920701999987],[121.51065158409146,25.095891369790902],[121.51065133760935,25.095832690441146],[121.5106626398753,25.095794283713072],[121.51067986668025,25.095764884312413],[121.51070731761108,25.09573544971271],[121.51076734726526,25.095717187596403],[121.51079733363906,25.09570128583577],[121.51082970375349,25.09566280655577],[121.5108723264254,25.09563106275519],[121.51090328965446,25.095626442263544],[121.51093737955476,25.09562858178832],[121.51096254152932,25.09564429363829],[121.51100289427487,25.09566221008895],[121.51104037325487,25.095659824054696],[121.51106547832597,25.09566199450022],[121.51107299943675,25.095682280962322],[121.51107311327955,25.095709363733373],[121.51105837463024,25.095741011532258]]],[[[121.51119809023395,25.09625284899937],[121.51117617821484,25.09627323660345],[121.51112535770088,25.096271154796025],[121.5110890168504,25.096323188697014],[121.51112420723959,25.096365948573396],[121.51118756311487,25.096401840703958],[121.51128251153426,25.096435367046343],[121.51154596608073,25.09645928485561],[121.5117056582624,25.096490330811122],[121.5118744494247,25.096548428040975],[121.51204304494588,25.09663360860584],[121.51218580165042,25.096689538465537],[121.51245380755098,25.096837568744462],[121.51305488407806,25.097133403179022],[121.51315005745063,25.097146615546556],[121.51337220866718,25.096633529610358],[121.51317331637952,25.096564253555194],[121.5130695686818,25.09650141899938],[121.51297007293067,25.096418257540126],[121.51288785549669,25.09639145892058],[121.51271675683141,25.09637399505708],[121.5123956751424,25.096350278351828],[121.51213630153775,25.096265411594327],[121.51201086682138,25.096202651265774],[121.51184210074935,25.0960768470916],[121.5117233018938,25.09597118253277],[121.51168355909338,25.095951007504116],[121.5116600030731,25.095948831851455],[121.51159560745546,25.095960338453256],[121.5114980928698,25.09605320767235],[121.51140352093287,25.09603547850823],[121.51131577810523,25.09609446038017],[121.51119784342086,25.096194170435638],[121.51119809023395,25.09625284899937]]],[[[121.508676360132,25.093061202166943],[121.50871600905208,25.093133287796977],[121.50875628709777,25.093207628187358],[121.50876396826402,25.093266281998872],[121.50876117231239,25.09333851337087],[121.50873176981723,25.09341986382722],[121.50866011108918,25.09354649796349],[121.50858523129497,25.0936438030233],[121.50851204207596,25.093774956187442],[121.50842908786124,25.09386777500871],[121.50833338375689,25.093949352873437],[121.50826792858122,25.09400374374788],[121.50824167886977,25.094024146163044],[121.50821324154542,25.094040042217507],[121.50822253765378,25.094114489011176],[121.50825500264604,25.094098579139278],[121.50835593609457,25.09400795567144],[121.50844391363252,25.093930918169356],[121.50855064839304,25.093819962277767],[121.50863475677649,25.09370682704997],[121.50870313983101,25.093611801203235],[121.50876649958202,25.09350099405808],[121.50882022653866,25.0933834491722],[121.50885417231986,25.09327725685644],[121.50889299009549,25.093150735419933],[121.50890248857405,25.09305139785113],[121.50891176224557,25.092972373426885],[121.50890624029772,25.09291145527097],[121.50888663684742,25.092891210235354],[121.50884513090602,25.092893609733398],[121.50879839586474,25.092905054900697],[121.50875440194142,25.092905205987428],[121.50870521668529,25.092923430330384],[121.50868087338772,25.09295511094328],[121.50866615327652,25.09299127237143],[121.508676360132,25.093061202166943]]],[[[121.49495514064438,25.109055330189584],[121.49481704892776,25.109159613402163],[121.49472281253894,25.109227638124946],[121.49450288877472,25.109325424802286],[121.4943178524432,25.109391496883653],[121.49413833000769,25.109441751613154],[121.49407237398424,25.109453257432705],[121.4940060899524,25.10946025043311],[121.49388021203555,25.10944261671774],[121.49379796176302,25.10940903814387],[121.49372440773955,25.109303208222393],[121.4937121799197,25.109190402029657],[121.49369929803623,25.108991834190352],[121.49372049935808,25.10886988823227],[121.4937258632147,25.108662231482313],[121.49370583829423,25.10838243760818],[121.4936862210878,25.108204204817298],[121.4936538090413,25.108003445466984],[121.49364731292296,25.107928988104547],[121.49363907538554,25.1078838768406],[121.49368385700113,25.10761515050444],[121.49368147249675,25.107484255770732],[121.49366904376654,25.107398533571242],[121.49361985040707,25.107340017908577],[121.49354478280722,25.107319956974486],[121.49349809959756,25.107320113394152],[121.49349668362713,25.10735885674995],[121.49351766906032,25.10735841585958],[121.49360142181784,25.107380704648378],[121.49363318150488,25.10741896625294],[121.4936420258106,25.107615290692753],[121.49359131145201,25.107872752165566],[121.49358978735427,25.107956264170063],[121.49363581316989,25.108229200090246],[121.49365377753777,25.108536084175917],[121.49366613203013,25.108680487147378],[121.49366652151446,25.108777534396623],[121.4936453997576,25.10899652862567],[121.49365786109199,25.109244750610912],[121.49367199334843,25.10936883513706],[121.49376382943828,25.109474603840827],[121.49384078484667,25.109501429347983],[121.49398398810936,25.109512234211188],[121.49409148430733,25.109505103084373],[121.49442150170923,25.10942951729807],[121.49457255269073,25.109388385525854],[121.49472964653114,25.109308865227696],[121.49486773850205,25.109204582130896],[121.49496802674895,25.109100425837944],[121.49518776794197,25.1089575000389],[121.49536972339348,25.10881921475634],[121.49553356858571,25.10880060832628],[121.4955775656586,25.108808567277574],[121.49558088459445,25.10876526773117],[121.49553340489443,25.10875998381646],[121.4954261920782,25.108760344293447],[121.49531940729108,25.108790043568607],[121.49520622436015,25.108846847623315],[121.4950997210891,25.108946511123],[121.49495514064438,25.109055330189584]]],[[[121.49272644421653,25.10755516176243],[121.49270166186349,25.107634237595484],[121.49268490595765,25.107736310919048],[121.4927350243921,25.107746006166984],[121.49273884263334,25.107710849227427],[121.49281447420944,25.10748490208983],[121.49288336510185,25.107432761928706],[121.49306416064793,25.107391531877333],[121.49326205265784,25.107363785991165],[121.49343727625792,25.107360104844126],[121.49343024873158,25.10732040175757],[121.49326715738755,25.107323143929897],[121.49313086425865,25.107334885016584],[121.49306396164572,25.1073418798185],[121.49287702322617,25.107396672085045],[121.49277780220578,25.107457941483847],[121.49273533074074,25.107530305683582],[121.49272644421653,25.10755516176243]]],[[[121.4923726477241,25.108811203468246],[121.49234791907104,25.108903820621247],[121.49221066491937,25.109217993692074],[121.49213551830432,25.109333348534925],[121.49204799201377,25.109529994443747],[121.4919857919221,25.109706244245032],[121.49197124263816,25.109787543042774],[121.49197529434433,25.109871036707126],[121.49198404453533,25.110044792728285],[121.49197504580192,25.110119302141623],[121.49196271058362,25.11021187829424],[121.49194237398737,25.110240540177045],[121.4919812511515,25.11027428865282],[121.49203193169684,25.110164251302102],[121.49204387590805,25.110051363883876],[121.49203093165256,25.109913733075636],[121.49201891702667,25.10977609916313],[121.49208594883419,25.109568235889125],[121.4922110622307,25.109317297693725],[121.49238590315927,25.10894883250869],[121.49242926248101,25.108788444893055],[121.49253466821011,25.10833670455951],[121.49271971657768,25.107886954603035],[121.49272887573355,25.107802620676416],[121.49267578053066,25.107791900955277],[121.49266385113864,25.107864572032838],[121.49262464074518,25.107977550196072],[121.4925150591731,25.108237464732714],[121.49247144719645,25.108334658946],[121.49244070213763,25.108472435055475],[121.49239254772222,25.108673463641274],[121.4923726477241,25.108811203468246]]],[[[121.49216659370354,25.110829602353565],[121.49214797106362,25.110899629997093],[121.49208547311864,25.111001401387416],[121.49198510792345,25.11108750044405],[121.49192234853082,25.111123821050665],[121.4918029910122,25.111187413822446],[121.49169592912904,25.111226139034233],[121.49162052793703,25.11127830030434],[121.49149497272207,25.11134191346384],[121.49132528587812,25.111450812550302],[121.49116197110908,25.11152583595308],[121.4911052917638,25.111532795581372],[121.49094170702752,25.11154011115479],[121.49088501867251,25.111544813778547],[121.4908222318678,25.111574363082156],[121.4907406154016,25.11162203040234],[121.49070303612869,25.111678579067757],[121.49061652055316,25.112130256438316],[121.49056719307234,25.112349344440453],[121.49050675417722,25.112662275000762],[121.49055340697464,25.112675758774884],[121.49065448641191,25.112170755293313],[121.49075980497526,25.111694188952132],[121.49079707435462,25.11163764130429],[121.49087904600923,25.111601257378823],[121.49114334783306,25.11159586340661],[121.49139476885038,25.11146863661109],[121.4915641457874,25.11135973847536],[121.49200261377736,25.11112581019156],[121.4921484486899,25.11101924680191],[121.49219054930543,25.110931085180255],[121.49222200616362,25.110815875661896],[121.49223769572139,25.110709746577818],[121.49218467558343,25.1106241594462],[121.49206453476235,25.110491400372847],[121.4919695655486,25.110376612829732],[121.4919577443532,25.110330042122943],[121.49190790092395,25.11028912560093],[121.49189368757592,25.110309157504187],[121.49191943901589,25.110394835706355],[121.49195408658358,25.110457914712704],[121.49205861671221,25.110561385603923],[121.49214700680857,25.110658139460693],[121.49218508113856,25.110725720890688],[121.49216659370354,25.110829602353565]]],[[[121.4887096324655,25.112305854831924],[121.48857964475653,25.112267917085553],[121.48849432314614,25.112241116129177],[121.48824354877875,25.11221937651339],[121.48789331512158,25.112200222276112],[121.48782712786482,25.112232038408813],[121.48787799121557,25.112243155020806],[121.48823069504152,25.112260044163175],[121.48845477595913,25.11227058739637],[121.48863814182567,25.112328661076567],[121.48910431582419,25.112437707314047],[121.48978138243712,25.11259119121597],[121.4899209590293,25.11262458212953],[121.49033912345436,25.112738297624155],[121.49049850525003,25.1127648513158],[121.49054078122221,25.11272848707378],[121.49047959701936,25.112709607499216],[121.49047445650783,25.11271753532928],[121.49035106477685,25.112702146763304],[121.48984510828231,25.112563896300585],[121.4895979079498,25.1125060359733],[121.48900425101478,25.112365816521642],[121.4887096324655,25.112305854831924]]]]}},{"type":"Feature","properties":{"河流":"基隆河","縣市":"臺北市","行政區":"北投區","區域":"臺北市北投區"},"geometry":{"type":"MultiPolygon","coordinates":[[[[121.46530237963917,25.112780887184858],[121.46541011818974,25.112755722591103],[121.46567332644288,25.112626248831344],[121.46577383606218,25.112574022755634],[121.46588065331781,25.112551117661273],[121.46601916140713,25.11255068289045],[121.46609476845751,25.11255044528329],[121.4664093551261,25.11248625998292],[121.46654788261037,25.112490337983676],[121.46668637605283,25.1124853880062],[121.46676813831833,25.11247384560105],[121.46691689466151,25.11239663945461],[121.46699456894744,25.112369310887196],[121.46716464303445,25.112357490004303],[121.46734077801295,25.112309538007974],[121.4674684969743,25.112241425619995],[121.46747900683962,25.1122346215097],[121.46754810697954,25.11223440356216],[121.46763050300117,25.112308624235325],[121.4676938692956,25.112349050086703],[121.46778162975238,25.11236682904655],[121.46786964889048,25.112371065210983],[121.46794547825564,25.112429507506253],[121.4680083786723,25.112510560455814],[121.46809424593638,25.112519317249212],[121.46824818995076,25.11250303208281],[121.46825301967961,25.112469162018407],[121.4682226185758,25.112460230109527],[121.46810979294852,25.11245155853116],[121.46805334598561,25.112438194867924],[121.46797850592198,25.112395548419844],[121.46791998639799,25.112325766559355],[121.467939706868,25.112296363465653],[121.46802047950032,25.112269024596486],[121.46810209629618,25.11221911314611],[121.46810200236045,25.11219428658197],[121.46807059489097,25.11216504492841],[121.46795745715234,25.112237625752485],[121.4677875454732,25.11229232978392],[121.46771377171127,25.1122857916293],[121.4676687216709,25.112254335946663],[121.46762105624143,25.11218677669373],[121.46761397475566,25.112116832409036],[121.4676271283767,25.11207165115454],[121.46766792826993,25.11204443858025],[121.46776761965714,25.112021554139737],[121.46790527081221,25.11195792403775],[121.46806942505955,25.11185584134343],[121.468199863545,25.11176966388831],[121.46826289657699,25.111722068052902],[121.46832603208233,25.11170155571658],[121.46852229821872,25.1116512818085],[121.46856580104954,25.11160149059321],[121.4687169293472,25.111578442951288],[121.4687870889382,25.111530824376615],[121.46882594364995,25.111481047791983],[121.46887511793457,25.111456065413396],[121.46891938570636,25.111444640459784],[121.46895563978688,25.111444525777355],[121.46899346885657,25.111451177063035],[121.4690043739924,25.1114669414682],[121.46905387342655,25.111527723490852],[121.46911064529304,25.11162685124851],[121.46911283827923,25.1117148667772],[121.46912035715276,25.11189991586119],[121.46914622147429,25.111938202771118],[121.46919061780912,25.111960632114357],[121.46921943528162,25.111960540896764],[121.46922829295548,25.1119266580655],[121.46917862891915,25.111904245406286],[121.46914876202842,25.11187274212876],[121.4691448553351,25.11182310079488],[121.46916227795691,25.111759850037412],[121.46916904532321,25.111665035194275],[121.46914781190321,25.111622219655366],[121.46909976755553,25.111536606214788],[121.46905178318308,25.111466791469354],[121.46905695673506,25.111441948248245],[121.46910988355405,25.11142598186785],[121.46919476913541,25.11142119925463],[121.46934592275483,25.11140492186991],[121.46959754930198,25.111408638970413],[121.46964185982688,25.11140849859995],[121.46968216783162,25.111415141854913],[121.46981845522554,25.111482419561632],[121.47019115758256,25.11179044487237],[121.47026673791356,25.11186468562414],[121.47036151281603,25.11193435145531],[121.47039748208525,25.11202225972416],[121.47048485554372,25.11201972544],[121.47058915853746,25.112150299450274],[121.47068920094831,25.112301199760886],[121.47078533620568,25.112402458742114],[121.47089317781361,25.112485624586096],[121.47098614596706,25.11256883760555],[121.47114358457966,25.11273760974302],[121.47120757227398,25.112859282825564],[121.47121935541321,25.113024005021234],[121.47123007971724,25.11323612722666],[121.47125258825689,25.113287966040943],[121.47131722211395,25.11333515649671],[121.47142055553647,25.11337319549748],[121.4715563308581,25.113386304062214],[121.4717258563684,25.11339253378797],[121.47186451532743,25.11343045963658],[121.47199714063615,25.113511287235234],[121.4721298695449,25.113619198100015],[121.47224312800456,25.113659461677695],[121.4723438623171,25.113665910524386],[121.47250771568174,25.113647330645627],[121.47267119871893,25.11361295293933],[121.47267291989306,25.11357683579394],[121.47250539132006,25.113606712476855],[121.4723483379523,25.113620756640287],[121.47223642242525,25.113607572597978],[121.47211345457613,25.113540256281986],[121.47201467408884,25.113477376513128],[121.47187616986255,25.113398824683312],[121.47172941984093,25.113351896750263],[121.47162550963907,25.113325144729906],[121.47146990262176,25.113312099505347],[121.4713917290279,25.113289779133325],[121.47132873914929,25.11326741027517],[121.47129317298905,25.11320432821752],[121.47126493218008,25.11303063061516],[121.47125168563372,25.112888482933382],[121.47125755620065,25.112802698856893],[121.4713017557747,25.112773217122424],[121.47139774659249,25.112754855096735],[121.47137690788844,25.112734608723766],[121.47120136682507,25.112694542835257],[121.4708985061913,25.112420155117558],[121.47078639581477,25.112273807271272],[121.47068945195996,25.112122897192336],[121.47053643991825,25.11197667899222],[121.47027076802517,25.111702169915503],[121.47000094796532,25.111477327111825],[121.46993775403283,25.111400789946277],[121.46993110112366,25.111362442281767],[121.46995635559178,25.111321736484538],[121.47004433968978,25.111316943568383],[121.47014819545079,25.111330156148448],[121.47033882162665,25.111345350368392],[121.47052316471371,25.11133799443372],[121.47064274629018,25.111330843886414],[121.47085044079564,25.111352754209427],[121.47097683891569,25.111426833179692],[121.47104016279096,25.111537223908506],[121.47105567292084,25.11162293990026],[121.47112393819016,25.111647549242324],[121.47121042543853,25.111656301595314],[121.47135557216669,25.11168969373176],[121.47147537871666,25.111741222370664],[121.47157024104546,25.11183345612688],[121.4716709909672,25.111844419667726],[121.47173385098952,25.11183293421639],[121.4719160355303,25.111746587571684],[121.47196179248783,25.11171935775925],[121.47205450303224,25.111734860672588],[121.47209902943861,25.11179114301651],[121.47210562316224,25.11189494304454],[121.47207451643204,25.112025947216047],[121.47206858618183,25.112095932535574],[121.47210662273872,25.112156749529902],[121.47216975005098,25.11221522938572],[121.47224559927314,25.11227818251789],[121.47229628073252,25.112404411428358],[121.47237208703476,25.11245607969918],[121.47242892240251,25.112489752727843],[121.47252360496132,25.112534589625486],[121.47262451085916,25.112586177480424],[121.4727190468747,25.112592646073868],[121.47283256260893,25.11261936667853],[121.47291448034576,25.112648445275415],[121.47300899052047,25.11264814282411],[121.47305903392396,25.112607357080346],[121.4731598105508,25.112625090287818],[121.47320418233802,25.112640747054165],[121.47322695717193,25.11260004857249],[121.47336150957268,25.112617673487136],[121.47341773293702,25.112572353906383],[121.47349298661531,25.11247957688425],[121.47355544910543,25.112364271084115],[121.47358690872827,25.11232580173173],[121.47364354549579,25.112307564472385],[121.47371268940981,25.112318627772567],[121.47371946474833,25.112388572243354],[121.47371979338804,25.112474336188857],[121.47377674158912,25.112537348913424],[121.473852186846,25.11257547559653],[121.4739278208859,25.112582004006548],[121.47402870146625,25.11262681993624],[121.47410439613941,25.11264914685773],[121.47421772174889,25.112626213559018],[121.47433091740784,25.11256942603059],[121.47448146849345,25.11247640699135],[121.4745634537804,25.11244228922666],[121.47468297646809,25.11241933573259],[121.47477754711534,25.112434830782885],[121.47487184260073,25.11245935452859],[121.474954038228,25.1125606540297],[121.47502387391884,25.11267102105683],[121.47509374444354,25.112790415784296],[121.47517607932782,25.112927826112077],[121.47525818876905,25.113006555921718],[121.4753463047679,25.113035613061076],[121.47542839703598,25.11310982885878],[121.4755229770189,25.113127580236856],[121.47562398895192,25.113206248929377],[121.47573760147814,25.11325779336366],[121.47585110113378,25.113279997506318],[121.47595803269519,25.113286423959245],[121.47611540517423,25.113274631755292],[121.47621633714142,25.113251736604408],[121.47630414128002,25.113199543211103],[121.47635440712412,25.113136186068],[121.47636647147505,25.113050382527177],[121.47641042999942,25.11303895588796],[121.47647994606652,25.113065815145717],[121.47654278945832,25.113049813601343],[121.47664338515371,25.11302014839776],[121.4767880749733,25.112933916704193],[121.4769261004562,25.112807081106734],[121.47698898720371,25.112802364072536],[121.47708969584681,25.11280203875076],[121.47725328250326,25.112794739283302],[121.4774105234429,25.112749091821343],[121.47754255119514,25.11267418525817],[121.47763077758246,25.11265133034642],[121.47773783187839,25.112689352396877],[121.47782621094754,25.112786115730678],[121.47797425150405,25.11276532402331],[121.47808732880574,25.112758187119553],[121.47821351683002,25.112775834218713],[121.47832051026049,25.11279805729224],[121.47849078769485,25.11283813090626],[121.47876821628066,25.112941051737334],[121.4790266030559,25.11300792245313],[121.47918414995775,25.113041265617234],[121.47932273337183,25.113058871473545],[121.47949305531476,25.11311022845131],[121.47961908300756,25.113166243001576],[121.47979555887578,25.113206294829595],[121.47992152543277,25.11324651061051],[121.48012340240737,25.11328422249448],[121.48036294102849,25.113364693643078],[121.48118230277348,25.11361480326239],[121.48167387573255,25.113721532606245],[121.48209646206831,25.1138578261785],[121.48233588809532,25.113908953412345],[121.48249966074243,25.113949042969814],[121.48267620013188,25.114004889238164],[121.4829981053498,25.114148281065987],[121.48307346793024,25.11408483921584],[121.4831741773898,25.114084509405437],[121.48331200033837,25.11414499606517],[121.48339624144656,25.114212429079434],[121.48357891716434,25.11425245580338],[121.48412737877914,25.114404130730883],[121.48461307859502,25.114592121267293],[121.48495373096144,25.114773816171812],[121.48509786849198,25.114863620958385],[121.48513827665369,25.114895085616883],[121.48517550627336,25.11490624801573],[121.48521400200927,25.11492417714141],[121.48524378571814,25.11493310704579],[121.48526151080867,25.11494884751042],[121.48528789474203,25.11496004555572],[121.48532476130893,25.11495766730992],[121.48535797142775,25.114971099852532],[121.48537662617348,25.114986837244494],[121.48538622351172,25.114984548700694],[121.4856035460964,25.11508765397366],[121.48592754717738,25.115210720238295],[121.48646422420582,25.115357910737146],[121.48683279660384,25.115467285787346],[121.48716678603093,25.115529377852486],[121.48740630704522,25.115603066204603],[121.48750084709317,25.11560952459582],[121.48765831056743,25.11562028878613],[121.48778667212015,25.11563791995824],[121.48793825685733,25.115650960251738],[121.48802381937408,25.115659704968547],[121.48818141682557,25.11570432257463],[121.48833890726138,25.115721856816506],[121.48853417631054,25.115732494851564],[121.48881751387815,25.115758639446447],[121.48915770272443,25.115820706271013],[121.48938089700803,25.115840278366573],[121.48953551830384,25.115837508188136],[121.48981283424621,25.11582981644154],[121.49001423845904,25.115824633407133],[121.49054766861585,25.115698727256152],[121.49061927224437,25.115937726478556],[121.49072531532374,25.116317112189282],[121.49079456136295,25.116298947872036],[121.49061173299398,25.11567820152491],[121.49081941099465,25.115614315686702],[121.49159277808444,25.11535444768371],[121.49181929549228,25.11527469925886],[121.4922717763835,25.115054265407977],[121.49263601220905,25.114852180524203],[121.49295653590605,25.114645726901166],[121.49311980881528,25.11455941694025],[121.49324987043407,25.114459676099763],[121.49340865114661,25.11433501258625],[121.4936720553822,25.114103921925075],[121.49396089490587,25.11387951675297],[121.49409266015381,25.113741401393085],[121.49414247098413,25.11364418557518],[121.49422397951253,25.113569433080105],[121.49443135367568,25.113431064036934],[121.49458847136533,25.11335605787946],[121.49478960918938,25.11328541780615],[121.49498329167874,25.11321028854592],[121.49524570417903,25.11304239311862],[121.49529089138831,25.113028699671506],[121.495310259303,25.112990266398796],[121.49535693237789,25.112960769251885],[121.49540019681977,25.112931283535964],[121.49543750108332,25.112883762179546],[121.49547482346048,25.112840754661388],[121.49551440563779,25.112820309097284],[121.49556888894494,25.112806584326577],[121.49561006582735,25.112797418156273],[121.49563763549205,25.112795068564775],[121.49574448870496,25.112704431238704],[121.49605163315438,25.112409994092303],[121.4961582046476,25.11224939159644],[121.49630201614632,25.112025468824555],[121.49635206206871,25.1119101955115],[121.49641483992586,25.11180165017316],[121.49651489320182,25.111715548843918],[121.49658375010856,25.111577642462844],[121.49670262421766,25.111394428331252],[121.49676531970924,25.111265570403706],[121.49685909308356,25.111159177271468],[121.49699090033741,25.110802133283837],[121.49708322503699,25.110567098085575],[121.49717015476966,25.110223746872666],[121.49723858204985,25.110056500903877],[121.49727580352585,25.109911929803108],[121.49735023713691,25.109620530599038],[121.49745607408656,25.109356109747456],[121.4975492587537,25.109028537629744],[121.49762976584908,25.10870777911012],[121.49769195480074,25.10845479086184],[121.49785375302147,25.10800736848205],[121.49793427682268,25.10769112361091],[121.4979901037548,25.10747426789099],[121.49808673907125,25.10646959917178],[121.4981293213789,25.106119628174177],[121.49813541682997,25.106018044874315],[121.498160350616,25.105977335498817],[121.49820783989746,25.105920751213127],[121.49828585059736,25.105902431826802],[121.49834591703775,25.105890943938117],[121.49835328039691,25.105872863443707],[121.498342316471,25.105843560192493],[121.49818521008648,25.10584183452229],[121.4981535041207,25.105817115283852],[121.49815746966405,25.105266406351213],[121.49818140601532,25.104979693062518],[121.49814243704493,25.104693194868723],[121.4981296938158,25.10460747465901],[121.49810845947077,25.104034286524822],[121.49806970234397,25.10379969694248],[121.49799234474655,25.10336888500568],[121.49796673271086,25.103242583551904],[121.49797877771526,25.103156779532974],[121.49803517695501,25.103082110219248],[121.49808525974179,25.10297812215677],[121.49810970526134,25.10281779752707],[121.4981028561364,25.102657578704118],[121.4980895921042,25.10251995086168],[121.49812678715277,25.102370867753407],[121.4982015995619,25.102176518821427],[121.49819490905458,25.10213140285757],[121.49816969212453,25.10210214805444],[121.49812545521584,25.102043617481236],[121.49813074273395,25.101820163572896],[121.498092482423,25.101707446470453],[121.49807317779495,25.101608206842798],[121.49807931714228,25.101517908897282],[121.49809151801962,25.10147047211744],[121.4981416091961,25.101368740887892],[121.49817865680606,25.10118354734884],[121.49820247709955,25.100869753525608],[121.49823920287601,25.10060556848647],[121.49825567031942,25.100009684656353],[121.4983794909063,25.09952628421849],[121.4984731978949,25.099331871802793],[121.49860481533305,25.0991644141458],[121.4986729488007,25.098929463589435],[121.49875447359416,25.098787001531814],[121.49873107897615,25.098748713027046],[121.49866278596916,25.098717347230192],[121.49861211668662,25.09867689407379],[121.4985672235611,25.098609338275757],[121.49852538270468,25.098530487516058],[121.49848678789563,25.098487736531535],[121.49838866802679,25.09843615916207],[121.49832619763681,25.098388975022146],[121.49829900227233,25.09833038696185],[121.49827516900218,25.098260502906683],[121.49812200252397,25.098082723674477],[121.49810071263434,25.098028629446464],[121.49811776829564,25.097956350227477],[121.49841333438803,25.09773489994597],[121.49815424800012,25.097822993000023],[121.49792889600009,25.097918529000026],[121.49757267100006,25.098069544000055],[121.4973306830001,25.09821562600007],[121.4972771460001,25.098342368000026],[121.49717855000004,25.09854163300002],[121.49715238500005,25.098626121000045],[121.497107259,25.098939756000046],[121.49704910000003,25.09930767900005],[121.49697166400006,25.09982638300005],[121.49693442500005,25.100453471000034],[121.49694903700005,25.100791015000027],[121.49708101400007,25.102683890000037],[121.4970973610001,25.103244306000075],[121.49712102700005,25.103954119000033],[121.49711511700004,25.105071026000076],[121.49708809200003,25.10611227500004],[121.49704797500011,25.106980954000043],[121.4969993650001,25.107329897000056],[121.49682525100003,25.108758143000045],[121.49682182400012,25.108786255000037],[121.4968191800001,25.108796930000043],[121.4967315900001,25.109150497000034],[121.49645216100011,25.110264315000048],[121.49624556100004,25.110712349000035],[121.49589892300004,25.111577864000026],[121.49587779,25.11161311800003],[121.49544349900009,25.11233759400005],[121.49524447100009,25.112596047000064],[121.49506722900003,25.11276707100006],[121.49497934500005,25.11282435500004],[121.4947926840001,25.112946024000053],[121.49469309200005,25.11301094000004],[121.4939530050001,25.113460753000027],[121.49338754300005,25.113803825000048],[121.49268921800002,25.11427623200007],[121.49237927500009,25.114473163000067],[121.49207157600006,25.114656163000063],[121.49169719500003,25.114839378000053],[121.49148088600009,25.11494623800007],[121.49118119100001,25.115045801000065],[121.49070650700003,25.115161102000055],[121.4904233940001,25.115237859000043],[121.48996517000013,25.115300033000036],[121.48971137600006,25.115313696000044],[121.489365119,25.115332334000072],[121.48904839400006,25.115340963000044],[121.48858978000008,25.115304568000052],[121.48823119500004,25.115267831000036],[121.48766666100006,25.115139509000073],[121.48709090500006,25.114989759000018],[121.48669862200006,25.11486214600006],[121.48621441000013,25.114674175000058],[121.48614489400008,25.114650723000064],[121.48588054100003,25.11456153500006],[121.48517957700004,25.114366696000044],[121.48396118700009,25.11401430800003],[121.483240023,25.113828158000047],[121.48215383800004,25.113496080000058],[121.48179318800011,25.113403623000064],[121.48142598500012,25.113281919000034],[121.480962169,25.113131277000033],[121.48053061000007,25.113003926000026],[121.47988021700007,25.112853876000038],[121.47922336900002,25.112698002000062],[121.47790936400008,25.112383947000065],[121.47740880000003,25.112216791000037],[121.47707342700005,25.11211941900006],[121.47639217800008,25.11187315800004],[121.4759841980001,25.111703069000043],[121.47534708500007,25.111437446000032],[121.47529562300008,25.111415991000055],[121.47528749800004,25.111412604000073],[121.47489105300008,25.111280432000058],[121.474540079,25.111145612000033],[121.47415308800011,25.11102496200004],[121.47353391900003,25.110834753000066],[121.4731264950001,25.110761059000026],[121.47269339500008,25.110710891000057],[121.4723221380001,25.11066051600005],[121.47163669100007,25.110658032000053],[121.47148383500007,25.11067116700008],[121.4712399880001,25.110692120000063],[121.47067381400007,25.11072007500007],[121.4706171250001,25.110720265000058],[121.47055526400004,25.110715776000063],[121.47022536000009,25.110698079000034],[121.46988015900001,25.110722621000036],[121.46943719500008,25.110789680000035],[121.46931359900007,25.11081350700004],[121.46908180800006,25.11084707500004],[121.46893240600002,25.11086161500003],[121.4686132170001,25.110951715000056],[121.468000822,25.111188074000037],[121.46726509000008,25.11151858500006],[121.46688590300006,25.111695755000028],[121.46660829400001,25.111879473000045],[121.4661147060001,25.112190466000072],[121.46565729900011,25.11252946400003],[121.4652923020001,25.11277440500003],[121.46525539421481,25.112801074109328],[121.46530237963917,25.112780887184858]]],[[[121.49871727328808,25.097721859804537],[121.49875418432488,25.09780749798589],[121.49888058581685,25.097956027110158],[121.49889135104125,25.098012413738346],[121.49884453349513,25.098080279888567],[121.49883585309456,25.09815478771968],[121.49889214035159,25.098280984859574],[121.49890131026744,25.098326092268653],[121.4989253799404,25.09837792000126],[121.49901781644951,25.098479168531156],[121.4990266396501,25.09851524940964],[121.49901782076107,25.098555903873645],[121.49894122194486,25.098614843222315],[121.49892927694857,25.098648737501772],[121.49895326357563,25.09868025319942],[121.49900072377753,25.09869363402658],[121.49910610029984,25.098625569491123],[121.4992319442506,25.098561949399905],[121.4993135741694,25.098521048246564],[121.49941417790855,25.098498138126722],[121.49951473534311,25.09846394349329],[121.49974133970237,25.09841577989404],[121.4998292400275,25.098392912587606],[121.49998039276362,25.098381115256686],[121.50003697197508,25.098351583330807],[121.50009353262251,25.098317537608978],[121.50023892682582,25.098186142815695],[121.5007376640051,25.09801066653032],[121.50080997965735,25.09796528264231],[121.50093180722845,25.097829453837697],[121.50098116129492,25.097700641858005],[121.50100726503297,25.097644130233466],[121.50106758041002,25.097619099261802],[121.50118154336246,25.09760517059992],[121.50123872919494,25.097647857748512],[121.50122922325237,25.09774719446079],[121.50124908048006,25.097753897741168],[121.50129184078222,25.097679274126122],[121.50134025843735,25.09769942184445],[121.50144006202669,25.097708110285502],[121.5016228947686,25.097639781122737],[121.5018846667837,25.09762986305636],[121.5020520912089,25.097581898066355],[121.50221410868522,25.09750009754207],[121.50244922782248,25.097413534053036],[121.50280026345752,25.09726112458899],[121.50309952617732,25.097176598405674],[121.50320693527455,25.09715140599399],[121.5033630625889,25.097144102617715],[121.50347199095927,25.09718661231736],[121.50356050783462,25.09723821926974],[121.5036357113393,25.09729212853171],[121.5036918937248,25.097316762791802],[121.50373647223134,25.097307582916812],[121.5037339281918,25.09729179319359],[121.50364216346176,25.0972040867863],[121.50363983588925,25.097165727162626],[121.50374259736755,25.09714055023663],[121.50400149535311,25.097110326082586],[121.50413041477928,25.097042178137837],[121.50443665937475,25.097072728150593],[121.50459565917689,25.09708572589866],[121.5046230553815,25.09711722899982],[121.50462316767855,25.097144311592974],[121.50456415821222,25.097185137890975],[121.50405954327763,25.097286167162306],[121.50403452163002,25.097304307976948],[121.50404390071823,25.09732458817019],[121.50407706213375,25.0973267317792],[121.50458041919227,25.09722119291209],[121.5046848803796,25.097157641979056],[121.50468375433805,25.097110250622396],[121.50465252783381,25.097051677658477],[121.50466604811824,25.09702454843245],[121.50495543077776,25.09702355824599],[121.50502894514733,25.097043618839546],[121.50511273082705,25.097074928799987],[121.50516499868804,25.09705218069523],[121.5052277164665,25.09700908456037],[121.50557838004819,25.096992084893866],[121.50622762856455,25.096953755960385],[121.50693707555006,25.09686331025963],[121.50755640783187,25.096709976685432],[121.50807808655125,25.0965434342592],[121.50838280254999,25.096431800570645],[121.50853264479191,25.096404203473494],[121.50854610718021,25.096363532973516],[121.50863414299349,25.096300037440958],[121.50873753012073,25.096277113445286],[121.50884112311316,25.096229362729456],[121.50892507422445,25.096152339665736],[121.50899786208528,25.09607309801321],[121.50903425399113,25.096042060091065],[121.50902035300008,25.09603090200005],[121.50897078300012,25.095991116000047],[121.50880735900012,25.095914250000074],[121.50877052700002,25.095896926000023],[121.5085654400001,25.095835497000053],[121.50850950900008,25.09581874500003],[121.50837909800009,25.095803375000056],[121.508239869,25.095818738000045],[121.50813170200001,25.095852152000074],[121.50802725300004,25.095879677000028],[121.507860316,25.095935166000057],[121.50785712600009,25.095936226000045],[121.5077587490001,25.095968925000022],[121.50745008600005,25.09609945400007],[121.5073264130001,25.09613683700007],[121.5069726810001,25.09624375700002],[121.50662276900006,25.09630796200002],[121.50635072600005,25.09635787700006],[121.50633634400003,25.09636051600006],[121.50629353900003,25.096368370000047],[121.50576351900008,25.096431317000054],[121.50533791900011,25.096459935000045],[121.50491225900011,25.096474965000027],[121.5044790500001,25.096469632000037],[121.50423258400008,25.096470469000046],[121.5038069220001,25.096485487000052],[121.50357539400011,25.09648627400003],[121.50324668700013,25.096466994000025],[121.50259246900008,25.09640840200007],[121.50212946300009,25.096423558000026],[121.50162922600009,25.09646600600007],[121.50095756700013,25.09659736100007],[121.50074006600005,25.096653958000044],[121.50072323600011,25.096658336000072],[121.50069999600011,25.096664383000068],[121.50066659100003,25.09667307600006],[121.50042811700007,25.09680297400007],[121.50016737500005,25.096966924000075],[121.49991418200011,25.097151230000062],[121.49946699400006,25.09738373800008],[121.49916127200004,25.097507071000052],[121.49871217382668,25.097636396779635],[121.49871727328808,25.097721859804537]]],[[[121.49128242552713,25.11803900215772],[121.49141529567149,25.11817623389121],[121.49152841842249,25.118257107412116],[121.4916936965569,25.1182836400853],[121.49180066682023,25.118375818677425],[121.49187366649727,25.118497450880714],[121.49191467159423,25.118677871429615],[121.49191529213603,25.11883360040401],[121.49189005693871,25.118955561006405],[121.4918794176338,25.119007506821422],[121.49199489896125,25.119835430366706],[121.49202414172626,25.119941410539838],[121.49207771811288,25.120087935074682],[121.49210938617763,25.120180365329492],[121.49213566122866,25.12039694700706],[121.49216150050569,25.120581932535405],[121.49214298390973,25.120679044047925],[121.49204923988768,25.120873456073586],[121.49201191851672,25.120995456902005],[121.4920061704176,25.121108324614177],[121.49200080014278,25.121315983847815],[121.49200687566034,25.121407016577244],[121.49206522843023,25.1214033397989],[121.49205751110011,25.121315794870252],[121.49204947880061,25.121011130525087],[121.4921929308796,25.12069241935808],[121.49221180622824,25.120529854455807],[121.49215951178041,25.12008314840924],[121.49208343911765,25.119968296503007],[121.4920573122283,25.11971108884366],[121.491954699608,25.11923520995732],[121.49194857702493,25.1190208180677],[121.49196289899889,25.11895983207751],[121.49197684810662,25.118883048524545],[121.49198442444312,25.11884014079598],[121.4919711114356,25.118609974067727],[121.49193904396118,25.11849497592229],[121.49184384423386,25.118323764752617],[121.49173039332607,25.118238378659324],[121.49157288042383,25.11821633406168],[121.49141499905687,25.118101755347016],[121.49118694864357,25.117797825838103],[121.49113220647163,25.11766936162282],[121.4911168783262,25.11763330136117],[121.49093150015351,25.11691620641912],[121.49081594632689,25.11637943542958],[121.49081321850045,25.116366769256558],[121.49074404100807,25.116384105973943],[121.49074721542844,25.116395462903423],[121.49076607758042,25.116463108812034],[121.49090063277852,25.117024643023854],[121.4910604251524,25.11761994755539],[121.49109877916554,25.117757494179273],[121.49117474637083,25.11792425598333],[121.49128242552713,25.11803900215772]]],[[[121.49211884336718,25.12255241064694],[121.49213182820802,25.122622333486525],[121.49215694805969,25.122626763738843],[121.49217541992647,25.12251836758403],[121.49214853622749,25.122071576881464],[121.4921165846901,25.12198591844726],[121.49209791769617,25.121774163265336],[121.49203164891681,25.121778205869212],[121.49204100963047,25.121918461126636],[121.4920539273789,25.12204932240301],[121.49207326304376,25.122157592588206],[121.49210525959103,25.122254535736605],[121.49211209646211,25.122414757897314],[121.49211884336718,25.12255241064694]]],[[[121.49207980138407,25.121568654116995],[121.49201790528089,25.121572278871987],[121.49202216926722,25.121636168159803],[121.49208542332033,25.121632428734376],[121.49207980138407,25.121568654116995]]]]}},{"type":"Feature","properties":{"河流":"基隆河","縣市":"臺北市","行政區":"南港區","區域":"臺北市南港區"},"geometry":{"type":"MultiPolygon","coordinates":[[[[121.62149708900007,25.060525846000075],[121.62155640200001,25.06046387400005],[121.62159173000009,25.060413369000056],[121.62165482400009,25.060335328000054],[121.621677524,25.060264156000077],[121.62175449900008,25.06017807700005],[121.6218529020001,25.059994435000082],[121.62192860000005,25.05985327300004],[121.62197401900006,25.05977292400007],[121.621997985,25.059714385000063],[121.62204970700009,25.059615683000057],[121.6220686260001,25.05957092400007],[121.62211278100006,25.05947910700007],[121.6221518760001,25.059355143000065],[121.62218213800008,25.059249550000057],[121.62221996700008,25.05912214500006],[121.62223888400003,25.059062461000053],[121.62226536700007,25.058983265000048],[121.62230447400009,25.05890522800007],[121.62233979200005,25.058816841000063],[121.6223927750001,25.05871010500004],[121.62244070400006,25.058591902000046],[121.62250756000005,25.058439230000033],[121.62254288900012,25.05838758700003],[121.62260976100005,25.058293460000073],[121.62264129500011,25.05822115900003],[121.62271068400004,25.058099496000064],[121.6227775540001,25.058000786000036],[121.6228179220001,25.057921592000074],[121.62290372100006,25.057794202000025],[121.6230286340001,25.05763006300003],[121.623072782,25.05754742800008],[121.62311315700002,25.05748659900007],[121.62318507600003,25.05739477100007],[121.62324943200008,25.057320173000047],[121.62332134500002,25.057209983000057],[121.62346140300008,25.05703667300002],[121.62354342000003,25.056944840000025],[121.62359767300006,25.05687139500003],[121.62364688000002,25.05680597100007],[121.62371123200012,25.056721027000037],[121.62374781100004,25.056648722000027],[121.62379196600013,25.056571825000052],[121.62389290200008,25.056430648000067],[121.62401023500001,25.056255048000025],[121.62406700699998,25.05616324100004],[121.62410359000013,25.056097795000024],[121.62415405100012,25.055997951000045],[121.62419946500005,25.05591761000006],[121.62422973500007,25.055851036000032],[121.62425924100013,25.055755541000057],[121.62426378200009,25.055740842000034],[121.62427888600008,25.05561919200005],[121.62426495900002,25.05548146400002],[121.62426404500002,25.05547947200006],[121.62423518430154,25.055416533338434],[121.62422051111419,25.055433326189643],[121.62421619734586,25.0554419645035],[121.62421596227229,25.055438295928912],[121.62421435149263,25.055440123366058],[121.62420916717788,25.055455944679917],[121.62417758995727,25.055519275662014],[121.62412215326104,25.05558045021687],[121.62409126461417,25.05565732064576],[121.62405118652819,25.055693602691726],[121.62401863566627,25.055808850174795],[121.62392478620438,25.055989810942613],[121.62381551817214,25.056123438316565],[121.6237248788823,25.056266015316123],[121.62359512452807,25.056451641254082],[121.62345291189533,25.056623777158293],[121.62306387112534,25.05704297193384],[121.62292009665819,25.057212856708382],[121.62274803695307,25.05754536866049],[121.62249211195402,25.057952716020125],[121.62235627380974,25.058160936704816],[121.62209349870977,25.058683421925405],[121.62174207234692,25.05937555814457],[121.62147018150652,25.05993419314434],[121.6212891182822,25.060264483617313],[121.62109950786132,25.060558696796658],[121.62087977254883,25.060837236673198],[121.62075176233073,25.06100253873513],[121.62051348741554,25.061290184047273],[121.62041963818588,25.061473399101615],[121.6203199847981,25.061550556684402],[121.6202516488965,25.06157341359477],[121.62013162077604,25.061786079907517],[121.62006351372725,25.06185407693741],[121.61996887332425,25.061881558011883],[121.61990593997474,25.061931476838282],[121.61983740850616,25.06197690496182],[121.61981161997586,25.062022154100806],[121.61955370247594,25.06222411192656],[121.61919800204461,25.062505476931314],[121.6189985452518,25.062630450285404],[121.6187870199413,25.06275773088038],[121.61841044038674,25.062953413196265],[121.61807107454678,25.063097026595344],[121.6178534227953,25.063176933092112],[121.61716149839911,25.063367157931456],[121.61653904279336,25.06357514605637],[121.61605747080547,25.063712575956057],[121.61580294667313,25.06379037566571],[121.6144778935727,25.064163785537065],[121.61415706115518,25.06423734577563],[121.6137970887336,25.064288497610967],[121.61349911284319,25.064287479045067],[121.6133359166281,25.06429492819963],[121.61308835971691,25.06428015711852],[121.6129673939927,25.0642468038041],[121.6128088376748,25.064191036044907],[121.61272059116106,25.06413497634868],[121.61254284705323,25.063896467754002],[121.6124535789477,25.06369821820882],[121.61235743410202,25.063425514675167],[121.61216919086641,25.062968760921507],[121.61194379195976,25.063174731846946],[121.61206981200007,25.063386845000025],[121.61223013900006,25.06369928300006],[121.61235017800004,25.063891475000048],[121.61256325300008,25.064167564000062],[121.61269621900011,25.06429946300005],[121.6129350340001,25.064430946000076],[121.6133059120001,25.064513698000038],[121.61384854800008,25.064547576000052],[121.61425851400008,25.064509743000027],[121.614261639,25.064508917000072],[121.6148134760001,25.06436292700005],[121.61535508700003,25.064192079000062],[121.61580426300009,25.064057739000077],[121.61614003800001,25.063933874000046],[121.61613136500011,25.063919564000063],[121.6161570800001,25.063908181000045],[121.61633379000011,25.06382670100003],[121.6164764250001,25.063787678000036],[121.61663041900012,25.063733737000064],[121.61679703300001,25.063668325000034],[121.61692199400011,25.06362242300003],[121.61702550100007,25.063601752000064],[121.617105024,25.063583401000066],[121.61717949700005,25.06355929400007],[121.61723503300004,25.063539789000057],[121.61733727300009,25.063492724000067],[121.6175000950001,25.06341239500005],[121.6176187440001,25.063359593000026],[121.61775506200003,25.063312553000056],[121.61778646002595,25.0633008207175],[121.61782446081158,25.063286621227537],[121.61782574600011,25.063286141000045],[121.617916626,25.063256303000056],[121.61798857900011,25.063236802000066],[121.61806684100009,25.063220733000033],[121.61822967300009,25.063188600000046],[121.618318431716,25.06315073727728],[121.618331914,25.063144986000054],[121.61851745600008,25.06307038400007],[121.61867649200008,25.06299692900006],[121.6187202105606,25.06297116944382],[121.61883426000009,25.062903970000033],[121.6189115041722,25.062866186854304],[121.61900086700008,25.062822476000065],[121.61914600900003,25.062722636000046],[121.619296199,25.062618187000048],[121.6193933730001,25.062532099000066],[121.61954103900007,25.062429954000038],[121.61958594445042,25.062393829454173],[121.6197051060001,25.06229796900004],[121.61981563657874,25.062211387565785],[121.61987800600002,25.06216253200006],[121.6200496460001,25.062024799000028],[121.62005798483416,25.062017439110363],[121.6201371454415,25.061947571628934],[121.620221279,25.06187331500007],[121.62033700378996,25.061766315027505],[121.62044969600002,25.061662119000065],[121.62057100285581,25.06154837230693],[121.62077529200009,25.06135681500007],[121.62100369900008,25.061110058000057],[121.62109582100004,25.061015936000043],[121.6211727980001,25.06093674600003],[121.62120433900007,25.060885099000078],[121.62129268000001,25.06080589100003],[121.62141886500001,25.060647508000045],[121.62149708900007,25.060525846000075]]],[[[121.61111405896702,25.061609232572113],[121.61092553670467,25.06138205150872],[121.61079330630986,25.061262975407782],[121.61058205702618,25.061074257730095],[121.60984205598606,25.060504027976627],[121.60970997397285,25.060414291920523],[121.60917582607986,25.06012985313856],[121.60894038882645,25.060058599382838],[121.60881804480755,25.05999590691848],[121.60874424159434,25.059978155013248],[121.60858679144917,25.059956233948984],[121.6084902106178,25.05990472018537],[121.6082544535224,25.059831209602365],[121.60750796189781,25.05963340747637],[121.60699227283216,25.05950913491665],[121.60622159410933,25.059304655599433],[121.60560730562733,25.059158213870884],[121.6048073772129,25.059050900169577],[121.60457147930786,25.058948043609877],[121.60361375569397,25.058812029741855],[121.60285356972084,25.058724857089857],[121.6022920922358,25.05867298181551],[121.60135406315007,25.058636182025992],[121.60122380403254,25.058663797334134],[121.60085457442757,25.058656273559937],[121.60048132954736,25.058651022240806],[121.60024412946576,25.058597818803317],[121.59968160231126,25.058584307379043],[121.59953713977423,25.0585578105974],[121.59863366993574,25.058496029322473],[121.59750172284765,25.058773724127953],[121.59652101280983,25.05907111155898],[121.59576678215366,25.05938337635821],[121.59527786965478,25.059798391265023],[121.5944663031243,25.05997546076912],[121.59381671128105,25.05988066058358],[121.593745284625,25.059908005705733],[121.59403238000003,25.05998812500008],[121.5944983600001,25.060038606000035],[121.59507934300008,25.060007161000044],[121.59566944900007,25.05990722300004],[121.59621157200002,25.059759020000055],[121.59640037100009,25.059688927000025],[121.59720499600007,25.059390203000074],[121.59787124500008,25.059128463000036],[121.59825195900011,25.05900949000005],[121.5986862110001,25.05892620900005],[121.59898168000005,25.05889472000007],[121.5992691780001,25.058902414000038],[121.60009604400011,25.058964267000082],[121.60057411900004,25.05900115300005],[121.60104358300009,25.059022536000047],[121.60149820700008,25.059052501000053],[121.6017094340001,25.059066423000047],[121.6022728460001,25.059102958000032],[121.60292166900003,25.059154673000023],[121.6036899600001,25.05920589600004],[121.60421935000011,25.059265876000037],[121.60474878100003,25.059333603000024],[121.604937919,25.059366708000027],[121.6049637860001,25.059371236000057],[121.60531249700013,25.059432266000044],[121.60567125400006,25.05950069700003],[121.60633595500008,25.059661263000066],[121.6067802020001,25.059760407000052],[121.60679825800004,25.059764863000055],[121.60702798600006,25.059821544000037],[121.60727148600007,25.05985035200007],[121.60747200500008,25.05987407400005],[121.60787331700008,25.059919025000056],[121.60805267900002,25.05994935600006],[121.60815527400008,25.059987763000034],[121.60823560300003,25.06002268000003],[121.60840179000002,25.06010244000003],[121.60856091300002,25.06017402800006],[121.60859473200003,25.06018806800006],[121.60862094800008,25.060198950000032],[121.60907797100005,25.06038866300002],[121.60944931700011,25.060567761000076],[121.60963502100003,25.06066333700005],[121.60992722600007,25.060890924000038],[121.61012652000011,25.061058692000074],[121.61049865000007,25.06139434100004],[121.61067148600013,25.06156222100003],[121.61082969200004,25.06175240200002],[121.61099093500002,25.06194623700003],[121.611243993,25.06228238200004],[121.61135061700008,25.062438486000076],[121.61150992500006,25.062546212000033],[121.61176292600008,25.062870303000068],[121.61182661121738,25.062977496142448],[121.61207124387477,25.062742289230915],[121.61202182840096,25.062650483149614],[121.61188904229063,25.062420815089965],[121.61178312518149,25.062299373696444],[121.61162506115289,25.06215557786472],[121.6115081297049,25.062061266455803],[121.6112434070025,25.06177120418098],[121.61111405896702,25.061609232572113]]],[[[121.59363690023694,25.05985004541105],[121.59306676929194,25.059617720371822],[121.59249880854293,25.059313050030784],[121.59237592511481,25.059200692771228],[121.59233147721866,25.059103819099604],[121.59231587350948,25.05905127082371],[121.59225628772774,25.059155193089797],[121.59247145400003,25.059312358000053],[121.592999694,25.05962168800005],[121.59341848000007,25.059816804000032],[121.59359552489924,25.059866212210487],[121.59363690023694,25.05985004541105]]],[[[121.59210553245096,25.05849307143371],[121.59210168536839,25.05846600248184],[121.5920824284064,25.05845479474981],[121.5917905205071,25.0582957188771],[121.59146710885994,25.05802617423829],[121.59108615041524,25.05770494809082],[121.59093837189634,25.05756786212719],[121.59050321046664,25.057052746863462],[121.58988128739558,25.056472924562673],[121.58936468361824,25.05602358430598],[121.58874062132637,25.05551147332821],[121.58839268384126,25.055291672638823],[121.58736306293994,25.054747316326488],[121.58687247536162,25.054487451832962],[121.58631228962743,25.054180464102462],[121.58594990642212,25.05404648128383],[121.58535305248093,25.053843459659934],[121.58471181668997,25.053685752481563],[121.5842968204573,25.0535587447548],[121.58404682346274,25.05348073786639],[121.58381829258782,25.053422959102008],[121.58336634688584,25.053275781474095],[121.58311023335175,25.053232023010615],[121.58310388781011,25.05324747752462],[121.58298525569282,25.053589568344233],[121.58298804200001,25.05359024200005],[121.58323548200008,25.05363231600006],[121.58345333400008,25.053646545000046],[121.58374365300006,25.053684232000027],[121.58415373100001,25.053783578000036],[121.5844872350001,25.053929836000073],[121.58487197500006,25.054083654000067],[121.58527367200008,25.054214104000042],[121.585444562,25.054260032000062],[121.58573514200009,25.054352090000062],[121.58606000300007,25.054475070000017],[121.58664164600009,25.054760150000046],[121.58705229000009,25.054976002000046],[121.58737799200003,25.05515488500004],[121.58741442700013,25.055174896000036],[121.58759988000008,25.055276749000026],[121.5879934960001,25.055500430000055],[121.58840286300007,25.05579768700005],[121.58853999500002,25.055921413000082],[121.58891699600007,25.05623837000007],[121.58925975400007,25.056532163000043],[121.58958525800006,25.056787181000065],[121.58994945600011,25.057082233000077],[121.59000504800008,25.057127269000038],[121.59026252000001,25.057383383000055],[121.59033946300008,25.057459920000042],[121.59037521800008,25.05749397100004],[121.59080241000005,25.057900808000056],[121.59086387700006,25.057969875000023],[121.59095356500006,25.05803408600007],[121.5912832780001,25.05835687500008],[121.59148415800007,25.058527152000067],[121.59192417800011,25.058912608000067],[121.59202316471284,25.05898491152715],[121.59216453194988,25.05874068681613],[121.59208074971785,25.05868501910057],[121.59204856594884,25.058626465609866],[121.59203222138242,25.058576876559965],[121.59207140359786,25.058545120499122],[121.59209544215281,25.05852019643756],[121.59210553245096,25.05849307143371]]],[[[121.58131454693735,25.052757987721456],[121.58117428287528,25.052765311627336],[121.58105389535244,25.05265293303268],[121.58100529544788,25.05252672923232],[121.58093686277755,25.052463801150388],[121.58086753173461,25.052473102430135],[121.58081341870071,25.05249137198625],[121.58079253966224,25.05252982418707],[121.58079285873261,25.052597534670948],[121.58075950643489,25.05261797951713],[121.58070544650111,25.052647534115625],[121.58065130147658,25.05265903256557],[121.5806010762687,25.05264794498602],[121.58050051956667,25.05260319961316],[121.58043388008653,25.052592176576038],[121.58032945526243,25.052646756864373],[121.5802836722118,25.05265822228048],[121.58023340452449,25.052638106510727],[121.58020411170875,25.0525998517525],[121.58017419043836,25.052493887714668],[121.58012573854897,25.052464736531714],[121.58008223131199,25.052433308828064],[121.58011912108299,25.052309025540453],[121.58013841863945,25.052228987634813],[121.57999093922075,25.052194676640053],[121.57998631500004,25.05223944700003],[121.57996874600009,25.05240953200007],[121.5799552430001,25.05254251200006],[121.57994616500004,25.052615442000043],[121.57992874200012,25.052915674000072],[121.58002448300012,25.052934618000045],[121.58032172900005,25.052992571000058],[121.58068401800006,25.053067170000077],[121.5807866670001,25.05309194700004],[121.58092278400011,25.05312480200007],[121.58094713800007,25.053130681000027],[121.58126935300004,25.053208459000075],[121.58177092500013,25.05329940000008],[121.58219833700004,25.053407521000057],[121.58264427200004,25.053507127000042],[121.58278081355624,25.053540139447396],[121.58288613450564,25.053202076287764],[121.58268609589882,25.053183673902627],[121.58258216340181,25.053145714467078],[121.58238467927156,25.053038155583124],[121.58214549191607,25.052953331603323],[121.58187543029003,25.052888942551032],[121.58160529436157,25.052808753892055],[121.58131454693735,25.052757987721456]]],[[[121.58023971329753,25.04950755740037],[121.58028520758216,25.049435153638687],[121.5800695417468,25.04943114654097],[121.58007026300004,25.049462031000076],[121.58007180400013,25.049528160000023],[121.58007393300012,25.049619302000053],[121.58005748200003,25.049668719000067],[121.58005535400002,25.04967511500007],[121.58002278600007,25.049760998000064],[121.57995921200006,25.04985381300003],[121.57981150100012,25.050069463000057],[121.57976006900003,25.050151143000047],[121.57969923600001,25.050237146000033],[121.57968487892585,25.050287008940078],[121.57980553416722,25.05032524003978],[121.5798089452397,25.050301466641397],[121.57992195596134,25.050097890286942],[121.58015430748236,25.049850960981622],[121.58019495325442,25.049801146574598],[121.58021565050501,25.0497243263481],[121.5802042464768,25.049604748955463],[121.58023971329753,25.04950755740037]]],[[[121.5801566545988,25.052145818821757],[121.58016823047329,25.052083126555793],[121.5801755192886,25.051855134993346],[121.58016598857294,25.051606896054537],[121.58015922269198,25.0514506632355],[121.5800155114712,25.05144752635281],[121.58003076700004,25.051577412000025],[121.58002250000004,25.05182186900003],[121.58001795300004,25.05185619600007],[121.580013687,25.051950535000056],[121.580004711,25.052044914000074],[121.57999925618329,25.052107754288315],[121.5801566545988,25.052145818821757]]],[[[121.5797888555787,25.05044148102556],[121.57978888749409,25.0504412585922],[121.5796717802308,25.050408676482842],[121.57967204500007,25.05046451600003],[121.57967599700008,25.05047777300007],[121.57969119300002,25.05052876500002],[121.57972938400009,25.050635814000028],[121.57975791000003,25.050691443000062],[121.57979123000007,25.050764204000075],[121.57983874100012,25.050849775000078],[121.57987210100009,25.050931122000065],[121.57994355100006,25.05109806700005],[121.57999128600012,25.05123080800007],[121.5800010910001,25.051312241000062],[121.58000914591565,25.05139085262752],[121.58015687096297,25.05139635870613],[121.58015660664884,25.05139025534057],[121.58012213900739,25.051173713281518],[121.5800543832031,25.05099115799404],[121.57990303328037,25.050682536042174],[121.57981467683183,25.050531660441735],[121.5797888555787,25.05044148102556]]]]}},{"type":"Feature","properties":{"河流":"基隆河","縣市":"臺北市","行政區":"內湖區","區域":"臺北市內湖區"},"geometry":{"type":"MultiPolygon","coordinates":[[[[121.61175188483926,25.063350096963745],[121.6120421718589,25.063993339960227],[121.6121027391294,25.064151081465006],[121.61209424683311,25.064187229269432],[121.61207137155763,25.064196352254978],[121.61204284220251,25.06418969941599],[121.61198708436196,25.064126733514325],[121.61190055029766,25.06404132478699],[121.61183843459804,25.064007726671235],[121.61171968269645,25.06398339136323],[121.61151550061469,25.06397069503607],[121.61142269301781,25.063993649792586],[121.61134255601162,25.064072977923093],[121.6112874338808,25.064199600184683],[121.61125407180437,25.06434193157696],[121.61124533697759,25.064391622528916],[121.61124020647304,25.06441872819937],[121.61126496277419,25.06441411163476],[121.61131877859016,25.064273952588362],[121.6114573376569,25.064108615158062],[121.6115438831299,25.064072144108092],[121.6116544131447,25.06406265807533],[121.6117421466766,25.064078093824538],[121.61186388900082,25.064143043392964],[121.61196898465654,25.064223861133165],[121.61207414234748,25.064255023734866],[121.61224184394237,25.064281412846334],[121.61241947485514,25.064497351752],[121.61255334879947,25.06463447570664],[121.61263220206452,25.064670261155392],[121.6127532410135,25.064656216664282],[121.612990719115,25.064761311745016],[121.61322797186504,25.064821266639278],[121.61341490078794,25.06485208873531],[121.6135547047266,25.064874078270503],[121.61381335700281,25.06487751735794],[121.61428105157223,25.064812375285545],[121.61495422249207,25.064647069140285],[121.61583206597979,25.0643454871155],[121.61609503448352,25.06428345179463],[121.61626805147944,25.06425790350839],[121.6162924978331,25.064253287559396],[121.61629251129662,25.064253282356667],[121.61629249834708,25.064253253920675],[121.61629248539751,25.064253225484673],[121.6162924306188,25.06425310519562],[121.61631147341433,25.06425046386787],[121.61630107500002,25.06423185900007],[121.61626571400005,25.064169876000047],[121.6161836130001,25.06400574400004],[121.61614003800001,25.063933874000046],[121.61580426300009,25.064057739000077],[121.61535508700003,25.064192079000062],[121.6148134760001,25.06436292700005],[121.614261639,25.064508917000072],[121.61425851400008,25.064509743000027],[121.61384854800008,25.064547576000052],[121.6133059120001,25.064513698000038],[121.6129350340001,25.064430946000076],[121.61269621900011,25.06429946300005],[121.61256325300008,25.064167564000062],[121.61235017800004,25.063891475000048],[121.61223013900006,25.06369928300006],[121.61206981200007,25.063386845000025],[121.61194379195976,25.063174731846946],[121.61175188483926,25.063350096963745]]],[[[121.59367429544673,25.059935183297206],[121.59265140954908,25.060267383806078],[121.59276814571506,25.06037728941986],[121.59371446306137,25.06071654798996],[121.5943190744305,25.06078407779535],[121.5951501283735,25.060728810948955],[121.59573459368463,25.06053685747411],[121.59637496187032,25.060121227597566],[121.59686576575771,25.059904820949622],[121.5979775755869,25.059496301865813],[121.59917812369474,25.059184468913855],[121.59983770156373,25.05921789897719],[121.60024843581846,25.059225256288865],[121.60104782582536,25.059222001205598],[121.60199003060035,25.059288126999334],[121.60274461190552,25.05936855569774],[121.60339855582149,25.059390709454892],[121.60370251473212,25.05941429308782],[121.6041453735477,25.059466648667513],[121.60500292601583,25.059575986939837],[121.60593007685168,25.059730176222114],[121.60717305118476,25.05998914171681],[121.60751710175721,25.06010283505447],[121.60826252632228,25.060334497136786],[121.60839339698286,25.060367813334036],[121.60886304926424,25.06057578149743],[121.60932936868085,25.0608605013851],[121.60963421880575,25.061062376321622],[121.60999995722642,25.06130011187259],[121.61031580878472,25.061533538756585],[121.61046746712589,25.0616976757983],[121.61054894742176,25.06182599028684],[121.61072380212902,25.062107397412195],[121.61103628460195,25.062471745340694],[121.61116875343295,25.062638218193207],[121.61133796787453,25.06278196832719],[121.61148070909171,25.06289648636801],[121.61165561183493,25.063141906118087],[121.61182661121738,25.062977496142448],[121.61176292600008,25.062870303000068],[121.61150992500006,25.062546212000033],[121.61135061700008,25.062438486000076],[121.611243993,25.06228238200004],[121.61099093500002,25.06194623700003],[121.61082969200004,25.06175240200002],[121.61067148600013,25.06156222100003],[121.61049865000007,25.06139434100004],[121.61012652000011,25.061058692000074],[121.60992722600007,25.060890924000038],[121.60963502100003,25.06066333700005],[121.60944931700011,25.060567761000076],[121.60907797100005,25.06038866300002],[121.60862094800008,25.060198950000032],[121.60859473200003,25.06018806800006],[121.60856091300002,25.06017402800006],[121.60840179000002,25.06010244000003],[121.60823560300003,25.06002268000003],[121.60815527400008,25.059987763000034],[121.60805267900002,25.05994935600006],[121.60787331700008,25.059919025000056],[121.60747200500008,25.05987407400005],[121.60727148600007,25.05985035200007],[121.60702798600006,25.059821544000037],[121.60679825800004,25.059764863000055],[121.6067802020001,25.059760407000052],[121.60633595500008,25.059661263000066],[121.60567125400006,25.05950069700003],[121.60531249700013,25.059432266000044],[121.6049637860001,25.059371236000057],[121.604937919,25.059366708000027],[121.60474878100003,25.059333603000024],[121.60421935000011,25.059265876000037],[121.6036899600001,25.05920589600004],[121.60292166900003,25.059154673000023],[121.6022728460001,25.059102958000032],[121.6017094340001,25.059066423000047],[121.60149820700008,25.059052501000053],[121.60104358300009,25.059022536000047],[121.60057411900004,25.05900115300005],[121.60009604400011,25.058964267000082],[121.5992691780001,25.058902414000038],[121.59898168000005,25.05889472000007],[121.5986862110001,25.05892620900005],[121.59825195900011,25.05900949000005],[121.59787124500008,25.059128463000036],[121.59720499600007,25.059390203000074],[121.59640037100009,25.059688927000025],[121.59621157200002,25.059759020000055],[121.59566944900007,25.05990722300004],[121.59507934300008,25.060007161000044],[121.5944983600001,25.060038606000035],[121.59403238000003,25.05998812500008],[121.593745284625,25.059908005705733],[121.59367429544673,25.059935183297206]]],[[[121.59202575817025,25.059678336159738],[121.59258214801184,25.060202174816503],[121.59349721392648,25.05990462570181],[121.59359552489924,25.059866212210487],[121.59341848000007,25.059816804000032],[121.592999694,25.05962168800005],[121.59247145400003,25.059312358000053],[121.59225628772774,25.059155193089797],[121.59198964536019,25.059620235838622],[121.59202575817025,25.059678336159738]]],[[[121.58287274792502,25.053913997025973],[121.58306870752685,25.053994702497377],[121.58327674494666,25.05410673280925],[121.5842527403117,25.05438725916845],[121.58526643135792,25.054712769798584],[121.58576213059307,25.054875566238447],[121.58628474682354,25.05509693680008],[121.58724683341043,25.05563705431258],[121.58800792740685,25.056049315682785],[121.58826945228746,25.056204007920986],[121.58853110766836,25.056385783587213],[121.58882841771893,25.056639641516334],[121.58939662893563,25.057129404638886],[121.58978284096885,25.0575138127236],[121.59007557658796,25.057781227037218],[121.59024114480023,25.05788212997023],[121.59050157396752,25.058000708555358],[121.59072293470571,25.058239066332806],[121.59097314849035,25.0585517901188],[121.59117307456648,25.05877669100795],[121.59155589358804,25.05909790935992],[121.5917214799096,25.059266521564805],[121.59180772431961,25.059357102236255],[121.59202316471284,25.05898491152715],[121.59192417800011,25.058912608000067],[121.59148415800007,25.058527152000067],[121.5912832780001,25.05835687500008],[121.59095356500006,25.05803408600007],[121.59086387700006,25.057969875000023],[121.59080241000005,25.057900808000056],[121.59037521800008,25.05749397100004],[121.59033946300008,25.057459920000042],[121.59026252000001,25.057383383000055],[121.59000504800008,25.057127269000038],[121.58994945600011,25.057082233000077],[121.58958525800006,25.056787181000065],[121.58925975400007,25.056532163000043],[121.58891699600007,25.05623837000007],[121.58853999500002,25.055921413000082],[121.58840286300007,25.05579768700005],[121.5879934960001,25.055500430000055],[121.58759988000008,25.055276749000026],[121.58741442700013,25.055174896000036],[121.58737799200003,25.05515488500004],[121.58705229000009,25.054976002000046],[121.58664164600009,25.054760150000046],[121.58606000300007,25.054475070000017],[121.58573514200009,25.054352090000062],[121.585444562,25.054260032000062],[121.58527367200008,25.054214104000042],[121.58487197500006,25.054083654000067],[121.5844872350001,25.053929836000073],[121.58415373100001,25.053783578000036],[121.58374365300006,25.053684232000027],[121.58345333400008,25.053646545000046],[121.58323548200008,25.05363231600006],[121.58298804200001,25.05359024200005],[121.58298525569282,25.053589568344233],[121.58287274792502,25.053913997025973]]],[[[121.57211760653384,25.051980102058323],[121.57213967600094,25.051958775847663],[121.57226803517734,25.051922164670078],[121.57245374206346,25.051896615769895],[121.57274601857918,25.051877423509012],[121.57305482502997,25.051882993816978],[121.57335993610643,25.051893091939814],[121.57362313814303,25.05194849338054],[121.57391179942066,25.052017337396194],[121.57411685136974,25.05208876370409],[121.57433430231377,25.052162398415526],[121.57451828430668,25.052231649236596],[121.57472012386243,25.052278259781847],[121.57550934526155,25.052494113378557],[121.57651718458925,25.052767792239848],[121.5767846394411,25.05280511607157],[121.577959307174,25.053055563352626],[121.57835579075949,25.05313300583798],[121.57913636004288,25.05328567961347],[121.58017076187735,25.053410266769514],[121.58070530192961,25.053471360811617],[121.58142822876724,25.0535497668845],[121.58199858846804,25.05365359913828],[121.58247111376683,25.053764586741263],[121.58268771333746,25.053838974483426],[121.58278081355624,25.053540139447396],[121.58264427200004,25.053507127000042],[121.58219833700004,25.053407521000057],[121.58177092500013,25.05329940000008],[121.58126935300004,25.053208459000075],[121.58094713800007,25.053130681000027],[121.58092278400011,25.05312480200007],[121.5807866670001,25.05309194700004],[121.58068401800006,25.053067170000077],[121.58032172900005,25.052992571000058],[121.58002448300012,25.052934618000045],[121.57992874200012,25.052915674000072],[121.57980764600006,25.052886801000056],[121.57948563400008,25.052810024000053],[121.57887254200011,25.05268572800003],[121.5782314920001,25.052536197000045],[121.577571884,25.052386735000017],[121.57716316000007,25.05230386100004],[121.57672651599998,25.05220420900002],[121.57655007400002,25.052179553000034],[121.576297951,25.052142945000064],[121.5759835880001,25.052097299000025],[121.5753066530001,25.05198043700005],[121.5748051280001,25.051897932000028],[121.57418304300005,25.051832777000072],[121.57395092200012,25.05180834300005],[121.57373711800007,25.051793917000058],[121.57347747500012,25.051776398000076],[121.57328251600006,25.05176026400005],[121.57302259200004,25.05174437700003],[121.57282774900013,25.051753587000064],[121.5727071450001,25.051762494000055],[121.57261434400004,25.051762863000075],[121.57238253800006,25.051806008000028],[121.5722712930001,25.051831778000057],[121.57204888500009,25.051900220000054],[121.57200508925808,25.05192036498268],[121.57211760653384,25.051980102058323]]],[[[121.57742345395157,25.0730798225966],[121.57739946778612,25.072919668453995],[121.57738087503661,25.072786577351273],[121.57738930550212,25.072669179429024],[121.57740831180132,25.072495314633407],[121.57735773990444,25.072346549728184],[121.57731249601323,25.072276759502785],[121.5772144465492,25.07219070361953],[121.57720783577479,25.072227973305253],[121.57727876452776,25.072283662733888],[121.57732211800045,25.07234668932985],[121.57737364037582,25.07249996456489],[121.5773505613788,25.072795724246113],[121.57736993298005,25.072962667558414],[121.57739435801275,25.073084450706894],[121.57742345395157,25.0730798225966]]],[[[121.57677753083027,25.072143433734922],[121.57688623369432,25.07213849410287],[121.576974257271,25.072149434507683],[121.57711493524484,25.072186262267497],[121.5771171712648,25.072173701960622],[121.5771206519309,25.072154046434605],[121.57706618025098,25.07213327536488],[121.57688974905092,25.07209559697862],[121.57677240491863,25.072107341491854],[121.57664649373991,25.07214168964654],[121.57650264644604,25.07224833254802],[121.57641501746025,25.072255446491333],[121.57635394258234,25.072244400334796],[121.57632533900532,25.07222194202281],[121.57630422476451,25.072145285898177],[121.57628876660196,25.07210078373069],[121.5762778694769,25.072153760505103],[121.57629713004498,25.072217538329106],[121.57632363957673,25.072255803987357],[121.57635411230163,25.072280512006444],[121.57641734487635,25.072289292695984],[121.57651456569656,25.072279884190404],[121.57666892346953,25.072168686093242],[121.57677753083027,25.072143433734922]]],[[[121.57617146362891,25.0718952757397],[121.5761375005624,25.071866067257456],[121.57612074199939,25.07185936171729],[121.57609563066545,25.071854945854334],[121.57606806250102,25.071855053636238],[121.57602629863165,25.07186650202046],[121.57600781457207,25.07187200527269],[121.57605879604397,25.07187998208604],[121.57606940754584,25.071877618599608],[121.57609015050825,25.071875280479237],[121.5761165008646,25.0718796914978],[121.57613193356897,25.071891425510454],[121.57615690515603,25.07189533266735],[121.57616117977147,25.071895315952574],[121.57617146362891,25.0718952757397]]],[[[121.57594479104081,25.07195614745882],[121.57591333070452,25.07195130719267],[121.57588747080409,25.07198666688759],[121.57585878018426,25.072011606276806],[121.57582629830202,25.072020761318406],[121.57579005696196,25.072020902952914],[121.5757285559088,25.07198503090872],[121.57566755180393,25.0719134931197],[121.57562114994889,25.071906353955953],[121.57565247521558,25.071944701745842],[121.57570229031666,25.071998675680586],[121.5757390215606,25.07203690155302],[121.57577750537631,25.07205255032958],[121.57582026218074,25.072054640255487],[121.5758651342751,25.07204543678639],[121.57594479104081,25.07195614745882]]],[[[121.57545987739036,25.072620304395862],[121.57555197039257,25.072640257796344],[121.5755742940463,25.072644684614275],[121.57559876480599,25.07264458899051],[121.57561423143737,25.072640014502348],[121.57563180278757,25.07262188964549],[121.57565207717103,25.072585698035077],[121.57563638486728,25.072344257822017],[121.57557260389385,25.07215265998978],[121.57548678557781,25.07201757376985],[121.57534356394648,25.071863645581413],[121.57530078416526,25.07185706358742],[121.5753173018756,25.07187604308142],[121.57549761386426,25.072080728157445],[121.57554415937244,25.072164056232975],[121.5755890053289,25.072281246279186],[121.57561652622421,25.072403018037537],[121.57562131593468,25.07256550503352],[121.57560723667302,25.072601672432242],[121.5755939701259,25.072613009393105],[121.57557851409177,25.0726198408611],[121.5755596401409,25.07262442865929],[121.5755218180768,25.072617805370243],[121.57546070072902,25.0725977309356],[121.57533349939396,25.072555344351787],[121.57506898361123,25.072427726788014],[121.5748190584739,25.072306823098252],[121.57473226330548,25.072293619823455],[121.57467001293072,25.072296119870984],[121.57461196920863,25.072336972930128],[121.57457718889465,25.07238450625129],[121.57457115882278,25.07241415561439],[121.57460524340999,25.072422334156425],[121.57461038570248,25.07239566181041],[121.57463160020698,25.072361723597936],[121.5746819000326,25.072320900761785],[121.57473982441601,25.072320674624848],[121.57481175131305,25.072333935950635],[121.57522406012838,25.072535458533164],[121.57545987739036,25.072620304395862]]],[[[121.57553231646126,25.071797605530094],[121.5755758219049,25.071804412766216],[121.57553947524121,25.071760067194298],[121.5754887310276,25.07170609679614],[121.57543777242945,25.071672440430333],[121.57532219171887,25.071663863626593],[121.57527553530907,25.071688873053873],[121.57526149839718,25.071734068359945],[121.57526273869249,25.07175542475037],[121.5752900969164,25.07175970551151],[121.57528599017678,25.071738486794754],[121.57530009062096,25.071706833391566],[121.57533070335087,25.071695428746942],[121.57541402726794,25.07169510340108],[121.57547052966999,25.071721967050472],[121.57553231646126,25.071797605530094]]],[[[121.5745965374656,25.07274555502674],[121.5746017534398,25.072668795754893],[121.57460034901338,25.072533826272814],[121.57456538372807,25.072525399627143],[121.57456750035487,25.072630559999347],[121.57456082019235,25.07272538120145],[121.57452484302225,25.072781947295276],[121.57446536962138,25.07278217940727],[121.57440448800162,25.07274630455824],[121.57419405302439,25.07259139067627],[121.57404316717118,25.072483185177934],[121.57402493255692,25.072508358004665],[121.5743537089662,25.07275101675151],[121.57443947690827,25.072809364777203],[121.57450176986818,25.072815892751155],[121.57454637493147,25.07281571865762],[121.57456547411476,25.07279307384122],[121.5745965374656,25.07274555502674]]],[[[121.57173162580662,25.074359200066517],[121.57168069873778,25.07433231356205],[121.57183948268262,25.073972829481665],[121.57208482943105,25.07404184389539],[121.57212241432947,25.073931103493816],[121.57189811043798,25.073857493323203],[121.57210606394484,25.073281143309433],[121.57212555633636,25.07314338889748],[121.57215529136414,25.073010108583645],[121.57224034030622,25.07278181798265],[121.572305570741,25.072621315285655],[121.57239757702425,25.072490049835068],[121.57247693159262,25.07243557253899],[121.57262906418424,25.07244400893282],[121.5729130120369,25.072488044670198],[121.57294093717279,25.072495692140016],[121.57294542070221,25.07246650068698],[121.572650194957,25.07239201506101],[121.57255269961517,25.072342739656403],[121.572491308837,25.072263982392972],[121.57246588142739,25.072191856336502],[121.57246822446514,25.071632103902743],[121.57247050431668,25.071058809496776],[121.57247599610035,25.070986512812908],[121.57219806813029,25.071020124646807],[121.57220314500012,25.07111691000006],[121.57219540200002,25.071446387000034],[121.5720953130001,25.07198468000007],[121.57206030200008,25.07221162900003],[121.57205609000003,25.072238931000076],[121.57199621100006,25.07262706800003],[121.57196006900006,25.072838393000037],[121.57188719500003,25.07313433200005],[121.57185275200004,25.073211243000063],[121.57174886200005,25.073437104000053],[121.57169974300007,25.073603787000028],[121.57155734500007,25.073977706000047],[121.57147367700009,25.074196398000023],[121.57145875100004,25.07423541000002],[121.57144224100011,25.074289308000058],[121.57170865400009,25.07435385900004],[121.57176949709174,25.074370140834937],[121.57173162580662,25.074359200066517]]],[[[121.57244272142187,25.070747447401956],[121.57249489730049,25.07073768702891],[121.57250669041619,25.07058243550394],[121.5724908276712,25.07010400683056],[121.57245485032763,25.06982878902921],[121.572419673786,25.069725102384965],[121.57238378727655,25.069535651335222],[121.57232824982307,25.069316935242412],[121.57222220086061,25.068960736514885],[121.57199978791544,25.06842668402632],[121.57172636799822,25.06777997717987],[121.57152342489464,25.067234562774228],[121.571488361643,25.067087991656837],[121.57123741568712,25.06661047404108],[121.57119204192172,25.066511340531317],[121.57112228255613,25.066430357836875],[121.57096683695644,25.066173658663516],[121.57093672466499,25.06609252217293],[121.57086172699144,25.065950619734192],[121.57063192422468,25.065689694287116],[121.57053203725943,25.065590771741185],[121.57039716662044,25.065428787650376],[121.57031214749054,25.06532980736866],[121.57019239598822,25.065221933360185],[121.57007275565361,25.065071175166032],[121.56993249513191,25.064882127035776],[121.56971269111125,25.064639216603016],[121.5695546614098,25.064425408616067],[121.5694398176602,25.064173064027102],[121.56941152688752,25.064065005136097],[121.56941272400003,25.064323063000067],[121.56939615400006,25.064447996000066],[121.56939479200004,25.06445828000005],[121.56942334000007,25.064610220000077],[121.56945181000005,25.06474527700004],[121.56955415200002,25.064962516000037],[121.56984383100007,25.06538376000003],[121.570264628,25.06605791400006],[121.57040486800008,25.066277007000057],[121.57065735000005,25.066681503000037],[121.57074906100001,25.06682722600004],[121.571012676,25.067246091000072],[121.57132124600002,25.067734841000064],[121.57163364000009,25.068415963000064],[121.57169963500007,25.06863533200004],[121.57186910400003,25.069149972000044],[121.5720482910001,25.069757483000046],[121.57210528100008,25.07003602200006],[121.57218276600008,25.07072840400007],[121.57218557351173,25.070781926680933],[121.57244272142187,25.070747447401956]]],[[[121.57163209656602,25.05526732435964],[121.57175405095535,25.05532898348411],[121.57175336671351,25.054601012828545],[121.57176473748456,25.053849374328916],[121.57173718467415,25.053185911422823],[121.57167174215569,25.053032686659773],[121.57163050942238,25.05289065311327],[121.57160943919814,25.052755312433455],[121.57160196462054,25.052613147869952],[121.57159486272529,25.05248452410123],[121.57160783381677,25.05240999142521],[121.57166171747787,25.052342071117277],[121.57175584175408,25.05226948054128],[121.57185716260364,25.052212661261375],[121.57193501020511,25.052149083960924],[121.57176610640722,25.052055622270668],[121.57167869800004,25.052121298000028],[121.57167558000002,25.05212538900002],[121.57166650700003,25.05213729300004],[121.57161413100005,25.052206015000028],[121.57153112000003,25.05231615900004],[121.57144842100001,25.05249387000003],[121.5713749680001,25.052663100000075],[121.57134767600009,25.052781465000063],[121.57132958600006,25.052882910000044],[121.571311497,25.052984346000073],[121.5712754770001,25.053221020000024],[121.57128526800011,25.05333079800005],[121.57128589700004,25.05346594500003],[121.57128629100008,25.05355042900004],[121.57135298100003,25.05392184500004],[121.57136024600003,25.053953374000056],[121.57136569900001,25.05397703700004],[121.57146531100013,25.054409305000032],[121.5715599230001,25.05479751500007],[121.57156967400012,25.054898843000046],[121.57158910200008,25.055084621000045],[121.57159779002991,25.05525034715733],[121.57163209656602,25.05526732435964]]],[[[121.56978383462477,25.062948427415648],[121.57002575075028,25.062550255361796],[121.57041165471544,25.061943878087746],[121.57084499798285,25.060949107051822],[121.57122905217096,25.05974687901444],[121.57158722377396,25.058373199586676],[121.57170213760752,25.05730742172456],[121.57176221464651,25.056171887735125],[121.5717560173902,25.055548264499617],[121.57159254139184,25.05546605292166],[121.57159106700009,25.055506979000025],[121.57159635500012,25.055642574000046],[121.57160160700005,25.055777255000066],[121.57160349400012,25.056182722000077],[121.57159448800007,25.05624189200006],[121.57154138200006,25.056585121000065],[121.57151340300004,25.05676594600004],[121.57147738100002,25.05700260900005],[121.5712049870001,25.058395713000042],[121.57107828200002,25.059088894000066],[121.57101461500008,25.059367905000038],[121.57089596900005,25.059799179000034],[121.57074039500003,25.06027283700007],[121.57059394400005,25.060712675000048],[121.5705055400001,25.060993764000052],[121.5703097080001,25.061616415000056],[121.57014461300004,25.062039416000054],[121.57006206500012,25.062250926000047],[121.56986901000006,25.062648702000043],[121.569712566,25.06293651900006],[121.56968396600007,25.06299620600003],[121.56957468600001,25.06322426600007],[121.56955820789734,25.06327761056392],[121.56978383462477,25.062948427415648]]]]}},{"type":"Feature","properties":{"河流":"基隆河廢河道","縣市":"臺北市","行政區":"士林區","區域":"臺北市士林區"},"geometry":{"type":"MultiPolygon","coordinates":[[[[121.52192657501172,25.08384297788584],[121.52201319113195,25.08388555705641],[121.52207122890704,25.083910180469],[121.52220894166092,25.083948066431713],[121.52254326689268,25.084032659272093],[121.52259656106474,25.084034729263337],[121.52262285477242,25.084025609056496],[121.52265187834078,25.08393071381123],[121.52223013355957,25.083832885851965],[121.52207380430495,25.083788294207913],[121.52187056099339,25.083712268988307],[121.5217697332447,25.083678767463194],[121.52155999427765,25.083605021554416],[121.52141334504982,25.083549470695885],[121.5213865091936,25.083618734640122],[121.52142474055695,25.083634835952235],[121.52167548819723,25.083735522249704],[121.52192657501172,25.08384297788584]]],[[[121.52075117731415,25.08333024241775],[121.52088127954235,25.0833997540452],[121.5209551356394,25.083428836552137],[121.52106132608611,25.08348488973751],[121.52121214606201,25.083545300642182],[121.52132595662641,25.083593232623663],[121.52135233591541,25.08352636032495],[121.52132975124105,25.083517805200895],[121.52117339363161,25.08346644173802],[121.52112895807495,25.083434999416593],[121.5210903699489,25.083394508678545],[121.52104623456668,25.083360808295048],[121.52096927090943,25.083329479716586],[121.52086591702975,25.083284701473325],[121.52077134442412,25.083192495741],[121.52071504042213,25.08313852492631],[121.52062932557699,25.083089170871872],[121.52054660254272,25.08301497945998],[121.52044669699039,25.082935166991465],[121.52033563460147,25.083035740779298],[121.5204261794715,25.083107936900824],[121.52059459812214,25.083226968426892],[121.52075117731415,25.08333024241775]]],[[[121.51963941651188,25.082483245860793],[121.52012744687634,25.08286974142313],[121.52029667689824,25.08300467774246],[121.52040795236444,25.08290255527211],[121.52028916885438,25.082799209149805],[121.52012940558886,25.082675633748327],[121.51988698756783,25.08249366551607],[121.519753982657,25.082397080021693],[121.5196830805253,25.082334131883815],[121.51965369863342,25.082345519662315],[121.51964496526806,25.082404231958495],[121.51963941651188,25.082483245860793]]],[[[121.51827326030119,25.081402389661875],[121.51831465448899,25.081447385705715],[121.51830578602716,25.081474500836485],[121.51828240558189,25.08151295164479],[121.51829426409873,25.081533223463712],[121.51846864232729,25.08167029356029],[121.51860196516118,25.081769137392925],[121.51864015583605,25.08178931734761],[121.51867844459491,25.081759842544262],[121.51871355845286,25.081712322655658],[121.51868081888634,25.081662782463443],[121.51864533935998,25.081624536917854],[121.51862463348965,25.081563669647952],[121.5185741494522,25.081493878174296],[121.51852084851227,25.081417325460528],[121.51846727632602,25.081349801754413],[121.51841719843284,25.081302579013364],[121.51838190182777,25.081307216131453],[121.51831583798342,25.081361614905163],[121.51827326030119,25.081402389661875]]]]}},{"type":"Feature","properties":{"河流":"外雙溪","縣市":"臺北市","行政區":"士林區","區域":"臺北市士林區"},"geometry":{"type":"MultiPolygon","coordinates":[[[[121.56103627815938,25.111814707235695],[121.56102232429126,25.111812503315626],[121.56101328674788,25.11180125276913],[121.56094065712722,25.111909864094446],[121.56070389664649,25.112107121550807],[121.56042817587516,25.112254872987524],[121.56026785571208,25.11229610755648],[121.56006151131115,25.11230140428662],[121.55992499854814,25.11226355324602],[121.55968660506,25.112171920677437],[121.55940973860902,25.112001439130996],[121.55923748007878,25.11187118664472],[121.55919574033585,25.11184001719778],[121.55915166624251,25.11187449726729],[121.55925181536577,25.111956897648113],[121.55945424360682,25.112111862625948],[121.55972937536379,25.112241725004633],[121.56004034796555,25.112348881161658],[121.56024459575028,25.112359391373246],[121.56041449059461,25.11231134952194],[121.56062655667539,25.11220220870927],[121.56079214382656,25.112093244253206],[121.56106840022555,25.111859724732142],[121.56106740859063,25.111846186607618],[121.56106334942737,25.11183943109655],[121.56105061429236,25.111832708579044],[121.5610456152182,25.11182369965927],[121.56103627815938,25.111814707235695]]],[[[121.55839778929669,25.11126723629029],[121.5582572924733,25.11117071733133],[121.55805990868356,25.11096607816748],[121.55786933208309,25.1107591560603],[121.55776152655184,25.110628658435107],[121.55764518052098,25.110459824319673],[121.5575415079458,25.110284171324057],[121.55746321270976,25.110101651509694],[121.55743506893413,25.10995745735062],[121.55733009281293,25.109946564424558],[121.5573340695878,25.109980262081127],[121.55736336854513,25.110086229575728],[121.55745077261183,25.110295798816292],[121.55767476767554,25.1106289861312],[121.5578118843927,25.110799998744113],[121.55810897626476,25.111126138359737],[121.5582616910131,25.111251952015156],[121.55844934766078,25.11136183451638],[121.55864977051199,25.111485210381613],[121.55886619215521,25.111651408083723],[121.55901291492422,25.111760654094894],[121.55905415431079,25.111734286629403],[121.55903600272197,25.111720731752932],[121.55897132599945,25.111671322995427],[121.55872123381263,25.111460113217657],[121.55850467788392,25.111332284504552],[121.55839778929669,25.11126723629029]]],[[[121.55769075289967,25.1090354964011],[121.5578110216733,25.108840941094094],[121.55786816106827,25.10873238978004],[121.55789655632418,25.10863974597618],[121.55788596410699,25.108490824783367],[121.55781565384467,25.10801937989424],[121.55779197072991,25.107746373776173],[121.55766756837144,25.10774684369256],[121.55773812637844,25.10814155014145],[121.55779317395516,25.108527287174955],[121.55774861311623,25.10867641673268],[121.55770804943482,25.108818760212568],[121.5575485197223,25.10910148623948],[121.55744287315208,25.109377237455906],[121.557365393618,25.10964611068811],[121.55733292949024,25.109729741525094],[121.55731569936903,25.109824599754255],[121.55732352726677,25.109890930471998],[121.55742874505674,25.10990283860483],[121.55743579994142,25.109729353178388],[121.55749053539365,25.109501191446807],[121.5575290422246,25.109383683033656],[121.55763923151535,25.10915305437971],[121.55769075289967,25.1090354964011]]],[[[121.55773177824832,25.10483508554315],[121.55771749102273,25.104555273062832],[121.5576709171136,25.10432975027566],[121.55758663581412,25.104124682791934],[121.55748249447281,25.103912919332114],[121.55734774310199,25.10364710374355],[121.55720520360775,25.10343999914321],[121.55704787467604,25.10325100617043],[121.55689680448656,25.103075531388157],[121.55667936880442,25.10288676494579],[121.55655084346859,25.102763115536952],[121.55647226082876,25.102720529171897],[121.55636089746447,25.102691608270717],[121.55619501380212,25.10266514977748],[121.55594093028263,25.102661593249987],[121.55579058959857,25.10264636068003],[121.55571520802744,25.102626331730274],[121.55562549225509,25.102588300858425],[121.5555487178455,25.102534422341687],[121.55546189579061,25.10245124084882],[121.55534594219789,25.102298202525002],[121.55527459157601,25.10221044876464],[121.55517127690544,25.102111530147756],[121.55510780498537,25.102053087261442],[121.5550274998791,25.10197213781529],[121.55497073193031,25.101888842885895],[121.55489025628609,25.10170181590241],[121.55479762277676,25.10156674514549],[121.55469437025296,25.101481367826075],[121.55460347722165,25.101456882502262],[121.55422060055606,25.101406409737784],[121.55369180770212,25.101291030926472],[121.55330658362445,25.101132229694347],[121.55299507560255,25.101036346820667],[121.55290204924559,25.10095093008614],[121.552783128146,25.100757275316855],[121.55269252989336,25.100660564494984],[121.55241449987332,25.100499102832064],[121.55222431486172,25.10037342372335],[121.55196813136578,25.10017802493239],[121.55168984376651,25.09995372999713],[121.55159104008968,25.100031631219185],[121.55159631706552,25.100037225390864],[121.55180720373293,25.10021925223975],[121.55232698107365,25.100535541979998],[121.55250939019088,25.100654479156233],[121.55262754276397,25.10074657296923],[121.55275499627254,25.100908598198757],[121.55280030862922,25.10099419369542],[121.55281961995193,25.10101669116192],[121.55293532505414,25.101115564875325],[121.55327692760576,25.1012203630189],[121.55349912340785,25.101298524396235],[121.55362703900339,25.101356726228364],[121.55408790754078,25.10145656136436],[121.55448735865009,25.1015408269425],[121.55469273293302,25.10159873699047],[121.55479374517502,25.101668323868214],[121.5548396176419,25.101740374887328],[121.55487770037243,25.10187113668249],[121.55494103609031,25.101967948844862],[121.55499118506671,25.102026441870372],[121.55510814255742,25.102127566381707],[121.55518831192282,25.102246884992937],[121.55541223794305,25.1025010813752],[121.55558604599453,25.102703555483536],[121.55566604174125,25.10278450565741],[121.55570922121797,25.102809169873904],[121.55574613235224,25.10281805880663],[121.55587223452969,25.10281758386867],[121.55619550579479,25.102773483150422],[121.55638462710031,25.102799854053945],[121.55651849343069,25.102871572801117],[121.5566394597424,25.10296816693843],[121.55691142438518,25.103224437267297],[121.55714789262287,25.103510182048698],[121.55727228705219,25.10367898643519],[121.5574760565989,25.104064161750657],[121.55755953146831,25.10429631615523],[121.55761458535336,25.104478924173847],[121.5576411739104,25.10473837724734],[121.55765865316296,25.10524387677841],[121.55766224183084,25.106033809397584],[121.55764381220055,25.10647850581034],[121.55764125850592,25.10687123149844],[121.55765364023848,25.10755053830205],[121.55766238516236,25.107683524900704],[121.55778712724025,25.10768704427206],[121.55777179813296,25.107437242565677],[121.55774887457088,25.106961104572193],[121.5577445658486,25.1057400898916],[121.55774197139142,25.10516908144935],[121.55773177824832,25.10483508554315]]],[[[121.55038016885025,25.098231671493142],[121.55024342127479,25.098137388607682],[121.55008078589911,25.097659516494982],[121.55005141544194,25.097535492393867],[121.54994791246484,25.096978405477014],[121.54987513927284,25.096710096754585],[121.54980005594224,25.096410198955276],[121.54969635235987,25.09615329033003],[121.5496082249289,25.09598434563046],[121.5494464126705,25.09568928467807],[121.54927671499628,25.095432621352064],[121.54919787480101,25.09533135100391],[121.54905323225867,25.095203241940762],[121.54892104350992,25.095088628274436],[121.54891495847619,25.09508465710852],[121.54889935147912,25.095253158053072],[121.5489715882412,25.095305109917202],[121.54911628159536,25.09544450376168],[121.54923621039298,25.095588503700842],[121.54940175812978,25.095818098767733],[121.54954274623077,25.096029729144476],[121.54963414384092,25.096237030272437],[121.54972176721519,25.096500769799462],[121.54979682611962,25.09672618753784],[121.54986250369278,25.097001293671617],[121.54994891968629,25.097617125696264],[121.55009527577057,25.098126656298845],[121.55014937727404,25.09816933704912],[121.55030218472602,25.098252275152674],[121.55046430517504,25.098615043423845],[121.55068887392326,25.099015947130617],[121.55081733344129,25.099196025740792],[121.55116140633876,25.099576170033576],[121.55156064006249,25.099999403850873],[121.55165567271663,25.09992512935676],[121.55127655008114,25.099550913232036],[121.55106170403447,25.099314733139092],[121.5507627496277,25.098977302835227],[121.55056208782207,25.098587594899058],[121.55038016885025,25.098231671493142]]],[[[121.55053394703503,25.100806306366827],[121.55057185223401,25.100898700957654],[121.55059152821023,25.101002448408405],[121.55060456035937,25.10114458920808],[121.55057358637856,25.101284637157438],[121.5505303362271,25.101381848355285],[121.55046761730627,25.10149041699797],[121.55034366745747,25.101694006778974],[121.55029895903093,25.10181153607767],[121.55028424348934,25.101915411727617],[121.55028493273919,25.102068883385517],[121.55037681891027,25.102314551066687],[121.55040088780603,25.102499533215834],[121.55040497527156,25.102650735233073],[121.5504066043474,25.102806460358696],[121.55037289189485,25.10295780325356],[121.55028120391334,25.10317030047085],[121.55034893190629,25.103072998207693],[121.5504051857694,25.102973481709355],[121.55044844223907,25.10280856138549],[121.5504664093176,25.102600852804738],[121.55044684020223,25.102451965468994],[121.55041021000072,25.10229862778231],[121.55033214903648,25.102095791091976],[121.55032488668273,25.1019965113059],[121.55034370098288,25.10190841919128],[121.55041836744424,25.101700499229185],[121.55050563985557,25.101539928659353],[121.55058689795061,25.101420005987993],[121.55063691364285,25.101311484663633],[121.55066061390067,25.101207575424418],[121.55065686090298,25.101130852281216],[121.55064616992831,25.101027071319542],[121.55062897254054,25.10092331462678],[121.55057172599808,25.100801651514747],[121.55052742595178,25.100734107497058],[121.550479916131,25.10064174871861],[121.55047780367573,25.10058533222989],[121.55049023291416,25.10052434755993],[121.55050613109655,25.10047689179821],[121.55053195393054,25.100431655991795],[121.55044186023298,25.100377824601775],[121.5504151281643,25.100427577730773],[121.55039972225636,25.100515657187426],[121.55040096600997,25.10058561876117],[121.55042600580731,25.100641949755545],[121.55053394703503,25.100806306366827]]],[[[121.54880702828537,25.095189317922447],[121.54882150277464,25.095023666737248],[121.54861155579219,25.094886652269295],[121.5485359399654,25.09484411886348],[121.54852354207495,25.095019791973098],[121.54859684613855,25.09506049419494],[121.54880702828537,25.095189317922447]]],[[[121.54784103711418,25.094679618786493],[121.54771786317922,25.09470941713174],[121.54755284415795,25.09473485684192],[121.54741758736401,25.094764699797196],[121.54731914769405,25.094783121075196],[121.5472532687376,25.09480819234089],[121.5471966234663,25.09481968746372],[121.5470693544921,25.094903667774894],[121.54658402800209,25.095146963817054],[121.54622345073994,25.095297260141532],[121.54529756288322,25.095819789935412],[121.54518251248268,25.095865354757454],[121.54499158736887,25.095917970804738],[121.54491075568389,25.09592504041065],[121.54469356511846,25.095923585790896],[121.54459533360392,25.09591943463586],[121.54456086387306,25.095901506163173],[121.54441269196192,25.095883997478083],[121.54431971731663,25.095877569772536],[121.54423628681128,25.09585756497494],[121.54411542882598,25.09585124004847],[121.54400481478926,25.09584939117292],[121.5439218845003,25.09587226675526],[121.54380870245724,25.095920080486025],[121.54376354953644,25.095938302720555],[121.54365545459612,25.0960154381239],[121.5434498080813,25.096171926733515],[121.5433019165969,25.096287576847498],[121.54317880016627,25.096400878561806],[121.54309370095463,25.096493727478947],[121.5430360953111,25.096568419395215],[121.54299104207367,25.0966092106051],[121.54289225063106,25.096688567965174],[121.54278029689274,25.09680408508228],[121.54267025184548,25.096930879869294],[121.54263509254926,25.096967120602702],[121.5426003130192,25.097019158667692],[121.54259580196585,25.09704519039445],[121.54280981163365,25.097032960469065],[121.54281134909152,25.09702966719913],[121.54285075563516,25.096903132237593],[121.5428955890077,25.09681268870145],[121.54296918532032,25.096710854452525],[121.54315355561681,25.09650704888039],[121.54327933042741,25.096364396870186],[121.54334224274947,25.096298713126227],[121.54350029807364,25.096169483715933],[121.54369336225069,25.096040125014557],[121.54375857311032,25.096003773119453],[121.54385926245985,25.09593343584089],[121.543944631249,25.09590152343764],[121.54400994216083,25.09588774071626],[121.5441199065359,25.09588282108595],[121.5442441524717,25.095884619573447],[121.54426992728014,25.095898066262592],[121.54428023137663,25.095916083985355],[121.5442579647684,25.095925194039385],[121.54424069529635,25.095943313523502],[121.54425469713041,25.095956803663846],[121.54440329923695,25.096001394563423],[121.54457871499083,25.096014288745984],[121.54488851044815,25.096008630534183],[121.54501235635476,25.095990117139483],[121.54522532865504,25.095948704438317],[121.54537327004238,25.095914302818336],[121.54544312942274,25.095947899035245],[121.54553975362896,25.096008479882748],[121.54570759732812,25.096129735407963],[121.54586363994447,25.096314229672018],[121.54595445034299,25.096460596749196],[121.5461109180977,25.09680984821342],[121.54637287424838,25.097122597209232],[121.54646377643688,25.097289276417982],[121.54660580370961,25.09759569842993],[121.54662679098098,25.097577564866036],[121.54649470810702,25.09727787694349],[121.54640723402518,25.097115698997417],[121.54620449541521,25.096881724803954],[121.54611993105776,25.096746619600996],[121.54608333030745,25.09666776108214],[121.5459978047331,25.09645592230034],[121.54593540885708,25.096359103464486],[121.5458229214032,25.096215073581828],[121.54571397284298,25.096100371170536],[121.54553333628041,25.095958850224484],[121.54543051578742,25.09589829229173],[121.54539973347764,25.095873579442056],[121.54541172592336,25.09585322233527],[121.54544287675417,25.09582150950403],[121.54560305938868,25.09575320785173],[121.54578761613321,25.095662246132438],[121.5459600393165,25.095560044221436],[121.5464856921411,25.095257919916214],[121.54704392308298,25.094966957374506],[121.5471592206718,25.094907848229447],[121.54724529828434,25.094896243880985],[121.54733174639559,25.09489817994521],[121.54738944255493,25.094913764554622],[121.5474721262294,25.094974395832203],[121.54751372224823,25.094992297157887],[121.54759539163229,25.094964910162357],[121.54773909051163,25.09488312529578],[121.54782948517185,25.09486699061085],[121.54801480429127,25.094877586755164],[121.54821258692984,25.09490393515781],[121.54843690821303,25.094974237932426],[121.54844819728855,25.094794764103636],[121.54837239107741,25.094752123468623],[121.54820736778174,25.094707597688533],[121.5480015202275,25.09467902232517],[121.54784103711418,25.094679618786493]]],[[[121.54189549354767,25.097725920793444],[121.54169007262342,25.09779438373078],[121.54150104201304,25.097856015327977],[121.5413486703726,25.097870116063593],[121.54113070655201,25.097904769766238],[121.54094140639306,25.097905463716373],[121.54059616497413,25.098024090407343],[121.5400620993838,25.098181774349616],[121.53986736991848,25.098216340305235],[121.53960743674673,25.098289512318182],[121.53902181397953,25.09856022695338],[121.5384615709144,25.09896626321469],[121.53769684302218,25.099585193479705],[121.53742277851931,25.099827683104458],[121.5371893551523,25.099941378589268],[121.53704047269315,25.09999434960994],[121.53705022053734,25.100007335382294],[121.53711602362488,25.100093303866075],[121.53725790364166,25.100029150325756],[121.53752167026042,25.099910830554027],[121.53762824304766,25.09983822082597],[121.53799596838303,25.099475771771438],[121.53881330509125,25.09884310606185],[121.53910432480998,25.09865246092773],[121.53959157308942,25.098415959576553],[121.53988658753771,25.098288492589443],[121.54047358340371,25.098189297080143],[121.54058030229051,25.098150538027344],[121.54067903551082,25.09812760683045],[121.54087940982107,25.09810881704387],[121.54092213518017,25.098101889599604],[121.54094128426124,25.098088277679018],[121.54093221972653,25.098070255244536],[121.5409145400176,25.098065806124538],[121.5408528458524,25.098057004382564],[121.54082930945194,25.098059347584254],[121.54081466816457,25.098041345580615],[121.54081459841066,25.098025547140477],[121.54084080360649,25.09799611068095],[121.54092895293311,25.097961933284555],[121.54105847778357,25.097965972425808],[121.54117159213091,25.097972328586565],[121.5413907947326,25.098007636014163],[121.54144529320476,25.098000665221868],[121.5415585477939,25.097968652278823],[121.54198215292854,25.097775255694025],[121.54235328740236,25.097557223918987],[121.54252171802005,25.097429210947556],[121.54242085032487,25.09743747086794],[121.54235950385642,25.097491749174907],[121.54226099121051,25.097564333988466],[121.54217476136418,25.09761204701424],[121.54203530239974,25.097673497260732],[121.54189549354767,25.097725920793444]]],[[[121.53560853419984,25.100635480878896],[121.53537476166272,25.10067018136679],[121.53494166919539,25.100683030966927],[121.53430073997951,25.10071017086981],[121.5339630255916,25.100711388772165],[121.53331849643213,25.100623433294224],[121.53318368649681,25.100544925674424],[121.53302717353608,25.100534204331733],[121.53286367957801,25.100529574419905],[121.5328890889261,25.100662871247756],[121.53309619599469,25.10066034468719],[121.5332945604205,25.10074765133891],[121.53398432532947,25.100835443895757],[121.53458445615834,25.100831022129135],[121.53505281061538,25.10080450456863],[121.53547376064427,25.100778156544724],[121.5357607546497,25.100727464341333],[121.53604765955994,25.100656459343185],[121.5363755341872,25.100531138389574],[121.5366373061602,25.100381230066887],[121.53684405601214,25.100260861607037],[121.53696971697542,25.100163177896142],[121.53688220746176,25.10005496100148],[121.53654675049849,25.10029128089405],[121.53628868720523,25.100438918465162],[121.53612075684178,25.1005094927539],[121.53586670394765,25.100582635860086],[121.53560853419984,25.100635480878896]]],[[[121.53137250818186,25.100142930070426],[121.53111862730525,25.10004227913029],[121.53053509262065,25.099800622963947],[121.53019534334042,25.099688991702642],[121.52987016981619,25.099651785451947],[121.52947181213987,25.099671262750036],[121.52931615544395,25.099714699622286],[121.52901230415507,25.099736095465765],[121.52886336840184,25.099829160219755],[121.52852873427607,25.10004024634895],[121.52831548070164,25.100162879585074],[121.52800057196563,25.100206881905553],[121.527465461659,25.100199757164496],[121.52730175609753,25.100173255873486],[121.52720093572948,25.100144274088127],[121.52696025528546,25.100014227430922],[121.52686917746445,25.099974307270603],[121.5267876088702,25.100247288594314],[121.5268275292894,25.100274244764783],[121.52693506045452,25.10035059834694],[121.52708237279806,25.100311707519612],[121.52717690908217,25.100320399409142],[121.5273195465348,25.100346975707545],[121.52763809781365,25.10035712805446],[121.52787599651025,25.100344997399844],[121.5279740384618,25.10037624554573],[121.52802154467335,25.10061531155312],[121.52807586195364,25.100637687632155],[121.52821676554795,25.100621387650335],[121.5282308520507,25.100582969621826],[121.52823032607135,25.100461097015824],[121.52823619144964,25.100384340354417],[121.52826847947952,25.100327802313714],[121.52833739535464,25.100286932352823],[121.52856576479017,25.10022066834503],[121.52865165267436,25.100163939314193],[121.52878500972407,25.100050617996523],[121.52883656525289,25.100007552726037],[121.5295722326189,25.100323155539964],[121.52960988488385,25.10028916730747],[121.52889558588032,25.099971231601568],[121.52906964699325,25.099884848017453],[121.52924983885586,25.0998548654578],[121.52951027559948,25.099824596361604],[121.52975539694498,25.099835006120404],[121.53004355479949,25.09983849098725],[121.53020755067924,25.099860474372857],[121.53060071822308,25.100001254178448],[121.53148911408915,25.10038174601159],[121.53188664246181,25.100527020000882],[121.53214503443368,25.10059605698359],[121.53238066189635,25.100631321249637],[121.5325923933207,25.100657643317483],[121.53270069290268,25.100660291606275],[121.5326913607233,25.10052469440579],[121.53267360912078,25.100524191674847],[121.53237138810104,25.100493681158778],[121.53205190102561,25.100411322427256],[121.5317494252312,25.10032213139049],[121.53137250818186,25.100142930070426]]],[[[121.52570109140784,25.100084144147154],[121.52549400169947,25.10012775913194],[121.52529729998905,25.100137481834206],[121.52511870340437,25.100106515722445],[121.52488558638426,25.100005777298893],[121.52461737197086,25.099884850060704],[121.52444437179177,25.099786155786603],[121.52427973693617,25.099615210360685],[121.52411931412573,25.099414909948923],[121.52388680888821,25.099167468027176],[121.523768610486,25.099059552237918],[121.52364282020119,25.098977959204813],[121.52357409304922,25.099245592821962],[121.52360124638672,25.099263264529572],[121.5239258181237,25.09952166712125],[121.52410779304411,25.099690294882546],[121.52426775130732,25.099854486218312],[121.52446762922679,25.10000725200073],[121.52458778449892,25.100065508113357],[121.52458821107469,25.100164811125776],[121.52465736039431,25.100105887227617],[121.52498508163055,25.10023111818214],[121.52520692883155,25.10030481321413],[121.5253570312139,25.100338136819932],[121.52556602999702,25.100378022344643],[121.52565075840924,25.100411576168288],[121.52569119110053,25.100447543839532],[121.52572279352806,25.10044743189014],[121.52577695520709,25.10043369842502],[121.52575984604492,25.100345738910775],[121.52575903210699,25.100300603361493],[121.52578927861386,25.10027341313946],[121.52582394041167,25.100264262639712],[121.52586764549079,25.100268621616642],[121.52589599523647,25.100304631902038],[121.5258990375034,25.100507744574145],[121.52594956854027,25.100514336293095],[121.52599992499306,25.100480303851647],[121.52600087122595,25.10026814945931],[121.52602389446663,25.100218415571184],[121.52606056951976,25.100173147128285],[121.52614745595824,25.100132214502032],[121.52621465924673,25.100125205450283],[121.52646190115127,25.100124328531066],[121.52655355897488,25.100132719433383],[121.5266313380856,25.09991316582734],[121.52658302939766,25.099904977299072],[121.52636031280005,25.099917052057624],[121.52618350880671,25.099942505221733],[121.52599813649574,25.099992814684605],[121.52570109140784,25.100084144147154]]],[[[121.52209351062653,25.098298090690673],[121.52178448132182,25.09826757863944],[121.5215602075811,25.098277393210356],[121.52139053026602,25.098302814431094],[121.52116806577783,25.098373558876162],[121.52098735985894,25.09842835823063],[121.52080919018024,25.098496689987584],[121.52063733236415,25.098592082445048],[121.5205010559187,25.098676065520184],[121.52034717478148,25.098845872811623],[121.52022971102497,25.09892801699878],[121.52023415041211,25.09927244338083],[121.5202560074245,25.099263721542595],[121.52042817667753,25.099168328729686],[121.52060573938792,25.099030035264345],[121.52070275490122,25.098966501841364],[121.5207277159098,25.0989348175685],[121.52075255169571,25.0988737937873],[121.52089899604377,25.098704011924237],[121.52099096728135,25.0986201836966],[121.52106049469232,25.098577058601567],[121.52113804857717,25.098527134582756],[121.52127722848842,25.098470223721325],[121.5213661094439,25.098460884409793],[121.52171992854696,25.098459643318574],[121.52199528492653,25.098440621510242],[121.52212114105242,25.098455978044747],[121.5223729499614,25.098509259655735],[121.52278746456236,25.098645474897218],[121.52305901498563,25.098822816567353],[121.52319856155135,25.09892388701651],[121.52336325229423,25.09910837489379],[121.52345333711344,25.099167003343627],[121.52352787837667,25.09890354958095],[121.52322770540401,25.098711633954],[121.52292521124245,25.098543429102968],[121.52272625636793,25.09846062264906],[121.52240670298181,25.098360184355574],[121.52209351062653,25.098298090690673]]],[[[121.51875443445543,25.099451775732597],[121.51857665116353,25.099465937077817],[121.51833745483043,25.099464513799653],[121.51792792348145,25.099407260417685],[121.51767620949529,25.099376539786938],[121.517465587605,25.099318592843144],[121.51719606998654,25.09925407965868],[121.51657537865246,25.099084711066595],[121.5163055423749,25.099017940543],[121.51610615170307,25.09897800808373],[121.51529705377303,25.09887474005079],[121.51479549831888,25.09874332217035],[121.51454172504877,25.098665210035175],[121.51424250735074,25.09853760295385],[121.51364545562454,25.098316236032318],[121.5134982355097,25.098230982905786],[121.51337489094273,25.098185178898014],[121.51329902564483,25.098360730879744],[121.51351170600003,25.09842857400002],[121.51374888799998,25.09851847500005],[121.51407335100008,25.098619411000072],[121.51438530200006,25.09870905400004],[121.514485196,25.098754074000052],[121.51478468500012,25.09884374900002],[121.51508412700004,25.098922102000078],[121.51542129100005,25.09907967600003],[121.51552177719235,25.09910619550415],[121.51662299525317,25.099280897055962],[121.51665451730635,25.099286795681746],[121.51669341400009,25.09929074300004],[121.51672308304079,25.099299626153574],[121.51681245280871,25.099316349561352],[121.51684715345131,25.099316229001055],[121.51687445654453,25.099325161786368],[121.51692997306866,25.099338510354354],[121.51699225791378,25.09934055081691],[121.51704034817708,25.09935618206683],[121.51710044508113,25.099353716263785],[121.5171485736771,25.09937837499873],[121.51718237359009,25.0993850282318],[121.51722209854725,25.09940068850904],[121.51727016010611,25.099409549049422],[121.51763670194207,25.09948500912331],[121.51796135024755,25.099544815799824],[121.51826463027287,25.099606953151362],[121.51849651574943,25.099637741946598],[121.51880550040397,25.099656976959416],[121.51909489871758,25.09966048126992],[121.5193972232878,25.099643627640297],[121.51941706702091,25.099792514841578],[121.51949417573141,25.09978321793836],[121.51947864067442,25.09962754494407],[121.51956688386532,25.09961369527881],[121.51967730961658,25.09957042815145],[121.52003918437492,25.099350242572903],[121.52008133424606,25.099333423130503],[121.52007452523931,25.099010328772874],[121.5199333277144,25.09908429634515],[121.51960606964508,25.099211827220778],[121.51931957365615,25.09930761818698],[121.51893521993046,25.099415034540538],[121.51875443445543,25.099451775732597]]],[[[121.51219425429359,25.09781344683651],[121.51179092898622,25.09768393772954],[121.5114818198642,25.097560873692117],[121.51132876238535,25.097486923352758],[121.51119571425639,25.09745578506479],[121.51115035630887,25.09742660158426],[121.51110777731573,25.097395151622667],[121.51097476726505,25.09737304062486],[121.5108642416677,25.09731925552938],[121.51069969898242,25.09716635270182],[121.51057174415799,25.09702009476409],[121.51051184012002,25.096920997671425],[121.5104832855649,25.096835333905755],[121.51045673254158,25.096562340580657],[121.51043354641433,25.096427006496103],[121.51040181797043,25.09632329841923],[121.51039885890557,25.096282684418643],[121.51040085704031,25.0962420533415],[121.51038836925052,25.096219527360546],[121.51034553760431,25.09620161969306],[121.51030806777128,25.09620626254477],[121.5102678379436,25.09621768559249],[121.5102328372229,25.096220063023154],[121.51016678769864,25.096206749050502],[121.51006425188255,25.096137138132534],[121.50980914749292,25.09596197774259],[121.50964196066822,25.095842935926544],[121.50952869527748,25.095800443754676],[121.5095050067957,25.09576667125347],[121.5094533230142,25.095780390529242],[121.50938046944235,25.095843835017764],[121.5092850553815,25.095920898583554],[121.50921204092866,25.095945975567805],[121.50908554030028,25.09599831899137],[121.50903425399113,25.096042060091065],[121.509127723,25.096117086000053],[121.5093545100001,25.096321884000076],[121.50971213600006,25.096644824000066],[121.5098779650001,25.096818197000058],[121.51021795400004,25.097077955000028],[121.51045333500008,25.097258998000033],[121.51048104800009,25.097274715000026],[121.51075820100006,25.097431899000068],[121.51093239400006,25.097526184000063],[121.51128923600004,25.097659372000066],[121.51161984600003,25.097753115000046],[121.51203637300011,25.097900358000057],[121.51206389100001,25.09791008600007],[121.51210720500002,25.09792539500006],[121.51251618800006,25.098058400000067],[121.51277728000002,25.098152374000048],[121.51291075604709,25.098195707839658],[121.5129780037863,25.09803779405288],[121.51293221620216,25.098020790663664],[121.51273674944728,25.09795601573617],[121.51252142541998,25.09788453843262],[121.5123402775731,25.09783551191975],[121.51219425429359,25.09781344683651]]]]}},{"type":"Feature","properties":{"河流":"外雙溪","縣市":"臺北市","行政區":"北投區","區域":"臺北市北投區"},"geometry":{"type":"MultiPolygon","coordinates":[[[[121.51324024498956,25.098496748704672],[121.51325833286299,25.098502641127148],[121.51343696002648,25.098614868767367],[121.5144900084353,25.098891080046705],[121.5147855707062,25.098960019823334],[121.51504985009164,25.099031324474463],[121.51552177719235,25.09910619550415],[121.51542129100005,25.09907967600003],[121.51508412700004,25.098922102000078],[121.51478468500012,25.09884374900002],[121.514485196,25.098754074000052],[121.51438530200006,25.09870905400004],[121.51407335100008,25.098619411000072],[121.51374888799998,25.09851847500005],[121.51351170600003,25.09842857400002],[121.51329902564483,25.098360730879744],[121.51324024498956,25.098496748704672]]],[[[121.51672308304079,25.099299626153574],[121.51669341400009,25.09929074300004],[121.51665451730635,25.099286795681746],[121.51672308304079,25.099299626153574]]],[[[121.50899786208528,25.09607309801321],[121.50892507422445,25.096152339665736],[121.50884112311316,25.096229362729456],[121.50873753012073,25.096277113445286],[121.50863414299349,25.096300037440958],[121.50854610718021,25.096363532973516],[121.50853264479191,25.096404203473494],[121.5086204953309,25.09644452620484],[121.50889832963865,25.096646693513858],[121.50899494070079,25.096707298014103],[121.50921911963849,25.09689610745733],[121.50945476298693,25.097084877015423],[121.50963065523227,25.097210658438023],[121.50972131423488,25.097255484501048],[121.50983464756358,25.097313773854577],[121.51037304279492,25.09751278361513],[121.51048914624536,25.097566549033427],[121.51106426074921,25.097803800335196],[121.51126257207457,25.097882108915716],[121.51164226515992,25.097991388812044],[121.51185599231238,25.098051588343207],[121.51188515404318,25.098060515394558],[121.51191303845438,25.098060419238603],[121.51195958850926,25.098078313919615],[121.51199273997923,25.098078199584286],[121.51204447155236,25.09807576425162],[121.51207893837889,25.098093700577007],[121.51212545043367,25.09810256773301],[121.51216582300113,25.098124997471572],[121.51225940974341,25.098129188363373],[121.5123158552987,25.098142534990696],[121.51235558922814,25.09816045308241],[121.51241526622832,25.098205385163862],[121.51261974670274,25.09827690012939],[121.5128264532523,25.098361948579146],[121.51283831630944,25.098365813201607],[121.51291075604709,25.098195707839658],[121.51277728000002,25.098152374000048],[121.51251618800006,25.098058400000067],[121.51210720500002,25.09792539500006],[121.51206389100001,25.09791008600007],[121.51203637300011,25.097900358000057],[121.51161984600003,25.097753115000046],[121.51128923600004,25.097659372000066],[121.51093239400006,25.097526184000063],[121.51075820100006,25.097431899000068],[121.51048104800009,25.097274715000026],[121.51045333500008,25.097258998000033],[121.51021795400004,25.097077955000028],[121.5098779650001,25.096818197000058],[121.50971213600006,25.096644824000066],[121.5093545100001,25.096321884000076],[121.509127723,25.096117086000053],[121.50903425399113,25.096042060091065],[121.50899786208528,25.09607309801321]]]]}},{"type":"Feature","properties":{"河流":"大坑溪","縣市":"新北市","行政區":"汐止區","區域":"新北市汐止區"},"geometry":{"type":"MultiPolygon","coordinates":[[[[121.6162990172959,25.04966358338276],[121.61629901729327,25.049663583416717],[121.61631104400011,25.049715071000033],[121.6162990172959,25.04966358338276]]],[[[121.61630366400006,25.050417507000066],[121.61630520617899,25.050498993432278],[121.61630520617993,25.05049899342385],[121.61630366400006,25.050417507000066]]],[[[121.62324792906158,25.05523432247115],[121.62329292000005,25.05516812900004],[121.62324792897988,25.055234322538176],[121.62324792906158,25.05523432247115]]],[[[121.62293528777704,25.055504081786065],[121.62284368200004,25.055560662000058],[121.62293528736346,25.055504082087076],[121.62293528777704,25.055504081786065]]],[[[121.62060320451337,25.05666442194792],[121.62065648600004,25.05667514000004],[121.62060320450092,25.056664421929973],[121.62060320451337,25.05666442194792]]],[[[121.62082255639271,25.056689052598774],[121.62071620095092,25.056680142638598],[121.62065648600004,25.05667514000004],[121.62083447400006,25.056690051000032],[121.62082255639271,25.056689052598774]]],[[[121.62340305289564,25.055013432918646],[121.62338122900006,25.055022364000024],[121.62343171600003,25.055001703000073],[121.62340305289564,25.055013432918646]]],[[[121.62365767800009,25.055063679000053],[121.62379253847755,25.055134332025023],[121.62379253859731,25.055134332076985],[121.62365767800009,25.055063679000053]]],[[[121.6237925427113,25.055134334243068],[121.62380665000002,25.055141725000055],[121.62379254283104,25.055134334295026],[121.6237925427113,25.055134334243068]]],[[[121.62382349762927,25.055147765936226],[121.62380665000002,25.055141725000055],[121.6238234977909,25.055147766006346],[121.62382349762927,25.055147765936226]]],[[[121.62382350288652,25.05514776783346],[121.6239859100001,25.055206001000045],[121.62382350272497,25.055147767763366],[121.62382350288652,25.05514776783346]]],[[[121.62422074800008,25.055385051000023],[121.62423518430154,25.055416533338434],[121.62423518430698,25.055416533332217],[121.62422074800008,25.055385051000023]]]]}},{"type":"Feature","properties":{"河流":"大坑溪","縣市":"臺北市","行政區":"南港區","區域":"臺北市南港區"},"geometry":{"type":"MultiPolygon","coordinates":[[[[121.65733523253166,25.028345884015764],[121.65736301600009,25.028424735000044],[121.65740736316013,25.0285412850775],[121.65748538061199,25.028673193513956],[121.65770682747242,25.028855031342918],[121.65796459633421,25.028996081758244],[121.65771562637232,25.028821137209302],[121.65751940579624,25.028666271898803],[121.65733523253166,25.028345884015764]]],[[[121.65725786012108,25.028233501488657],[121.65722034235803,25.028194957988678],[121.6572352830001,25.02821653700005],[121.65725786012108,25.028233501488657]]],[[[121.63290473900007,25.035841360000063],[121.63294231392028,25.0358388360048],[121.63302181100005,25.03583349600006],[121.63307300556507,25.035833064508747],[121.63310082900011,25.035832830000054],[121.63311501800003,25.03583271100006],[121.6331768980001,25.035821017000046],[121.63328453839293,25.035790051661028],[121.63328704700007,25.035789330000053],[121.63328862545202,25.035788991313442],[121.63331580700002,25.035783159000058],[121.633332776781,25.03577753673546],[121.6333687,25.035765635000075],[121.63343926700009,25.035748019000035],[121.63344346927063,25.035747131181243],[121.63345231380052,25.035742636062825],[121.63351717925698,25.035710761447973],[121.63364849864432,25.035595093389503],[121.63373699052205,25.035461551178233],[121.63378894199464,25.03532816447608],[121.63380687231957,25.03526263389141],[121.6338381465497,25.035142877449257],[121.63386935039705,25.03500957903002],[121.63389887195251,25.03491014339963],[121.63396171461288,25.034846678497026],[121.63406122093289,25.034803558778975],[121.63407254800006,25.034796253000025],[121.63409895418187,25.03478720758584],[121.6341721244589,25.03475550023584],[121.63421880165039,25.034755973960134],[121.63427043800004,25.034754965000044],[121.63427430514099,25.034756537262066],[121.63432882622547,25.034757090593608],[121.6344036197976,25.034788371140056],[121.63466060503129,25.034958813451066],[121.63472983660047,25.034992374589436],[121.63477602379876,25.035001206251295],[121.63485119048376,25.03498508706673],[121.63492217884888,25.034939644013097],[121.63509195911708,25.034776413870112],[121.63527707690413,25.034644716779972],[121.635520971703,25.034501483679474],[121.63582171074864,25.034391863474717],[121.63588329863258,25.034384829743757],[121.6360543757482,25.034365363421497],[121.63612693100005,25.03434620900003],[121.63624419100007,25.034327192000035],[121.63637031000007,25.034311567000028],[121.63640388841945,25.034307641358453],[121.63642263111385,25.03430353235163],[121.63654073427878,25.034266915439588],[121.63662408435533,25.03421690445387],[121.63700859000782,25.034018898629107],[121.63717430995206,25.033968535340982],[121.63740118661721,25.03394725217089],[121.63748124768782,25.03391982521322],[121.63758611997552,25.033840379762438],[121.63762226786783,25.033824425772234],[121.63768745318878,25.03379480522907],[121.63769873470322,25.033791987328303],[121.6377008820001,25.033790944000028],[121.63772068910758,25.033786503549226],[121.63778858288957,25.03376954501576],[121.63787270473733,25.03374887160891],[121.63795963976658,25.03367401666272],[121.63800301866236,25.033619661586222],[121.63809691033724,25.033513177893806],[121.63825601527392,25.033264220019255],[121.63830398113375,25.033213350316604],[121.63832392600013,25.033181303000045],[121.63839786900007,25.033106288000056],[121.63849064752458,25.03303117887317],[121.63849353428681,25.033028468301826],[121.63849698839354,25.033026045604085],[121.63852212400003,25.033005697000075],[121.6385500082864,25.03298885764661],[121.63876226644958,25.032839980553074],[121.63891708554765,25.0327484436416],[121.63898193100012,25.03269660900003],[121.63909514400007,25.032640871000066],[121.63922582900011,25.03255748800006],[121.63927502901144,25.032525909373064],[121.63932680013171,25.032487714479096],[121.63946369792525,25.03237427370759],[121.63971549528166,25.032145229497115],[121.63983048966851,25.03204768227245],[121.63988112010851,25.032018123120913],[121.63990452277514,25.0320150986033],[121.63990738900009,25.032012941000062],[121.63999435200004,25.031994095000073],[121.64008499600006,25.031960283000043],[121.64025158700008,25.03195590100006],[121.6403971548009,25.031933366927316],[121.6405588641201,25.031877531022953],[121.64074620007781,25.03175710190361],[121.64089249323938,25.03166393376654],[121.64099954618047,25.03163356833237],[121.64107452500002,25.031590794000063],[121.64113563276925,25.031569683714537],[121.64115976857306,25.03155218878936],[121.64119462978205,25.031527211280718],[121.64123936454483,25.031495420144427],[121.64134423405214,25.03141597225267],[121.64151495432573,25.03131592753062],[121.64160924641878,25.0312861801145],[121.64179133819061,25.031287653349395],[121.64198073435195,25.03130247376461],[121.64210129679827,25.031285244270748],[121.64215533193604,25.031254487251065],[121.64219849449502,25.031218188616915],[121.64226329885612,25.03111634247643],[121.64234602781622,25.031007647989348],[121.64240074260604,25.030989355916564],[121.6425498511048,25.030983493573693],[121.642655439,25.03095736300002],[121.64273601200013,25.030927061000053],[121.64277840384212,25.03091205927468],[121.64286550776163,25.030863215550575],[121.64297396179494,25.030758924107026],[121.64310780879705,25.03059584012341],[121.64321264167313,25.030509620562544],[121.64325616108381,25.03048234841108],[121.64339421356102,25.03047123578026],[121.64339546400004,25.030471030000058],[121.64339606566676,25.030471086693712],[121.64346354922328,25.03046565455758],[121.64365840757702,25.030480613007857],[121.64371405111368,25.030462316575573],[121.64375415233638,25.030432802034873],[121.64380068686916,25.030272351682303],[121.64387369668212,25.030141128533767],[121.64393148567083,25.030000942956367],[121.643984271725,25.029910433741957],[121.64404863385901,25.02984244490205],[121.64423745382956,25.029769403457884],[121.64434282079293,25.029726063961917],[121.64446301554887,25.029675889138115],[121.64456103386327,25.029648380540152],[121.6447634893521,25.029636218983953],[121.6450150130805,25.029650929013993],[121.64512827577238,25.02963689622151],[121.6452263772052,25.02962518606564],[121.64531709493866,25.02956385318212],[121.64549808977392,25.02941636187673],[121.64558108932845,25.029418259149523],[121.64579540658288,25.02942410107541],[121.64586341181374,25.029401235892973],[121.64596221599979,25.029346638710066],[121.64607952834422,25.029219736299083],[121.64615219047423,25.029140425119273],[121.6462336418921,25.029083646059483],[121.64635428851702,25.02900186959051],[121.64645579616351,25.02887277854959],[121.64648970361945,25.028784607349476],[121.64648254623125,25.028660501940198],[121.64644466168127,25.028522987704054],[121.64640370444667,25.028390000828256],[121.64639377214873,25.028268164457437],[121.64644572297807,25.028137031484597],[121.64654770648885,25.028039536810688],[121.64669280314351,25.027955397135393],[121.64677045469408,25.027941517931314],[121.6468540372696,25.027936641044647],[121.64704702265912,25.02800802791824],[121.64722951568041,25.028086231156916],[121.6474414854757,25.02817559116181],[121.64755335390096,25.028249586766897],[121.6476452021344,25.028343982507295],[121.64776520844043,25.028492146793944],[121.64780843400001,25.028535744000067],[121.64790204613625,25.028605589304636],[121.64797393632277,25.028613395755144],[121.64805019444478,25.028570180612014],[121.64820954655276,25.02842955197123],[121.6483846785563,25.028227914971342],[121.64852379542398,25.028067060995017],[121.6486869819512,25.02794898554315],[121.64877040942233,25.02791476700306],[121.64881897639471,25.027914555518574],[121.64885669300008,25.027912152000056],[121.64886203207088,25.02791460217248],[121.64903615191842,25.02798357727039],[121.6492075077516,25.028064081623587],[121.64931324132557,25.02809070397546],[121.64941911750456,25.028085727361592],[121.64949641046107,25.02806281943102],[121.64969444192818,25.027976187217426],[121.64987925296539,25.027848986231263],[121.65003125288978,25.027724185553097],[121.65009265793194,25.02768329066972],[121.65018617129611,25.027624199562915],[121.65022637787999,25.027614995684658],[121.65029052274909,25.027623743055937],[121.65067859626627,25.02769652591746],[121.65098068402892,25.027787740876672],[121.65106799295268,25.027785101444156],[121.65123709556192,25.02773244923803],[121.65139866023351,25.027718199166163],[121.65147272601662,25.027729159636294],[121.65151864970503,25.02774701447671],[121.65162485017156,25.027861656758958],[121.65171664093943,25.028003446328643],[121.65177165387199,25.028100256788647],[121.65181914989881,25.02812261866032],[121.65185634371433,25.028129226587986],[121.65191344922624,25.028095120884906],[121.65196541907439,25.027968500039762],[121.6520646470132,25.027877784117287],[121.65210070825184,25.02784602768926],[121.6522100004718,25.027784608729462],[121.6524165802358,25.027675365374],[121.6524924307051,25.02761409327273],[121.65252930151075,25.02755976335556],[121.65260026942433,25.027512054728074],[121.65273223920262,25.02752276024732],[121.65290780782318,25.027543812758072],[121.65291345500009,25.027543426000022],[121.65299232381213,25.02752639175828],[121.6531099841836,25.02745790479347],[121.65318291743955,25.027430500257523],[121.65326651033227,25.027427875869947],[121.65332542716237,25.027443415931604],[121.65348495716346,25.02751268173455],[121.6539410189224,25.027792802025335],[121.65404702896242,25.027871330954454],[121.65410286151591,25.027889141268226],[121.65419239761262,25.027897775109775],[121.65431353917585,25.027852101390625],[121.65443743145326,25.027799644417545],[121.65455174860956,25.02775174355299],[121.65462559836261,25.027747840582354],[121.654673214,25.027739951000054],[121.6546993546309,25.027744959660176],[121.65479663129871,25.027741636460075],[121.65486809965495,25.02773003640293],[121.6549359695883,25.027682339961878],[121.6549872723716,25.027605375492765],[121.65507129962478,25.027451528614897],[121.65510275154766,25.027426562866335],[121.65513773827824,25.027442646151897],[121.65514690000009,25.02743645300006],[121.65517786264108,25.027464253087643],[121.65548954588762,25.02766635662921],[121.65551549820465,25.0276754274531],[121.65557366022104,25.027686298610444],[121.65573582331581,25.027685583008516],[121.65604251802733,25.027711313253672],[121.6563830520273,25.02781137479338],[121.65649765753865,25.02781763947645],[121.65663427208331,25.02782832082795],[121.65678711232886,25.02792018278301],[121.65680581914104,25.027937097015148],[121.65682179900011,25.027942254000042],[121.65689025800009,25.02798318300006],[121.65695821228154,25.028025699291856],[121.65681453840865,25.02789523440191],[121.65664335673516,25.027789911461323],[121.65638904027497,25.027772979120414],[121.656060606654,25.027677378187363],[121.65589698081416,25.027653273472648],[121.65573254638907,25.02765174227573],[121.65556530109022,25.02764570927439],[121.65549674910359,25.027623441664783],[121.65524096175503,25.027446266439938],[121.65511737457143,25.02738135826092],[121.65506169827374,25.02739288878651],[121.65503062798516,25.027431394881],[121.65495094774255,25.027587479576624],[121.65491412605829,25.02765083806314],[121.6548648469601,25.02770070956717],[121.65478411324345,25.027716864482677],[121.65472832874136,25.027708082266237],[121.65461373536805,25.027704073175453],[121.65453297759393,25.027715714034336],[121.65426080308488,25.02783427752063],[121.65419583721425,25.027845848656163],[121.65412459434528,25.027841648305067],[121.65405759049949,25.027819373150955],[121.65351763616707,25.027485454008215],[121.65337536265949,25.02740031335851],[121.65333440539878,25.02738469437414],[121.6532383667937,25.027376088485283],[121.6531606691987,25.027380943956338],[121.65304456476711,25.02744239321879],[121.65295386332039,25.027505987788956],[121.65289165999722,25.027513032046667],[121.65280480311297,25.027484072515595],[121.65266190002461,25.027455359053228],[121.65258636989523,25.027460204700613],[121.65251045959238,25.02751019202363],[121.65245205690077,25.027591700481587],[121.65239162889078,25.02764161977012],[121.65221579995385,25.02776878417187],[121.65212129902507,25.027816596145595],[121.65207001711862,25.027839391290076],[121.65192979748485,25.027966399272188],[121.65188686566698,25.02804558313232],[121.65186843038741,25.028072748179163],[121.65183748942324,25.02807739791066],[121.65180763143263,25.02805270167824],[121.65170864681048,25.02789740162089],[121.65155500871508,25.02771299985226],[121.65144956076904,25.027681863820405],[121.65131112406273,25.02767795646751],[121.65121431180584,25.02769869380918],[121.65103271565913,25.027731087556802],[121.65092212334955,25.027722543847243],[121.6506638158386,25.02765370740002],[121.65029991915905,25.027585332965376],[121.65022060154794,25.027576651975462],[121.65016217341514,25.027594963553963],[121.65005290360813,25.027660894438736],[121.649828113164,25.027840181749923],[121.64965434201474,25.027947021253585],[121.64947294806893,25.028017781580626],[121.64938478161004,25.028033965948854],[121.64929467370865,25.02803435961417],[121.64908705318436,25.027947242710113],[121.64885739765845,25.02785119165976],[121.64877283853062,25.02784704582402],[121.6486936985288,25.027872217610856],[121.64849477112718,25.028024303930547],[121.6483824033708,25.028148929131977],[121.64825259979938,25.028314256538934],[121.64808256485854,25.02848427295487],[121.64797738997893,25.02856372624226],[121.64790522865879,25.02856178308335],[121.64782432535725,25.02848765317679],[121.64769243618768,25.028316692886108],[121.64759658627712,25.028226828618426],[121.64748159748969,25.028148332559383],[121.64717799412139,25.028005202065142],[121.64687539153226,25.027875608641015],[121.64673912031692,25.02787168613029],[121.6466770109699,25.02789678299029],[121.64660658858341,25.027930944010528],[121.64650734441892,25.02801939870989],[121.6464146624067,25.028119110030804],[121.64635660179447,25.028266068694876],[121.64637279855837,25.028401420058074],[121.64642279525675,25.02854565285824],[121.64644849615782,25.02866290673294],[121.64645217591345,25.02877348508048],[121.6464338703939,25.02882547613877],[121.64632008367433,25.028974933687852],[121.6462124187559,25.029052139753283],[121.6461716752056,25.029077143816618],[121.64604833676022,25.02917698806802],[121.64594332734745,25.029288037898514],[121.64577959072886,25.029360972851023],[121.64557193091566,25.02938444340842],[121.64547592584681,25.029382602492745],[121.64522554387001,25.029584563130335],[121.64513893538513,25.029602994585353],[121.64502719721405,25.029612506715782],[121.644728022198,25.029604774089528],[121.64456083184571,25.02961001186501],[121.64446991186742,25.029632975674645],[121.64436112687926,25.02967407299725],[121.6442897626965,25.029705980225867],[121.6441469511121,25.029753995723258],[121.64402741084035,25.02981093803704],[121.64395835633138,25.029869918981998],[121.64387223325161,25.03003956828455],[121.64376404030774,25.030252196528146],[121.64368849376045,25.03037214544702],[121.6436196774241,25.030417583135414],[121.64327970800728,25.030425820900263],[121.64319070441317,25.030460060320163],[121.6430711266288,25.030568913828866],[121.64295543080506,25.0307093491284],[121.64284143852453,25.030820435547152],[121.64266208431681,25.030927289586923],[121.642622185743,25.03093648971373],[121.6424079134267,25.030939670075153],[121.6423676814533,25.03094435749055],[121.64230897668855,25.030969437865128],[121.6421976391873,25.0311143682697],[121.64211167119527,25.03119599215135],[121.64205306122695,25.031239128429398],[121.64201285291526,25.031248329771746],[121.64186147677977,25.031258009779926],[121.64162207427752,25.031252269192688],[121.64154008559692,25.03126616432657],[121.641356633752,25.03135949267974],[121.64117717029218,25.03150471588558],[121.64106266567119,25.031577434004515],[121.64088304938167,25.031634632703966],[121.64073514868802,25.031716522472077],[121.64055556611392,25.031839175290227],[121.6403605375408,25.031909982121817],[121.64002326800339,25.031961086245012],[121.63989114945741,25.031981967137966],[121.63982066521604,25.03200484036169],[121.63971798624284,25.03208879234775],[121.6394838632802,25.032322274657744],[121.63932659890631,25.032449345229054],[121.63918282922738,25.032551530050448],[121.6387373636297,25.032815259579728],[121.63846860784548,25.032999233263638],[121.63832037046883,25.033135291916107],[121.63822272800763,25.03323502074216],[121.63806428959822,25.03349300396603],[121.63794490853738,25.033640223792336],[121.63785796171945,25.033712821724325],[121.63776951643392,25.033735770681584],[121.6376655998024,25.03376104280691],[121.63760131988212,25.033786145354256],[121.63753338297686,25.033822548796795],[121.6374594061393,25.03388831977697],[121.63737871396644,25.033913492366636],[121.63715859099736,25.033923461372968],[121.63700124380208,25.033976045944858],[121.63652256180072,25.034226366032353],[121.63640631665852,25.03426297500906],[121.63623342648226,25.03430433965357],[121.63600285629568,25.034330150698544],[121.63583201586552,25.03434893557188],[121.63553065762954,25.03445855846321],[121.63524068162498,25.034613273109514],[121.63502975160215,25.03478344985517],[121.63493636915669,25.034869615159167],[121.63483145847574,25.03494228715296],[121.63477334692377,25.034962847854885],[121.63468584507338,25.034929364471505],[121.63452512598631,25.034810424781245],[121.63438469972156,25.03472299730925],[121.63430380671913,25.034709799056134],[121.6341502489396,25.034717223713027],[121.6339685321051,25.034787966329997],[121.63385196086499,25.03488100165472],[121.63380839401924,25.035018866812255],[121.63374560610005,25.035271922943167],[121.63367433325006,25.035441504557454],[121.63359972929513,25.03556595944145],[121.63349956881814,25.03565892444154],[121.63338373766847,25.035715843366457],[121.63325185065858,25.035781858643883],[121.6331364630364,25.03580491984506],[121.63300863031574,25.03581674866971],[121.6328376022773,25.03579941950247],[121.63257035650221,25.035739615310295],[121.63216210680876,25.035656971171374],[121.63220393900006,25.03566826800005],[121.63246802700006,25.035752099000028],[121.632572814,25.03577646100007],[121.6326409420001,25.035787375000037],[121.63271290700006,25.035803969000032],[121.63279240300005,25.03581821200003],[121.63283414796258,25.03582681398332],[121.63290473900007,25.035841360000063]]],[[[121.63150935819135,25.035486818131137],[121.63121165690382,25.03541934545121],[121.63130993000004,25.03544516500005],[121.63141984700009,25.03547866000002],[121.63159280700006,25.03551851700007],[121.63179874300009,25.035581036000053],[121.63195399315238,25.035607602527346],[121.63187280808702,25.035586842330268],[121.63150935819135,25.035486818131137]]],[[[121.6301419020001,25.03515207600003],[121.63016220058178,25.035124201307163],[121.63017049000007,25.035112818000066],[121.63021047300003,25.035079218000078],[121.6303428450001,25.03509071800005],[121.63047171100004,25.035129798000067],[121.63060195700008,25.035181480000062],[121.63064491828695,25.035198735529523],[121.63063395357258,25.035192601344413],[121.63055505514996,25.035145537964162],[121.63033227615774,25.035060714469736],[121.63018726159184,25.035043272339372],[121.63014371555498,25.035066027026186],[121.6301128888646,25.03509324190686],[121.63008222484945,25.0351520545106],[121.63005421239554,25.035244711326413],[121.63003448350672,25.035382473660945],[121.63001669038583,25.035655649569648],[121.63001455410962,25.03578205227032],[121.62995501418698,25.03606668993753],[121.62989183124886,25.036245262565885],[121.629809355837,25.036405860503493],[121.6296724368399,25.036577973725535],[121.62952281721465,25.036689200691477],[121.62948392682196,25.036714192396424],[121.62926274478001,25.03681338374747],[121.62934405200008,25.036783406000037],[121.62948082100002,25.03672833400003],[121.62964412747574,25.036626426139257],[121.629644836,25.036625984000068],[121.62973121300001,25.03657018700005],[121.62981105100005,25.036490350000058],[121.62990189000004,25.036376003000047],[121.62996749800004,25.036257279000036],[121.6300073540001,25.036081399000064],[121.6300140242064,25.036050502229696],[121.63002625747508,25.035993837041918],[121.63004110100006,25.035925081000073],[121.63007032200005,25.035821577000032],[121.63008614683143,25.035749660167202],[121.63009269330013,25.035621472433004],[121.63010667725887,25.03533025636711],[121.63012144394527,25.03525119779829],[121.63013296261333,25.035217054795634],[121.6301419020001,25.03515207600003]]],[[[121.62874888600005,25.03697999700006],[121.6289108210001,25.036922417000028],[121.62910804600006,25.03686683900002],[121.62921351400006,25.036831535000033],[121.62924817171356,25.036818756796805],[121.62870117616426,25.036974801677562],[121.62849514813215,25.03701629857515],[121.62814560906104,25.037092256442733],[121.62804758410154,25.037119754480855],[121.62795522257845,25.037146147419957],[121.62806131200011,25.037130319000028],[121.62822471900004,25.03709453700003],[121.62837991813748,25.03706845605659],[121.62847624200003,25.037052269000068],[121.62862586200004,25.037023480000077],[121.62873177177185,25.03698604604727],[121.62874888600005,25.03697999700006]]],[[[121.62704604068854,25.037566648628292],[121.62715288800008,25.03749819500007],[121.62722485574234,25.037440969541308],[121.62721377021046,25.037448281807382],[121.62704604068854,25.037566648628292]]],[[[121.62413849680642,25.03648845198968],[121.62411335692444,25.03641633359077],[121.6241032758327,25.036321581646046],[121.62411605242964,25.036154509072603],[121.62413527465475,25.035854245728274],[121.62412837060724,25.035653400912206],[121.62411836984963,25.03557444769805],[121.62402884417516,25.03544617537282],[121.62384544657013,25.035248331190413],[121.62366076485206,25.035102403477186],[121.62362913428309,25.03503256940305],[121.62360685075696,25.034973981008637],[121.62362189834053,25.0348881512858],[121.6236811008425,25.034777308477544],[121.62385308724673,25.034618593265687],[121.62397712212851,25.034530047205333],[121.62415462402448,25.03448190182177],[121.62442036584515,25.03443112893712],[121.62449912131576,25.034390171778522],[121.6246449911598,25.034272194048977],[121.6246861289835,25.03420205373074],[121.62471065992621,25.0340936140039],[121.62472275875452,25.033976198487075],[121.62467811072298,25.033843222483565],[121.62456385951624,25.033602202533483],[121.62452869654996,25.0335075558587],[121.62453432730554,25.033396938597683],[121.62461447991475,25.03308287687335],[121.6246200990619,25.032970002620708],[121.62459446657337,25.032861773821097],[121.62454390176543,25.032782991033677],[121.62447760233233,25.032715559464535],[121.6244176221613,25.032672928439286],[121.62433604694365,25.032646187268025],[121.62422294448191,25.032630864636452],[121.62411869548697,25.032590678126322],[121.62407477109258,25.032538952110663],[121.62405253372398,25.032489391643576],[121.62407410620749,25.03240804826739],[121.62410504840203,25.032342464444863],[121.62426697339266,25.031910693702372],[121.62438546519714,25.031524247568427],[121.6244081152294,25.031411302111444],[121.62429063470455,25.03114321297261],[121.6242625605118,25.03104176616117],[121.62423069034286,25.030924536404168],[121.62429260811793,25.030800140208612],[121.62436422726105,25.03069601667512],[121.62439179688218,25.030637218551316],[121.62440037526756,25.0304972482144],[121.62436490450015,25.030341664263666],[121.62425400806308,25.030089346847927],[121.62406400381036,25.02980802241408],[121.62400977145272,25.02967734476264],[121.62400331517259,25.02962546087944],[121.62401877465572,25.02955994260787],[121.62407499208429,25.02947168251442],[121.62419972030091,25.02933799353764],[121.62430605279519,25.02924049425421],[121.62439956289796,25.029179161299535],[121.62471322343752,25.029055961450073],[121.62485347641154,25.02899217408906],[121.62496702023249,25.028912700127332],[121.6250480177935,25.02882659227606],[121.62511328084733,25.028690896538386],[121.62512254514874,25.02844258655809],[121.62516201412426,25.027984247311196],[121.62518985770107,25.027674920326113],[121.62517051277521,25.027584722266244],[121.62511239560597,25.02748114589458],[121.62506996672936,25.02735719036886],[121.62506964655202,25.027293995926897],[121.62512165358397,25.02723058062722],[121.62545675356535,25.02706214830754],[121.6255224296025,25.027007703071217],[121.62557846132177,25.02694427056202],[121.62566307126852,25.02677689555138],[121.625876348021,25.026581892749572],[121.62600929308499,25.02642108411904],[121.6260121372802,25.02637141819938],[121.62595578511848,25.026432595301507],[121.62584981217387,25.026539122004092],[121.62574035293927,25.026629864375526],[121.6256152742458,25.02675452754493],[121.62555895536057,25.02688341412213],[121.62546050406536,25.027007964619884],[121.6251402206957,25.027167306457414],[121.62503069142247,25.027244506494192],[121.6249994065776,25.027303320324553],[121.6250062060476,25.02736197343474],[121.62508143180051,25.027542215374954],[121.62513640609042,25.027697715854107],[121.62509974424779,25.02803867828013],[121.62507063058317,25.02852405785026],[121.62502472597383,25.02875220925313],[121.62492604516424,25.028892559834624],[121.62477271909098,25.029003799545254],[121.62435574379606,25.029147747811756],[121.62421693430018,25.02925215482959],[121.62399336158633,25.02949459658989],[121.62394176536743,25.02963926229136],[121.62398550416567,25.02977675521592],[121.6241370783729,25.02999053168425],[121.6242226995906,25.0301436469427],[121.62432103879743,25.030362161931468],[121.62434884872376,25.030533577145537],[121.62431296451051,25.030662377355497],[121.62419489801472,25.030827636200865],[121.6241667200933,25.030888694112114],[121.62416394450356,25.030951901910296],[121.62418010312192,25.03102405787814],[121.62430391452867,25.03131920333888],[121.6243274586538,25.031443239464565],[121.62428689481972,25.03162622731867],[121.62411151735311,25.032152848729787],[121.62404363441152,25.032383349650793],[121.62401167134826,25.032491820968357],[121.6240467304592,25.03256615449273],[121.62408135386805,25.03261566272873],[121.6241663815955,25.03265141631327],[121.62427955320302,25.03268028010201],[121.62439900890269,25.032727174982764],[121.62445902352103,25.03277657690997],[121.62452815572874,25.032853024627705],[121.62455495806219,25.033008645765605],[121.6245346247903,25.033150923030767],[121.62448099845471,25.03338362072725],[121.62447201883076,25.03350553711451],[121.62449515120409,25.033609262415762],[121.62456605042954,25.033728585997203],[121.62463447288059,25.03390885931072],[121.62464133167063,25.034039737182315],[121.62463257004872,25.034143596574356],[121.62458729215557,25.03425212348175],[121.62449359327302,25.034338283744344],[121.62440122450919,25.034381555120135],[121.62422243873952,25.03442067663402],[121.6239934194416,25.034446469140935],[121.62380472380208,25.03454657271896],[121.62359610591619,25.034748325338498],[121.62354338323544,25.03485462680007],[121.62352478047022,25.034911130361905],[121.62353753327288,25.034983300949783],[121.62358840836862,25.03506208203126],[121.62367685527383,25.035161017952205],[121.62382046737832,25.035268749504034],[121.62391950037811,25.035378925778847],[121.6240049429768,25.035495930303238],[121.62404322581854,25.035595077437918],[121.6240561281065,25.035696588525333],[121.62406932861585,25.03579584134636],[121.62403731793535,25.036321859527597],[121.62405990009114,25.03643912890379],[121.62413254431239,25.036596813547636],[121.62434552323361,25.037008948719983],[121.62439294764846,25.037139655700788],[121.6243970649668,25.037279572484927],[121.62436258889757,25.037320343228572],[121.62435331797484,25.037327096994147],[121.6244095044683,25.03736501714332],[121.62443822746532,25.037335824709263],[121.62445110723966,25.03725000459254],[121.62444348031478,25.037150728560675],[121.62440810979676,25.037015456984598],[121.62429702098257,25.036787966372],[121.62421266655404,25.03664161616317],[121.62413849680642,25.03648845198968]]],[[[121.62491274970058,25.03773313830196],[121.62491497872172,25.037735147474397],[121.62491746814528,25.03773343186227],[121.62493050700006,25.037724446000027],[121.62502466300009,25.037691531000057],[121.62503081645399,25.037689515333565],[121.62487786169304,25.037681556658075],[121.62484307371984,25.037684759004893],[121.62490823776807,25.0377305147205],[121.6249119502947,25.037733088565577],[121.62491274970058,25.03773313830196]]],[[[121.62476842348502,25.037718128383197],[121.6247540679142,25.037708206282947],[121.62471403696756,25.037740926819506],[121.6246808520122,25.037929938373175],[121.62471814324104,25.037855615646187],[121.62471862492228,25.03785150062061],[121.6247495569786,25.037783660667262],[121.62475570184043,25.03778075991752],[121.6247701439635,25.03775197617969],[121.62477533943289,25.037738412348723],[121.62477373371833,25.0377271340854],[121.62476842348502,25.037718128383197]]],[[[121.62386674568666,25.03755264518742],[121.62394520589405,25.037513945793368],[121.62402355118284,25.037513615848262],[121.62412194447404,25.037497402408597],[121.62431608164243,25.037431131490436],[121.62432156224423,25.03742765956798],[121.62432132302246,25.037426595488796],[121.62431632251075,25.037417588473932],[121.6243063673695,25.03740860239658],[121.62427264608438,25.0373858662644],[121.62426910440543,25.03738844639603],[121.6240777428146,25.037452448580883],[121.62392911508289,25.03745533154079],[121.62387687334711,25.037473607529595],[121.62365507104046,25.037702498316044],[121.62345277544806,25.038053184598194],[121.62338750308457,25.03818887918264],[121.6233438049723,25.038243230996148],[121.62328484155235,25.03827959100867],[121.62324161504687,25.038298345804915],[121.62325033040072,25.038313591152885],[121.62326458656034,25.0383157881909],[121.62327332591205,25.03832929342789],[121.62329251387416,25.038326955721313],[121.62330306546582,25.038331425337212],[121.62330800188892,25.03833358023911],[121.62334259995195,25.038310946045055],[121.62339469345494,25.038263329914],[121.62344145388295,25.03820219420187],[121.6234931809637,25.038082355582592],[121.6236803944516,25.037749788726213],[121.62374592953486,25.037666003855538],[121.62386674568666,25.03755264518742]]],[[[121.62343171600003,25.055001703000073],[121.62338122900006,25.055022364000024],[121.62329292000005,25.05516812900004],[121.62324792906158,25.05523432247115],[121.62334752820657,25.055152616907684],[121.62341569789167,25.05509816018687],[121.62361602357622,25.05508603061445],[121.62374754880257,25.05512610328634],[121.62382946259358,25.055155099730886],[121.62394464603513,25.055330664910027],[121.62399381311675,25.055436539507824],[121.62404689301887,25.0555807676599],[121.62405118652819,25.055693602691726],[121.62409126461417,25.05565732064576],[121.62412215326104,25.05558045021687],[121.62417758995727,25.055519275662014],[121.62420916717788,25.055455944679917],[121.62421435149263,25.055440123366058],[121.62421596227229,25.055438295928912],[121.62421619734586,25.0554419645035],[121.62422051111419,25.055433326189643],[121.62423518430154,25.055416533338434],[121.62422074800008,25.055385051000023],[121.62412856800007,25.055274855000047],[121.624066705,25.055235833000047],[121.6239859100001,25.055206001000045],[121.62382350288652,25.05514776783346],[121.62408241993396,25.055260114878468],[121.62383148509458,25.05515123178883],[121.6238234977909,25.055147766006346],[121.62380665000002,25.055141725000055],[121.6237925427113,25.055134334243068],[121.62375236153323,25.05511689917007],[121.62352089453802,25.055016462637106],[121.62379253847755,25.055134332025023],[121.62365767800009,25.055063679000053],[121.62348977900002,25.055003997000025],[121.62343171600003,25.055001703000073]]],[[[121.6228330516505,25.039820003543127],[121.62290230300003,25.039791681000057],[121.623014978,25.03971959700004],[121.62314022300008,25.039645125000042],[121.62327404448796,25.03953935744171],[121.62325641699934,25.03950280020109],[121.62315861781093,25.039586924201647],[121.62291360738479,25.03975948599771],[121.6228330516505,25.039820003543127]]],[[[121.62287967315707,25.03865632637387],[121.62287848297981,25.038653605805518],[121.62287837447856,25.03865739948819],[121.62287967315707,25.03865632637387]]],[[[121.62212564200003,25.056187340000065],[121.62201837400006,25.056276865000026],[121.62190226800011,25.056354911000025],[121.62174829600009,25.05644672900007],[121.62164985800007,25.05651215200004],[121.62155393900002,25.05656036600004],[121.62147064100009,25.056600536000076],[121.621322963,25.056641852000038],[121.62113742100009,25.056679724000045],[121.62096575300008,25.05669120100004],[121.62083447400006,25.056690051000032],[121.62065648600004,25.05667514000004],[121.62060320451337,25.05666442194792],[121.6206208318032,25.05668985100166],[121.62066499497399,25.05672577869648],[121.6207509355379,25.05675475997069],[121.62085693893209,25.056770114683392],[121.62102816640714,25.05676036798592],[121.62121545320691,25.05674152544321],[121.62143199078983,25.056688703953302],[121.62153806277068,25.056656659664267],[121.62167731984835,25.05657256353395],[121.62181553264924,25.056465901053343],[121.6221961006729,25.05614605597401],[121.62248175671974,25.055860464967243],[121.6226855914206,25.05568581363253],[121.62293528736346,25.055504082087076],[121.62284368200004,25.055560662000058],[121.62268213200002,25.055636405000026],[121.62259001500001,25.055722495000055],[121.62241082600008,25.055894659000046],[121.62231745400005,25.05601402100006],[121.6222341670001,25.056089779000047],[121.62219126900004,25.056144867000054],[121.62212564200003,25.056187340000065]]],[[[121.62276046397328,25.038688055421375],[121.62272719116817,25.038722050216396],[121.62269014407686,25.038805714820842],[121.62267645710216,25.039038243134158],[121.62267818246481,25.039086378534307],[121.62272215220403,25.039078174670262],[121.62273177269456,25.039076379679315],[121.62274011664566,25.039072959121206],[121.62273984803481,25.03901992079335],[121.62274622852468,25.0388122501476],[121.62278411143453,25.03874028997234],[121.62278515311544,25.03870077595126],[121.62278607194922,25.038665921865196],[121.62276046397328,25.038688055421375]]],[[[121.62270260964608,25.03974656128491],[121.62271677976727,25.039744982152293],[121.6227492735402,25.039741361008016],[121.62275046925333,25.03964957862563],[121.62274971812502,25.039501271680155],[121.62271758728728,25.03950255483688],[121.62269606582466,25.03950341430041],[121.62269759748435,25.039543721863524],[121.62269429288352,25.03962498767211],[121.62270260964608,25.03974656128491]]],[[[121.62268511208933,25.03927970555862],[121.62269330995422,25.03943088998003],[121.62269408474882,25.03945127972274],[121.62271805061731,25.03945022953566],[121.62274945264468,25.039448853489326],[121.6227489718315,25.03935391817659],[121.62274069387585,25.039186935101068],[121.62274052081358,25.039152763466202],[121.6227234791143,25.039150895465546],[121.62272128841174,25.039151348644726],[121.62268081138477,25.03915972190883],[121.62268511208933,25.03927970555862]]],[[[121.62274830989352,25.039815330025746],[121.62273343159968,25.039818476395414],[121.62271150720252,25.039823112828266],[121.62270581865724,25.039823952544563],[121.62270482027851,25.03986857314923],[121.62274782007034,25.039852928581727],[121.62274830989352,25.039815330025746]]],[[[121.62171131500008,25.040253658000037],[121.62176753100005,25.04020500400003],[121.62186111300002,25.040112439000033],[121.62193924677028,25.040059875722637],[121.6219474710001,25.040054343000065],[121.62211936000006,25.039982927000036],[121.6222173530001,25.039955723000052],[121.62231425500012,25.039945738000032],[121.62244766200001,25.039933147000056],[121.62263246800002,25.039894897000064],[121.62269789471077,25.039871092871028],[121.62265195484139,25.039886977284368],[121.62260028518679,25.03989622232163],[121.62252813140745,25.039896525384542],[121.62237142550774,25.03989492646832],[121.62227794997692,25.039904346925756],[121.62206912622561,25.03994584942782],[121.62198100635906,25.0399733031897],[121.62191301520241,25.04000067244161],[121.62186053049399,25.040032490597607],[121.62179510791822,25.040077904985054],[121.62171741240445,25.040145940779524],[121.62156002438043,25.040315875535804],[121.62137284812758,25.040535588857153],[121.62133006546152,25.04058767908293],[121.62106038488766,25.040904788495332],[121.62101183195016,25.040979472727347],[121.62087780392024,25.04118322289227],[121.62088681463614,25.0411908916776],[121.62088960820729,25.041194107171954],[121.62088960795928,25.04119410756793],[121.62089825752206,25.041200799109763],[121.62089855432802,25.04120102872705],[121.62090411000007,25.041193173000067],[121.62095509100004,25.041123907000042],[121.621039633,25.04100847200004],[121.6211403640001,25.040873383000076],[121.62118147600006,25.040826023000022],[121.62121388300012,25.040790163000054],[121.62129490100007,25.040701143000035],[121.62135213300007,25.040627244000056],[121.62137600940713,25.040589192236393],[121.62137818500004,25.04058572500003],[121.6213897470279,25.040574860198475],[121.6214718120001,25.040497744000046],[121.62153316901707,25.040425232441347],[121.62157643400009,25.040374102000044],[121.62162810631199,25.04032618727686],[121.62164260600004,25.040312742000026],[121.62171131500008,25.040253658000037]]],[[[121.62079827336805,25.054059652048835],[121.62072123834324,25.053953895809546],[121.62058479788062,25.05379873448311],[121.62044395193642,25.053690988688626],[121.61866072705415,25.05260606941319],[121.61834138689643,25.052415561153833],[121.61818392492243,25.05232819702645],[121.61712597636505,25.051653261160013],[121.61703952663186,25.05159601559619],[121.6170014802353,25.051666542293336],[121.6181827404298,25.05240042644323],[121.62043169922794,25.05377906345581],[121.62054776858497,25.05388691317226],[121.62066384956806,25.05399701974412],[121.62072109746659,25.054109630058285],[121.62076045212126,25.054174918219594],[121.62084611108536,25.05439348870066],[121.62085591538317,25.054555952223417],[121.62085294278278,25.054641731047983],[121.62085273230389,25.054645044052695],[121.62086414400004,25.054621799000067],[121.62086648196296,25.05461725012409],[121.6209461430001,25.054462257000065],[121.62094694186851,25.05446037299567],[121.62093915440546,25.054419316312856],[121.62093941043642,25.05441861897457],[121.62093957127193,25.05441818091519],[121.62093945942684,25.054417924048092],[121.62093404579619,25.054388605649827],[121.62084206680915,25.054145234646732],[121.62079827336805,25.054059652048835]]],[[[121.62045768863794,25.041883723259456],[121.6204576917438,25.041883717003635],[121.62045976700004,25.04187953700005],[121.62049797100009,25.04179202200004],[121.62054145900004,25.041729702000058],[121.62063216000001,25.04159930100008],[121.62072522000004,25.041452814000024],[121.62077486200009,25.041375526000024],[121.62078538290433,25.04136051635402],[121.6207853857064,25.041360512356448],[121.62080965400004,25.041325890000053],[121.62084942900003,25.04127049200002],[121.6208588597308,25.04125715693538],[121.62085296577446,25.04125261169922],[121.62084774962878,25.041248126465053],[121.62083947279315,25.041241493901047],[121.62083020236169,25.041255586805597],[121.62068582716516,25.04148866171671],[121.62058166649518,25.041651601354157],[121.62043487016412,25.041895971196393],[121.62030410825653,25.042126731885407],[121.62015571499764,25.042341999148416],[121.62017173211188,25.042340286035618],[121.62017173137596,25.042340287210614],[121.62019138240761,25.04233779114167],[121.62020166546722,25.04233648498779],[121.62022953600001,25.04230138300005],[121.62030653500007,25.04218715600007],[121.62035737100008,25.042102974000045],[121.62036022200003,25.042094746000036],[121.62039046000007,25.042007472000027],[121.62042887500002,25.04194176000005],[121.62045768863794,25.041883723259456]],[[121.62028381655995,25.04216133068131],[121.62029870623982,25.04213755759799],[121.62029214460773,25.04214935189609],[121.62028381655995,25.04216133068131]]],[[[121.62018353123294,25.05571889292097],[121.62014815466382,25.055766439392375],[121.62013586866469,25.055847744927746],[121.62012944431376,25.055924511779963],[121.62014394260254,25.056035046792143],[121.62016559922013,25.056091382442133],[121.62017534480044,25.056104566387106],[121.6201753487408,25.056104807539096],[121.62019574051422,25.056144693150625],[121.62019936000003,25.056084018000032],[121.62019049700007,25.055992223000032],[121.62019549700007,25.05582349600007],[121.62022827200008,25.055677730000074],[121.62027588292743,25.055577143128293],[121.62023638867063,25.05563623492858],[121.6202357530709,25.05563804095191],[121.62018353123294,25.05571889292097]]],[[[121.61957433830838,25.04301904043289],[121.6195409767839,25.043044280581963],[121.61954163976749,25.043045074168173],[121.61955212448972,25.043055429063728],[121.6195731706491,25.043039919637838],[121.61966149800003,25.042963535000066],[121.61972274500012,25.042913698000064],[121.61977898300007,25.04286733000003],[121.61984618300005,25.04278187100004],[121.619942066,25.042666338000057],[121.62001429200005,25.042579693000043],[121.62005403500007,25.042520836000044],[121.620105082,25.042458457000063],[121.62014316895734,25.042410259335227],[121.62012601760445,25.0424117427466],[121.62010605023714,25.042414045332045],[121.6200762973435,25.042457206319426],[121.6199685919306,25.042593076581245],[121.61982857452219,25.042769707843487],[121.61967570049305,25.04291479483428],[121.61952497875157,25.043025030401633],[121.6195409753391,25.043044279722174],[121.61957433830838,25.04301904043289]]],[[[121.61928877900006,25.04325481500007],[121.61928956138043,25.043254213357898],[121.61930323164887,25.04323910258813],[121.61945996928327,25.04312334034988],[121.61950944602248,25.043086879821026],[121.61950940498795,25.043086838152767],[121.61949929107935,25.04307581848742],[121.61948196916897,25.043055644913842],[121.61928319627471,25.043196303465756],[121.61925140343259,25.04322052684378],[121.61927270974128,25.043255323658222],[121.61927842954914,25.0432627750488],[121.61928877900006,25.04325481500007]]],[[[121.61891623500001,25.04379812400003],[121.61900676200001,25.043649364000032],[121.61905735300002,25.043539943000038],[121.6191070640001,25.043469542000025],[121.61916809900003,25.043397904000074],[121.61917498754191,25.043387770918777],[121.619184355092,25.04337050558486],[121.61919388820955,25.043359967937366],[121.61921281400011,25.04333212800003],[121.61923584420134,25.043306298367376],[121.61923285071894,25.04330187178535],[121.61920405723795,25.043256600492406],[121.61919681603685,25.043262117649533],[121.61914298602534,25.04333456665336],[121.619108907193,25.04339339106789],[121.6190230153126,25.04355625394887],[121.61889964906159,25.04378021233822],[121.61877601812243,25.04401319971612],[121.61865604611086,25.044234886720492],[121.61854496359561,25.04443848051867],[121.61843405417312,25.0446149895578],[121.618353402471,25.044773316169085],[121.61828892538713,25.044884178269253],[121.61798595364293,25.045449722123195],[121.61799540896722,25.04546316370853],[121.61799982907664,25.045468621275408],[121.61810909900011,25.04527116000002],[121.61819826500005,25.04511207800004],[121.61825842451802,25.04498523568988],[121.61825999900009,25.044981916000037],[121.61826216165682,25.044978444900007],[121.61837784700005,25.04479276800004],[121.61844453800006,25.044654525000052],[121.61852385000009,25.044518488000055],[121.61862048600005,25.044350172000065],[121.61869098100011,25.04421418800007],[121.61876277600004,25.044082793000033],[121.6188369340001,25.043935321000045],[121.61891623500001,25.04379812400003]]],[[[121.61776383300003,25.04591424200004],[121.61782444800006,25.045799011000035],[121.61790480800005,25.04564115600005],[121.61793154665064,25.045592554731765],[121.61792774037173,25.04558612424236],[121.61792774066838,25.045586123703316],[121.61792014748248,25.04557255879551],[121.61780661858083,25.045784476201394],[121.61765083711732,25.046052658627076],[121.61766381418529,25.046065701211855],[121.61766358304006,25.046066121222967],[121.61766804026186,25.046070802586083],[121.61771171000011,25.045996135000053],[121.61776383300003,25.04591424200004]]],[[[121.61762405667577,25.04614600679682],[121.61762121967465,25.046143098852745],[121.61762134064311,25.046142879043476],[121.61760745837199,25.046127336246258],[121.61752537381848,25.046268646675724],[121.61738789290324,25.046519746768702],[121.61723681924288,25.046777674565305],[121.61715710522361,25.046938253846875],[121.61699275558759,25.047266203956802],[121.61698294753268,25.04728655784315],[121.61698281241213,25.047286833760772],[121.61698288156184,25.047286730001055],[121.61691427973597,25.04742677810151],[121.6169053993679,25.04744725938594],[121.61694655500003,25.04738391900003],[121.617017185,25.047261703000064],[121.6170681230001,25.04718785100004],[121.61713366800008,25.047061106000058],[121.61716692600011,25.046982810000028],[121.61723389900011,25.04687324000003],[121.6173203940001,25.04669813500004],[121.61738609400004,25.046587441000035],[121.61743275218835,25.046485556474757],[121.61745518700003,25.046436567000054],[121.6174773624738,25.046404496699395],[121.6175533390001,25.046294619000037],[121.6176200000001,25.046152943000035],[121.61762405667577,25.04614600679682]]],[[[121.6162927407892,25.049744888956237],[121.61629286151599,25.049745463812116],[121.6162888586938,25.049806006934972],[121.61619837975965,25.05053765383019],[121.616154890754,25.050819962645082],[121.61616083936822,25.050894419451364],[121.6161885574803,25.050986841573973],[121.61621956894167,25.051056679755337],[121.61625709542707,25.051128747756156],[121.61635275088814,25.051243456480677],[121.61647587893921,25.05133999428503],[121.61694247397854,25.051629882812897],[121.6169837721956,25.05155909588179],[121.61658404639816,25.05129440230639],[121.61642738022614,25.051179948453754],[121.61634194476015,25.05106519712419],[121.61628676907407,25.05093226329947],[121.61626514279673,25.050819502612228],[121.6162952543471,25.050586904029263],[121.61629555886661,25.05058418743831],[121.61629573048178,25.05058494494921],[121.61630520617899,25.050498993432278],[121.61630366400006,25.050417507000066],[121.61631499100008,25.05028322200008],[121.61634398100011,25.050148927000063],[121.616351515,25.049998572000046],[121.61634011900001,25.04987003400004],[121.61631104400011,25.049715071000033],[121.61629901729327,25.049663583416717],[121.6162927407892,25.049744888956237]]]]}},{"type":"Feature","properties":{"河流":"大崙湖","縣市":"臺北市","行政區":"內湖區","區域":"臺北市內湖區"},"geometry":{"type":"Polygon","coordinates":[[[121.58354330732588,25.106082632379454],[121.58352224892482,25.106084972646727],[121.58347387220182,25.106141589170175],[121.58345641511828,25.106184541388345],[121.58344610580859,25.10623197937121],[121.58341496209134,25.106263700634937],[121.58335906328995,25.10630229077338],[121.58332911600152,25.10632497924834],[121.58329237365733,25.106352208594956],[121.58325133642408,25.106388482950596],[121.583223355381,25.106433733747267],[121.58322354840365,25.106474359184286],[121.58324473555194,25.10649910257895],[121.58329717375747,25.106514694417736],[121.5833705739098,25.106507633272493],[121.58343679407697,25.106489315421072],[121.58346829058574,25.106466620798937],[121.58349251055779,25.106412356787732],[121.58351998856854,25.106326481741437],[121.58354747727687,25.10624286366002],[121.58356827821225,25.10618635614711],[121.5835751792368,25.106138931634803],[121.58356446228302,25.106100604824736],[121.58355725013179,25.106082577253574],[121.58354330732588,25.106082632379454]]]}},{"type":"Feature","properties":{"河流":"大湖(十四分坪)","縣市":"臺北市","行政區":"內湖區","區域":"臺北市內湖區"},"geometry":{"type":"Polygon","coordinates":[[[121.6056919707199,25.0824527188159],[121.60582203145806,25.082379960146145],[121.6059516594683,25.082282375802905],[121.60608115328981,25.082157707527752],[121.606141147319,25.082073951073706],[121.60627973159102,25.081845422466166],[121.60637184021213,25.081678024442798],[121.60650553445106,25.081463058048257],[121.60666730642475,25.081225405949645],[121.60679803305725,25.080974339176883],[121.60687807013292,25.08080924754462],[121.60697393627791,25.080587665241627],[121.60702157754424,25.08038659437269],[121.60705546007514,25.080034359551863],[121.60701458365973,25.079598922227827],[121.6069705513468,25.078838486513014],[121.6069369287515,25.078554239794304],[121.60689355811007,25.07849122138464],[121.6067255173628,25.078462570551128],[121.60667408428723,25.078460524824713],[121.60655917054959,25.078463253871774],[121.60649713222594,25.0785718458019],[121.6064271785088,25.078833947826826],[121.60635869636644,25.079393970904974],[121.60637687753162,25.079499976351677],[121.60644564971327,25.079562890574984],[121.60645688213037,25.079641840261583],[121.60643754980681,25.079804425345802],[121.60641510605355,25.079901569528854],[121.60636143077586,25.080010127088862],[121.606269938144,25.08005112921844],[121.60616242632733,25.080110253250552],[121.60595222505054,25.08020139702242],[121.60560772359491,25.08025923608397],[121.60546215140974,25.080264347165215],[121.60525703553915,25.080256160062696],[121.60501472611763,25.080306807737628],[121.60493401929565,25.080336479760952],[121.6048376012092,25.08032107560493],[121.60477902025212,25.080314544501366],[121.60473100503074,25.08031474117426],[121.60465893820212,25.080337606565745],[121.6045406491124,25.08041031571208],[121.60381777211985,25.080442614834748],[121.60372625547319,25.080479101435643],[121.60365870565927,25.080727650301096],[121.6036151841967,25.08088581992338],[121.6036018757638,25.080951328031006],[121.60358479543527,25.081068763113237],[121.60358959846465,25.081163538500807],[121.60364904388575,25.08121972111201],[121.60368171507787,25.081248928867687],[121.60372499651456,25.081293892408286],[121.60374137150653,25.081347994043657],[121.60365921514463,25.081461181128724],[121.60364565239334,25.081537975394355],[121.6036508207776,25.081644034403475],[121.6037111080526,25.081745354037505],[121.60378648591481,25.08182855575617],[121.60392647501587,25.08188440892941],[121.60435344446428,25.081963915070094],[121.60461561999331,25.081983155123133],[121.60481555106891,25.08200716352308],[121.60486654243218,25.08198212731476],[121.6048876502904,25.081927872230462],[121.60487529079313,25.08187149726156],[121.60486084071172,25.08183093002926],[121.60485622572583,25.081774523323084],[121.60488858572053,25.081740535355205],[121.60494918011148,25.081715459775182],[121.60500030482581,25.08171750727706],[121.60505615411816,25.081735334567178],[121.6050749300402,25.081773627021693],[121.60508909266314,25.081818709456407],[121.60506132376774,25.081841393525007],[121.60501028800522,25.08185740187863],[121.60497797251577,25.081900417787892],[121.60497825064711,25.081956842259746],[121.60497853990458,25.082015523710027],[121.60495078216483,25.08204046476516],[121.60490881921358,25.082074492175167],[121.60489291121965,25.082115183893254],[121.60502827870623,25.08223876573361],[121.60506828732682,25.082310826684992],[121.6050871640017,25.082369432073307],[121.60509231233989,25.082470977292076],[121.60508842362844,25.08262447122758],[121.60509795117335,25.08267182978933],[121.6051352030222,25.082687476291838],[121.60531824815301,25.082616757904873],[121.60556652307913,25.082518687352504],[121.6056919707199,25.0824527188159]]]}},{"type":"Feature","properties":{"河流":"指南溪","縣市":"臺北市","行政區":"文山區","區域":"臺北市文山區"},"geometry":{"type":"MultiPolygon","coordinates":[[[[121.60743614769346,24.970094223896265],[121.60793042553603,24.970096720223687],[121.6080459183986,24.97004433871445],[121.60822219106153,24.969953340677908],[121.60833917532962,24.96988966811596],[121.60844161633278,24.969889249490464],[121.6085075487379,24.969891236969566],[121.6085833401744,24.969884156320745],[121.60861580308644,24.969877252767684],[121.60853774481646,24.969864030154273],[121.60846401941383,24.969850789790534],[121.60833090554077,24.96984456291569],[121.60826822418373,24.969874159369148],[121.60820617292437,24.969906010173645],[121.60807348263066,24.969985545436106],[121.60794405164903,24.970035726930927],[121.60783637146852,24.97004068051299],[121.60741086742505,24.97005144498099],[121.6069281187577,24.97006469857229],[121.60658576722722,24.97005480910941],[121.60618533163053,24.970065467940145],[121.60605913746537,24.97008178038711],[121.60593919970893,24.97011160897887],[121.605719235376,24.970163785790202],[121.60573915739842,24.970221537977046],[121.60584958229414,24.970202251805706],[121.60617342819607,24.970099370688953],[121.60668197603556,24.970108583914215],[121.60694320793496,24.970112033030823],[121.60743614769346,24.970094223896265]]],[[[121.59551567184334,24.972421930776182],[121.59602499095567,24.972268673999118],[121.59653977039845,24.972092824151087],[121.59678914786612,24.972076025111566],[121.59703271651372,24.97194640088925],[121.59727062614951,24.971798743381115],[121.59747126973387,24.97175279847489],[121.59765704373193,24.97176785097928],[121.5978023834429,24.971805635327524],[121.59811212875029,24.971919495193433],[121.59822587823176,24.971952892171274],[121.59831999790048,24.97195928451246],[121.59896481173539,24.971920578282983],[121.59911778153891,24.971872566214977],[121.59932584345587,24.971761137461193],[121.59953442162302,24.97175578338334],[121.59976654175699,24.971818042787408],[121.60015774307526,24.971879660340704],[121.60041559727698,24.971887648018466],[121.60067182694958,24.971879843122355],[121.6010469711623,24.97175870980506],[121.60124196536798,24.971696984330993],[121.6013139676004,24.971674123860325],[121.60140553415597,24.971664726018997],[121.60150642965962,24.971664318233007],[121.60166148685569,24.97166369141021],[121.60183740219794,24.97162461184376],[121.60204952886785,24.97152219084861],[121.60229272570899,24.97150766503667],[121.60239314595027,24.971473404257353],[121.60274865642384,24.97132526270901],[121.60295944431384,24.97126572798857],[121.60314444453161,24.971249179624138],[121.60336413000542,24.97117380959261],[121.6036430059833,24.971113997838046],[121.60388140441067,24.971067891548817],[121.60416997213528,24.97083876792035],[121.60427065614968,24.970795477117626],[121.6044895881676,24.97075622003064],[121.60455872598494,24.97071757104883],[121.60466519034217,24.97065394393542],[121.60487745443046,24.970454469688725],[121.6049695819913,24.970370588052003],[121.60508540816669,24.97032272129684],[121.6054791235311,24.970266953642255],[121.60564705369715,24.970237624208934],[121.60562495586501,24.970186149324785],[121.60557132821071,24.97019887002201],[121.60521943872573,24.970263495684286],[121.60508055507886,24.970279858909525],[121.60495073532775,24.970314240803283],[121.60487240184784,24.97037098293824],[121.60477396334781,24.970493258368837],[121.6046288911586,24.970636035743865],[121.6045075822711,24.970701980067524],[121.6043619556351,24.97073191176535],[121.60417430445501,24.970775555618648],[121.60405458653409,24.97085052108848],[121.60391737122198,24.970954897882688],[121.60378805864761,24.97102990208355],[121.60363407461892,24.97105986716272],[121.60343985631066,24.971089995236],[121.6030732718898,24.97118853029775],[121.60278601700206,24.971243861021406],[121.60257302946482,24.97129663354021],[121.60238807291253,24.971385403565733],[121.60224913147968,24.971453674558465],[121.60210092759493,24.971463302079716],[121.60200843276591,24.971472704101263],[121.60176324531197,24.971586543503296],[121.60164326042486,24.971607341232577],[121.60139727783007,24.971621877245283],[121.60114248508475,24.971670302763766],[121.60084971228211,24.971736936840767],[121.6004366883585,24.971833396002385],[121.6001928275935,24.9718388936518],[121.59980777232697,24.971768223596044],[121.5995933264897,24.971712663908864],[121.59944133116645,24.97170650537911],[121.59932376676826,24.9717160067195],[121.59926999141571,24.97173202196895],[121.59908502093514,24.97181853121484],[121.59896453724954,24.971864155487335],[121.5987374771669,24.97188763910574],[121.59841101398581,24.97190023750465],[121.59828928342421,24.97188041451561],[121.59817191873461,24.97186734474047],[121.59804202074868,24.971822727831263],[121.597878941062,24.97176470239598],[121.59766478382085,24.971704625004374],[121.59750779298007,24.971689456894232],[121.59730886411835,24.971706054452632],[121.59709611440164,24.971808471769368],[121.59691590519455,24.971919786117013],[121.59674016306288,24.971994970975025],[121.59662911958976,24.972008958171],[121.59645782275861,24.9720434995708],[121.59631415847814,24.972095985728817],[121.59607348704894,24.972184971970098],[121.59562468774428,24.972308645949866],[121.59543481664154,24.972406455725952],[121.59531953412643,24.972503966770482],[121.59519053142607,24.972644415038673],[121.59504766256002,24.972861655619393],[121.5949784767943,24.972891273020224],[121.59483005940238,24.972921207339112],[121.59469511182012,24.97294403834955],[121.59469519991097,24.972944273476063],[121.59471333481282,24.972992677988152],[121.59475635105865,24.972975669392703],[121.59498125829768,24.97295445698734],[121.59508964126243,24.972902113055028],[121.59522925139017,24.972651030976603],[121.59551567184334,24.972421930776182]]],[[[121.58782248142765,24.975555889618704],[121.58798272107839,24.975602651811307],[121.58839302513752,24.975774813971356],[121.58846289736054,24.975758738317545],[121.58853364407456,24.975731374290618],[121.58859538275294,24.97569727500474],[121.58880365618924,24.975497835661137],[121.58908321455908,24.975189778509485],[121.5892418403532,24.975028904045253],[121.58959068331515,24.974711544008652],[121.58967801297867,24.97465703020969],[121.58975059465442,24.974625144622053],[121.59000831307976,24.974603809162822],[121.59027913884083,24.974604990955747],[121.59035585219414,24.974595658417503],[121.59056653208307,24.974511313540205],[121.5907642185432,24.97436382476098],[121.59104879357497,24.974134739275282],[121.5912092461862,24.97403253746427],[121.59188555521449,24.973847031572994],[121.59230466758945,24.973662547572168],[121.59261101799248,24.973521394421663],[121.5928626088091,24.973513620466278],[121.59310182555365,24.973571347643205],[121.59326815763956,24.973597767665723],[121.59357322673404,24.973576237258353],[121.59375829053832,24.97350778916273],[121.59411555809788,24.973271637055205],[121.59436345373777,24.97313974208957],[121.59461795742799,24.973030390090226],[121.59464057689793,24.973021446385964],[121.59462430205397,24.97297429871207],[121.59462320537445,24.97297112166708],[121.59423778626966,24.973137987383986],[121.59405359288134,24.97325834282284],[121.59393671751897,24.973346831586003],[121.59373272642985,24.973469522750655],[121.59354730962285,24.973528944334458],[121.59327658425426,24.973548080661743],[121.59308234285389,24.973510487116076],[121.59286015959566,24.97345494894465],[121.59272179146255,24.97345098668426],[121.59258327686406,24.973480879475968],[121.59233620933217,24.973592455722383],[121.59187228466361,24.973790660096903],[121.5914976257281,24.973886944077346],[121.59119725731888,24.973985188706248],[121.59104421110096,24.974082847108942],[121.59087215986077,24.974218949457516],[121.59053627193157,24.97446178033187],[121.59044268773262,24.974502777602485],[121.5902916118094,24.974559801945496],[121.58999722063712,24.974549685804423],[121.58974790218468,24.97458001581086],[121.58967117796735,24.974587091106326],[121.58964006538561,24.97455335989935],[121.5895795458194,24.97445429304895],[121.58949909500663,24.97426502620462],[121.58946613879465,24.97410491165593],[121.58940553557063,24.973859141645896],[121.58935343392936,24.973708130756364],[121.58933329763903,24.97357504876344],[121.58932979872614,24.97342610195413],[121.58937902966021,24.97323632049073],[121.58945636952056,24.97284104242567],[121.58950428503566,24.972441367040407],[121.58944871078555,24.972211375362956],[121.58943872999555,24.97200151576741],[121.58944238188018,24.971859311542143],[121.58951410116737,24.97171232358843],[121.58960878781306,24.971578786456824],[121.5896450013473,24.971449995049763],[121.58965060728612,24.971328095912106],[121.58963099278708,24.97117469902372],[121.58960165835856,24.971059709310406],[121.58960999570822,24.970926514439356],[121.58965049200874,24.970851873590334],[121.58977207131787,24.97071145890282],[121.5897988956837,24.970625587329074],[121.58980255796502,24.970485640061103],[121.58982012575493,24.970341123707623],[121.58983382817087,24.97016502495915],[121.589776498984,24.97002080549001],[121.58970011126392,24.96990374527396],[121.58969969620382,24.969752529242243],[121.58971267987137,24.9696847683813],[121.5897395365163,24.96960566764074],[121.58968040634915,24.969666840432335],[121.58965885424855,24.969754948069127],[121.58966381430254,24.969885833273104],[121.5897418292846,24.970084138347328],[121.58976482233807,24.970167555474127],[121.58976006431259,24.970530948109413],[121.58972202663388,24.970666517685444],[121.58964794707414,24.97077288937462],[121.58957339977502,24.970910860616677],[121.58955635330855,24.971035062085022],[121.58956816545789,24.971174948041703],[121.5896078578663,24.97138468986548],[121.58958572297064,24.97154502318332],[121.58952643369217,24.97163779436566],[121.58939280847953,24.97184822309694],[121.58938402083616,24.971952079014795],[121.58940341614826,24.972188985078194],[121.5894362712808,24.972457435495812],[121.58941854184482,24.972762198074005],[121.5893818139908,24.973042209175848],[121.5892894127084,24.97339466444686],[121.58929091800483,24.973579730841074],[121.58931286784923,24.973703777656002],[121.5893541151525,24.97385031760032],[121.58938074466275,24.974046568879746],[121.589441679073,24.974296851528212],[121.5895580688126,24.974558199074195],[121.58959883005784,24.974603176904242],[121.58955214265106,24.97467784224649],[121.58926333916627,24.974929511847414],[121.58895133819637,24.975248982859245],[121.58869270670937,24.975532130095743],[121.5885567883259,24.97565228844961],[121.58847807016986,24.97569548289775],[121.58839922238703,24.975711594117215],[121.5878395655095,24.975503911569973],[121.58765392845363,24.97551818804645],[121.58745381247068,24.975611515700447],[121.58717354063522,24.975836064578516],[121.58711414181381,24.97587715663337],[121.58714810857954,24.97592675249795],[121.58726851520733,24.975826661164554],[121.58748767767875,24.975638465451848],[121.58764984341737,24.975570114642526],[121.58782248142765,24.975555889618704]]],[[[121.5849243503113,24.976099978047],[121.58502206791938,24.976081537354712],[121.58519307365637,24.976049265990056],[121.58525827173519,24.976026439322638],[121.58543850677962,24.975917394130818],[121.58550193364447,24.975912630146137],[121.58557039851323,24.97592590207723],[121.58564699646155,24.975957197711935],[121.58577768463464,24.97603793344199],[121.58592283370567,24.976100556199544],[121.5860703836983,24.976147370509587],[121.58619433615308,24.976178478983297],[121.58630520340918,24.976191583205967],[121.58641166230522,24.976188905923554],[121.58652054342603,24.976174934122085],[121.5867587517168,24.976085971169407],[121.58695071708279,24.976035559181245],[121.58707632501483,24.975971231829675],[121.58704344800574,24.975920248972866],[121.58687776819154,24.975990707951407],[121.58674790559155,24.976018304756497],[121.58648808591161,24.976118637911657],[121.58639005901925,24.97613708078474],[121.58622592474144,24.97611741596151],[121.58600584315789,24.976048318254115],[121.58570692208039,24.975932134664447],[121.5855400758228,24.97586282630663],[121.5854400845521,24.975858706540215],[121.5853425604954,24.975917772306364],[121.5852219094072,24.975994984947977],[121.584910805543,24.97605037792164],[121.58474239375526,24.9761074654855],[121.58441591199329,24.9762486830638],[121.58397018647202,24.97643776705137],[121.58370464311469,24.976506521253455],[121.58366135095865,24.97651964827334],[121.58367643468355,24.97657126939117],[121.58371263770202,24.97656065718282],[121.5839843177182,24.9764805939527],[121.5844371620437,24.976291481986127],[121.58475748598374,24.976157059533875],[121.5849243503113,24.976099978047]]],[[[121.582950458794,24.977048902882537],[121.58314568117122,24.976901432576096],[121.58349411728125,24.97662471200187],[121.58360719447434,24.976591565774658],[121.58360938076015,24.97658589010042],[121.58360047500913,24.976538107011137],[121.58351611268156,24.976563687206937],[121.5833802942455,24.97664095840641],[121.5832579127301,24.976745260314797],[121.58314851953763,24.976847254074833],[121.58292031906512,24.97702419459302],[121.58285777788934,24.977085378512005],[121.58262979053654,24.97737290922143],[121.5825340679084,24.97748613355985],[121.58230765992478,24.977668709995573],[121.58233749790624,24.977685170079607],[121.58245900735044,24.977583477924398],[121.58255954369564,24.977506346296696],[121.5826670062251,24.977388561904203],[121.58285677503824,24.977135035834266],[121.582950458794,24.977048902882537]]],[[[121.58042766725994,24.98237622653036],[121.58046193976135,24.982292584766487],[121.58046811073947,24.982157142037035],[121.58045833569352,24.98205335916279],[121.58034216269262,24.981834885273425],[121.5803067615913,24.981744744210815],[121.58029802164238,24.98166352711708],[121.58033360659013,24.981595679053438],[121.580431821444,24.981484704124515],[121.5805707212549,24.98140291105285],[121.58095513263997,24.981268248821305],[121.58131620159718,24.981106592674436],[121.58140522518032,24.98108141795257],[121.58151193380509,24.981065201976726],[121.58179321057833,24.98085194536855],[121.58193340023497,24.98078143029864],[121.58225047265474,24.980676367775548],[121.5822966652192,24.980626533109167],[121.58233632590866,24.98056995301782],[121.58235917668776,24.980493125809506],[121.5823621864634,24.980409605322365],[121.58233853527646,24.98031716129362],[121.58219281831212,24.980004010250784],[121.5821202962818,24.97985307593487],[121.582066356052,24.979638873143447],[121.58202755031415,24.979352387430588],[121.58191737574991,24.979027812579574],[121.58192342758987,24.97893299531602],[121.58202067977928,24.978422534444825],[121.58205985983179,24.978264391817707],[121.5820628421557,24.978250525487258],[121.5820203466238,24.97824623908621],[121.58197762585426,24.978415932266348],[121.581890203221,24.978910555606248],[121.5818808213751,24.979021184829087],[121.58195523126594,24.979309787942164],[121.58202323753844,24.97968418183346],[121.58207091277076,24.97988261022345],[121.582298671902,24.980330859375364],[121.58231572720112,24.980403016307598],[121.58230932340088,24.980488807064788],[121.58229629171095,24.980547539873836],[121.58226685569124,24.980606336907698],[121.58222369425519,24.980642617751442],[121.58195205672195,24.980733960534273],[121.58176986892185,24.98082495281699],[121.58148796247569,24.9810359548661],[121.58137566126148,24.98104767872039],[121.58129717191439,24.981075069253887],[121.58094165302798,24.981232189747576],[121.5805668048448,24.98136004373376],[121.58046798274802,24.981407825817783],[121.58038189335404,24.981464586057868],[121.58027938777091,24.981584605580554],[121.58024652463943,24.981638901150458],[121.5802502058948,24.98169756818936],[121.58027706807793,24.98181482625417],[121.58031387847781,24.981875621128037],[121.58040452194975,24.982062596872872],[121.58042166157568,24.98215280915921],[121.58041877822399,24.982263412299865],[121.5803924787363,24.98233122413052],[121.5803101338497,24.982460192721035],[121.57998600859914,24.982711979494994],[121.57989003180475,24.98275814534522],[121.57990947164126,24.98280629926145],[121.579996168448,24.982766107321822],[121.58028421825284,24.982543801831067],[121.58037020199833,24.982464472604562],[121.58042766725994,24.98237622653036]]],[[[121.5822331308577,24.977728810350143],[121.58218428872256,24.977801193264067],[121.58218965674236,24.97780196511584],[121.58222282107756,24.9778070134324],[121.58226663251118,24.97774447771],[121.58231253065847,24.977706065315736],[121.58228030685521,24.977690767566074],[121.5822331308577,24.977728810350143]]],[[[121.57906990552966,24.983390387218524],[121.57937040582216,24.983116119431653],[121.57971140698957,24.982898120707933],[121.57984656489842,24.982835462368165],[121.57983101066627,24.982786535074435],[121.57968799087118,24.98285532904416],[121.5793436380285,24.983084626030337],[121.57910907851996,24.983295440936505],[121.57897008846814,24.98342463126582],[121.57891414789347,24.983508357934245],[121.57889459152716,24.98362805455153],[121.57892559233548,24.983835576607124],[121.57896078987079,24.98391358438392],[121.57900863577964,24.983905876698202],[121.57897539408867,24.983828611477342],[121.57895223750191,24.98364362872829],[121.57896957404019,24.983512655815424],[121.57906990552966,24.983390387218524]]],[[[121.57923761715006,24.984540527902105],[121.57919660947526,24.984545650661843],[121.57921518497335,24.98459730934399],[121.57928910484026,24.98478209404169],[121.57938933358632,24.985032228722325],[121.57939680088954,24.985237585503715],[121.57938921521612,24.985250811490335],[121.57945910692108,24.98527929583815],[121.57946013622654,24.985277964182004],[121.57947121676462,24.985198926364934],[121.57944165458909,24.98503428157804],[121.57924786739962,24.984570098010817],[121.57923761715006,24.984540527902105]]],[[[121.57935989086025,24.985301939882305],[121.57935658199875,24.98530770903438],[121.57928084288149,24.985328317369596],[121.57903485176071,24.98534733256864],[121.57906339222745,24.985360763216462],[121.57910335343558,24.98536737836265],[121.57914017685636,24.985364977783078],[121.57920954340031,24.985371478229283],[121.57923343032093,24.985382670006466],[121.5792925505162,24.985382439413318],[121.57931923384295,24.985395877257286],[121.57934435889902,24.98540706418745],[121.57936788317,24.985406972418545],[121.57936589845409,24.9853798963055],[121.5794041419752,24.985350406264573],[121.57942483754306,24.985323631564814],[121.57935989086025,24.985301939882305]]],[[[121.57917715736343,24.984491554051512],[121.57921846497273,24.984485277303314],[121.57905488449495,24.98401337456252],[121.57902995685237,24.983955434206102],[121.57898322569702,24.98396330851165],[121.57900285226229,24.98400680648404],[121.57917715736343,24.984491554051512]]]]}},{"type":"Feature","properties":{"河流":"新店溪","縣市":"臺北市","行政區":"文山區","區域":"臺北市文山區"},"geometry":{"type":"MultiPolygon","coordinates":[[[[121.53603935591283,25.010534911600605],[121.53608674434928,25.010539253718292],[121.53614238400061,25.01051873810389],[121.536176612148,25.010487014864015],[121.53619762108322,25.010405684090802],[121.53620584804702,25.01030408610145],[121.5361669812215,25.010265857045802],[121.53612895867256,25.010421732869524],[121.53609906492817,25.010453440363925],[121.53605214317334,25.010485209663457],[121.53599206116448,25.01048091360802],[121.535897515448,25.010454171908048],[121.53569949051727,25.010339779878446],[121.53514880072655,25.010005473460616],[121.53499393841118,25.009920266240986],[121.53485203043333,25.009823727070778],[121.53476113511502,25.00974560394047],[121.53471757680339,25.009797414716875],[121.53480051375122,25.009866798063467],[121.53497288985614,25.009992568626167],[121.53507159718635,25.010050894516457],[121.53552153525516,25.010283998606386],[121.53587439358168,25.010476826503897],[121.53596219680891,25.010519392173347],[121.53603935591283,25.010534911600605]]],[[[121.53159940600005,24.992908414000052],[121.53163660600002,24.99297461300005],[121.53168032200007,24.993063681000027],[121.53171754000003,24.99313217900004],[121.53175602700003,24.99320179500006],[121.53176663600003,24.99325560000005],[121.53179233300011,24.993305840000062],[121.53179808200002,24.99337917400004],[121.53180501800011,24.993444476000036],[121.53180449000003,24.993520150000055],[121.5318029230001,24.993618772000044],[121.53178984600004,24.993700279000052],[121.53179920200012,24.99375524400006],[121.53178609300004,24.99383332200005],[121.53177462300005,24.993950367000025],[121.53176297000003,24.99404906800004],[121.53175006000004,24.994147764000044],[121.5317310060001,24.99426257900006],[121.53171549500007,24.99435329600004],[121.53170125800011,24.99444513600002],[121.531685142,24.994472782000063],[121.53166963000001,24.994563492000047],[121.53165934000005,24.99467250700007],[121.53164475100003,24.994727656000066],[121.53162378900005,24.994775987000022],[121.5315819550001,24.994881811000027],[121.53154878700002,24.994971516000074],[121.53152301900002,24.99504395800005],[121.53149490500005,24.99513477300007],[121.53147057500007,24.99522554700007],[121.53143215500008,24.99529351500007],[121.53138250200004,24.99537302900006],[121.53136657400013,24.995433240000065],[121.53135939900005,24.995460360000042],[121.531329733,24.995521369000077],[121.531288732,24.99558247400006],[121.53125933400008,24.995671],[121.53122479400008,24.99574924500007],[121.53118892900011,24.995820622000053],[121.53116224300004,24.995928621000072],[121.53113551100012,24.996032035000038],[121.53111392200003,24.99614572300004],[121.53107428500003,24.99621827800007],[121.53104456900006,24.996273554000023],[121.53104016000007,24.996338952000027],[121.53101802400012,24.996396460000025],[121.5309896220001,24.99645746500005],[121.53096278300005,24.996549403000078],[121.53092790300003,24.996589790000037],[121.53092787600008,24.996589814000057],[121.53090228200007,24.99668060700003],[121.53086065900006,24.996808216000037],[121.53083123899998,24.996894460000078],[121.53081296500011,24.996959959000037],[121.53078818800007,24.997004873000034],[121.53076256100009,24.99709222900003],[121.53073442400013,24.997180741000022],[121.53073138700006,24.997257592000036],[121.53069606500003,24.99738514900002],[121.5306666670001,24.997473668000048],[121.53063463700005,24.997550736000044],[121.53062361500008,24.99758410000004],[121.53058878800003,24.99763253300006],[121.53056919600012,24.997692315000055],[121.53056801700006,24.997699595000032],[121.53056324800002,24.99772905500004],[121.53055495900003,24.99778416300006],[121.5305317520001,24.99786116400002],[121.53052908200004,24.997903775000054],[121.5305271310001,24.997934925000035],[121.53052628900002,24.997948351000044],[121.53051427700008,24.99800921700006],[121.53057368200008,24.998105311000074],[121.53059000600001,24.99813171500006],[121.53075492800008,24.998398483000077],[121.53075645300011,24.998443175000038],[121.53076569300003,24.998516459000026],[121.5307660540001,24.998577191000035],[121.53075634200002,24.99863683700005],[121.5307592040001,24.99869526700007],[121.53076953500009,24.99873990900005],[121.53076621600006,24.998815561000068],[121.53079551100006,24.998876134000056],[121.53080651700009,24.99894159900003],[121.53080725300003,24.998945978000048],[121.53081272800011,24.999020440000038],[121.5308306600001,24.99907420100004],[121.53083849100007,24.99912114700004],[121.53085386900011,24.999168039000036],[121.53088064500002,24.999227493000035],[121.53090233300009,24.99927780200005],[121.53092211500005,24.999326284000063],[121.53092659600009,24.999337265000065],[121.53093536000007,24.999355884000064],[121.53095080700007,24.999388702000033],[121.5309750030001,24.99943670900007],[121.53099659200006,24.999469829000073],[121.53102824300004,24.999502883000048],[121.53104109800006,24.999548665000077],[121.53105758600007,24.999570356000046],[121.5310882330001,24.999645811000047],[121.53109736100009,24.999699622000037],[121.53110403000005,24.99976262200005],[121.53112591500008,24.999846164000072],[121.53113893500007,24.999919434000052],[121.53115960800005,25.00000985800006],[121.53114616800008,25.000077545000064],[121.53115272500008,25.000122202000053],[121.53116309200006,25.00017257000007],[121.53118869900003,25.000246924000066],[121.53120924100006,25.00031557300003],[121.53122211700008,25.000364784000055],[121.53126291800004,25.000455090000056],[121.53129360700008,25.000537435000073],[121.53131791700004,25.00060492500006],[121.53133720100006,25.00067357700004],[121.53136268700008,25.000727304000062],[121.53138809900007,25.00076842400006],[121.53141745300002,25.000838171000055],[121.53145300400001,25.000891851000063],[121.53147348700008,25.000950181000064],[121.53150399500011,25.00100272600002],[121.53154711200011,25.00105865400007],[121.531573793,25.00110205700003],[121.53160177800011,25.00115233200006],[121.53162971100005,25.001194574000067],[121.53165753600001,25.001218489000056],[121.53169424400005,25.00125496800007],[121.53173224400007,25.00129716600003],[121.53176389100008,25.001329083000034],[121.53183338800011,25.00137799200007],[121.53189027100007,25.00142123400008],[121.5319535520001,25.00148276900006],[121.53198393500008,25.001513554000034],[121.53204957000004,25.001547580000075],[121.53211151600011,25.001596517000053],[121.53217588900009,25.00162940100006],[121.53222770900004,25.001668091000056],[121.53232985300008,25.00170535500007],[121.53239698000004,25.001778342000026],[121.5324563470001,25.00181698700004],[121.53251823200002,25.00185447500007],[121.53257260900011,25.00190001800007],[121.53263940206486,25.0019371572928],[121.53263940206486,25.001937157292804],[121.53264211000011,25.00193866300003],[121.53271035600005,25.00199897800007],[121.53279250300011,25.002059264000025],[121.53287088000002,25.002119588000028],[121.53301497200003,25.002227671000067],[121.53308497400006,25.002286592000075],[121.53310765010649,25.00230792948449],[121.53311661516828,25.00229142666898],[121.533163873281,25.0022664280043],[121.53321402503883,25.002266246481284],[121.5332614198963,25.00227284609432],[121.53329494233502,25.002293038260774],[121.5333229412189,25.002324535707423],[121.53332313663465,25.002369676156373],[121.53330662454903,25.002417134146565],[121.53327916766843,25.00245452195494],[121.53328504600006,25.002459022000036],[121.5333081640001,25.002478675000077],[121.53334155000005,25.002507067000067],[121.53338365700007,25.00253092000003],[121.53341480300001,25.00257150100003],[121.5334471560001,25.00260985300003],[121.53347293700004,25.002636104000032],[121.53350761300011,25.002665582000073],[121.53355668400003,25.002719233000047],[121.53355884904278,25.002721387557735],[121.53358160241808,25.002718584270283],[121.53368374091669,25.002641474336322],[121.5338435720467,25.00266120881192],[121.53389708385508,25.002721955502523],[121.53391067945856,25.00278736095063],[121.53391612183121,25.002900194185756],[121.53390330239516,25.003085319481368],[121.53387678229643,25.003219907024498],[121.53387928800008,25.003229898000033],[121.53388632800012,25.003262997000032],[121.53389085100004,25.00329612300004],[121.533896507,25.00332370100006],[121.5338994990001,25.00334468100004],[121.53390557400006,25.003391053000037],[121.53390283600005,25.00343753100003],[121.53389957800006,25.003460782000044],[121.53389767800003,25.00348845100006],[121.53388854400009,25.003530573000035],[121.53387911000003,25.00355942500005],[121.53386745800002,25.00360156300008],[121.5338429110001,25.003630577000024],[121.53383226900007,25.003661665000035],[121.5338155280001,25.003701666000044],[121.5338024450001,25.003736082000046],[121.53377165000006,25.003767384000064],[121.53375071000005,25.00378861200005],[121.53373500400005,25.003818642000052],[121.53372164700012,25.003840908000022],[121.53370478200009,25.00387536600005],[121.53368670600003,25.003912057000036],[121.53367115200001,25.003948714000046],[121.53365534400007,25.00397432000005],[121.53364201400007,25.003997704000025],[121.53363013600006,25.004029889000037],[121.53360549000003,25.004054479000043],[121.53358583400006,25.00407681400003],[121.53356479400007,25.004093626000042],[121.53354422400002,25.004131446000027],[121.53353474399998,25.00415809500003],[121.533522446,25.00417149100002],[121.53350669200007,25.004199311000036],[121.53348831900007,25.00422273100003],[121.53345891200001,25.004259545000025],[121.53344952700002,25.004290608000076],[121.53342717700002,25.00430522500005],[121.53340727400006,25.004316499000026],[121.53338376300007,25.004335562000055],[121.53337033400008,25.00435450400004],[121.5333492420001,25.00436910800004],[121.5333270660001,25.004391467000058],[121.53317045100005,25.004613815000024],[121.53302994900002,25.004947068000032],[121.53300388200012,25.005006801000032],[121.53297149700005,25.005061987000033],[121.53294028200003,25.005103402000028],[121.53292173800003,25.00515851400007],[121.53291461900005,25.00523074700004],[121.5328821940001,25.005280202000048],[121.53287112700004,25.005322664000055],[121.53284626100003,25.005373238000065],[121.53279762900002,25.005447975000035],[121.53278532800003,25.005495029000024],[121.53275404700003,25.005524998000052],[121.53272653500005,25.00555378800004],[121.53271052700008,25.00561232000007],[121.53269195400003,25.00566284400002],[121.53266710800007,25.005716831000026],[121.53263224400007,25.005778923000037],[121.53262749800001,25.005827079000028],[121.53260018000003,25.005887964000067],[121.53258351800002,25.005980354000027],[121.53258176200006,25.00602259500005],[121.53257262100011,25.00614780200004],[121.53255837300001,25.006279739000036],[121.53255572600006,25.006304254000042],[121.53255140700001,25.006344255000045],[121.53255644839473,25.006426943105662],[121.53255861400008,25.006462463000048],[121.53255162900007,25.00653943400005],[121.5325238900001,25.006707232000046],[121.5325059490001,25.00683592800004],[121.5324966600001,25.00694162700006],[121.53246395400004,25.007119788000065],[121.53244067700007,25.007210631000074],[121.53241749600011,25.007314113000056],[121.53238720000002,25.007477333000047],[121.53233928200008,25.007645244000063],[121.53227985200009,25.00779259800004],[121.53223404600011,25.00790654300005],[121.5321734160001,25.008061918000067],[121.53215119000004,25.008125213000024],[121.53211516899998,25.008198913000054],[121.53208287300004,25.008264570000044],[121.5320487679748,25.00833359866109],[121.53222877844173,25.008440655019353],[121.5322545395724,25.008408915735004],[121.53231563450068,25.008361296931454],[121.532482949501,25.008320065846153],[121.53253299646249,25.00829505746317],[121.53256930417044,25.008243013917557],[121.53277412178694,25.00778183331569],[121.532810182412,25.00760113798056],[121.5328617811031,25.007433928869776],[121.53289808557366,25.007309659203138],[121.53296030776168,25.00716498229133],[121.5331364443868,25.0066587633742],[121.53325099027349,25.006371702103657],[121.53329141331825,25.006197761993644],[121.53334738405775,25.006039565082446],[121.53335145446779,25.005978609626943],[121.53332458562079,25.005922280198128],[121.5333287244355,25.005877123944842],[121.53336640977817,25.005714479015758],[121.533421304819,25.00552243012255],[121.5335059753112,25.00527159044978],[121.53356096435232,25.005029886320933],[121.53363286633092,25.004833262071653],[121.53367097778298,25.004697700643668],[121.53373640104381,25.004577839715818],[121.53381577503056,25.004462442337985],[121.53390601020449,25.004281550856465],[121.53395189013186,25.00415273231875],[121.53397281113416,25.00405108888138],[121.5339854516334,25.00396753190667],[121.53399985527521,25.003933623837543],[121.53402234719927,25.003908714696237],[121.53408382697175,25.00387915015672],[121.534285208714,25.003842307317218],[121.5343940545218,25.003812570920697],[121.53444656605446,25.00378529579009],[121.53448941195933,25.003742256269064],[121.53453992502237,25.00361116356609],[121.53455676595138,25.003568218332564],[121.53458203413891,25.003541041950175],[121.53461542980185,25.00353189256356],[121.53464426989147,25.00354307324244],[121.53466233339438,25.003567835378345],[121.53468586162185,25.003567750017638],[121.53471305584877,25.00355636604751],[121.53474231917113,25.003522403954236],[121.53474585780133,25.00348176401622],[121.53472236486004,25.003418651553854],[121.53468642011394,25.00333978484395],[121.5346210260235,25.00325199673271],[121.53453998050672,25.003195864229856],[121.53447964760521,25.003132885384233],[121.53445760485418,25.00304719704013],[121.53448695850469,25.00289135339139],[121.53455019938193,25.002697016747813],[121.53458402024073,25.002500529739837],[121.53456758913653,25.002423849290366],[121.53452283948424,25.00231341568093],[121.5344129278414,25.00209713662564],[121.5343617752092,25.00200929683287],[121.53429787488099,25.001980186841685],[121.53419205434027,25.00192188707768],[121.53405422371299,25.00190658745127],[121.53398988675463,25.001848137152418],[121.53388856682979,25.001828190900373],[121.5337969514125,25.00183303706526],[121.53370957229777,25.001815297233318],[121.53358986028559,25.001766075667604],[121.53352098747301,25.001732469281105],[121.53340140264905,25.00171258888077],[121.5333095265663,25.00172872098896],[121.53323866264863,25.001735748735257],[121.53324290207438,25.001785388658625],[121.5332328716245,25.00182830906985],[121.53321219830156,25.001844183315082],[121.53316390418132,25.001844358136697],[121.53313304408266,25.001867040415124],[121.53313696709928,25.001986650262626],[121.53308123328317,25.001984594919794],[121.53296783696454,25.001892465925305],[121.53284639179716,25.001800365984824],[121.53259476624353,25.001616375276768],[121.5325946995528,25.001615895993886],[121.53259203789254,25.001613950275956],[121.53230940600368,25.001402808834452],[121.5320696038029,25.001216339844216],[121.53194953243363,25.001083607395763],[121.53183316703489,25.00094860539803],[121.53169499558703,25.00078208381479],[121.53155307075636,25.000606547544027],[121.53141822768717,25.000421957470817],[121.53130483164212,25.00018537812327],[121.53124272941032,24.999998268386182],[121.53122385232489,24.999856143348097],[121.53121979587618,24.999704936691582],[121.53124788629651,24.999542328851728],[121.53125414143193,24.99934143021622],[121.53124999750156,24.99916991055331],[121.5312710162402,24.999018613378837],[121.53128498285871,24.99888314089134],[121.53128047102403,24.998698080335824],[121.53124329899423,24.998477025113196],[121.53121356646997,24.99825820006789],[121.53115042294405,24.998188459898444],[121.53105573274058,24.99812560465228],[121.53105536358557,24.99803983867283],[121.53109833118891,24.997809466081137],[121.53114229403896,24.997714006375595],[121.53114195035562,24.99771323312341],[121.53114194784925,24.997713227484233],[121.5311420644968,24.997713489929296],[121.53114229966855,24.997714019041567],[121.53114311014194,24.99771225197034],[121.5312501089932,24.99747036298517],[121.5312490691434,24.997228863988557],[121.53128229521413,24.99703689603311],[121.53135143208975,24.9969170235027],[121.5315191901458,24.99662300293336],[121.53165770535368,24.996439682819986],[121.53181915446088,24.996190825986186],[121.53193684975204,24.995989524790627],[121.53213561356084,24.99556448424643],[121.53224185165607,24.995290999212106],[121.53223175078175,24.99524589514246],[121.53219378952834,24.99520089186537],[121.53209755310994,24.995138043130954],[121.5320461736909,24.995068261015593],[121.53201211016746,24.994993902199955],[121.53200923421392,24.99490137434374],[121.53198919834196,24.994849535097774],[121.53188891639893,24.99470996182793],[121.53186431087649,24.994531745372],[121.5318717283892,24.994457236538942],[121.53192294506827,24.994274231849133],[121.53184452536027,24.994107495128805],[121.53188222314552,24.994091559604787],[121.53192003781734,24.994102708018563],[121.53199442142062,24.99419497728124],[121.53200049786807,24.99424009592228],[121.53198406430135,24.994305609251345],[121.53195938956426,24.994398236750424],[121.53194002598855,24.99450213019046],[121.53198449207517,24.99469155996853],[121.53201985219123,24.99477945628488],[121.53206877448922,24.99485376135592],[121.53214197659712,24.994887352029767],[121.53220941408479,24.994948047894454],[121.5322804030173,24.995042586342556],[121.53234839885084,24.99501751295577],[121.53239014791453,24.994936108755596],[121.53241072990566,24.994827696779975],[121.53241833965204,24.994726102843366],[121.53243915313674,24.994599633772157],[121.5323851485979,24.99442378081163],[121.53236483966155,24.994308745727622],[121.53241210201489,24.994213779363683],[121.5324203991003,24.994127982147553],[121.53223103350787,24.993717887779773],[121.53215478064548,24.993551143367274],[121.53207235412683,24.993316710316495],[121.5320212513957,24.993095706111053],[121.53199484717915,24.992931038336156],[121.53198908352803,24.992671500582578],[121.53197235571538,24.992597079052985],[121.53191772821692,24.992563421160522],[121.53183348867496,24.99248247267432],[121.53183322572025,24.992421533779698],[121.53182060987245,24.99236741064777],[121.53178252514296,24.992365291327758],[121.5317321848872,24.99239255771435],[121.53168584932418,24.992415295543132],[121.53161456454097,24.992395239948994],[121.53160631369774,24.992420097115627],[121.5316316016622,24.992469660393784],[121.53164784445563,24.992503457147006],[121.53161109524902,24.99252390326547],[121.53151256000542,24.992501689086797],[121.53145947070453,24.99246576844187],[121.53144881662548,24.992454817064164],[121.53143883400001,24.99246715100003],[121.5313890870001,24.992536351000073],[121.53137798400009,24.99256165900005],[121.53141405200004,24.992641629000047],[121.53147654400004,24.99271678900004],[121.53151742000013,24.992772646000045],[121.53156471200009,24.992839899000042],[121.53159940600005,24.992908414000052]]],[[[121.53440935520412,25.009557108566565],[121.53455068565953,25.009657796633057],[121.53467238229163,25.009759605863874],[121.53470700711065,25.009722684936623],[121.53471746724851,25.009708072024054],[121.53460621731719,25.009612454110936],[121.53448230079081,25.009542297071885],[121.53440935520412,25.009557108566565]]],[[[121.5341588537347,25.00932968472052],[121.53408133705929,25.00930288064065],[121.53395679105873,25.00928301795998],[121.53387103273965,25.00928332836928],[121.53378545047957,25.00932426523486],[121.5336913559113,25.009401345861622],[121.53367305923732,25.009418498280617],[121.53374095839608,25.009431957184024],[121.53383260703406,25.009346665216782],[121.53393561477488,25.009325978822126],[121.53405149210263,25.009345872906966],[121.53415037099626,25.009372599648817],[121.53430723357079,25.00948435385694],[121.53437167411691,25.009471318029952],[121.5341588537347,25.00932968472052]]],[[[121.5335561289854,25.009609404935937],[121.53350328288253,25.009577656641586],[121.53348467595721,25.009595099830378],[121.53353935887013,25.009625583219858],[121.5335561289854,25.009609404935937]]],[[[121.53201946008784,25.008706469006047],[121.53188164597682,25.008628047231287],[121.53188161850014,25.00862809908758],[121.53188164559961,25.00862804723075],[121.53187551983657,25.008624759701977],[121.53184668200005,25.00866864800002],[121.53185323390547,25.008672909740593],[121.53187749896323,25.008635982123582],[121.53187720260921,25.008636433128178],[121.5318532339055,25.008672909740607],[121.53191407300005,25.008712483000064],[121.53195090300005,25.00872451900005],[121.53199308680698,25.008750394509644],[121.53201946008784,25.008706469006047]]]]}},{"type":"Feature","properties":{"河流":"新店溪","縣市":"新北市","行政區":"永和區","區域":"新北市永和區"},"geometry":{"type":"MultiPolygon","coordinates":[[[[121.49533159060594,25.009308499443893],[121.49533159060591,25.009308499439914],[121.49529682100001,25.00929930900003],[121.49533159060594,25.009308499443893]]],[[[121.49554947991967,25.00936270728945],[121.49554947991999,25.0093627073207],[121.49565031400006,25.009384611000026],[121.49554947991967,25.00936270728945]]],[[[121.50836806919499,25.020814827137514],[121.50833521900005,25.020779520000076],[121.50840070700009,25.020849906000024],[121.50836806919499,25.020814827137514]]],[[[121.51614248692326,25.020796092879156],[121.51610221200008,25.020808028000026],[121.51614248692496,25.020796092884854],[121.51614248692326,25.020796092879156]]],[[[121.5085161057729,25.020943061928687],[121.508460441,25.020909241000023],[121.508578295,25.020980847000033],[121.5085161057729,25.020943061928687]]],[[[121.51563932110021,25.020938271234666],[121.51563932109835,25.020938271235273],[121.51581277200012,25.020903963000023],[121.51563932110021,25.020938271234666]]],[[[121.51563931644286,25.020938272155878],[121.51563893300009,25.02093834800007],[121.515639316441,25.02093827215648],[121.51563931644286,25.020938272155878]]],[[[121.51563875489147,25.020938455176378],[121.51563875489181,25.02093845517627],[121.51563893300009,25.02093834800007],[121.51563875489147,25.020938455176378]]],[[[121.51563875272907,25.020938456477598],[121.51555604100008,25.020988228000075],[121.51563875272936,25.020938456477506],[121.51563875272907,25.020938456477598]]],[[[121.5086163348321,25.021015650103543],[121.508578295,25.020980847000033],[121.5087116630001,25.021102867000028],[121.5086163348321,25.021015650103543]]],[[[121.509212176642,25.021365391411504],[121.50912091500004,25.021341450000023],[121.50926627700005,25.021379584000044],[121.509212176642,25.021365391411504]]],[[[121.50938784180295,25.02144340795873],[121.50926627700005,25.021379584000044],[121.50942838700007,25.02146469500008],[121.50938784180295,25.02144340795873]]],[[[121.50950598015056,25.021477651405444],[121.50942838700007,25.02146469500008],[121.50950796600011,25.021477983000064],[121.50950598015056,25.021477651405444]]],[[[121.50951537183599,25.021480373668666],[121.50950796600011,25.021477983000064],[121.50959522200002,25.021506150000043],[121.50951537183599,25.021480373668666]]],[[[121.51028171300004,25.02170283800007],[121.5103486910001,25.02171849700005],[121.51034397162066,25.021717393641296],[121.51028766237195,25.021704228922676],[121.51028171300004,25.02170283800007]]],[[[121.5123698593061,25.021746174195503],[121.512333365,25.021748713000076],[121.51238758600005,25.02174494100006],[121.5123698593061,25.021746174195503]]],[[[121.51224019176072,25.021760790078527],[121.51217331400005,25.021771519000026],[121.51225522100003,25.021758379000058],[121.51224019176072,25.021760790078527]]],[[[121.51181537322323,25.021807132156397],[121.51180140900009,25.021805969000066],[121.51187841200009,25.02181238300005],[121.51181537322323,25.021807132156397]]],[[[121.51111844365633,25.021815326944573],[121.51106978200005,25.02181737700004],[121.51116563100004,25.021813339000058],[121.51111844365633,25.021815326944573]]],[[[121.511265822908,25.021818242781215],[121.51116563100004,25.021813339000058],[121.51129057000004,25.02181945400002],[121.511265822908,25.021818242781215]]],[[[121.5115580880724,25.02181233386169],[121.51145342800008,25.02183452100007],[121.51157056900001,25.02180968800007],[121.5115580880724,25.02181233386169]]],[[[121.52653377800004,25.01124911300008],[121.52666319000004,25.01118056500007],[121.52663434041713,25.011195846281627],[121.5266343404172,25.011195846281584],[121.52653377800004,25.01124911300008]]],[[[121.52638562100002,25.01134075000005],[121.52653377800004,25.01124911300008],[121.52639882976736,25.011332580208478],[121.52639882976739,25.011332580208453],[121.52638562100002,25.01134075000005]]],[[[121.52609090615499,25.01154500320642],[121.52607313900013,25.011555109000028],[121.52617111000006,25.011499384000043],[121.52609090615499,25.01154500320642]]],[[[121.52602918198606,25.01159036183665],[121.52596781400008,25.01163957800003],[121.52607313900013,25.011555109000028],[121.52602918198606,25.01159036183665]]],[[[121.52580742415577,25.01181197982561],[121.5257538730001,25.011873992000062],[121.5258914310001,25.011714700000024],[121.52580742415577,25.01181197982561]]],[[[121.52557143074533,25.012123346177134],[121.52552913400008,25.012181959000028],[121.5256414910001,25.01202626000003],[121.52557143074533,25.012123346177134]]],[[[121.52412466657604,25.01394652175905],[121.52410826100004,25.01396355500003],[121.52419838300011,25.013869985000046],[121.52412466657604,25.01394652175905]]],[[[121.52408830109086,25.01398926080358],[121.52406078500007,25.01402469800007],[121.52410826100004,25.01396355500003],[121.52408830109086,25.01398926080358]]],[[[121.523739773225,25.01442788409129],[121.52373336900007,25.014435485000035],[121.5238383950001,25.01431083400007],[121.523739773225,25.01442788409129]]],[[[121.5237320901343,25.014437715213333],[121.52370099500001,25.014491942000063],[121.52373336900007,25.014435485000035],[121.5237320901343,25.014437715213333]]],[[[121.52322339515305,25.015122912418505],[121.52321508700004,25.015132186000073],[121.52326888100002,25.01507214100008],[121.52322339515305,25.015122912418505]]],[[[121.52312541240829,25.01527389513213],[121.52312407800004,25.015276270000072],[121.5231726290001,25.015189863000046],[121.52312541240829,25.01527389513213]]],[[[121.52311914729611,25.01528354911394],[121.52309831600007,25.015314302000032],[121.52312407800004,25.015276270000072],[121.52311914729611,25.01528354911394]]],[[[121.52297163107777,25.015510858514205],[121.52293205800005,25.01557597300007],[121.52302801200007,25.01541808800005],[121.52297163107777,25.015510858514205]]],[[[121.52273442104821,25.01587637811712],[121.5227212650001,25.015895327000067],[121.52280612200002,25.01577310600004],[121.52273442104821,25.01587637811712]]],[[[121.52239883783979,25.01639348205796],[121.52239206900003,25.016407133000026],[121.5224343210001,25.01632192200003],[121.52239883783979,25.01639348205796]]],[[[121.52218096687864,25.01672920187282],[121.52212374300007,25.016793432000046],[121.52221631400003,25.01668952700004],[121.52218096687864,25.01672920187282]]],[[[121.52210988891547,25.016838726705885],[121.52210896500003,25.016841748000047],[121.52212373000009,25.01679346500003],[121.52210988891547,25.016838726705885]]],[[[121.5220478188871,25.016934371110803],[121.5220078230001,25.01698014200002],[121.52207036200004,25.016908573000023],[121.5220478188871,25.016934371110803]]],[[[121.52194904265019,25.017079008556653],[121.52193930200009,25.017095392000044],[121.5220078230001,25.01698014200002],[121.52194904265019,25.017079008556653]]],[[[121.51633618930086,25.0207218536883],[121.5163361893027,25.020721853694134],[121.51636639600008,25.02070879500008],[121.51633618930086,25.0207218536883]]],[[[121.53078818800007,24.997004873000034],[121.53081296500011,24.996959959000037],[121.53080974477697,24.996965796393688],[121.53080974477697,24.996965796393678],[121.53078818800007,24.997004873000034]]],[[[121.5325861167005,25.00596594432923],[121.53258351800002,25.005980354000027],[121.53260018000003,25.005887964000067],[121.5325861167005,25.00596594432923]]],[[[121.5325272558512,25.006686871385504],[121.5325238900001,25.006707232000046],[121.53255162900007,25.00653943400005],[121.5325272558512,25.006686871385504]]],[[[121.53249725913317,25.00693480949921],[121.5324966600001,25.00694162700006],[121.5325059490001,25.00683592800004],[121.53249725913317,25.00693480949921]]],[[[121.53246395400004,25.007119788000065],[121.5324966600001,25.00694162700006],[121.53249599809217,25.006945232643623],[121.5324702848388,25.00708530171124],[121.53246395400004,25.007119788000065]]],[[[121.5322839432117,25.0077824540257],[121.53227985200009,25.00779259800004],[121.53233928200008,25.007645244000063],[121.5322839432117,25.0077824540257]]],[[[121.53215119000004,25.008125213000024],[121.5321734160001,25.008061918000067],[121.53216506439965,25.008085701611556],[121.53216506439962,25.00808570161159],[121.53215119000004,25.008125213000024]]],[[[121.53204876795584,25.008333598649816],[121.5320487679748,25.00833359866109],[121.53208287300004,25.008264570000044],[121.53204876795584,25.008333598649816]]],[[[121.53187551982414,25.0086247596953],[121.53184668200005,25.00866864800002],[121.53187551983657,25.008624759701977],[121.53187551982414,25.0086247596953]]],[[[121.53158939319233,25.009014773440736],[121.53153908700006,25.00907973300008],[121.53166775200009,25.00891359000008],[121.53158939319233,25.009014773440736]]],[[[121.53151000190026,25.00910657689981],[121.53143887500003,25.009172223000068],[121.53153908700006,25.00907973300008],[121.53151000190026,25.00910657689981]]],[[[121.53127843691902,25.00933521020407],[121.531211084,25.009407877000054],[121.53130742600001,25.009303934000062],[121.53127843691902,25.00933521020407]]],[[[121.53115047922005,25.009450872164113],[121.53109189200006,25.00949243600007],[121.531211084,25.009407877000054],[121.53115047922005,25.009450872164113]]],[[[121.53052039206615,25.009825517200415],[121.5304613300001,25.009844310000062],[121.53056074000007,25.009812679000053],[121.53052039206615,25.009825517200415]]],[[[121.53035019529611,25.009868603500568],[121.53025729500008,25.00988578000005],[121.53037948000006,25.009863189000033],[121.53035019529611,25.009868603500568]]],[[[121.52995621294117,25.009936739392465],[121.5299159000001,25.00994534600005],[121.53002672700006,25.00992168500005],[121.52995621294117,25.009936739392465]]],[[[121.52985706274595,25.009948114975884],[121.52983141500012,25.009949322000068],[121.5299159000001,25.00994534600005],[121.52985706274595,25.009948114975884]]],[[[121.52765293183779,25.010634335043132],[121.52758773399998,25.010668417000034],[121.5277033330001,25.010607988000057],[121.52765293183779,25.010634335043132]]],[[[121.52739913042387,25.01075564810724],[121.52739913042818,25.010755648111513],[121.52741930400008,25.010747551000062],[121.52739913042387,25.01075564810724]]],[[[121.5272426623161,25.01083112765945],[121.52723579400003,25.010834827000046],[121.5272426623179,25.010831127661127],[121.5272426623161,25.01083112765945]]],[[[121.5267473030001,25.011127210000033],[121.52669051305476,25.01116323329648],[121.52669051305467,25.01116323329652],[121.52666319000004,25.01118056500007],[121.5267473030001,25.011127210000033]]]]}},{"type":"Feature","properties":{"河流":"新店溪","縣市":"新北市","行政區":"中和區","區域":"新北市中和區"},"geometry":{"type":"MultiPolygon","coordinates":[[[[121.49094126645322,25.012023524893085],[121.49097581500008,25.01197243500007],[121.49094126641982,25.012023524932],[121.49094126645322,25.012023524893085]]],[[[121.49092681600008,25.012044894000038],[121.49093976053535,25.01202575182157],[121.490939760504,25.012025751858165],[121.49092681600008,25.012044894000038]]],[[[121.49090835394114,25.012062424175344],[121.49092681600008,25.012044894000038],[121.49090835398437,25.012062424124856],[121.49090835394114,25.012062424175344]]],[[[121.49090596509618,25.012064692431224],[121.49086013100009,25.012108213000033],[121.4909059650494,25.0120646924858],[121.49090596509618,25.012064692431224]]],[[[121.49071783512541,25.012284084783307],[121.49080603200002,25.01216229700003],[121.49071783413544,25.012284085937782],[121.49071783512541,25.012284084783307]]],[[[121.49058861900005,25.012462514000042],[121.49071407624983,25.012289275268312],[121.49071407524063,25.012289276446722],[121.49058861900005,25.012462514000042]]],[[[121.53144881662205,24.992454817060644],[121.53143883400001,24.99246715100003],[121.53144881662548,24.992454817064164],[121.53144881662205,24.992454817060644]]],[[[121.49273872800008,25.009455747000054],[121.49280919500008,25.009392416000022],[121.4927428224958,25.009452067142682],[121.49273872800008,25.009455747000054]]],[[[121.49265944600005,25.009525978000056],[121.49273872800008,25.009455747000054],[121.49268975355217,25.00949913042189],[121.49265944600005,25.009525978000056]]],[[[121.49238100192169,25.009908502007946],[121.49237920100006,25.00991132200005],[121.49246586900006,25.009775612000055],[121.49238100192169,25.009908502007946]]],[[[121.49109331738032,25.011846449000522],[121.49116325600004,25.01178137700003],[121.49109331739338,25.01184644898529],[121.49109331738032,25.011846449000522]]],[[[121.49108901500006,25.011850452000036],[121.49109229089618,25.011847404056894],[121.4910922909064,25.01184740404498],[121.49108901500006,25.011850452000036]]]]}},{"type":"Feature","properties":{"河流":"新店溪","縣市":"新北市","行政區":"板橋區","區域":"新北市板橋區"},"geometry":{"type":"MultiPolygon","coordinates":[[[[121.48839331301954,25.02063369260497],[121.48839331301964,25.020633692605504],[121.48839376700006,25.02062172000007],[121.48839331301954,25.02063369260497]]],[[[121.48874690278714,25.02346921151165],[121.48874690279139,25.023469211513227],[121.48875559200006,25.023450210000075],[121.48874690278714,25.02346921151165]]],[[[121.4886753993564,25.02362986304622],[121.48866928100006,25.023644540000078],[121.48867539935858,25.023629863047056],[121.4886753993564,25.02362986304622]]],[[[121.48754904931654,25.02705932076202],[121.48754904931707,25.027059320762113],[121.48756688500009,25.02701428400007],[121.48754904931654,25.02705932076202]]],[[[121.48736283828994,25.02735448722946],[121.48734162800008,25.027376625000045],[121.48736283830465,25.02735448723201],[121.48736283828994,25.02735448722946]]],[[[121.48598709672315,25.029561949631063],[121.48598709673264,25.02956194963861],[121.48602672000004,25.02949208900003],[121.48598709672315,25.029561949631063]]],[[[121.48592222439768,25.02967053133052],[121.48586269900012,25.02976749200008],[121.4859222244232,25.029670531352245],[121.48592222439768,25.02967053133052]]],[[[121.48363897286306,25.035789724506017],[121.48364011200009,25.03571719100006],[121.48363897286283,25.035789724506024],[121.48363897286306,25.035789724506017]]],[[[121.48363446800012,25.035977649000074],[121.48363711567302,25.035882361691463],[121.48363711567254,25.035882361691478],[121.48363446800012,25.035977649000074]]]]}},{"type":"Feature","properties":{"河流":"新店溪","縣市":"臺北市","行政區":"萬華區","區域":"臺北市萬華區"},"geometry":{"type":"MultiPolygon","coordinates":[[[[121.50742838800012,25.01997758300007],[121.50725505300011,25.019814929000063],[121.50714752800003,25.019719867000052],[121.50700837300009,25.01959504100006],[121.50679965900008,25.019415255000066],[121.50666176000006,25.019288111000037],[121.50654790100009,25.01918503700005],[121.50637074900008,25.019009773000043],[121.50614046900012,25.01878983800004],[121.50597204900008,25.018612144000027],[121.50596454900007,25.018604232000026],[121.50593892400003,25.01857726500003],[121.50591420400009,25.018551252000062],[121.5058164720001,25.018448405000072],[121.50572152900008,25.018341835000058],[121.50561932200002,25.018236661000056],[121.5055456220001,25.018160824000063],[121.50539626700005,25.017999268000036],[121.50530009900002,25.01790417600006],[121.50514184700013,25.017719684000046],[121.50505951900004,25.01761193400006],[121.50485700200011,25.017390791000025],[121.50473165000007,25.01723949900002],[121.50470602100006,25.017211809000067],[121.50468861600007,25.01719300400003],[121.50461394100013,25.01711232300005],[121.50451645700002,25.01699657000006],[121.50437339900009,25.016829259000076],[121.5043018020001,25.01674824400004],[121.50420124000004,25.01663445600008],[121.50407464800003,25.01648776400003],[121.5039328350001,25.016314706000056],[121.50379988700001,25.01615312100006],[121.5037128570001,25.016019579000044],[121.50369976800006,25.015999495000074],[121.50369271900003,25.015991583000073],[121.50357825000005,25.015863111000037],[121.50344403200008,25.01569808100004],[121.50333893100003,25.015567413000042],[121.50319077700011,25.015382892000044],[121.50311983900009,25.015284299000026],[121.50304136400007,25.015198375000068],[121.50293625400002,25.01506425600007],[121.50278175200005,25.014864815000063],[121.50271703400006,25.014781052000043],[121.50264624400008,25.01468943200007],[121.50254873400002,25.014565651000048],[121.50239676700005,25.014369643000066],[121.50225112700002,25.01418166300004],[121.50220041500008,25.01409681900003],[121.50208639400012,25.01393401100006],[121.50192681000011,25.01372310300007],[121.50181030300007,25.013572935000074],[121.50166719200001,25.01338495400006],[121.50153675300011,25.013216461000066],[121.50144182100006,25.01311103500007],[121.50128867700005,25.012943746000072],[121.50121273700007,25.012860095000057],[121.50112541400004,25.012767291000046],[121.50097609500006,25.01261376500003],[121.50086475900002,25.01250608300005],[121.50076608400003,25.01241330000005],[121.50071418700007,25.012354854000023],[121.50059021700008,25.012241473000074],[121.50041817000012,25.012081109000057],[121.50034101000007,25.012011246000043],[121.50027397300006,25.011952843000074],[121.5001538480001,25.011858957000076],[121.4999326090001,25.011702162000056],[121.49986810200005,25.011646042000052],[121.49972775000002,25.01153844000004],[121.49947238000006,25.011357607000033],[121.49924233700006,25.01121001100006],[121.49911339400002,25.011120751000078],[121.49884420700005,25.010960636000043],[121.49868367300009,25.010854210000048],[121.49857754100003,25.010799334000065],[121.49833487100011,25.010648330000038],[121.49826287600003,25.01061978900003],[121.49815798400004,25.010556890000032],[121.49794562600005,25.010416140000068],[121.49729481100009,25.01003987700005],[121.49713691700005,25.009972497000028],[121.49704089800002,25.009925636000048],[121.4969575020001,25.00988105400006],[121.49684630900005,25.009820459000025],[121.49669598600008,25.00975420800006],[121.49654443300005,25.009698289000028],[121.49632841400012,25.00959889700005],[121.49610617800009,25.009531674000065],[121.495987463,25.00948831200003],[121.49589022200009,25.009455241000072],[121.49579424700005,25.00942215800006],[121.49565031400006,25.009384611000026],[121.49554947991999,25.0093627073207],[121.49554961433246,25.009377009143442],[121.49554960390307,25.009378622382375],[121.49589010008914,25.009463120333802],[121.49555073940023,25.009378904170337],[121.49555909424184,25.011522707791833],[121.49555913237786,25.01153214754072],[121.49557429231243,25.011529427866822],[121.49591635267531,25.01151473203688],[121.49616975671341,25.01154999071897],[121.49636571095799,25.011619299287275],[121.49690402115058,25.011976358538316],[121.49805861560277,25.012753402282215],[121.49843742715954,25.013020710354887],[121.49999214705316,25.014277130381295],[121.50156263677017,25.0155176925549],[121.50301002916146,25.016706752190014],[121.50375622447596,25.017311357570843],[121.50392586488314,25.017529713882002],[121.5039616009254,25.017561190794293],[121.50417747814087,25.01765299325676],[121.50425177400184,25.01772496559019],[121.504293466951,25.017774478618634],[121.50432130071749,25.017842095527847],[121.50434077463426,25.01790974099834],[121.50435413921824,25.017997720945125],[121.50433168888232,25.018110650998384],[121.50433189213724,25.018160305775297],[121.50434916177217,25.018218930510066],[121.50454277961771,25.018394320094167],[121.50462791303305,25.018466255248967],[121.50476112188727,25.018558339597448],[121.50481089333805,25.01861459609811],[121.50491759478835,25.01873611284758],[121.50496639124275,25.01878108730346],[121.50498441437276,25.01879682512965],[121.50502885758777,25.01883730032354],[121.50511370043749,25.018913750377127],[121.50517199869012,25.01901060483109],[121.50522548602605,25.01906684850749],[121.50545700619053,25.019196966749064],[121.50552851727443,25.01926894898188],[121.50569824704081,25.019507619750073],[121.5057877169795,25.019579540496927],[121.50588111960546,25.019628876875164],[121.50596560783184,25.019694043288514],[121.50604160246934,25.019802123332415],[121.50615469742357,25.01989653382798],[121.50625123377625,25.019954887560168],[121.5064458048178,25.020134788055124],[121.50656798164873,25.020253995015782],[121.50665303987445,25.02038235739136],[121.50681639476501,25.020575906781595],[121.5068809190436,25.020605027683693],[121.50696857304582,25.020611498410883],[121.50708827112359,25.020579488766302],[121.50714363974456,25.02056575636074],[121.50718058817732,25.02059045754357],[121.5072036588304,25.0206287488249],[121.50718561325613,25.02068298073412],[121.5071489432557,25.02072599110856],[121.50713212690022,25.02077796171297],[121.50717911361596,25.02083422762963],[121.50729244554427,25.020910579653606],[121.50738412179378,25.020991520068065],[121.50755851998294,25.021234686432052],[121.50765674538313,25.021326889579065],[121.50772275331677,25.02134020540192],[121.50776424436592,25.02134006290469],[121.5079023629436,25.021269618905112],[121.50798477508033,25.021206137449514],[121.50802968136233,25.021208240228816],[121.50804749786481,25.021248806489627],[121.5080254830765,25.021316594613687],[121.5079488209304,25.02142294090625],[121.50792628904219,25.02151555870367],[121.50794058513361,25.02160353580216],[121.50803144487561,25.021711563544976],[121.50813854808098,25.021778907908647],[121.50836508442576,25.021900011488817],[121.50868187420764,25.02205691745744],[121.50881093424547,25.022117414491113],[121.50885084009714,25.022108248805413],[121.50888201095063,25.02208331361066],[121.50902243212113,25.021895492419375],[121.50907554978362,25.021861453293788],[121.50913126559682,25.021856747256436],[121.50916662928283,25.021872425026444],[121.50917795316657,25.021915270562182],[121.50913648765315,25.021996668294197],[121.50911732521837,25.022080246287505],[121.50912131097913,25.022145687908605],[121.50920017289846,25.0221973291405],[121.50945723439035,25.022286726655835],[121.50956536286029,25.022302153523764],[121.50964675070955,25.02229058754368],[121.5097246392951,25.02225646278377],[121.50979627915618,25.0222088170544],[121.50985855526136,25.02214314694903],[121.50991306991995,25.022147473075737],[121.50995475708987,25.02219472795381],[121.50996594884924,25.022280458384067],[121.50998198286817,25.02233908714682],[121.5101918029652,25.022385761798482],[121.5104067657274,25.02240307641326],[121.51059574708935,25.022427251733863],[121.51070609933943,25.02245621259991],[121.51084762222911,25.022460237812613],[121.511052141661,25.022497901309947],[121.5112306049127,25.022524369228137],[121.51161872078698,25.022556882771827],[121.51203325895895,25.02261413160343],[121.51224814736493,25.022613387187445],[121.5124236220798,25.022592160423926],[121.51242745200011,25.022418050000052],[121.51242645100001,25.02217738100006],[121.51242049800011,25.021985111000046],[121.51240302800011,25.021743496000052],[121.51238758600005,25.02174494100006],[121.512333365,25.021748713000076],[121.51225522100003,25.021758379000058],[121.51217331400005,25.021771519000026],[121.51205867800003,25.02179405000004],[121.511966733,25.021814130000053],[121.51187841200009,25.02181238300005],[121.51180140900009,25.021805969000066],[121.51168913300012,25.021806662000074],[121.51157056900001,25.02180968800007],[121.51145342800008,25.02183452100007],[121.5113790050001,25.021836123000067],[121.51129057000004,25.02181945400002],[121.51116563100004,25.021813339000058],[121.51106978200005,25.02181737700004],[121.51099405700005,25.021813251000033],[121.51087161300006,25.021803669000054],[121.51077194600008,25.021803136000067],[121.5106266240001,25.021770744000037],[121.51055715200005,25.021759680000063],[121.51043716700008,25.021740909000076],[121.5103486910001,25.02171849700005],[121.51028171300004,25.02170283800007],[121.51013140400005,25.021678499000075],[121.51004046400011,25.02166413200007],[121.5099923580001,25.021641483000053],[121.50981784200009,25.021585149000032],[121.50972045200001,25.021551302000034],[121.50959522200002,25.021506150000043],[121.50950796600011,25.021477983000064],[121.50942838700007,25.02146469500008],[121.50926627700005,25.021379584000044],[121.50912091500004,25.021341450000023],[121.50905255400005,25.02130972500004],[121.50899299900004,25.02127450200004],[121.50892322500012,25.021222116000047],[121.50888776700002,25.021203965000034],[121.50882697100008,25.02117103900002],[121.5087674580001,25.021141559000057],[121.5087116630001,25.021102867000028],[121.508578295,25.020980847000033],[121.508460441,25.020909241000023],[121.50840070700009,25.020849906000024],[121.50833521900005,25.020779520000076],[121.508229936,25.02066696600008],[121.5080911660001,25.02053292100004],[121.50800384100012,25.02044241300007],[121.5078609950001,25.020350889000042],[121.50769778100003,25.020197408000055],[121.50754351000012,25.020080632000024],[121.50742838800012,25.01997758300007]],[[121.49658197057842,25.010738302727532],[121.49657443049091,25.0107112430561],[121.49657989381421,25.010684139497652],[121.49659430828648,25.01065023445013],[121.49659645641918,25.010568971843863],[121.496617108629,25.01054633121429],[121.49665580922012,25.010546200599737],[121.49668899171694,25.010559631157065],[121.4967460959787,25.010593294782854],[121.4968679268978,25.010707995124573],[121.49690398722927,25.010743986808876],[121.49690258535688,25.010780105006642],[121.49687911017423,25.010793726838926],[121.49676739751773,25.01080764663277],[121.49668280225295,25.010789875506617],[121.49658197057842,25.010738302727532]]],[[[121.49439321600006,25.00919579400005],[121.49423927500004,25.009186971000076],[121.49403464900001,25.009186415000038],[121.49401218400011,25.00918635300007],[121.49384567800007,25.009194781000076],[121.4936904740001,25.00918595100006],[121.49361097700012,25.009180402000023],[121.49350754200007,25.00918638700005],[121.49335619600004,25.009202815000034],[121.49320860500006,25.009208903000054],[121.49311656100008,25.009227490000058],[121.49296030900007,25.009293308000053],[121.49280919500008,25.009392416000022],[121.49273872800008,25.009455747000054],[121.49265944600005,25.009525978000056],[121.49256646900005,25.009660551000024],[121.49246586900006,25.009775612000055],[121.49237920100006,25.00991132200005],[121.49225731800004,25.010086158000036],[121.49215055300009,25.01025177200006],[121.49205632400005,25.01038979000003],[121.49195715400005,25.01056456900005],[121.49189810800011,25.010653140000045],[121.49187429900009,25.01071060100003],[121.49183042200002,25.010808324000035],[121.49178396700007,25.01088765400004],[121.49167848700006,25.011063610000058],[121.49164964200008,25.01112338800004],[121.4915830440001,25.01121770800006],[121.49153531900004,25.011294760000055],[121.49144735800007,25.01141897900004],[121.49136569100006,25.011538600000044],[121.49131161500009,25.01159959400007],[121.49122863200013,25.011700838000017],[121.49116325600004,25.01178137700003],[121.49109331738032,25.011846449000522],[121.49093976053535,25.01202575182157],[121.49092681600008,25.012044894000038],[121.49090835394114,25.012062424175344],[121.49071407624983,25.012289275268312],[121.49058861900005,25.012462514000042],[121.4904968300001,25.012571839000028],[121.49045027800003,25.012617875000046],[121.4903496930001,25.012739851000045],[121.49027298900013,25.01282958200005],[121.49018738900008,25.01289753900005],[121.49010803300008,25.012942507000037],[121.48998204800012,25.013005958000065],[121.48980188500003,25.01309593700006],[121.48969604700004,25.01314441500006],[121.48962039700007,25.013161810000042],[121.48956486300006,25.01317733000008],[121.48957343300005,25.013236455000023],[121.48957563500005,25.013322432000052],[121.48955763500008,25.01340743600002],[121.48955580400002,25.01347052300002],[121.48951021700009,25.013570667000067],[121.48950095500005,25.013646427000026],[121.48949787200003,25.01371066200005],[121.48947515500004,25.01382552000006],[121.489458194,25.013889885000026],[121.48943618700004,25.013954282000046],[121.48941067400006,25.014043943000047],[121.48939360200006,25.014097986000017],[121.48935915700008,25.014178551000043],[121.48931947600012,25.01424196700003],[121.48927097700005,25.01430660600004],[121.48921388500001,25.014393102000035],[121.4891720810001,25.014493226000067],[121.48914742900003,25.01454619300006],[121.4891252430001,25.014594541000058],[121.48908167800005,25.014648817000026],[121.48904699700007,25.014707596000044],[121.4890050680001,25.014796262000065],[121.4889628630001,25.014859697000077],[121.48894196900007,25.01491033200005],[121.48889750300008,25.014997863000072],[121.48886085800007,25.01510826100002],[121.48882115500011,25.01516938700007],[121.48880296800009,25.01523719200003],[121.48876346400004,25.015316652000024],[121.48874035900008,25.015395977000026],[121.48872230100005,25.015475247000044],[121.4887103860001,25.015539559000047],[121.48870110700013,25.015614171000042],[121.48869166700001,25.01567387700004],[121.4886950570001,25.015760419000056],[121.48869516900005,25.015763272000072],[121.48868471700007,25.01584592200004],[121.48867150500006,25.01590680700008],[121.48867770200003,25.01601224300003],[121.48867482000003,25.016094816000077],[121.48867304800001,25.016163624000054],[121.48866395800007,25.016255434000065],[121.4886636330001,25.016268904000068],[121.48866135300013,25.01636322900003],[121.48864326900002,25.016440206000027],[121.4886362000001,25.016486138000065],[121.48861548000002,25.016552825000076],[121.48860612700001,25.01662055700007],[121.48859892100006,25.01666333700006],[121.48859664900009,25.016676826000037],[121.48859376500002,25.016759397000044],[121.48858823600004,25.01683053000005],[121.48858155500011,25.016912003000073],[121.48857602500004,25.01698312700006],[121.48856784600002,25.017042830000033],[121.48856710500002,25.01704596500002],[121.48855699100012,25.01708878200003],[121.4885488120001,25.017148485000064],[121.4885470910001,25.017221872000047],[121.48853740000003,25.017258637000058],[121.48855064400006,25.017315860000053],[121.48853478100011,25.017365304000062],[121.48853569400002,25.017449],[121.48853642200002,25.017515490000047],[121.48854118600002,25.017604891000076],[121.48855185600009,25.01765753400002],[121.48856880800008,25.017707846000068],[121.48856595400002,25.017792701000072],[121.488569503,25.017886682000036],[121.48856698500003,25.01800252000004],[121.48856826700012,25.018119457000065],[121.48855804000006,25.018222745000063],[121.4885615290001,25.01831100100003],[121.48855892300001,25.018418807000046],[121.48854587400001,25.018494595000046],[121.48855169700006,25.018565626000047],[121.48855021900012,25.018660816000082],[121.48854386399998,25.018772081000066],[121.48854466700004,25.018845459000033],[121.48853947400005,25.018947548000032],[121.48853415900011,25.019038180000052],[121.4885211730001,25.01911970100002],[121.48852046300011,25.01917016200002],[121.48852128800002,25.019245824000055],[121.4885209350001,25.019253837000065],[121.48851972400007,25.01928131300008],[121.48851724600001,25.019337582000045],[121.48849782600006,25.01940769400005],[121.48849845400002,25.019465020000037],[121.4885003920001,25.01952691900004],[121.48849585900007,25.019573971000057],[121.48846748300002,25.019632701000038],[121.48846676200003,25.01968201600005],[121.488432138,25.01974652600006],[121.488424097,25.019818833000045],[121.48842010300007,25.01991518500006],[121.48840803800012,25.019965745000036],[121.4884139520001,25.020044804000065],[121.48841335600002,25.020105573000023],[121.48841390700011,25.020156020000062],[121.48839716100008,25.02023986500006],[121.4883893450001,25.02033281000007],[121.48839384400004,25.020398131000036],[121.48838842700002,25.020479582000064],[121.48839671200005,25.020544864000044],[121.48839376700006,25.02062172000007],[121.48839331301964,25.020633692605504],[121.4884100361724,25.02071825680832],[121.48847977021238,25.021351014874252],[121.4884892340001,25.02139591100007],[121.4885135290001,25.02150954900003],[121.48853778600007,25.02161054800007],[121.48855447900007,25.02171271800006],[121.48856941946717,25.0218205132884],[121.48857421500009,25.021855113000065],[121.48857808000004,25.021883001000045],[121.48858152700006,25.021907871000053],[121.48860102890497,25.022008183347115],[121.48860585200009,25.02203299200005],[121.48862000500003,25.02212942100005],[121.48862912200002,25.02223046000006],[121.48864454300008,25.022329186000032],[121.48866134000002,25.022469247000053],[121.4886781580001,25.022615051000056],[121.48869357900003,25.022714921000045],[121.48869633900007,25.022797602000026],[121.48870041600004,25.022900950000064],[121.48871854600009,25.02306513000007],[121.48880304500007,25.02334672900002],[121.48875559200006,25.023450210000075],[121.48874690279139,25.023469211513227],[121.48978610901692,25.023852821667518],[121.48981552028845,25.023777678734948],[121.48988150893115,25.023630751007808],[121.49001988008233,25.023465525764102],[121.49006720487651,25.023375086181318],[121.49007040005453,25.02324416665817],[121.49012674015425,25.022695515797558],[121.49015178903207,25.0222981914304],[121.49013861859406,25.022022875179168],[121.49007755908782,25.021540070026493],[121.49005669312359,25.021276064745006],[121.49006274671419,25.02116319203047],[121.4900723184364,25.021000652459396],[121.49011783830692,25.02076802431495],[121.4901310986152,25.020442964706685],[121.49014113244934,25.020163056858078],[121.49012282479637,25.01945214686187],[121.49011283933746,25.019199388684882],[121.49011721279295,25.019131660487876],[121.49021003746245,25.018806325170505],[121.49028283574889,25.01850588518811],[121.49033584264346,25.01828902477646],[121.49037081667524,25.018130909706965],[121.49041851711277,25.017826039526767],[121.49053423829488,25.017342628993724],[121.4908821493887,25.016312217599342],[121.49098563267962,25.016329927542174],[121.49106291395867,25.01614458500381],[121.49110889483683,25.01602931798974],[121.49102424387618,25.01599800223245],[121.49127089857718,25.015584123341522],[121.49157576306962,25.015016565697803],[121.49202183541755,25.01430181886046],[121.49234817079478,25.013840270280507],[121.49304813313198,25.012898958591116],[121.49344498019121,25.01241911751624],[121.4936569891078,25.01217012303068],[121.49369269423894,25.012118089515877],[121.49381689194283,25.012052216157723],[121.49404275863853,25.011938601884637],[121.49426899831401,25.011840785968342],[121.4949209714794,25.01167156781238],[121.49498373922356,25.0116510426939],[121.49532681221167,25.011574551808764],[121.49532852467796,25.00932375822085],[121.49529784768218,25.009316145062076],[121.49533165543066,25.009324535184255],[121.49533159060594,25.009308499443893],[121.49529682100001,25.00929930900003],[121.49516556700007,25.00928354200005],[121.4948929420001,25.009241702000054],[121.49477683700002,25.00922819400006],[121.49464054400006,25.009214735000054],[121.49451939300003,25.00920124200007],[121.49439321600006,25.00919579400005]],[[121.49471855323864,25.010153216774153],[121.49475026019228,25.010184709706323],[121.49475640681158,25.010250145042747],[121.49480190922885,25.010324476706465],[121.49483583800635,25.010369504845684],[121.49485071719947,25.01045071063308],[121.49481780834475,25.01050499170035],[121.49475380261823,25.010525520653715],[121.49466743265356,25.010528067851915],[121.49458157263706,25.010503528006545],[121.49449834431283,25.010440608431665],[121.4944105540771,25.01032127637205],[121.49435440706458,25.01021763777979],[121.49432297339058,25.010177115406343],[121.49427820865799,25.01013212353885],[121.49425548939158,25.010102857419813],[121.49424698449205,25.010066772311866],[121.49427687016278,25.010030558438167],[121.49432517707494,25.010032653502428],[121.49452386835837,25.01009067147544],[121.49465153350232,25.01011732817681],[121.49471855323864,25.010153216774153]],[[121.4944597076384,25.010533279553155],[121.49445359751314,25.010553614036592],[121.49441153708713,25.010565040772683],[121.49435412410773,25.01053137685636],[121.49424989771121,25.010405328496145],[121.49423917104839,25.010355708069945],[121.49425208333992,25.010333093652932],[121.49426006929495,25.01031726709315],[121.49428980928887,25.01032168153418],[121.49438441978646,25.0104432479375],[121.49444501068483,25.01049721516238],[121.4944597076384,25.010533279553155]],[[121.49241972738105,25.01184698921412],[121.49240034022078,25.01187639674924],[121.4923546184637,25.011901378205692],[121.49225750221922,25.011926531704],[121.49221650614611,25.011971811458324],[121.49218548092014,25.0120328577271],[121.49215399186683,25.012055534397472],[121.49213231948065,25.012055606937654],[121.49211025586015,25.012035366638134],[121.4920980270621,25.011997036398856],[121.49210032251166,25.011951886168283],[121.49212186790413,25.01192021428454],[121.4921533569358,25.01189753763392],[121.492250100073,25.011856585570023],[121.49228187146178,25.011827136587407],[121.49227213762387,25.01179331227793],[121.49218676947808,25.011737169813145],[121.49218875529569,25.011692020633213],[121.49222269389715,25.011662564424082],[121.49231929057679,25.01166224116142],[121.49238247716407,25.011668801047705],[121.49243378880533,25.01172505740087],[121.49243400658948,25.011779227663897],[121.49241972738105,25.01184698921412]],[[121.49140537945776,25.01183006780478],[121.49144316034159,25.011832198695203],[121.49146302037158,25.011843417994225],[121.49147481254887,25.011850149985413],[121.49148698681951,25.01187493775907],[121.4914750843709,25.01191786305848],[121.49147307116635,25.011956241043055],[121.49149232106444,25.011969719499334],[121.49153036627992,25.011960563802457],[121.49155436144588,25.011922112348692],[121.49160179597075,25.011861011229172],[121.49163058925085,25.011860914977582],[121.49163564262662,25.011885726529375],[121.4916299141978,25.011924116913725],[121.49161087273592,25.011962551807965],[121.49155537031876,25.012019165653196],[121.49151143352519,25.0120260839258],[121.49146090440594,25.012010452894252],[121.49141234164772,25.012021900866618],[121.49138089777989,25.012055862953158],[121.4913585139942,25.012110108965462],[121.49133493706479,25.01217564463987],[121.49124841048022,25.01221656221949],[121.49118190861365,25.012232584379458],[121.49114172323824,25.01224851859385],[121.49113222507015,25.012273378818506],[121.49114435404097,25.012286881106018],[121.4912171839125,25.01230469482308],[121.49123023265366,25.012315936889394],[121.49123992101758,25.01233847585701],[121.4912350126073,25.012349777934432],[121.49121119104916,25.0123543718163],[121.49113500076844,25.012347855015292],[121.49102591075278,25.012321133854467],[121.49098584481176,25.012289667778585],[121.49098193035417,25.012240023844505],[121.49099616494125,25.012160976516903],[121.49098518387707,25.0121248990025],[121.49095161971319,25.012093411170007],[121.4909471675412,25.012064083254323],[121.49097354917325,25.01200305246473],[121.49100746996318,25.011969082148248],[121.49105350156566,25.011944099935928],[121.49113802552927,25.011867075046652],[121.4911523686827,25.011815113029673],[121.49120718856928,25.0117427016258],[121.49125585254015,25.011679339328246],[121.4913020198916,25.011688213670833],[121.49138093288799,25.01167892153933],[121.49141446986593,25.011703637968417],[121.49141615378765,25.01173748934134],[121.49140179260831,25.011784937122506],[121.49140537945776,25.01183006780478]],[[121.4909950140086,25.013108977724464],[121.49099439303612,25.01318572244037],[121.49094961582962,25.01329195758127],[121.49087019865709,25.013407337117467],[121.49084694905822,25.01347738611952],[121.49087095185244,25.013517934333134],[121.49091429703336,25.01351778938019],[121.49095221589906,25.013477034102056],[121.49099546146789,25.013452060964973],[121.49105208356532,25.013442843032227],[121.49110069206519,25.013442680431364],[121.49112436888744,25.013401972788493],[121.49114328383973,25.01333193832149],[121.49108541601086,25.013262160681176],[121.49109010711872,25.013196688058144],[121.4910802285516,25.01312674988667],[121.4910529395308,25.013038812834047],[121.49104557407084,25.012977894786086],[121.49108153552139,25.01291231761891],[121.4911460532487,25.012864702071095],[121.4912275342734,25.012877972430463],[121.49122492731311,25.01299986641512],[121.49120083967813,25.01309248949809],[121.49120476328962,25.013144390473066],[121.49121916828076,25.01318497071186],[121.49127398697242,25.013189301595283],[121.49133462479949,25.013177813051254],[121.49139143860353,25.013139251686148],[121.49144832486677,25.013118747134197],[121.49147251050663,25.01312769472697],[121.49148439339537,25.01315699767957],[121.49149442770364,25.01318856394796],[121.49146686650914,25.013495626204136],[121.49147425028276,25.013561058321244],[121.49151579975593,25.013653461608744],[121.49152340254552,25.01369632165373],[121.49145127877189,25.013854562456636],[121.49145400029914,25.01391549591713],[121.49144673278037,25.01395614864338],[121.49141308503856,25.013981089803625],[121.49136202668136,25.01398803220862],[121.49125042238619,25.013952291791465],[121.49122616416653,25.013925287398553],[121.4912269390071,25.013886913520874],[121.49123135669156,25.013830470373804],[121.49121222597987,25.013769591783703],[121.49113991670455,25.013650205642374],[121.49107718557845,25.013603015698394],[121.49102355990645,25.013587395152125],[121.49097528813316,25.01359432803718],[121.49091474970685,25.013630644718052],[121.49084943133293,25.01363312031317],[121.49081286130246,25.013624214058034],[121.49078615349383,25.013603989123915],[121.4907754910287,25.013570167703172],[121.49075118051263,25.01345287778666],[121.49072968177717,25.013419092575113],[121.4906813557397,25.01341248268899],[121.49065511143694,25.013430627518037],[121.49056917606292,25.013464771808433],[121.49051677082224,25.01344463266209],[121.49030973894382,25.013237665361963],[121.49030000538889,25.01320384060299],[121.49030458621804,25.013188025379876],[121.4903236010997,25.013142819321722],[121.49030458832019,25.013111282556814],[121.49028993720793,25.01308650271066],[121.49030434412424,25.013050340543693],[121.49035251649099,25.013018580393112],[121.49044926119312,25.012977630024853],[121.49054750117132,25.012846387817817],[121.49057706963478,25.012807917695287],[121.49061452304042,25.012805535479686],[121.49068144341337,25.012816597671666],[121.49083666334337,25.012919907479656],[121.49096090462005,25.013018806288443],[121.4909950140086,25.013108977724464]],[[121.4913174535989,25.01260230138236],[121.4913465006732,25.012665403999087],[121.49134211928842,25.012730875526167],[121.49127483332902,25.012783014618304],[121.49120343186034,25.01281259611904],[121.49106472790386,25.01281305982731],[121.49099130576148,25.012802019553387],[121.49096708398187,25.01278404340998],[121.4909588350173,25.0127344139663],[121.49098292097692,25.012718533520196],[121.49117919361454,25.012713363220517],[121.49118378337565,25.012699805066642],[121.49117498758939,25.01266823458052],[121.49102059516474,25.01261683648048],[121.4907044886524,25.012541149736194],[121.49065145544176,25.012518755422562],[121.49065563609413,25.012480370093154],[121.49067539660739,25.012466761281797],[121.49075678688479,25.01245746096161],[121.49090043518562,25.01245472407238],[121.49104880001313,25.012470028377237],[121.49114516910309,25.012490020566354],[121.49120725341496,25.012530441493084],[121.4913174535989,25.01260230138236]],[[121.49068550771975,25.015452915353915],[121.49071054777511,25.015520544982806],[121.49073205560408,25.01555658680256],[121.49075766069801,25.015610671818628],[121.4907643161867,25.01564902049617],[121.49076049907333,25.015700946954333],[121.49074726706318,25.01572130532973],[121.49072189690146,25.015725904555467],[121.49069649963003,25.01572373251891],[121.49065544101757,25.01567647060375],[121.49063021783901,25.015640441216487],[121.4906116706208,25.015570532707997],[121.49060349664343,25.015462218464023],[121.49061169597282,25.015344820922703],[121.49062272454839,25.015315441474147],[121.49064526296928,25.01529956618804],[121.49065888589082,25.015299520571638],[121.49067313707164,25.015301729966872],[121.49068404577254,25.01531975037008],[121.49068435298848,25.015396491306245],[121.49068550771975,25.015452915353915]],[[121.48973282138965,25.01607454332665],[121.48970776671574,25.016158140288073],[121.4897047878397,25.016187492806484],[121.48972558622913,25.016200966302893],[121.48978089918593,25.01617369666727],[121.48991095585077,25.016177777818445],[121.48998196616898,25.016204626756544],[121.48999422170695,25.016249728352587],[121.48999103255701,25.016303909881163],[121.48996275547299,25.016355917870033],[121.48990908081305,25.016405753348774],[121.48990083849618,25.016435123387257],[121.48990091971885,25.016455437211658],[121.48992373831392,25.01650953210912],[121.48991547794469,25.016534387966583],[121.48989298423591,25.016561548367438],[121.48986482717731,25.016566156417596],[121.4898334927372,25.01655046094873],[121.48980138567534,25.01649639696279],[121.48977681770309,25.016469393320733],[121.48970593359674,25.01647414363278],[121.48961828509738,25.016467664112394],[121.48955460629222,25.016415962257444],[121.48943245818283,25.016298998312006],[121.48942131200565,25.016299035402273],[121.48937459605098,25.016308219348772],[121.48935503614135,25.016294741674383],[121.48936326052704,25.016260857424502],[121.4893742624355,25.016224706809375],[121.48937101299522,25.016186346483394],[121.48937085971403,25.01614797585627],[121.48935157337705,25.01612546875705],[121.48932436326095,25.016134587774285],[121.4893011691302,25.016141436303762],[121.48928347595877,25.01613020952276],[121.48927219456885,25.01609639014833],[121.48929306812448,25.016051178197067],[121.48935631696311,25.015917797398643],[121.48938150704777,25.01586805685204],[121.48943494422228,25.015836279362414],[121.48948043960047,25.015831613781685],[121.4896133726978,25.015858257017577],[121.48969381560639,25.01592118878306],[121.48972480132248,25.016004599209122],[121.48973282138965,25.01607454332665]],[[121.4898734150615,25.020035298914422],[121.48990615880406,25.020093872895558],[121.48994355592443,25.020154688394175],[121.48995015670647,25.020179493907804],[121.48995041681289,25.020244947490333],[121.4899339750931,25.02031497092392],[121.48990728880585,25.020378257392448],[121.48986808294786,25.020407729885626],[121.48981434259512,25.02044176496061],[121.48980957210523,25.020565918577248],[121.48979791390914,25.02059304206167],[121.48976946416903,25.020602165171724],[121.48974353625796,25.020622565105388],[121.48972482835094,25.020667768481346],[121.48970365238061,25.020715237130254],[121.48966097770692,25.020728921747953],[121.48962322119718,25.02073356175816],[121.48957573184003,25.020704378498603],[121.48952218040327,25.02063007449923],[121.48951155455148,25.02060528241039],[121.48950280247671,25.020194529001195],[121.48951135652199,25.020009422585634],[121.48953706032299,25.01993259721831],[121.48956785248437,25.019889610573],[121.4896401611154,25.019853256511187],[121.48972839497699,25.01985070497446],[121.48981382428578,25.019843648648564],[121.48984698991218,25.01985256612015],[121.48985886322714,25.019879611073556],[121.48985916810942,25.019956349741097],[121.4898734150615,25.020035298914422]],[[121.48953387581325,25.01889886780126],[121.48957591216632,25.018880670532468],[121.48963625225764,25.018871440660426],[121.48967818648282,25.018905157536548],[121.48968782700605,25.018993153139863],[121.48970191336794,25.019031477197213],[121.48972528839187,25.019069770236364],[121.4897241282788,25.019166830370434],[121.48971655916678,25.019209740969938],[121.48979086847272,25.01920949281388],[121.48986093332125,25.01923183001106],[121.48992607127782,25.01926095494268],[121.48994542929157,25.019301517175574],[121.48994122910858,25.019335386962005],[121.48991747786323,25.01935803680778],[121.48988681626886,25.019355882179823],[121.48985609190777,25.01933792840725],[121.48981439628454,25.01928615553214],[121.48978806942469,25.019283986412326],[121.48978600965259,25.019311077883685],[121.48981040227494,25.019371936752286],[121.48982363057564,25.019428318810924],[121.48981981170091,25.019480243703022],[121.4897433838126,25.01957078087516],[121.48968220391917,25.019602583807444],[121.48962123503065,25.019609558469256],[121.48955769058117,25.019591714173366],[121.48950304458921,25.019553526733986],[121.48946654993017,25.019485937100153],[121.48936855298271,25.019368897666347],[121.48931744735111,25.019364554093244],[121.48930313307385,25.019346545480737],[121.48929856553038,25.019287877515303],[121.48931588109093,25.019204307018942],[121.48933294941286,25.019136536311002],[121.48936055091096,25.0189152459591],[121.48938881965897,25.018860980657507],[121.48941350820576,25.018840584174683],[121.48943177586551,25.01884052323296],[121.48944266672537,25.01885402964663],[121.4894566808582,25.018874297011372],[121.48947971009471,25.018903562790182],[121.48953387581325,25.01889886780126]],[[121.48992014156366,25.014990501196262],[121.4898763812209,25.01511930272721],[121.48987666718078,25.015268271837776],[121.4898983012633,25.015335913513606],[121.48989863516067,25.0154194259143],[121.48988950014596,25.015457827388097],[121.48986638736271,25.015484989770172],[121.48975865962645,25.015489862481452],[121.48971728858686,25.01551934272649],[121.48965963425438,25.015580476870063],[121.48961508584355,25.015589653563097],[121.48951075476099,25.015592257711734],[121.48945717340825,25.015587921654447],[121.48943233210684,25.015569947257998],[121.48942130624106,25.01552258428604],[121.48942631720715,25.015459368111667],[121.48955510156156,25.01514519955978],[121.48957407508726,25.01501196613579],[121.48960306738267,25.01482904268706],[121.48971311001469,25.014474306006445],[121.48979033232513,25.01442890643893],[121.4898708224222,25.014426381705857],[121.48990487070921,25.014424011356006],[121.48991542463425,25.01443074769339],[121.4899206767019,25.014505215953125],[121.48990282964847,25.014764846581937],[121.48991983473394,25.014913760072897],[121.48992014156366,25.014990501196262]],[[121.48972586525339,25.01751009664294],[121.4897582939943,25.01748967443062],[121.48979042213122,25.017471510340027],[121.48982295914236,25.017478173225065],[121.48984599725073,25.01750969611487],[121.48985745035267,25.01758640006292],[121.48986208004769,25.017737611774876],[121.48983013234725,25.017800917740217],[121.48979006232926,25.017846193824838],[121.48975981889733,25.017871123036205],[121.48968335195002,25.01787363516379],[121.48959283486143,25.017846851489587],[121.48949498615397,25.017844920549486],[121.48941863644671,25.01787677476945],[121.4893560722667,25.017949211283625],[121.48928644681216,25.018114213493295],[121.48927138363018,25.018141349205525],[121.4892370428676,25.018148235027724],[121.48919885144144,25.018121276777144],[121.48916788357681,25.01804238052645],[121.48916164337865,25.017875373930117],[121.4892296094843,25.017760034069475],[121.48926553740453,25.0176854292218],[121.48934912854817,25.017606151351146],[121.4893697317694,25.01749322644213],[121.48946084377502,25.017436494783258],[121.48949120441712,25.01744090787866],[121.48951423343057,25.017470173763797],[121.48957524631113,25.017474484697722],[121.489622783223,25.017438212295875],[121.48966084824401,25.017433571184156],[121.48968562673754,25.01743574571916],[121.48969912979251,25.01748310029247],[121.4897106758997,25.01750563303267],[121.48972586525339,25.01751009664294]],[[121.48950565390561,25.01656283830581],[121.48950875313788,25.01671856958296],[121.4895256618528,25.016765912895863],[121.48957029787832,25.01685604922064],[121.48962342893934,25.01698001406108],[121.48961552029976,25.017092896589304],[121.4896019783057,25.017113255817993],[121.48955908575824,25.017149512693674],[121.48952162200354,25.01714963749346],[121.48949681650329,25.017140691622597],[121.48939453745379,25.017037204503623],[121.4893436249233,25.017003517140786],[121.48927855115264,25.01699019102614],[121.48924720766645,25.01697223835128],[121.48922758457613,25.01694296102266],[121.48925710670693,25.01673746425526],[121.48927691035408,25.016579399507986],[121.48932493412538,25.01643252651085],[121.48935503308168,25.01637148396136],[121.48941071890918,25.016360013036337],[121.48946312520255,25.016380152758604],[121.4894797152271,25.016425240040547],[121.48949155882572,25.01652225698325],[121.48950565390561,25.01656283830581]],[[121.48940011353409,25.017192927578893],[121.48935027101666,25.01727209296291],[121.48932224003221,25.017308300325826],[121.48926853776763,25.01735136455701],[121.4892432121773,25.01736724877507],[121.48920666820591,25.01736511333302],[121.4891922905506,25.017331304303905],[121.48919516450582,25.01719812425617],[121.48918262067461,25.01708079541658],[121.48918619186122,25.017044669499512],[121.48921088915387,25.01702653027944],[121.48923317260376,25.017024198978877],[121.48928590676039,25.01704885181937],[121.48932473518835,25.017080322309802],[121.4893999602382,25.01715455696023],[121.48940011353409,25.017192927578893]],[[121.48929352455494,25.016475516417255],[121.48927096763279,25.01648687710132],[121.48925109809191,25.016473400450643],[121.48923393397095,25.016439600654955],[121.48922979177014,25.01641027178794],[121.48923277074401,25.016380919230887],[121.48924199612779,25.016365088655178],[121.48926335062924,25.0163627604894],[121.48927173731127,25.016369503968136],[121.48928737138172,25.016407823102536],[121.48929617586981,25.016441650702493],[121.48929352455494,25.016475516417255]]],[[[121.49109229089618,25.011847404056894],[121.49108901500006,25.011850452000036],[121.49097581500008,25.01197243500007],[121.49094126645322,25.012023524893085],[121.49109229089618,25.011847404056894]]],[[[121.4909059650494,25.0120646924858],[121.49086013100009,25.012108213000033],[121.49080603200002,25.01216229700003],[121.49071783512541,25.012284084783307],[121.4909059650494,25.0120646924858]]],[[[121.48814382300009,25.02482883600004],[121.4880452440001,25.025064530000062],[121.48795034400008,25.025274944000042],[121.48785548,25.02549454800004],[121.487808007,25.02559459200007],[121.48772675700002,25.025754456000072],[121.48763310200002,25.025961427000023],[121.48758828000005,25.02605995300007],[121.48758390400009,25.02618890500003],[121.48758499500003,25.026284159000056],[121.48757968000007,25.026480473000046],[121.48758585100006,25.026579131000062],[121.48758215000011,25.026696227000055],[121.48759484600009,25.02681434700003],[121.48757235900007,25.026941934000032],[121.48756688500009,25.02701428400007],[121.48754904931707,25.027059320762113],[121.48839620555339,25.027210780090275],[121.4884732074219,25.027057087794137],[121.48858469960325,25.026905497258777],[121.48867652633427,25.02679234131047],[121.48868505333337,25.026756200572247],[121.48868494608776,25.026729116585734],[121.48860913418523,25.02666391420214],[121.4886077526438,25.0266278063302],[121.48862677174105,25.02658260268461],[121.48867248259698,25.02655310970026],[121.48872292743894,25.02654617128135],[121.48877331291366,25.026602429847856],[121.48880464934673,25.02661812508488],[121.48883870104945,25.026615755075586],[121.48888012158018,25.026597561403083],[121.4889331564963,25.02654095967667],[121.489197645024,25.026163157672837],[121.48931303567181,25.02597995496675],[121.48955574505938,25.025498400896456],[121.48971791984634,25.02501034289867],[121.48984968119404,25.024583325575207],[121.48989802167307,25.024436457635247],[121.48991968850898,25.0242783932678],[121.48991509383227,25.024212954618115],[121.48985545171702,25.024086759282618],[121.48985327002022,25.024080949884393],[121.48867539935858,25.023629863047056],[121.48866928100006,25.023644540000078],[121.4886596880001,25.02366755200006],[121.48862327400003,25.02375490300005],[121.48855086700006,25.023919325000065],[121.48840724500008,25.024232088000073],[121.48835482400013,25.024353968000067],[121.48824746800007,25.024600021000023],[121.48814382300009,25.02482883600004]]],[[[121.48701262200008,25.02759522800005],[121.48695317600006,25.02768756100005],[121.48687319800001,25.027747934000047],[121.48678388500002,25.02787432200006],[121.48676660100011,25.027911511000067],[121.48661433500001,25.028269080000026],[121.48653254300007,25.028441054000044],[121.48648690200004,25.028537017000076],[121.48636692000002,25.028777377000036],[121.4863020570001,25.028939482000055],[121.48624192900002,25.02902694300008],[121.48616238100011,25.02918961900008],[121.48611821500005,25.029279936000023],[121.48605320300008,25.02940530600005],[121.48602672000004,25.02949208900003],[121.48598709673264,25.02956194963861],[121.48658480313942,25.03003628553441],[121.48717425108248,25.030394104318994],[121.48740002182387,25.030481484318184],[121.48758160788199,25.030523540591243],[121.48771039800972,25.030533779022484],[121.48770693798357,25.03045419846538],[121.48770690745717,25.030452391577455],[121.48769111901443,25.030447479656512],[121.48760481306333,25.030391339112054],[121.48753969716816,25.030368983976473],[121.48746848631149,25.030371476289474],[121.48734853768569,25.030421527187762],[121.48727752953403,25.030396934375045],[121.48725069462252,25.030345111308677],[121.48722374392389,25.030263947237216],[121.48722315597426,25.03011498521498],[121.48725506564313,25.030040397842427],[121.487328820405,25.029897961321232],[121.48734306880048,25.029742179160213],[121.48746874842844,25.02934001239044],[121.48753032824123,25.029172788532193],[121.48779039771591,25.02861444157453],[121.48787838342282,25.02839070421433],[121.48788715803146,25.028338763423523],[121.48787799990838,25.028293653083566],[121.48786868106986,25.028207916938584],[121.48787312051556,25.028155990646912],[121.4879937457741,25.028042740033836],[121.48809895104814,25.02794533954268],[121.4880987724986,25.027900199600698],[121.48807209836934,25.02788900279974],[121.48797848732211,25.027864485468296],[121.48797822848682,25.027799032559972],[121.488000281936,25.027738019826614],[121.48804442725987,25.027704018250095],[121.48809336006822,25.027706113229293],[121.48815129936263,25.027714949442355],[121.48821775691988,25.02768538795697],[121.48827866102373,25.027513496530663],[121.48827103298781,25.027512132768585],[121.48736283830465,25.02735448723201],[121.48734162800008,25.027376625000045],[121.48732977800012,25.02738534600007],[121.48731968700008,25.027392773000027],[121.4872453800001,25.02744745900003],[121.48719899500009,25.027469675000077],[121.48714001100008,25.02749198000004],[121.48707508800011,25.027546486000062],[121.48701262200008,25.02759522800005]]],[[[121.48777479308039,25.030538898197786],[121.48784346951541,25.030549656649438],[121.48784259455617,25.0305395172308],[121.48784596504635,25.03053047796068],[121.48785367957666,25.030523681360222],[121.48778444000543,25.03047651259675],[121.48777010651476,25.03047205333211],[121.48777479308039,25.030538898197786]]],[[[121.48552777700002,25.030351145000054],[121.4854404260001,25.03053898000007],[121.48532196700012,25.03076150800006],[121.48528385400004,25.030829753000035],[121.48523179200005,25.030922975000063],[121.48507012100002,25.031225078000034],[121.48502608200009,25.031342523000035],[121.48493936500006,25.031475266000026],[121.48488297500012,25.031614628000053],[121.48482927400003,25.03176888600007],[121.48479474100009,25.03194594000007],[121.48475693900002,25.032057578000032],[121.48474369300004,25.032111654000065],[121.48467277100006,25.032302784000024],[121.48462659300004,25.03245354100005],[121.48454907400003,25.032619480000047],[121.4844790950001,25.032783060000035],[121.48440527900006,25.03294208600005],[121.4843503180001,25.033096359000066],[121.48430485000006,25.033198904000074],[121.48423890100004,25.033384257000023],[121.48422340600008,25.03342186500003],[121.48415917400007,25.03357776300004],[121.48409162100006,25.03373329300007],[121.48399210000004,25.03395911100005],[121.48391493400004,25.03415604000002],[121.48386281800005,25.03433896500007],[121.48383057,25.034495339000046],[121.48376574800011,25.034669213000026],[121.48371904300005,25.034884242000032],[121.48368976000006,25.035079615000026],[121.48364341800006,25.035292037000033],[121.48364184500007,25.03529924600002],[121.48364132600011,25.035323001000044],[121.48363853500007,25.035450784000023],[121.48363969157211,25.035552003123023],[121.48443916244764,25.035564071269103],[121.48441417191063,25.035457590581817],[121.4843887353075,25.035051407435436],[121.4844229577246,25.034696940551754],[121.48446922142593,25.03433340602621],[121.484519023838,25.033845722855826],[121.4845822388877,25.033698808209106],[121.48464678094373,25.033574459549676],[121.48479970852587,25.03332568393221],[121.48488226335571,25.033135822013897],[121.48522250465929,25.032642672289093],[121.48572146019609,25.032036150654314],[121.4858364729112,25.031911635932072],[121.48594725688557,25.03181421929191],[121.4861614726513,25.03163972310408],[121.48616368437064,25.031638147367488],[121.48616360522858,25.03163747964649],[121.48616363134047,25.031637458969712],[121.48620317817118,25.031614758475516],[121.48651328806956,25.031415118474623],[121.48692510375037,25.03117225861708],[121.4874392613543,25.03089068981995],[121.48765318417827,25.03079970188188],[121.4876563650417,25.030664269507437],[121.48767517493333,25.030654635816408],[121.48765819176198,25.030651256100313],[121.48737122405582,25.030598883925553],[121.48721887782797,25.030551398826223],[121.48704882789687,25.030466647892446],[121.48660542200376,25.03021335873955],[121.48593144939754,25.029677142763997],[121.48593123290738,25.02967695597493],[121.48608689568944,25.030990281800953],[121.48593139699355,25.029678340391104],[121.4859222244232,25.029670531352245],[121.48586269900012,25.02976749200008],[121.4857366350001,25.02998666600007],[121.48565164900002,25.03016069800004],[121.48552777700002,25.030351145000054]]],[[[121.48389443100007,25.037105966000063],[121.48395562500002,25.037276461000033],[121.48398301300004,25.037356577000022],[121.48408206200008,25.037530191000027],[121.48411239000008,25.037646996000035],[121.4841597610001,25.037710868000026],[121.48424835800006,25.037852429000054],[121.48427299073602,25.037897925275175],[121.48438166695152,25.037832100811517],[121.48460674388517,25.037896817136545],[121.48472940986129,25.037826446428333],[121.48494654218378,25.037839276276785],[121.48512227638746,25.03779807265678],[121.48528667630397,25.03778850467332],[121.4852425528969,25.037750279816454],[121.48522660071818,25.037709705400275],[121.4851980327062,25.037531492697973],[121.48518851299949,25.037472840799914],[121.48514584979505,25.037412040672123],[121.48504800362831,25.037335622362313],[121.4849181983274,25.037164513662454],[121.48485799824064,25.037054116453632],[121.48482176671787,25.036975239081425],[121.48475708937613,25.03667075144479],[121.48457158861929,25.036037132760576],[121.48451154537383,25.03586001722421],[121.48450474296716,25.035860193906064],[121.48363711567302,25.035882361691463],[121.48363446800012,25.035977649000074],[121.48365161400011,25.036154255000035],[121.48366586900009,25.03629874800004],[121.48370765800007,25.036425793000035],[121.48372670900007,25.03654843900005],[121.48377961600012,25.036766070000056],[121.48383659900003,25.03689871500006],[121.48389443100007,25.037105966000063]]],[[[121.48437925393766,25.035629541660366],[121.4836408703113,25.035655162234224],[121.4836409610001,25.035663099000033],[121.48364011200009,25.03571719100006],[121.48363897286306,25.035789724506017],[121.48441987056285,25.035775343443223],[121.48448826679562,25.03577329650894],[121.48445408470451,25.03562765253333],[121.48437925393766,25.035629541660366]]]]}},{"type":"Feature","properties":{"河流":"新店溪","縣市":"臺北市","行政區":"中正區","區域":"臺北市中正區"},"geometry":{"type":"MultiPolygon","coordinates":[[[[121.5330431582074,25.009927328249056],[121.53312884862851,25.00991121913898],[121.53319498547121,25.00988389534311],[121.53329420044842,25.00984516661985],[121.53349498645402,25.00966838966702],[121.53353935887013,25.009625583219858],[121.53348467595721,25.009595099830378],[121.53345207622687,25.009625660652095],[121.53335790301183,25.009684684828372],[121.53317662820628,25.009791422116063],[121.53306298613043,25.009787318703218],[121.53289803578194,25.00973148812579],[121.5327364911648,25.009675645070633],[121.53263683697654,25.00961280719014],[121.53255078567385,25.009545406010535],[121.53245342569898,25.009511901543394],[121.53235824271437,25.009480646219938],[121.53229616719007,25.009444757242562],[121.53226081115913,25.00941680015148],[121.53214806481901,25.009498170060674],[121.53212488565265,25.009514656897117],[121.53213867227842,25.009537865059634],[121.53223527892071,25.009611999570826],[121.53245555443489,25.009789512545126],[121.53266707834155,25.00980454831054],[121.53281969356625,25.009871709012206],[121.53291956002471,25.009911975385112],[121.5330431582074,25.009927328249056]]],[[[121.53208631630854,25.009449729888274],[121.53209863373203,25.009470464848327],[121.53214150080797,25.00944128906307],[121.53221785844953,25.00938283610646],[121.53219679447776,25.00936618015656],[121.53212209549574,25.00942732880728],[121.53208631630854,25.009449729888274]]],[[[121.52900228500006,25.01006592000004],[121.52888904100008,25.010103383000054],[121.52879722300008,25.010138403000035],[121.52862731100005,25.010188843000034],[121.52846383700012,25.01025645900006],[121.5283984980001,25.010290167000047],[121.52825888800011,25.010343865000042],[121.52815083200007,25.01040080300004],[121.5280641490001,25.010447289000066],[121.52789942200003,25.010516055000043],[121.52775095200002,25.010566363000066],[121.5277033330001,25.010607988000057],[121.52758773399998,25.010668417000034],[121.52741930400008,25.010747551000062],[121.52739913042818,25.010755648111513],[121.52779990530895,25.011152958776965],[121.5279876599108,25.011015349516118],[121.52834191166143,25.010885429657943],[121.52848026456418,25.01080368030392],[121.52861291863977,25.010692609479555],[121.52872389099927,25.010651585033195],[121.52883032580147,25.010635404409708],[121.52894591299028,25.010587592105896],[121.52908745765724,25.010456175553365],[121.52919349496653,25.010347456745176],[121.52930437961874,25.010286118715356],[121.52944629197506,25.010240468761324],[121.52959726988381,25.010215099681446],[121.5298742352837,25.010184764273706],[121.53005836927738,25.010166046923654],[121.53020124885263,25.010129420536913],[121.53042465193501,25.010027049702558],[121.53061849830951,25.009963154811928],[121.53076456905137,25.00987686096314],[121.53108371302133,25.0097199750223],[121.53162436809578,25.009381725220447],[121.53179698475543,25.009277278123644],[121.53185786816285,25.009252230920836],[121.53192073581148,25.009256518345833],[121.53200197056407,25.009310700737814],[121.5320631556225,25.009262718559608],[121.53199918822384,25.00921335122697],[121.53195685664484,25.009089365472846],[121.53193522911374,25.008956276793175],[121.53193832281882,25.008884039640474],[121.531963039489,25.008800439190786],[121.53199308680698,25.008750394509644],[121.53195090300005,25.00872451900005],[121.53191407300005,25.008712483000064],[121.5318532339055,25.008672909740607],[121.53175262160796,25.008826025622433],[121.53185323390547,25.008672909740593],[121.53184668200005,25.00866864800002],[121.5318350560001,25.00868634900007],[121.53172512000003,25.008827119000046],[121.53166775200009,25.00891359000008],[121.53153908700006,25.00907973300008],[121.53143887500003,25.009172223000068],[121.5314064380001,25.009219492000053],[121.53130742600001,25.009303934000062],[121.531211084,25.009407877000054],[121.53109189200006,25.00949243600007],[121.53097400600006,25.009582739000056],[121.53086861000008,25.00965688600007],[121.53078822000009,25.009702177000065],[121.53072283900008,25.009730136000027],[121.5306499850001,25.009770778000078],[121.53056074000007,25.009812679000053],[121.5304613300001,25.009844310000062],[121.53037948000006,25.009863189000033],[121.53025729500008,25.00988578000005],[121.530088438,25.00990865500006],[121.53002672700006,25.00992168500005],[121.5299159000001,25.00994534600005],[121.52983141500012,25.009949322000068],[121.52971158000003,25.009948946000065],[121.5296196380001,25.00996787900004],[121.52948352300007,25.009983669000064],[121.52932094800008,25.01000306200007],[121.5291987260001,25.01002105400005],[121.5291004720001,25.010038900000033],[121.52900228500006,25.01006592000004]]],[[[121.52625394499998,25.01144374800003],[121.52617111000006,25.011499384000043],[121.52607313900013,25.011555109000028],[121.52596781400008,25.01163957800003],[121.5258914310001,25.011714700000024],[121.5257538730001,25.011873992000062],[121.5256414910001,25.01202626000003],[121.52552913400008,25.012181959000028],[121.52546918400004,25.012261546000047],[121.52535806000003,25.012413810000055],[121.52525815000003,25.012547608000027],[121.52522322000004,25.012599489000017],[121.5251532210001,25.012684889000067],[121.52505955100003,25.012809482000026],[121.52501840800005,25.012874026000077],[121.52490726900011,25.013023978000035],[121.52482598500002,25.013118618000075],[121.52474108300011,25.01323512700003],[121.52463230100011,25.013363250000054],[121.52455125100005,25.01348890000003],[121.52444599200008,25.013582560000035],[121.52441625800009,25.013616396000035],[121.52440977100002,25.013623777000074],[121.52435468800002,25.01368646200007],[121.52427101900004,25.013799500000058],[121.52419838300011,25.013869985000046],[121.52410826100004,25.01396355500003],[121.52406078500007,25.01402469800007],[121.52399214900004,25.014123869000056],[121.5238383950001,25.01431083400007],[121.52373336900007,25.014435485000035],[121.52370099500001,25.014491942000063],[121.52362970600007,25.014573899000027],[121.52359238200006,25.014643023000076],[121.52348491500004,25.014779185000066],[121.52337360900005,25.01490730700004],[121.523329966,25.014975325000023],[121.52326888100002,25.01507214100008],[121.52321508700004,25.015132186000073],[121.5231726290001,25.015189863000046],[121.52312407800004,25.015276270000072],[121.52309831600007,25.015314302000032],[121.52302801200007,25.01541808800005],[121.52293205800005,25.01557597300007],[121.52289349800004,25.01564854200006],[121.52280612200002,25.01577310600004],[121.5227212650001,25.015895327000067],[121.52268055700007,25.015951728000058],[121.52266133400008,25.015978361000066],[121.52261773700003,25.016052112000065],[121.52252522400012,25.016164052000075],[121.5224817940001,25.016259602000048],[121.5224343210001,25.01632192200003],[121.52239206900003,25.016407133000026],[121.52236346800011,25.016462432000022],[121.5223184780001,25.016518970000046],[121.52221631400003,25.01668952700004],[121.52212374300007,25.016793432000046],[121.52212373000009,25.01679346500003],[121.52210896500003,25.016841748000047],[121.52209585600008,25.016864441000056],[121.52207036200004,25.016908573000023],[121.5220078230001,25.01698014200002],[121.52193930200009,25.017095392000044],[121.5218681670001,25.01719802100007],[121.52181844900008,25.017297064000044],[121.52173211200011,25.017391746000044],[121.52168720100009,25.01745862000006],[121.52162476700006,25.017543975000024],[121.52156469100011,25.017607501000036],[121.52150466500005,25.017677905000035],[121.5214333460001,25.017756419000023],[121.52132451100009,25.01787880700005],[121.52123931900007,25.017957407000036],[121.52113193600009,25.01810504000002],[121.52103673500005,25.018195186000067],[121.52094515600004,25.018263497000074],[121.52084378700012,25.018372046000014],[121.52073723300009,25.018462276000033],[121.52060298800006,25.018560701000073],[121.52055173800012,25.01861312500005],[121.52054539700008,25.01861961200007],[121.52054328600002,25.018621506000045],[121.52051534300004,25.01864654100006],[121.52037246700003,25.018774545000042],[121.52028855700007,25.018856579000044],[121.52019444000007,25.018922606000046],[121.52005511400013,25.01901647900007],[121.51997740200011,25.01908355100005],[121.51992220300006,25.019125228000068],[121.51977543500004,25.019236354000043],[121.51963987700003,25.01932791300004],[121.51961637600004,25.019342958000042],[121.5196117370001,25.01934592800006],[121.51954571300006,25.019388196000023],[121.51945651200003,25.019436972000044],[121.51939499700008,25.01947753400003],[121.51930213700007,25.01954356400006],[121.51920285100005,25.019593548000042],[121.51915008300011,25.01962257600008],[121.51899926500006,25.019698137000034],[121.51885844200001,25.019761030000033],[121.51875533500005,25.019806441000075],[121.51868373800006,25.01984822100007],[121.51862472200004,25.019885323000032],[121.51845137900011,25.019985146000064],[121.51831680300006,25.020039945000068],[121.51813194700004,25.020119162000068],[121.51795464400003,25.020196051000028],[121.51780114700013,25.02025096100005],[121.51762123900004,25.02031752800008],[121.51745389900009,25.020377120000028],[121.51731173000007,25.020428516000035],[121.51719352700002,25.020479773000037],[121.51698328800002,25.020538484000042],[121.51685737700006,25.020571413000027],[121.51666227500004,25.02063004300004],[121.51651385600009,25.02068951100006],[121.51645458500003,25.02069217400003],[121.51636639600008,25.02070879500008],[121.5163361893027,25.020721853694134],[121.51652600117276,25.02131648687956],[121.51653186118904,25.021334698272156],[121.51663646490853,25.02129804430414],[121.51680408816185,25.0212500599555],[121.5172859965776,25.02112874986754],[121.51770322865369,25.021016693089848],[121.51803594924523,25.02090944551596],[121.51884786096304,25.020624465430824],[121.5194379911023,25.020394430089603],[121.51988581848983,25.02012200888651],[121.52012421773317,25.01996994748751],[121.52042172069619,25.019736422597465],[121.52078947795754,25.019495877818002],[121.52103348295581,25.019352822306846],[121.52113021485246,25.019309596828656],[121.52121340878004,25.01928673261839],[121.5212802591504,25.019279725482367],[121.52125487523539,25.01920758909787],[121.5212768923346,25.01914205660624],[121.52142947058451,25.01897900979523],[121.52175788091385,25.018734087525534],[121.52206542112762,25.018459896432713],[121.52244550557117,25.01806130962381],[121.5227288059025,25.017766889087714],[121.52293867326219,25.017533668650636],[121.52311816462725,25.017366010249848],[121.52322563857886,25.01722794865058],[121.52325493178313,25.017126277068524],[121.52329277951709,25.016997490414326],[121.52329764147855,25.01690267660118],[121.52330794858602,25.016850727649533],[121.52336490638619,25.016701559655694],[121.52341167536933,25.016559198940012],[121.52349034785391,25.016346756132947],[121.52355154412885,25.016175002364452],[121.523610106746,25.01603937089009],[121.52369332360563,25.015876567150684],[121.52387937714894,25.0155779745704],[121.52394691785975,25.015442311024238],[121.52398301188097,25.01533835797572],[121.52409770286972,25.015150614452562],[121.52416022865856,25.0150736522189],[121.52424908099981,25.01499885348589],[121.52433243029475,25.014867647652153],[121.5244167465595,25.0147454665727],[121.5245562447299,25.014494436487333],[121.52483780786815,25.014087163453404],[121.52512417888607,25.01364601698011],[121.525415983298,25.013245477459456],[121.52558810990763,25.013023672024115],[121.52567681427658,25.012915016910057],[121.52583345838333,25.012765492495664],[121.52597441824722,25.012640851567216],[121.52614478068818,25.012513848635063],[121.52630532221143,25.012407194141893],[121.52658607779725,25.012248198136636],[121.5268801649687,25.012093668207257],[121.52702566027133,25.01201640858331],[121.52707767439634,25.011943996848554],[121.52710892571923,25.011867145135167],[121.52711882403123,25.01179262674536],[121.5271019419923,25.01168209101147],[121.52716543056333,25.01161415240846],[121.52735357307017,25.011518683725644],[121.52748440986521,25.01141664845558],[121.52764105976922,25.01126937960712],[121.52767275444585,25.011246150020742],[121.52725021684277,25.010838277729174],[121.52725021274819,25.010838280106437],[121.527245872544,25.01083412863269],[121.5272426623179,25.010831127661127],[121.52723579400003,25.010834827000046],[121.52708760200005,25.010921859000064],[121.52696456700005,25.010999557000048],[121.52686656100002,25.01105068800007],[121.5267473030001,25.011127210000033],[121.52666319000004,25.01118056500007],[121.52653377800004,25.01124911300008],[121.52638562100002,25.01134075000005],[121.52625394499998,25.01144374800003]]],[[[121.51253627931492,25.022578532430376],[121.51274070596367,25.022519139640934],[121.51322785001284,25.022388796163423],[121.5135158217433,25.022315569910617],[121.5141549395426,25.022171153248774],[121.51457899052774,25.022059081598123],[121.51512368596876,25.021919503748006],[121.51529345949409,25.021866999538027],[121.51545885059363,25.02180322486417],[121.5156662011827,25.021703190536126],[121.51599244975283,25.021528257678877],[121.51618103438662,25.02145763011819],[121.51632642236221,25.02140668540504],[121.51614248692496,25.020796092884854],[121.51610221200008,25.020808028000026],[121.5159952580001,25.020845431000055],[121.51590843100007,25.020874669000023],[121.51581277200012,25.020903963000023],[121.51563932109835,25.020938271235273],[121.51563875272936,25.020938456477506],[121.51555604100008,25.020988228000075],[121.5154114070001,25.02104767500003],[121.51528175400007,25.021086367000066],[121.51512066900013,25.02113902700006],[121.51496453300001,25.021179038000074],[121.51485007800012,25.021225667000063],[121.51469016100008,25.02126569300003],[121.51459442300005,25.021284667000028],[121.51455078100004,25.021304220000047],[121.51451646500004,25.021319595000016],[121.51433401000008,25.021382720000066],[121.51421680700003,25.021398363000053],[121.51408081400007,25.021433655000067],[121.51392214100008,25.02147138300006],[121.51374208400011,25.021518418000028],[121.51359087800006,25.021542323000062],[121.51352538700006,25.021557652000073],[121.5134057680001,25.021588239000035],[121.51329618800003,25.02161188200006],[121.51310719800006,25.021645199000034],[121.51293453400001,25.021668076000022],[121.51279716600004,25.021687303000082],[121.51270641500004,25.021698195000056],[121.51255903800006,25.021728956000054],[121.51240302800011,25.021743496000052],[121.51242049800011,25.021985111000046],[121.51242645100001,25.02217738100006],[121.51242745200011,25.022418050000052],[121.5124236220798,25.022592160423926],[121.51253627931492,25.022578532430376]]],[[[121.515639316441,25.02093827215648],[121.51563893300009,25.02093834800007],[121.51563875489181,25.02093845517627],[121.515639316441,25.02093827215648]]]]}},{"type":"Feature","properties":{"河流":"新店溪第二號排水溝","縣市":"臺北市","行政區":"萬華區","區域":"臺北市萬華區"},"geometry":{"type":"MultiPolygon","coordinates":[[[[121.4886598215793,25.03062935161371],[121.48873325371318,25.030640393606337],[121.48880219882474,25.030613080832357],[121.48883426855475,25.03057911907455],[121.48900702733103,25.030571775577723],[121.48916424653349,25.030471944901016],[121.48929101575186,25.03042412683124],[121.48949085710368,25.030452805518703],[121.4896259993091,25.03048621272455],[121.48972640691147,25.030506192870973],[121.48984064141287,25.030499042594567],[121.48980920546681,25.03045852025059],[121.48964649533897,25.030422947651736],[121.48951135319457,25.03038954047592],[121.48925235963839,25.030358800945482],[121.48913479058886,25.030384018132523],[121.48903790878639,25.03047236366078],[121.4889652658603,25.030504202893578],[121.48866900090816,25.030523240591577],[121.48854268989578,25.03053042993484],[121.48847705307418,25.030531987458186],[121.48847469512066,25.030580309780188],[121.48858221214067,25.030579953835257],[121.4886598215793,25.03062935161371]]],[[[121.48820887709272,25.030581189461223],[121.48821013075673,25.03053832106668],[121.48810054322327,25.03054092125048],[121.48786020009759,25.03052817386597],[121.48785367957666,25.030523681360222],[121.48784596504635,25.03053047796068],[121.48784259455617,25.0305395172308],[121.48784346951541,25.030549656649438],[121.48805122441877,25.030582202136802],[121.4880570429667,25.03058169171797],[121.48820887709272,25.030581189461223]]]]}},{"type":"Feature","properties":{"河流":"景美溪","縣市":"臺北市","行政區":"文山區","區域":"臺北市文山區"},"geometry":{"type":"MultiPolygon","coordinates":[[[[121.59935609859508,25.00257779122723],[121.59931815345537,25.002605028555468],[121.59927658222205,25.0026503364052],[121.5991961909886,25.002670974488744],[121.5991288910336,25.002709615436725],[121.59907551256181,25.002809138578677],[121.59901849531205,25.002861279787627],[121.59891591382865,25.00290232031954],[121.5988739327378,25.002927316883362],[121.59883251656501,25.003004221756722],[121.59875651457251,25.003036126788874],[121.59869947479265,25.003083754014593],[121.59866565370552,25.00313128736948],[121.59865453206493,25.003199041813044],[121.59856684333239,25.003246792878127],[121.59852527141977,25.003292100548432],[121.59843077369308,25.003466270113716],[121.59829416001566,25.00357515726852],[121.59816901174767,25.003686254985727],[121.59798673386993,25.003826924092778],[121.59796442221142,25.003885695757027],[121.59792658689163,25.003935502163607],[121.59786165133713,25.003951563218394],[121.59781995688799,25.00397204439327],[121.59781680679846,25.004087163278065],[121.59774457393756,25.004130337551086],[121.59761147415315,25.004198584261655],[121.59737219702639,25.004332711763098],[121.59728477182077,25.004371433148705],[121.59722285427004,25.00437168288049],[121.59702558052014,25.00435893646475],[121.5965563676299,25.004259263146363],[121.59650284248937,25.004203054135775],[121.59645662603091,25.004121988826647],[121.59644864341477,25.004072367302662],[121.59649792328219,25.004020258148284],[121.5965020697435,25.003981872696954],[121.59652104456423,25.003683874208416],[121.59654012972007,25.003408445121227],[121.59647337066204,25.00330489267982],[121.59637819442848,25.00319408242996],[121.59618686385913,25.00336125676578],[121.59619195813274,25.003369221402657],[121.59631547026687,25.00349285834671],[121.5962725011219,25.003885746852617],[121.5962789893608,25.004136246119113],[121.59630918392037,25.004296370498295],[121.5963367477878,25.00436171207373],[121.59633721373362,25.004362899509125],[121.59633685801644,25.004362719840035],[121.59634116198845,25.004373038711],[121.59642441800007,25.00442026900003],[121.59658507300004,25.004488003000063],[121.59675434200007,25.00452927800006],[121.59692598100003,25.004551004000064],[121.59708611200006,25.004552168000032],[121.59719181000004,25.004526166000062],[121.59730991300012,25.004473683000064],[121.59745068400002,25.004418730000054],[121.59752105700011,25.004389541000027],[121.59763899100004,25.004316390000046],[121.59773057000008,25.004258352000072],[121.59781953700009,25.004188849000062],[121.59788851300004,25.00414244700005],[121.5979885050001,25.00403269700007],[121.59810354000001,25.003911357000046],[121.59817357500003,25.00383970300004],[121.5982222360001,25.00377507300004],[121.59829229200012,25.003705708000037],[121.59836232700003,25.003634051000063],[121.59844499800009,25.00356573600004],[121.59854519900013,25.00348238600003],[121.598665374,25.00337363700004],[121.59875925600012,25.003288034000033],[121.59881940300009,25.003241685000035],[121.59890339100002,25.003180254000025],[121.59897504300012,25.003153342000072],[121.59905152600004,25.003100005000075],[121.599178219,25.00301875600007],[121.59926982700007,25.002964173000066],[121.59932495200009,25.002920147000054],[121.59935293848702,25.002893775126573],[121.59930583764135,25.0029058397344],[121.59884061402016,25.003202803499384],[121.59930594709448,25.002905769867365],[121.59930727446518,25.002904922569037],[121.59930601008426,25.002905256337314],[121.5992902436017,25.002909834097483],[121.59910902817768,25.00295119291101],[121.59911657888071,25.002912793665807],[121.59920013129832,25.00284248921324],[121.59925015981283,25.00275426449793],[121.59931280490454,25.00271338534879],[121.59936810890429,25.00269059174061],[121.59949613591535,25.002660732349284],[121.59955610810525,25.002642433503606],[121.59959315925632,25.002621970530974],[121.59959398192815,25.002621552923788],[121.59959322852038,25.002622688954215],[121.59961663276499,25.002610590499486],[121.5996354715642,25.002591958990397],[121.59971613100004,25.002485794000048],[121.59972545616768,25.00247157639257],[121.59969836195992,25.002483868265433],[121.5996750313905,25.00249934200843],[121.59967463100892,25.002499945726214],[121.59962646021292,25.002531556288382],[121.59951271886757,25.00257038586712],[121.59935609859508,25.00257779122723]]],[[[121.59615587967856,25.003312814544376],[121.59634098661519,25.00315076262212],[121.59630336632858,25.003106962531017],[121.59625253035519,25.00300872981144],[121.59612806486896,25.003091869332685],[121.59604349632635,25.003137108261814],[121.59615587967856,25.003312814544376]]],[[[121.59603476896737,25.002838433253032],[121.5960700754778,25.00288220302942],[121.59608602969016,25.002915993610742],[121.5960880416516,25.002947583317848],[121.59606706724449,25.002963466634807],[121.59602555003596,25.00295686276005],[121.59599419391468,25.002938933053937],[121.59597452924292,25.002923362219747],[121.59596971480866,25.00293451758539],[121.5959592279488,25.00306664279172],[121.5959980173874,25.003098641471873],[121.59609409961219,25.00304686632099],[121.59622646577407,25.002958363913073],[121.59614834532651,25.00280740746922],[121.59612309862486,25.00278481043676],[121.59604843847035,25.002825865454415],[121.59603476896737,25.002838433253032]]],[[[121.59589998551249,25.00301777169628],[121.59591097204817,25.002887357238034],[121.5959228886934,25.002859745602265],[121.59591076250292,25.002844475341952],[121.59588016977295,25.00279268774226],[121.59587008669558,25.002756616526963],[121.5958771519479,25.002745303170506],[121.59589945289387,25.0027474704342],[121.59593449082813,25.002758614391883],[121.59597653688726,25.00279080343554],[121.59598969574108,25.002778705135974],[121.59606810509837,25.002735588484686],[121.59594249736527,25.002623162999523],[121.5957675532421,25.00242750896694],[121.59565390681108,25.002231608196624],[121.59563290139248,25.002114329353134],[121.59563643132934,25.002070832957205],[121.59545031986117,25.002095617366454],[121.59548491003748,25.002175863033774],[121.59556236915064,25.002315484793627],[121.59566711287937,25.002653611598483],[121.595707898675,25.00276403990471],[121.5957389111215,25.00283839572179],[121.59581622787505,25.00294867704221],[121.59589998551249,25.00301777169628]]],[[[121.59524521366525,24.999238229054487],[121.59529661149567,24.999303475236726],[121.59530221491421,24.999373419331206],[121.59524267638598,24.999797972086558],[121.59523838261133,24.9999334085649],[121.5951680121895,25.00023161354971],[121.59512810436097,25.00042813174191],[121.59511352851649,25.000550067601242],[121.5951506023036,25.000852354963186],[121.59515653483994,25.001024819888183],[121.59534710558019,25.000996276245548],[121.59534061327763,25.00096444088273],[121.59530370084944,25.000759203368286],[121.59534753575652,25.000479160866124],[121.59528648729777,25.000339472976407],[121.59528060905058,25.000213105323475],[121.59532218524443,25.00004140727415],[121.59550138310108,24.999650228509104],[121.59551190089789,24.99952153800125],[121.59550369047857,24.99936132493636],[121.59549415045855,24.99930945257485],[121.59541454860948,24.999237548828024],[121.59538305116104,24.99919027864118],[121.59538556246923,24.999133843875704],[121.59539374673182,24.99903450356555],[121.59538189691756,24.998953299632884],[121.5952165853368,24.998635728379288],[121.5951136368068,24.99847363863514],[121.59482694662424,24.998165684508734],[121.59456606288464,24.99817674378388],[121.59461595979845,24.998243166062863],[121.59473851096969,24.99836229481855],[121.5948682682286,24.99856264610449],[121.59494050325274,24.99871131740219],[121.59503385109154,24.9989998371295],[121.59512719242116,24.999159708471627],[121.59524521366525,24.999238229054487]]],[[[121.5951770439462,25.001101123206833],[121.59520869567861,25.001210982605762],[121.59529913127965,25.001472429759914],[121.59532341445146,25.00165635387603],[121.59548621868763,25.001634683721278],[121.59544179156653,25.001460571454885],[121.59536263750265,25.001072437784302],[121.5951770439462,25.001101123206833]]],[[[121.59427288015554,24.99720858351315],[121.59435133792559,24.997553608018514],[121.59441536038705,24.99767069528202],[121.59448903829167,24.99792543964939],[121.59450954405847,24.99800417529033],[121.5947872657776,24.997999545735993],[121.59474953038227,24.99782734428492],[121.59471970679057,24.997678502665146],[121.59462966350559,24.997511825708642],[121.59427288015554,24.99720858351315]]],[[[121.59424793134238,24.997107118954236],[121.59446065865373,24.99728820002693],[121.59448732208432,24.99731089672893],[121.59446671877082,24.99728228716749],[121.59424189620394,24.997079363638406],[121.59424793134238,24.997107118954236]]],[[[121.58603269750088,25.002947076268224],[121.58621288301562,25.002948620478886],[121.58641194201066,25.002947832772282],[121.58660912189607,25.00294253823564],[121.58672083646263,25.002933067893498],[121.58685045245547,25.002912241559425],[121.58710961932775,25.002857046811872],[121.58720325911287,25.002822820723022],[121.58726415490885,25.002739070340855],[121.58747166830769,25.002435809627],[121.58754659834241,25.0023091204934],[121.58763944642575,25.002110136251623],[121.58767861698418,25.002015186882062],[121.58782843848309,25.001689584556594],[121.58785309124401,25.001601463741807],[121.5880193081967,25.001273539231967],[121.58806703771688,25.001155985821093],[121.58814927658997,25.001004440445854],[121.58822328206081,25.00081455875179],[121.58822263175492,25.000679141511377],[121.5882592648559,25.000636113176665],[121.58832464471969,25.00058394274474],[121.58845782064863,25.00053150314162],[121.5885290338954,25.000404828591883],[121.5887331837025,25.00017606125773],[121.58883472912935,24.99998381325825],[121.58896033894699,24.999838866528187],[121.5891106215013,24.999738961589333],[121.58919868065415,24.999510655102828],[121.58927693090587,24.9994313492655],[121.58941759425703,24.999326968339194],[121.58948855590613,24.999277032301286],[121.58955716053458,24.999251932529585],[121.58965433234178,24.999244775056514],[121.58973676964385,24.99919930723131],[121.58986647290853,24.999133338346475],[121.59001730273975,24.999083084233497],[121.59010711499039,24.99902630189383],[121.59024736485843,24.998964804705526],[121.59034100051583,24.998930576952475],[121.59041292287776,24.998887407645586],[121.59047383617143,24.998808170255387],[121.5905384485486,24.998789856941187],[121.59064483063409,24.998766863203322],[121.59069668538162,24.998735058688965],[121.59075428027539,24.998673890368924],[121.59087481963779,24.998569588297947],[121.59093007944581,24.99853777013947],[121.59101995612149,24.998494528999636],[121.59105564781481,24.998449246845865],[121.59108418677376,24.9983972222225],[121.59120250403689,24.99828164381088],[121.59128855657735,24.998215847844037],[121.59134529847927,24.998170481678084],[121.59145764623072,24.998036870955573],[121.5915278342808,24.99795533920326],[121.59161963446235,24.99773378763593],[121.59167051607982,24.997692958733612],[121.59172209316434,24.997667925989226],[121.59175833793697,24.997609099530628],[121.59176071623389,24.997588777104855],[121.59175262394224,24.997579781430296],[121.5917318504734,24.99757309335653],[121.59177777896204,24.997532284190065],[121.59186483562844,24.997482282877073],[121.59194652048521,24.99740973303764],[121.59234988086367,24.997024433557016],[121.59252480856438,24.99696505288471],[121.59287505284485,24.996798892575786],[121.59304864317488,24.99671920374645],[121.59328675312841,24.996666340507492],[121.59339604985895,24.996670417176542],[121.5934927422055,24.996692600137425],[121.5935461727584,24.996730755132926],[121.59367239103722,24.99684084242475],[121.5936757939572,24.996841956635663],[121.59361564651945,24.99658172813312],[121.59356856854507,24.99656139117936],[121.59345947200539,24.996534743920353],[121.59328053534513,24.996533202904384],[121.59312740157807,24.996554128386304],[121.59292130773751,24.99663394725381],[121.59266108769354,24.99665981437788],[121.59261566974396,24.996678051822673],[121.59253819954571,24.996725758227353],[121.59242609853513,24.99684582669884],[121.59233213030497,24.996938738761077],[121.59224913137109,24.996995495084768],[121.59197086054614,24.99712976879459],[121.59166961868975,24.99737924031692],[121.59158740593321,24.997406652261528],[121.59149038446587,24.997508604006814],[121.59140046762694,24.99767146617344],[121.59123270824645,24.997805297809567],[121.59116042941183,24.99790263672038],[121.59102619595177,24.998119843233322],[121.59093226443967,24.99828497816944],[121.59086422088474,24.998361987140818],[121.59067952073049,24.998513941703404],[121.5905087335217,24.99859813083112],[121.59022110398361,24.998718896904123],[121.59007709611315,24.998771381033364],[121.58992280204303,24.99887355984078],[121.58980042003239,24.998916929684107],[121.58958478764745,24.999010324211955],[121.58935118383954,24.999164728694915],[121.58920771814174,24.99933005955781],[121.58913256359146,24.999409353056084],[121.58902469801588,24.99944589357411],[121.58890975000409,24.99955468602449],[121.58854086067056,24.99996692430787],[121.5884691538156,25.000055231855704],[121.58828218786398,25.000252332707017],[121.58808430885554,25.000562326554412],[121.58796059775077,25.000716293190106],[121.58793215419303,25.000788629947756],[121.58789669290282,25.000946760589635],[121.58785411761649,25.00104172350225],[121.58773928638438,25.00117534199103],[121.58769293096147,25.001256777853722],[121.58768945449897,25.0013064456592],[121.58769755619039,25.00144634758367],[121.58769049488349,25.001523113614383],[121.58766209459884,25.001604478268064],[121.58752241446848,25.001785592184948],[121.58743352137176,25.001905565645522],[121.58741505970855,25.001993661868553],[121.58735819976805,25.002079653294484],[121.58729014084722,25.002154404082887],[121.58725553773712,25.00223353626127],[121.58724566183798,25.002368995466696],[121.58716924847475,25.00250923235454],[121.58705812974533,25.00264283571514],[121.58696443595677,25.002665776914498],[121.58666923946015,25.002696287031686],[121.58660429301588,25.002710086178222],[121.58648945443858,25.00277825083467],[121.58635599387905,25.002772008039543],[121.58621922523513,25.00278609123152],[121.58616511390731,25.002799847323313],[121.58613996244546,25.002784147806675],[121.58613730213658,25.00274578929199],[121.58610378128402,25.00272786587378],[121.58567125775943,25.002720548138477],[121.58542286091412,25.00276215583074],[121.58531118954114,25.002780653036446],[121.58524987150564,25.002776381243766],[121.5851596440874,25.002747396562803],[121.58492433418859,25.002547452353408],[121.5847760084202,25.002410360570792],[121.58457721126894,25.002271210737277],[121.58451914534837,25.00216987460905],[121.5845221521865,25.002086353587117],[121.58456093778402,25.00191015424736],[121.5845462987903,25.001826702832435],[121.58445207765621,25.001739051114537],[121.58403964782846,25.001399867989598],[121.58373670836671,25.00123404209037],[121.58357214481148,25.001181333461318],[121.58353052464552,25.001354930578565],[121.5836554673467,25.00140138025679],[121.58381301027526,25.001459442388782],[121.58396470372983,25.00152429838425],[121.58407315386927,25.001609637554722],[121.58418172256043,25.00171980321754],[121.58430203638245,25.001890861635037],[121.58452005005567,25.00235945940231],[121.58458904823311,25.00248106542873],[121.58482797825954,25.00272613600117],[121.58491127929823,25.002795774299095],[121.58499447263902,25.00284284293309],[121.58506311586696,25.0028899689712],[121.58513879319204,25.002919011167574],[121.58550448093743,25.002933365548703],[121.58562177881683,25.0029261309667],[121.58570386030277,25.00293483452827],[121.5857624354259,25.00294814498216],[121.58588509333211,25.00296120202438],[121.58595349939914,25.002958674509166],[121.58603269750088,25.002947076268224]]],[[[121.58073746075986,24.999720078189412],[121.58008463360908,24.99953755794195],[121.57992170458948,24.999517881913924],[121.57971936410547,24.999543499856312],[121.57948057973692,24.99958731564092],[121.57918107729263,24.99962233900116],[121.5785728921922,24.999649536573504],[121.57847206857488,24.9996702423855],[121.57819226928098,24.99981352349899],[121.57797852584604,24.999915920918685],[121.5779057983161,24.999920717965313],[121.57781604446623,24.999925581223504],[121.57774724569336,24.999910049818286],[121.57768298423157,24.999871930628785],[121.5776269855646,24.99981346617744],[121.57755780448026,24.999716683787042],[121.5773692362142,24.9996429356232],[121.57724447112417,24.999575710263308],[121.57719713009665,24.99951495494906],[121.5771798066156,24.999451825955745],[121.57716619970894,24.999323229187166],[121.57710802394872,24.99926251592833],[121.57638611216059,24.998935795191827],[121.57622571858198,24.998796482639452],[121.57596315208512,24.998522145201747],[121.57589418485355,24.998470501246043],[121.5755942445069,24.998279817400388],[121.57553824754851,24.998221351949013],[121.57546821438406,24.998140370686016],[121.5753715139508,24.99785184723125],[121.57531895734803,24.997470615098774],[121.57526028112481,24.99717065915471],[121.57517029432337,24.996927249728564],[121.57496176702628,24.99668881286555],[121.57444994086276,24.996334183404006],[121.57383185880121,24.99589645484874],[121.57336149589752,24.995602602164233],[121.57299299041416,24.995310612514213],[121.57276377263243,24.99508128151497],[121.57266508959243,24.99489658753545],[121.57263190826977,24.99481772029415],[121.57254598667073,24.994714229101607],[121.5724841264392,24.994592589226027],[121.57242076966827,24.994349077048035],[121.57235534409838,24.993927269734254],[121.5722928384353,24.993733408215295],[121.57230342043383,24.993679199472016],[121.57235389275418,24.993615809205615],[121.57231471348878,24.99337897489103],[121.57233952893044,24.993257001337856],[121.57230543804164,24.9929163253751],[121.57228630173246,24.992729067921225],[121.57221368322112,24.99215832602691],[121.572157662991,24.99189447239255],[121.57214021546689,24.991793410248377],[121.57189112662807,24.991798048164316],[121.57189246361966,24.991913548427064],[121.57193865123259,24.992193238991867],[121.57194762907227,24.99232636754732],[121.5719779783032,24.99272799705904],[121.57200701402749,24.992847506448374],[121.57204013704946,24.992980542114644],[121.57204528009757,24.99315431141815],[121.57208250102093,24.993303130312334],[121.57207079636386,24.993382170373298],[121.57208746074286,24.993503984322896],[121.57212491780548,24.99363700328248],[121.57213749500539,24.99374529093963],[121.5721591030414,24.99399799190244],[121.57222538764108,24.994338543977474],[121.5722271002955,24.99457326545561],[121.57218359545055,24.994670483878355],[121.57208145820802,24.994740843848255],[121.5718654985728,24.994831954502565],[121.57189831728677,24.994899538312918],[121.57204096465729,24.99481999464046],[121.57221264704883,24.99472679711053],[121.57224548105741,24.99473118476848],[121.57237350809426,24.994902224098038],[121.57251882863312,24.995064168729343],[121.57253552975911,24.99512730044114],[121.57257260909621,24.995179068687765],[121.5726543700105,24.99525323487202],[121.57275273758242,24.99537022005406],[121.57296963041917,24.995545430539817],[121.57322104702352,24.99568890962097],[121.57383669515956,24.996070225169483],[121.57399161916047,24.99616667824089],[121.57435486015223,24.996390975711424],[121.57459325786368,24.99652998978312],[121.57475296410524,24.99665576523669],[121.57487585398106,24.996786196927378],[121.57499895559772,24.996961767995924],[121.57506326184213,24.997142080483084],[121.57517268479417,24.99743732611282],[121.57524996929621,24.997678527640183],[121.575301827504,24.99791079947647],[121.5753712993769,24.998136232008285],[121.57542909802399,24.99824885892467],[121.57547505920347,24.998345732553048],[121.57550054941383,24.9983682039634],[121.57566593957229,24.998451072733175],[121.57573703130797,24.998493680515395],[121.57582369669937,24.9985565410228],[121.57590280307726,24.998657800014048],[121.57599244307251,24.99882672852195],[121.57607132727863,24.99888059095775],[121.57632305370727,24.999021806361803],[121.57704721952189,24.99930112136258],[121.57711335912798,24.999343747611228],[121.57712378714916,24.999388847320926],[121.57710270290947,24.999447611542333],[121.57708120294912,24.999483807263204],[121.57702531966339,24.99951562254509],[121.57700295463468,24.999565363688802],[121.57701768475997,24.999603675658665],[121.57706156741445,24.999653159415686],[121.57725830109469,24.999751703372862],[121.57741291083549,24.999911350104142],[121.57747373511168,24.99994271175134],[121.57756330689014,24.999964933529053],[121.57766637995721,25.000093182206452],[121.57782463248535,25.000171561873334],[121.57790638020954,25.000175757784906],[121.57797449622991,25.00017774969766],[121.5781637935412,25.000143157683258],[121.57890805590782,24.999889730341035],[121.57914328656723,24.999814331972527],[121.5794388183748,24.999790609159156],[121.57960607136125,24.999742559112317],[121.57984690573498,24.999673907740128],[121.5800400447056,24.999666381651004],[121.5803113230465,24.999751086906933],[121.58044995665928,24.99980471266049],[121.58056246923177,24.9998990666219],[121.58060185931282,24.999914711499503],[121.58064274384893,24.999919065487013],[121.58067088263097,24.9999121843257],[121.58067544072243,24.999894110435697],[121.5806722168524,24.99986703898339],[121.58065448595087,24.999849052339993],[121.58065126208744,24.999821980886956],[121.58066079464788,24.99980840153786],[121.58069110038521,24.99980151189086],[121.58074932075762,24.99980579798733],[121.58093162529093,24.99986376632591],[121.5810780306376,24.9999241320699],[121.58126396535506,25.000029482897332],[121.58133556211473,25.00011271154944],[121.58138914034504,25.000247921915992],[121.58142251040044,25.000299702257117],[121.58147604537224,25.000360431570503],[121.581582847991,25.000425466044373],[121.58198433217153,25.000613479912392],[121.58252621603005,25.000900249679287],[121.58275007251113,25.001037047934716],[121.58291020929174,25.00111992802496],[121.58312080666062,25.001202609551388],[121.5833594997607,25.00129134878228],[121.58340092144483,25.00112560381878],[121.58324867758803,25.001075714395537],[121.58307972419956,25.001026724459905],[121.58284269539071,25.000919319602474],[121.58253285231876,25.000733205179422],[121.58179808281295,25.000246318605534],[121.5811186265535,24.99986754789851],[121.58095818377666,24.9997846671095],[121.58073746075986,24.999720078189412]],[[121.57837023736997,24.999936966004363],[121.5783392591634,24.999932572628648],[121.57834441547642,24.999909982461155],[121.57842978319209,24.999828397680144],[121.57848788745798,24.99974240504225],[121.57857619005078,24.99969240688413],[121.57867577539248,24.999671705826213],[121.57873958910943,24.999680485205616],[121.5787641834079,24.999709730468354],[121.57876312519342,24.999813556955182],[121.57875677326079,24.99984517981917],[121.57868942555659,24.999874783363918],[121.57862141611476,24.999895361427363],[121.57845102432731,24.999934394348255],[121.57837023736997,24.999936966004363]]],[[[121.58015450256424,24.985361026809148],[121.579988712489,24.985386499280665],[121.57994967131589,24.985392545336556],[121.57993803758032,24.985425641897667],[121.57999536156184,24.98541807122088],[121.58015450256424,24.985361026809148]]],[[[121.57745601851606,24.984974306110196],[121.57767829195673,24.984980212619085],[121.5778304189426,24.9850112186044],[121.57817811124308,24.985161083511926],[121.5783644247324,24.985221296700978],[121.57903261981247,24.985399251989158],[121.5791621520344,24.98543034473441],[121.57929871850352,24.985443354028067],[121.57948450024465,24.985456171245378],[121.57976644881933,24.985448303183635],[121.5798656264224,24.985435205078133],[121.5798783637682,24.985403588250673],[121.579809313719,24.985414281526733],[121.57949147057204,24.98542454629878],[121.57936788317,24.985406972418545],[121.57934435889902,24.98540706418745],[121.57931923384295,24.985395877257286],[121.5792925505162,24.985382439413318],[121.57923343032093,24.985382670006466],[121.57920954340031,24.985371478229283],[121.57914017685636,24.985364977783078],[121.57910335343558,24.98536737836265],[121.57906339222745,24.985360763216462],[121.57903485176071,24.98534733256864],[121.57863541155048,24.985251838942677],[121.57818471941074,24.985118175026727],[121.57806156070127,24.98505997279535],[121.5778376462942,24.984968307728565],[121.57772762585832,24.984939394941243],[121.57737708057854,24.984906903426637],[121.57707350708392,24.984923882280825],[121.57703395089862,24.984937577903935],[121.5770272470718,24.98496017381772],[121.57704309652352,24.984973654153073],[121.57715052418236,24.984977750664818],[121.57717747435554,24.98498215989823],[121.57718409088098,24.985006961036152],[121.57717493201622,24.98503408047211],[121.57704077363239,24.98513842319721],[121.57695207626156,24.98516810863322],[121.57685868301523,24.98518652732311],[121.5768063889216,24.98519491909054],[121.57681477881349,24.98523633305107],[121.5768780748118,24.985229334739547],[121.57698997637932,24.98519730221258],[121.57707277154226,24.98516312571614],[121.57723261024954,24.985056426162107],[121.57731532054069,24.985004193960258],[121.57737278703564,24.984981400683886],[121.57745601851606,24.984974306110196]]],[[[121.57660304049614,24.985259743658858],[121.57671100809023,24.985247806383093],[121.57670058888374,24.98520004101525],[121.57654613230407,24.98520353994413],[121.57636469519734,24.985192959280507],[121.57617442228396,24.985146300902368],[121.57602641774336,24.985070137526996],[121.5756877822095,24.984870578900836],[121.57542538671063,24.98469103701046],[121.57481602358224,24.984316480403315],[121.57444990765978,24.98413056729448],[121.57439959663365,24.98410770783407],[121.5744066662083,24.984165844158248],[121.5747740964496,24.984352754455543],[121.57511240872887,24.9845500593367],[121.57570511233772,24.984935964304853],[121.57602233777973,24.985124321013068],[121.57617464411307,24.98519369674666],[121.57633985577858,24.98524270937306],[121.57660304049614,24.985259743658858]]],[[[121.57284515028601,24.987829206773633],[121.57262254976555,24.987687874445918],[121.5724673818356,24.987602706943733],[121.57245827927547,24.987442494397612],[121.57253359144107,24.98732935349837],[121.57258941303564,24.98735170793318],[121.57299898482503,24.987627738633254],[121.57302972856453,24.987582479630333],[121.57259307001462,24.98727269910107],[121.57263887138183,24.987137102783795],[121.5726678947344,24.986988029292192],[121.57267565441629,24.986859350814346],[121.57267498320832,24.986714905938882],[121.57264028954981,24.98650965359177],[121.57260995553703,24.9863766081293],[121.57241372881309,24.985914681684548],[121.57224350370655,24.98558581703963],[121.57204777376361,24.985096803658163],[121.57190665165301,24.984835535885],[121.57180940718789,24.984357427319],[121.5717435200692,24.98389951078271],[121.57172265077091,24.983470761824062],[121.57173848778584,24.98314795042108],[121.5717248555493,24.98294487319704],[121.57170064556449,24.982863714457395],[121.57165533693035,24.982638192898293],[121.57164197654707,24.982493799061807],[121.57165937854386,24.982441822121515],[121.57168651180163,24.982419148182586],[121.5717180725817,24.98241676981669],[121.57178592073402,24.982430050534035],[121.57203088314027,24.98252390005689],[121.57222148523476,24.98264278502765],[121.5723568458865,24.982730285119068],[121.57292892270557,24.98321107525695],[121.57344907749787,24.983574701158027],[121.57353677340434,24.98366238522865],[121.5737248667792,24.983839961067446],[121.57394498337509,24.98398130102163],[121.57432403672537,24.9841256190453],[121.5743137465684,24.984068700681664],[121.57428736815383,24.984056715269283],[121.57398695280139,24.983954055009136],[121.57378143649694,24.98382394366655],[121.57362724947829,24.98368234882227],[121.57359724079325,24.983619268996193],[121.57354216059471,24.983556285942647],[121.57339849325713,24.98348010282181],[121.57284392955165,24.983105324307676],[121.57252164288546,24.982824442572237],[121.57238212193568,24.982707618204298],[121.57207728005783,24.982516950596473],[121.57178566943634,24.98237588453765],[121.57167562165048,24.98234019658789],[121.57164736094997,24.98231999268447],[121.5716331707755,24.982263623347862],[121.57163666070026,24.98214850512913],[121.5716113068558,24.98208766481696],[121.57153484020601,24.982017993253542],[121.57135328915392,24.981914871350952],[121.57124274412763,24.981838559790944],[121.57090447817684,24.981648018377022],[121.570582833349,24.981437099802935],[121.57017545291338,24.98122650955342],[121.56999125780612,24.981220445314733],[121.56988522494295,24.98118248373565],[121.5695776086797,24.981059530557253],[121.5691836050278,24.980930135470746],[121.56893838996714,24.98084756628622],[121.56867512459533,24.980877913482544],[121.5685248413223,24.9808423767039],[121.56842769135687,24.980784067177858],[121.56807064495916,24.980613902694873],[121.56781570939077,24.980436576733627],[121.56765057665089,24.98029447678994],[121.56760062007267,24.98049433764115],[121.5678783427539,24.98066203308406],[121.56813210082792,24.980785196533812],[121.56835633029746,24.98088138894386],[121.56854663521405,24.9809370855136],[121.56884229146196,24.981017205485998],[121.56924810898313,24.9811578411261],[121.56967513092746,24.981332248376585],[121.56975541116607,24.98135676711151],[121.56983963172762,24.981363215047885],[121.56991559610901,24.9813245554828],[121.57005510579772,24.981305964728417],[121.57015623871145,24.98135522977188],[121.57028739881927,24.981472088202487],[121.57046918467195,24.981559411760898],[121.57079060614691,24.98165522666494],[121.57088892262237,24.981697731177626],[121.57098461444085,24.98184180875296],[121.57110580850113,24.981945163053375],[121.57122679357902,24.98200337893325],[121.57140880066974,24.982138096629225],[121.5714754254255,24.982221347842362],[121.57150709968644,24.98237695604863],[121.57150840500664,24.98245820146709],[121.57146594046802,24.982645692152616],[121.57149104603556,24.9828532356131],[121.571518058548,24.983205223279256],[121.57150199099202,24.98381241729855],[121.57151733827345,24.98438563546775],[121.57154296016238,24.98443744779399],[121.57161308093808,24.984473289869324],[121.57164489347221,24.984525078337107],[121.57165221142222,24.98456793309733],[121.57165302752787,24.984743975660802],[121.57167180245882,24.98485449619199],[121.57192154091686,24.98530944750049],[121.57210041507241,24.985701475292174],[121.57221969357477,24.985924457884543],[121.57229650930378,24.986068609276483],[121.57237729608069,24.986334622891377],[121.57244224953806,24.986657122283358],[121.57242436365385,24.986871605592075],[121.57234952221206,24.987219471250576],[121.57222336088735,24.987581078362147],[121.57225028002388,24.98771188100363],[121.57223045873752,24.987761804036754],[121.57240078742277,24.98782406800616],[121.57240978148852,24.98779703200671],[121.57241460295205,24.987702219018644],[121.57244294407235,24.987672768539802],[121.57260298072234,24.987739861214017],[121.57289073148712,24.987912540202498],[121.57291257222398,24.987883114716542],[121.57284515028601,24.987829206773633]]],[[[121.57198071723616,24.989854819787357],[121.57191549936023,24.989475893910978],[121.57190631345247,24.98929762581587],[121.57193891074552,24.989051486590917],[121.57194670219862,24.98892957823605],[121.57198765191441,24.98861569655356],[121.57212573944224,24.988222445069756],[121.57225181152874,24.988041398305683],[121.57235941056102,24.98794844593526],[121.57236123264376,24.987942968800912],[121.5721851518992,24.987875916272024],[121.57215604342824,24.98794923030025],[121.57204792497738,24.9879970443392],[121.5719036471804,24.9882571562478],[121.57177081130006,24.98851496675005],[121.57170242792299,24.98872061763832],[121.571670733048,24.98889452908353],[121.57164074298568,24.989102288998147],[121.57161546931847,24.989325829747102],[121.57166326714207,24.989819929758607],[121.57169667471275,24.990214776995135],[121.57178198568579,24.99078772795174],[121.57187328895911,24.99155137213928],[121.57209808432592,24.991549369153933],[121.57208640447689,24.991481714433124],[121.572073487663,24.991366656819388],[121.57208437965573,24.991312446760507],[121.57212632077336,24.991278430270558],[121.57211934340658,24.9909760182567],[121.57206059409222,24.990323969544292],[121.57198071723616,24.989854819787357]]],[[[121.56865432609918,24.978045514318932],[121.56868107457431,24.977939335306836],[121.56874368701031,24.97789169986667],[121.56884171878232,24.977873269284704],[121.56918316382945,24.97795095608016],[121.56928966683436,24.977957319250063],[121.56939109278078,24.977936618359546],[121.56951608036871,24.977857146407786],[121.5696606158249,24.97772117517458],[121.56977428621254,24.97767108627619],[121.56989554098344,24.97765482247897],[121.57002125389323,24.97766562490991],[121.57019022839442,24.97772817111613],[121.57036695126334,24.97779294434917],[121.57048869290296,24.977815046417046],[121.57059916704009,24.977810108220968],[121.57068759292721,24.977789455965766],[121.57085500273163,24.977714333258703],[121.57097126345424,24.977689059950347],[121.57096568857305,24.977621372742124],[121.57095795769368,24.977562820230347],[121.57093609645035,24.97756443757053],[121.5708636930204,24.97758565346512],[121.57085870276363,24.977644353455645],[121.57084179457084,24.977669244927796],[121.57069353268272,24.977735266250132],[121.57049622203272,24.977769878428415],[121.57038628352306,24.977756758865755],[121.57028830122447,24.977718766837427],[121.56998259339247,24.97760483552268],[121.56985038086472,24.97759405799801],[121.56971804630705,24.977623905972344],[121.56963993829136,24.97766708760801],[121.56950038622738,24.977809810517645],[121.569367382618,24.97789608400643],[121.56929290496342,24.977921195621732],[121.5692065514132,24.977921526185543],[121.56907545145923,24.97788365976254],[121.56884027279888,24.97782813578168],[121.56877097358668,24.977835171711202],[121.56870207742534,24.977862518631415],[121.5686423129452,24.977923684873208],[121.56860082221527,24.978054746713774],[121.56858940598856,24.978196978307203],[121.56854917170352,24.978264840680293],[121.56848684772163,24.97830796102132],[121.56838879474965,24.97832187753271],[121.56825139217544,24.978326916541924],[121.56814540406089,24.978297981141857],[121.56810794048074,24.97827100988535],[121.56808341860216,24.97828016233577],[121.56806628926695,24.97829174896822],[121.56811430948211,24.978334211153005],[121.56821624282877,24.978356391222306],[121.5683338886429,24.978362712523175],[121.56849473098947,24.97833952820385],[121.56858083544475,24.978285032182143],[121.56863131478507,24.978223901480128],[121.56864684004893,24.978167418326937],[121.56865432609918,24.978045514318932]]],[[[121.56686050302564,24.978614344204672],[121.5669038987261,24.978695429153085],[121.56695994643104,24.978902855318587],[121.56701132916035,24.979038076701087],[121.5670785162383,24.979110043074197],[121.56714148254459,24.979139143375598],[121.56721573485567,24.97913208933078],[121.56726357464088,24.979102566449136],[121.5673290132643,24.978996239950753],[121.56737171386393,24.978926111447265],[121.56741801239079,24.97876343404648],[121.56742390045832,24.978293965046188],[121.56743895088015,24.97820137264065],[121.56751324243919,24.978135637569995],[121.56761497838971,24.978114936722694],[121.56785432420067,24.978134335508283],[121.56795674328126,24.97819488205429],[121.56800921987654,24.978241284932835],[121.56803364753117,24.978226185631886],[121.56804456766804,24.978221799275445],[121.56796055932926,24.978149728458966],[121.56785044401262,24.978098239109354],[121.56762285971058,24.978078795426125],[121.5675170586568,24.978090483990798],[121.56746209006158,24.97811777716831],[121.56741529317921,24.97817212255265],[121.56738462353997,24.97830088576006],[121.56737616580209,24.97875005197544],[121.5673467762785,24.97888783835139],[121.5672574447572,24.979048422915024],[121.56721951982644,24.979080164934935],[121.5671685537622,24.979102928860943],[121.56713105065018,24.979091787108366],[121.56707080774551,24.979049134690676],[121.56699802699295,24.978904967091562],[121.56693914173255,24.978686266982105],[121.56690344234354,24.97859612488558],[121.56686016076874,24.978539866004077],[121.56676140547188,24.978535728497157],[121.56666804667469,24.978560910771268],[121.56620285262811,24.978765808548275],[121.56603899805536,24.97887476610033],[121.56588781357445,24.979046869959085],[121.56574762722843,24.97925504306746],[121.5657369897241,24.9792833715087],[121.56578572482476,24.979301463552588],[121.56579170252574,24.979281958838875],[121.56595094411301,24.979044372772645],[121.56609508216958,24.978888094347983],[121.56627684704479,24.97877004071831],[121.56662963747853,24.978621994897328],[121.56680146742433,24.97856491622101],[121.56686050302564,24.978614344204672]]],[[[121.56582166717122,24.980213966698653],[121.56579317086711,24.98020956119832],[121.56576363216344,24.98018033316953],[121.56571495229961,24.979959336895643],[121.56572168446873,24.979604969576272],[121.56572522177564,24.979498879299147],[121.56576292276917,24.979375864594886],[121.56570954524486,24.979356458066313],[121.56570604029092,24.979365791995207],[121.56568273537601,24.979480985277625],[121.56566565360434,24.97973834295914],[121.56566381903593,24.97987828105589],[121.56567295115751,24.97997980923042],[121.56569729102765,24.98009030737498],[121.56572827570267,24.980232377589026],[121.56571296541196,24.980268547078865],[121.56542171091067,24.980405071797882],[121.56527394743912,24.98044625861605],[121.56515533025701,24.980498619302224],[121.56500887750255,24.980623308125097],[121.56488328572618,24.980707292416017],[121.56455413327531,24.980814619030394],[121.56431886691814,24.980876450213064],[121.56421727193552,24.980861037253796],[121.56397567067063,24.98075587744574],[121.56350612996297,24.9804868240593],[121.56299498216276,24.980188586372744],[121.56217315661983,24.979704195164544],[121.5617024378968,24.979446425165317],[121.56122523354155,24.979123226467927],[121.56102236926175,24.97902694330417],[121.560751741961,24.978935429431292],[121.56049427861386,24.97887997668623],[121.56041411416831,24.97888027896171],[121.56031695710033,24.97888741611588],[121.56007614924299,24.97902374096613],[121.56002292530476,24.978958489840306],[121.55998840791138,24.978854799994295],[121.55999111423104,24.97876902553443],[121.56003714237377,24.97868083089461],[121.56016773174316,24.97853815067142],[121.56024701313409,24.97841146241691],[121.56027750399998,24.97830978468631],[121.56029883227521,24.978235224943127],[121.56034788618517,24.97806351183001],[121.56045072349245,24.977875797265124],[121.56050767862482,24.977740165503725],[121.5604942642779,24.97751226413541],[121.56042167199152,24.97727104418769],[121.56034076936159,24.97717655728504],[121.56005774632061,24.977080575078084],[121.5597720710283,24.977013942668947],[121.55951166750371,24.977060062537287],[121.55932844723179,24.977063009713554],[121.55914235965699,24.977047911856236],[121.55898386267106,24.97697402919388],[121.55891814758581,24.976883998521014],[121.55890796764407,24.97682309916739],[121.55890781453176,24.976789245483143],[121.55890765121228,24.97675313488645],[121.5589264975774,24.976683197954717],[121.55888804672524,24.97666812609151],[121.5588653674759,24.976848085954323],[121.55886871775307,24.97690449711294],[121.55895270416437,24.97699671598543],[121.55913015280994,24.977086325978103],[121.55932250215697,24.97711719891831],[121.55952426251199,24.977107411040958],[121.55976922125373,24.97706812020999],[121.56029111208888,24.97721511262536],[121.56039413326756,24.977341113468743],[121.56045728665909,24.9775485147674],[121.56046437763028,24.977747099632264],[121.56031041464439,24.978059139188947],[121.56025851366797,24.978217321322592],[121.5602433551791,24.978287343905578],[121.56021161594076,24.97838676933542],[121.56012342002333,24.978527032891964],[121.55999067423885,24.97867197815581],[121.55994445932518,24.978787256937323],[121.55994788188478,24.978859466581635],[121.559979582906,24.97895639618539],[121.56002956587885,24.979057770806214],[121.55989717238532,24.979144033848584],[121.55935305197814,24.979421431660448],[121.5590169788431,24.979641621254036],[121.55881720089299,24.979748449682397],[121.55868795516514,24.979778276194153],[121.5585743315125,24.979771932622178],[121.5584525583916,24.97974305009012],[121.55827934778522,24.979633110560545],[121.55815967378773,24.979520712758635],[121.55800369212909,24.97925046477629],[121.55770033640957,24.978696394546027],[121.55762879949576,24.978482252979312],[121.55757639140988,24.97825449781058],[121.55751750276588,24.97734516777061],[121.55750674456974,24.976950241745616],[121.55748400547292,24.97678105578608],[121.55739967393355,24.97661210102262],[121.5572082318884,24.97643903424744],[121.55700092988971,24.97631793658449],[121.55681372168507,24.976259957922323],[121.55660117455707,24.976211101804186],[121.55632781691992,24.97619858443235],[121.55620323715848,24.976232905369447],[121.5561165910134,24.97626310014391],[121.55609933517529,24.97652895514682],[121.55609671636924,24.976548709575233],[121.55614060162266,24.976551370120198],[121.55638098357825,24.97645793466264],[121.55650029165999,24.97642137637972],[121.55663300012294,24.976405080335162],[121.55673023701065,24.9764160005779],[121.55685424435433,24.97646067464296],[121.55704943484628,24.976572790135],[121.5571695469912,24.97671452744492],[121.55722301279833,24.97683394523964],[121.55725503892073,24.977140770404937],[121.5573211239007,24.977930455202735],[121.5573765004765,24.9781988244876],[121.55753913219368,24.97884595850152],[121.55780415839587,24.979411457694397],[121.55784101762517,24.97948579861203],[121.55797894903537,24.9796658365477],[121.5581323808476,24.97978262156027],[121.55829351014091,24.97989034972171],[121.55863837473076,24.980107977581955],[121.55867367007284,24.980110101812137],[121.55870176482986,24.980094197499472],[121.5587075877521,24.98001292533997],[121.55877114439117,24.97996754726733],[121.55899392216169,24.97981323641227],[121.55910645695084,24.979715763942025],[121.55939717711377,24.97945963370142],[121.55965085076816,24.979361629141952],[121.56017878075149,24.979131687998525],[121.56038607680645,24.979045142325617],[121.5605962174697,24.979039835985624],[121.5608412801028,24.979090821432308],[121.56103574639987,24.979178108726387],[121.56123193496097,24.979303757473907],[121.56156934254452,24.979582345313993],[121.5625423834738,24.98017224446056],[121.56316336765849,24.980528748359067],[121.56426898274619,24.98106848057867],[121.56439463799339,24.981065746514822],[121.56492130582943,24.980831280416368],[121.56538438485252,24.980567714317658],[121.56606202873766,24.980251420301872],[121.56641188439662,24.980137240667407],[121.56660136961813,24.98008235202931],[121.56679543678341,24.980081612583106],[121.5668936574006,24.980103807783248],[121.56708440470291,24.980188844881337],[121.56723981727609,24.98033044036927],[121.56732029379921,24.980397842057915],[121.56750373766337,24.980448950174722],[121.56750650096279,24.98043775686532],[121.56756294216375,24.98021464804871],[121.5674921719253,24.98014892135077],[121.56724237743832,24.98001220002594],[121.56707772310358,24.97994737623758],[121.56689270310812,24.979896171626315],[121.5667060750338,24.979899139818567],[121.56636039823992,24.97997944996002],[121.56599830730049,24.980125273404173],[121.56582166717122,24.980213966698653]]],[[[121.5598240441252,24.976119994533292],[121.55980850455805,24.97617421987219],[121.5597065406453,24.976212972000205],[121.55954785766816,24.976166173738],[121.55938347776437,24.976160022170387],[121.55922515069861,24.976205634529776],[121.55930140950626,24.9762259009233],[121.559383651418,24.976198389679354],[121.55952016533612,24.97620238929055],[121.55973212473315,24.97625801467688],[121.55985844781158,24.976198858231417],[121.55986744679716,24.976135629720144],[121.55983611775589,24.976052240542167],[121.5598240441252,24.976119994533292]]],[[[121.55891024317087,24.97659907313398],[121.55894980129692,24.976613644536748],[121.55897990875143,24.976527102977283],[121.55894062823631,24.976513101395415],[121.55891024317087,24.97659907313398]]],[[[121.55521193800007,24.97646895500003],[121.55520806000006,24.976501115000076],[121.5552040240001,24.97653458800005],[121.55517373500005,24.976574695000068],[121.55509432600002,24.97659296600005],[121.55501114800005,24.976602044000057],[121.55489394700008,24.976613406000073],[121.55474772500007,24.976652239000032],[121.55463555900008,24.97666817500004],[121.55447798900003,24.97671503400005],[121.55440360600004,24.976744779000054],[121.55432040500011,24.976774520000042],[121.55423340900006,24.97681571500004],[121.55410982900004,24.976890141000073],[121.55407907890314,24.976918073023718],[121.55411324096659,24.976888467727974],[121.55407907890053,24.976918073026095],[121.55404297300005,24.976950870000053],[121.55402763112163,24.97696265835149],[121.5538921681188,24.977080052380693],[121.55388082114852,24.977101490131687],[121.55381194608887,24.977203310480064],[121.55372109986324,24.97737517852842],[121.55367531416,24.977466814691855],[121.5536749948427,24.977468195110966],[121.55366357667151,24.97747889386858],[121.5536567260001,24.977503384000048],[121.55363518600008,24.977603161000047],[121.55360108000002,24.977673112000044],[121.55359842900009,24.977784383000028],[121.5535882900001,24.977833706000073],[121.55352128100002,24.97802177500006],[121.55348966000008,24.978122684000027],[121.55347194,24.97818691300006],[121.55345502581045,24.978250763798815],[121.55357944368524,24.977881265857505],[121.55345502580128,24.97825076383341],[121.55344915500008,24.978272926000045],[121.5534288980001,24.978353199000026],[121.55340109400004,24.978422006000077],[121.55338837700003,24.97852179400007],[121.55335173700009,24.978603213000042],[121.55333365911217,24.978642294872603],[121.55326919666112,24.978893537792036],[121.55316506878445,24.979279863343773],[121.55313991222783,24.979414755909136],[121.55313533127787,24.97963420448611],[121.55335676727803,24.979701631018848],[121.55337871430066,24.979642432806166],[121.55353276764929,24.979138559671046],[121.55364615575436,24.978677720096314],[121.55372192260279,24.978248617141478],[121.55380054052526,24.977627660650846],[121.55383710494891,24.977498877563825],[121.5538811381132,24.977379094387242],[121.55392870748786,24.977288638407103],[121.55398408549962,24.97721395191915],[121.55405775504877,24.97714596790949],[121.55419441298552,24.977043894071866],[121.55431264188674,24.976973486418814],[121.554615563158,24.97681436664255],[121.55492234951282,24.976689087768396],[121.5551343489477,24.97661607293564],[121.55528018404762,24.97655910388983],[121.55545584364222,24.97652684961514],[121.55571985564927,24.976525861843957],[121.55603946521639,24.97654523870255],[121.55604266437146,24.97652239650371],[121.55605559366103,24.976284356692666],[121.55602647217475,24.976294505028516],[121.55544768950155,24.976296671044377],[121.5552519222217,24.976331257443974],[121.55525034012227,24.976331519917867],[121.55525057689324,24.976330334491458],[121.55523280283612,24.976333588980566],[121.555216749,24.976429057000068],[121.55521193800007,24.97646895500003]]],[[[121.5531299273423,24.97989307727992],[121.5531299273423,24.979893077279982],[121.5531309170001,24.979917649000065],[121.553142191,24.979973879000056],[121.55310546300007,24.980129859000044],[121.553073777,24.980284700000023],[121.55307368567182,24.98035871955639],[121.55307368500007,24.980359264000068],[121.5530609860001,24.980444148000057],[121.55305324100004,24.98060015500005],[121.55305432100012,24.980751588000032],[121.55306807000011,24.98084682100006],[121.55308178100005,24.980975320000027],[121.55309050500013,24.98105563700005],[121.55308668500004,24.981086600000026],[121.55310670400002,24.981210525000048],[121.55312547200003,24.98132526800003],[121.55316437200008,24.981466420000057],[121.55320326700007,24.981608732000034],[121.5532396566815,24.981740735946293],[121.5532409110001,24.981745286000034],[121.55326350400003,24.98182103600004],[121.55327302908357,24.981875600856593],[121.55328353300003,24.981935773000032],[121.5532998120001,24.982021841000066],[121.55330447860534,24.982043679727944],[121.55332236900007,24.982127403000042],[121.55333363700004,24.982192816000065],[121.55335111300009,24.982333940000046],[121.55337237800006,24.982467045000078],[121.55339242000004,24.98256916700007],[121.55341498200006,24.982671291000035],[121.55343759000004,24.98273442300007],[121.55344432300767,24.982788678630754],[121.55345382200004,24.982865223000033],[121.55349466759868,24.98295595498491],[121.55350032500006,24.982968522000075],[121.55354929300006,24.983121157000028],[121.55358714300009,24.983250947000037],[121.55358945500006,24.983258875000043],[121.55359908800006,24.983281692000045],[121.55362967100007,24.983354135000074],[121.55365222900002,24.983459716000024],[121.55369492300007,24.983590537000055],[121.55371625200006,24.983669725000023],[121.5537702480001,24.983831542000072],[121.55381919200012,24.98400598100005],[121.55385307200004,24.984129928000076],[121.55388082480196,24.984239011770217],[121.55388693800012,24.984263040000027],[121.5538971913245,24.98430188814912],[121.55391328700013,24.984362872000077],[121.55392704300006,24.984454665000037],[121.55393954100009,24.984541876000034],[121.55394214774873,24.984607821845433],[121.55394321400003,24.98463479600002],[121.55394417893297,24.984668635212618],[121.5539456350001,24.98471969800005],[121.55393548200004,24.984779346000032],[121.55393546100004,24.984797701000044],[121.55391756097607,24.984869752672065],[121.55392881101524,24.98484036433486],[121.55391756095374,24.98486975276195],[121.55391266800007,24.984889448000043],[121.55389619900006,24.98496515600004],[121.55389531568433,24.984966896879165],[121.55392915480773,24.98491709888267],[121.5539918442532,24.984815302781747],[121.55401807966919,24.984729441262502],[121.55407654881942,24.984514813975487],[121.55404492422996,24.984296009162932],[121.55395554133968,24.983966830148447],[121.55389699830562,24.983750382852875],[121.55379577344624,24.983403192681955],[121.55374121827417,24.98324766783506],[121.55360069089734,24.982832916330462],[121.55351293862111,24.982521786394546],[121.55346785333978,24.98206153913793],[121.5534385752555,24.98181338513942],[121.55339618987207,24.98161041886282],[121.55334208966444,24.981348815897302],[121.55327857925886,24.980990199664806],[121.55325106154821,24.980789434800208],[121.55324961731111,24.980466697862713],[121.55322646335216,24.980272687518273],[121.55322151404869,24.98013503268981],[121.55327390297762,24.979945254155503],[121.5533103399218,24.979830181945356],[121.5531324587092,24.979771813535635],[121.5531324287172,24.979773250285774],[121.5531268563521,24.979771526015305],[121.55312601900003,24.979796039000064],[121.5531299273423,24.97989307727992]]],[[[121.55389175331665,24.97708041185307],[121.55402763111891,24.976962658353564],[121.55397738800004,24.97700126400002],[121.55391179300011,24.977057404000046],[121.55389633054847,24.977073241970732],[121.55389175331665,24.97708041185307]]],[[[121.55313381600003,24.979596436000065],[121.55313213944322,24.979633129655504],[121.5531353336639,24.979634090184227],[121.55313992393145,24.97941419525091],[121.553125126824,24.979468087681017],[121.55313137400003,24.979533339000053],[121.55313381600003,24.979596436000065]]],[[[121.55282840600013,24.98637616800005],[121.55282180700011,24.986386074000045],[121.55279937100009,24.986419755000036],[121.55277412400005,24.98645526700005],[121.55275644100004,24.986490822000068],[121.55274382000005,24.98650800400003],[121.55272740000011,24.986537832000064],[121.55270595200012,24.986560742000048],[121.55270087200007,24.986594003000054],[121.55267562800007,24.98662954100007],[121.55262639400006,24.98670062100007],[121.55260116100011,24.986726977000043],[121.55255952700008,24.986767083000075],[121.55253808600001,24.98678427000004],[121.55250401000002,24.986824382000066],[121.5524699340001,24.98687023700006],[121.55243586900009,24.986903469000026],[121.55240432800008,24.986933261000047],[121.55240194624804,24.986935347183326],[121.55243495791724,24.986913277934857],[121.55257011200324,24.986817984493527],[121.55263878591566,24.9867387366217],[121.55283411128032,24.98646266465008],[121.55291470532443,24.98634951823041],[121.55298421645813,24.986249954563135],[121.55305439363839,24.986091708139007],[121.55310040686413,24.98597092647492],[121.5530745840001,24.986001308000024],[121.55304405457115,24.986042028419703],[121.55288351201271,24.98628454122254],[121.55288143300004,24.986290194000045],[121.55286502000001,24.98631770900004],[121.55285365500002,24.986337199000044],[121.55283158700001,24.98637125900007],[121.55282840600013,24.98637616800005]]],[[[121.55294584100012,24.986174396000024],[121.55291553300005,24.98622828000003],[121.55290164100008,24.986253503000057],[121.55288649300007,24.986276436000026],[121.55288351224802,24.986284540582755],[121.55304405204001,24.98604203179573],[121.55299380400005,24.986109053000064],[121.55294584100012,24.986174396000024]]],[[[121.55101122400002,24.986392527000078],[121.55103153000005,24.986272080000045],[121.55104551800002,24.98616770000007],[121.55104562500001,24.986077075000022],[121.55104195800003,24.985981842000058],[121.55103835518179,24.98591956323833],[121.55103540270035,24.985907923574207],[121.5510353777914,24.98590963030329],[121.5510126651623,24.986022560596474],[121.5509435723755,24.986146947501275],[121.55086016039314,24.986253332071495],[121.55081619811669,24.98632120266503],[121.55081642917384,24.986373110955263],[121.55082999039568,24.986429483663095],[121.55079502468573,24.98650183471087],[121.55068021847231,24.98657899549743],[121.55060520181169,24.98662441186541],[121.55055266253973,24.98671262634167],[121.55054408756908,24.98680293482606],[121.55057537269,24.986877297214573],[121.55062439190624,24.98697190616835],[121.55073084657555,24.98710466993708],[121.55076791497844,24.987125271160373],[121.55074815465707,24.987085775993755],[121.55072596243271,24.98705052198515],[121.5507481546478,24.98708577597522],[121.5507432490001,24.987075971000024],[121.55070053000009,24.986970365000047],[121.55069737900008,24.98695840600004],[121.55068811300009,24.986923225000062],[121.55067544300005,24.98687512200007],[121.55068812900004,24.98680286000007],[121.55072849900013,24.986763897000053],[121.55081423700005,24.986727287000065],[121.5508722720001,24.98666999600005],[121.55093662500008,24.98660008000007],[121.55097959300006,24.986496874000068],[121.55101122400002,24.986392527000078]]],[[[121.55103524161215,24.985907288510866],[121.55103835518179,24.985919563238216],[121.55103709704557,24.985897814922833],[121.55103524161215,24.985907288510866]]],[[[121.55011156795608,24.984624039473147],[121.55011017346818,24.98462275471008],[121.55011156936158,24.98462435572372],[121.55015243895997,24.984696425550375],[121.5502360741595,24.98477962142251],[121.5506170963864,24.98512351695028],[121.55080012624667,24.985353043777298],[121.55093562737004,24.98554437926731],[121.55093699756142,24.98554634079464],[121.5509360479714,24.98554443556876],[121.55094988488462,24.985563919323287],[121.55093413100008,24.985525131000028],[121.55088133400012,24.985417232000028],[121.55083858500006,24.985336878000055],[121.55078826700004,24.985263396000043],[121.5507530210001,24.98522893900002],[121.55069261700008,24.985160041000025],[121.55064101000006,24.98511179900004],[121.55060450300006,24.98507849500004],[121.5505277320001,24.984996947000074],[121.55042829800004,24.98489933100007],[121.55037416700009,24.98485337300008],[121.55029990100003,24.984784456000057],[121.55025710600012,24.984739672000046],[121.55016648700006,24.984646640000054],[121.55011360100002,24.984613313000068],[121.55011150937769,24.984610858836877],[121.55011156795608,24.984624039473147]],[[121.55093581813072,24.985543974424033],[121.55092133375649,24.98551491345649],[121.55086191428015,24.985395696024547],[121.55093581813072,24.985543974424033]]],[[[121.54677203000007,24.983295941000048],[121.54659307400004,24.983307215000025],[121.54649604300003,24.983305947000076],[121.54629819900005,24.983309163000058],[121.546220047,24.983326289000047],[121.54611166400004,24.983336481000034],[121.54600831600011,24.983350142000063],[121.5459922120001,24.983351750000054],[121.54595160400005,24.983355803000045],[121.54581421300007,24.98338202700006],[121.54567050000004,24.98342661200007],[121.54550914000002,24.983478051000077],[121.54541962500004,24.98351466100007],[121.54532632000007,24.983558141000053],[121.54524689100003,24.983590172000046],[121.54513719800002,24.98363938000006],[121.54506155600008,24.98366797200003],[121.54495184100006,24.98373208300006],[121.54486105,24.983779019000046],[121.54480109000008,24.98382788700007],[121.54477953600009,24.983845454000058],[121.54476266100005,24.983859207000023],[121.54473994100012,24.983890156000033],[121.54470587400009,24.98392567900004],[121.54465284200012,24.984008220000078],[121.5446275920001,24.984044903000036],[121.54459224700008,24.984094191000054],[121.54454784100007,24.984143166000024],[121.54453924900008,24.984152643000073],[121.544505146,24.984215702000032],[121.54443699900001,24.98429593100008],[121.54439656200009,24.984385369000055],[121.5443498190001,24.984478241000033],[121.5443043780001,24.984542433000062],[121.54428164,24.984584848000054],[121.54425259300001,24.98463643400003],[121.54423109900007,24.984693778000064],[121.5442045420001,24.98476831100004],[121.54419185400003,24.984838290000027],[121.544184201,24.984911690000043],[121.54416900400008,24.984972476000053],[121.54416521853403,24.9850307751317],[121.54417548755572,24.985023225729336],[121.54421183400981,24.98498246724656],[121.54423718805468,24.984905638459097],[121.544262980566,24.984858148074437],[121.54429289619871,24.984833211745876],[121.54431465282809,24.9848534439347],[121.54430622397778,24.984907641143593],[121.54428485422525,24.984975427558247],[121.54430242620583,24.98502952900647],[121.54438023630154,24.985126290082622],[121.54437611117585,24.985173700664905],[121.5443994750656,24.985207468429874],[121.54446888019183,24.985223011151],[121.5445381841975,24.985285949567874],[121.54460190298268,24.985486580728523],[121.54464088521361,24.985834002877755],[121.54467045068846,24.986222084240172],[121.54467874496756,24.986348441205845],[121.54466158694807,24.986570286539507],[121.54466476900008,24.98657917300005],[121.5446987270001,24.986634284000043],[121.544728888,24.986702001000022],[121.5447414260001,24.986750202000053],[121.5447678150001,24.98681218100006],[121.54479162000007,24.98692463900005],[121.54479946242732,24.986964610914182],[121.54479998796684,24.98695961910727],[121.54479933798153,24.986600771243907],[121.54476245778433,24.986027649628458],[121.54465669800159,24.98520652048166],[121.54466505102292,24.984994339098368],[121.5446805431491,24.984786645254324],[121.54489355691602,24.98416520710505],[121.54499148263714,24.983979778708214],[121.54509521957426,24.983778530395565],[121.54518182962065,24.983694705027357],[121.5453296963588,24.98360388294801],[121.54558470931396,24.983523950029692],[121.545897782701,24.98348442690732],[121.54618707295282,24.983386311092154],[121.54668807884465,24.983357376646374],[121.54686089494844,24.98337930681457],[121.54754689799601,24.98346704492261],[121.54807877698298,24.98355986498321],[121.54816520527388,24.983575343026555],[121.54838705734673,24.983626429509258],[121.54858237015932,24.98369566944177],[121.54883949949979,24.983814331819826],[121.5491314267441,24.983962204394516],[121.54919162557056,24.983995834547628],[121.5494187318059,24.984114607354872],[121.54961014236889,24.984210943327597],[121.54970291224373,24.984260250584768],[121.54973362585852,24.984275934797843],[121.54973392717508,24.984276112190575],[121.54973368675,24.984275890684398],[121.54970988605217,24.984253962840473],[121.54956050634944,24.984116337393587],[121.54975122831182,24.984292051909552],[121.54979072223098,24.984318046957966],[121.54974855600005,24.98428364700004],[121.54971080200006,24.984241156000053],[121.54963276500008,24.98416420800004],[121.54957610400004,24.98412513600005],[121.5494464300001,24.98402632300002],[121.54931549100002,24.983929818000036],[121.54924875000006,24.983891876000026],[121.54917445500007,24.983845899000073],[121.54911525900003,24.98381600600004],[121.54903468100008,24.983760855000074],[121.54897799600009,24.983743577000038],[121.54886967000006,24.98370559800003],[121.54869206600006,24.98364115100003],[121.54863663000005,24.98363305800006],[121.54850435500009,24.983599635000072],[121.54840232800005,24.98356167100008],[121.54830028100004,24.983540902000065],[121.54822720600008,24.983531647000067],[121.54808989000003,24.983499371000043],[121.54799162200005,24.98347860000007],[121.54786312400005,24.983449775000057],[121.54779006100013,24.98342903600008],[121.54770312500013,24.98341746500006],[121.54761117000011,24.983388681000065],[121.54751164200003,24.983370212000068],[121.54742975900002,24.98334717600005],[121.54725213600011,24.983301074000057],[121.54711229000007,24.98327567700005],[121.54701273700005,24.983277865000048],[121.54689048800003,24.98329149500006],[121.54677203000007,24.983295941000048]]],[[[121.54457515900005,24.98770334600004],[121.54453348900006,24.98777213200003],[121.54449560900002,24.98783289400006],[121.54442996700004,24.98792230500004],[121.54440469300005,24.98797848800007],[121.54437692000009,24.98801861200008],[121.54433147200007,24.98808395400005],[121.54425955900001,24.988150410000056],[121.54417379400002,24.98820766200004],[121.54407041500008,24.988243105000038],[121.5439821870001,24.988254479000037],[121.5438674830001,24.98827614000004],[121.543778017,24.988268001000048],[121.54368854900007,24.98826331500004],[121.54359656800011,24.98825518300003],[121.54343151800005,24.98822744700004],[121.543173227,24.988189289000044],[121.54294895600003,24.98815576500004],[121.54282550100002,24.988124636000062],[121.54274109300003,24.988103890000048],[121.54258863600013,24.988086507000045],[121.54240467700004,24.988064490000053],[121.54226014000005,24.988046573000073],[121.54224271800003,24.988044413000072],[121.5422135440001,24.988040797000053],[121.54219191800007,24.98803811600004],[121.54213377900008,24.988030908000045],[121.54201409200006,24.988008972000042],[121.54192590100003,24.98799396300006],[121.54177092300007,24.987971985000065],[121.54161468300003,24.987956880000066],[121.54145215300004,24.987931453000044],[121.54130600500004,24.987904900000043],[121.54114598500007,24.98788980000006],[121.54100739500007,24.98786554000003],[121.54088643900002,24.98784934000002],[121.54085984061669,24.98784570989378],[121.54086018588465,24.987851130340147],[121.5408605112566,24.987854634285423],[121.54085906938543,24.987854496295686],[121.54087078776088,24.988047720237866],[121.54090729845245,24.98804825509917],[121.54140603673547,24.988062223067242],[121.54189021680575,24.98807398586353],[121.54205343349426,24.988093698517954],[121.54242028543341,24.98817359991242],[121.54304095104499,24.988250308369395],[121.54319685806135,24.988297130085982],[121.54331025896303,24.988321538683262],[121.54347343644109,24.988332221879023],[121.5437321627757,24.988319982838952],[121.54390357877666,24.988303551671283],[121.54424345597153,24.98823233146965],[121.54433893510259,24.988193610682313],[121.54440869254799,24.988148213990414],[121.54450837915337,24.98794020611388],[121.54461971866279,24.987707328772643],[121.54468442527838,24.987569415704833],[121.54472870238745,24.987431578631742],[121.54477784465722,24.987134518814955],[121.54475351400004,24.98716666100006],[121.54473326000004,24.987238913000056],[121.54471299700003,24.98732033200002],[121.54469906600002,24.98737538100005],[121.54466363900009,24.987490069000042],[121.54463581700007,24.98756921200004],[121.54460420400005,24.987655194000066],[121.54457515900005,24.98770334600004]]],[[[121.54436387665727,24.985277564204075],[121.5443557692362,24.985264052535783],[121.54431173599478,24.985246159374086],[121.5442613910215,24.985271170997386],[121.54421758593189,24.985305186217893],[121.54419251560807,24.985308515734953],[121.54420004500003,24.985344213000076],[121.5442112950001,24.985415358000065],[121.54421961978824,24.985459100816637],[121.544287058523,24.985406491861887],[121.54432126805347,24.985372511969437],[121.54436406516363,24.98532044504919],[121.54438102010685,24.985304584115784],[121.54436387665727,24.985277564204075]]],[[[121.53984828144685,24.987746918351323],[121.53985233291102,24.987747144270717],[121.53985065161424,24.987755175048065],[121.5398751069801,24.98776032509928],[121.53987383166236,24.987760203043184],[121.53986812034759,24.987759656414546],[121.53987371027853,24.98776089312265],[121.54005681578577,24.987798591277308],[121.5403326710758,24.987881088901613],[121.54047680444003,24.987925700190665],[121.54059404740045,24.987979437825995],[121.54061745044724,24.98802223460464],[121.54066088477381,24.98804464509941],[121.54078354235227,24.988046442104363],[121.54078211588785,24.98801937366551],[121.5407708452314,24.9878460530005],[121.5405841889352,24.98782818879463],[121.54077118391557,24.987846085413633],[121.54077088117404,24.987840923054698],[121.54077061695394,24.987834407384383],[121.540710041,24.98782848600007],[121.54059033900012,24.987816867000053],[121.54042780200007,24.987798316000063],[121.54024132400004,24.98777516100006],[121.5401367510001,24.987758983000052],[121.5400220900001,24.987747373000047],[121.53993514000003,24.987746118000068],[121.53984917180723,24.98774192696273],[121.53984828144685,24.987746918351323]]],[[[121.5369584145352,24.99366684792815],[121.5368946959888,24.993820558950585],[121.53663106387084,24.9941307350495],[121.53638378289206,24.99435734072224],[121.53631850083461,24.994436575034335],[121.53631870712307,24.994483971990398],[121.53636924339827,24.99450184392271],[121.5363542912634,24.994551553206612],[121.5362581174109,24.994574474323823],[121.53617741623368,24.994667306998785],[121.53615168373706,24.994658372694797],[121.53612672280039,24.994613323036393],[121.53607646143477,24.994658646957998],[121.53600554807234,24.994724359446035],[121.53585669943556,24.9948783802334],[121.5357403299156,24.99495554339545],[121.53554646172208,24.99515035445635],[121.53547343488476,24.995200704476083],[121.5355308710663,24.995387422284775],[121.53566397505263,24.995265035104023],[121.53585522936643,24.99503863495297],[121.53609285244505,24.994868491313788],[121.53642072788817,24.994666419573885],[121.5366829810839,24.99439461854302],[121.53681927389246,24.99427224117816],[121.53697544162378,24.994093365237976],[121.53704670756649,24.99396671103397],[121.53712382010174,24.993761039223482],[121.53714159187068,24.993648122574317],[121.53715325124323,24.993553284527625],[121.53713442149119,24.99335247723889],[121.53703078301832,24.992869850411907],[121.53698889979299,24.992777464971695],[121.53693741070258,24.992682857568585],[121.53693601161008,24.99268066023455],[121.53693076200011,24.992697496000062],[121.53689786500003,24.99279726800006],[121.5368603549729,24.99288190852695],[121.53686384124866,24.992920114872486],[121.53686858325071,24.99308486107926],[121.53686474117393,24.993197726834474],[121.53697130709362,24.993499780294755],[121.5369584145352,24.99366684792815]]],[[[121.53494484342934,24.995475300025948],[121.53492370383782,24.995493195110637],[121.53508247913682,24.995759396853753],[121.53517559481861,24.995718219918327],[121.53532141845056,24.995580010139918],[121.53534532406627,24.99555802941109],[121.5352657932653,24.995343867283644],[121.53526343999208,24.995345489792726],[121.53508143333367,24.99542063428283],[121.53494484342934,24.995475300025948]]],[[[121.53393547141839,25.00129309775346],[121.53393060915471,25.001171234158093],[121.53393137159915,25.001132861378363],[121.53393211448065,25.00108997454978],[121.53394080859528,25.001024488540253],[121.5339361194628,25.000871026946342],[121.53392617755237,25.000505422799417],[121.5339747905841,25.000293084902125],[121.53410156248196,25.000114319037536],[121.53416373443424,25.000030583052702],[121.53421337669876,24.99991303691376],[121.53428766384708,24.99969609159067],[121.53434497953425,24.9994205247816],[121.53437938042971,24.99921500932639],[121.5344172388818,24.999092991757756],[121.53448068392228,24.998946053832803],[121.53451475261535,24.99887821893397],[121.53454234966676,24.99881717864473],[121.53455707199636,24.9987855266223],[121.53455267573464,24.99869977507328],[121.53468141979572,24.998548085779543],[121.53470996495967,24.99849155607907],[121.53473515378994,24.998446323765364],[121.53473492863486,24.998394412657724],[121.53471272414559,24.99834258140146],[121.53465487657498,24.998209626178646],[121.53460174836398,24.998236903647452],[121.53466673553017,24.99837434703148],[121.53466632194068,24.998421746376895],[121.5346546011347,24.99850304239713],[121.53455790547301,24.998620759684588],[121.53449316019106,24.99868193488198],[121.5344456626619,24.9987227340643],[121.53442891028976,24.99878599199987],[121.53443791087037,24.998862698668766],[121.53442303545899,24.998930463864912],[121.53435210830804,24.998993918461405],[121.53432646634354,24.99907752199952],[121.53431490808117,24.999124961780453],[121.53428083578804,24.99912057137151],[121.53423792927723,24.999077843349497],[121.53418198818362,24.99895616624784],[121.53416425137532,24.998863692006466],[121.53422302680833,24.998567806550533],[121.53422822743902,24.998482020177164],[121.5342307788561,24.998427841970052],[121.53419183501542,24.998299332072147],[121.53409987043823,24.998008507755987],[121.53404776221728,24.997699482462945],[121.53401076436342,24.99737686009088],[121.53404456582163,24.99696144214758],[121.5341345023071,24.996712841323596],[121.53422320973176,24.996466502162647],[121.53433050342214,24.99629457812846],[121.53458556790797,24.996004751482616],[121.53469854433847,24.99592985887414],[121.53478971807704,24.995895672008043],[121.53487391879452,24.995895365919402],[121.53501091308019,24.995791044210545],[121.53502554474294,24.99578457392052],[121.53487769036231,24.99553214640368],[121.53476811172227,24.995624906671463],[121.53470792364234,24.995665752016507],[121.53454764941849,24.995684390697964],[121.53432363233162,24.995852224834284],[121.53412178917152,24.99606511874316],[121.53404144686785,24.996241458866145],[121.5339097040032,24.996557921496276],[121.5338645433048,24.99670930701138],[121.53381060052902,24.99690586514641],[121.53376189695216,24.997240083621673],[121.53372803273105,24.99756973414473],[121.53385729324195,24.998180922850896],[121.53390364012061,24.998374860079885],[121.53393196376608,24.99855306341074],[121.53398432959625,24.998778577338562],[121.53399313759482,24.99888236917617],[121.53401119683734,24.9990493245411],[121.53402505571002,24.999390087132696],[121.53407763395731,24.99959302988798],[121.53406542056044,24.999703669096373],[121.53403136112327,24.999773760848484],[121.53397623117772,24.99983941493492],[121.53391235495143,24.999887044406],[121.53384405670688,24.999914376534203],[121.53378004359129,24.99993040790111],[121.53371991812868,24.999914826611473],[121.53360318678122,24.999838510446935],[121.53354036020184,24.999771027008457],[121.53347742917975,24.999750941721825],[121.53336014041052,24.999760394842202],[121.53329601018032,24.99974934197663],[121.53323607733768,24.999706675356922],[121.53318476645943,24.99972491749926],[121.5331592378676,24.999763379589147],[121.53315594527622,24.999932669309988],[121.53317819380705,25.000137979128958],[121.53319115955344,25.00020112921719],[121.53319953050755,25.00027558113085],[121.53319720412578,25.000668314020995],[121.53319527947843,25.000939165436275],[121.53319393654489,25.000986568075877],[121.53319439538076,25.001092647520277],[121.53319819143329,25.00118291609147],[121.53320785591941,25.00141310100163],[121.53322045690733,25.001534936502388],[121.53323866264863,25.001735748735257],[121.5333095265663,25.00172872098896],[121.53340140264905,25.00171258888077],[121.53352098747301,25.001732469281105],[121.53358986028559,25.001766075667604],[121.53370957229777,25.001815297233318],[121.5337969514125,25.00183303706526],[121.53388856682979,25.001828190900373],[121.53398988675463,25.001848137152418],[121.53405422371299,25.00190658745127],[121.53419205434027,25.00192188707768],[121.53429787488099,25.001980186841685],[121.5343617752092,25.00200929683287],[121.53427226072716,25.001856141430093],[121.5342074477427,25.00175932291734],[121.53415666012584,25.001612798201652],[121.53407353340924,25.00150476077648],[121.53400669069323,25.00143954841608],[121.53394911577864,25.00136978831453],[121.53393547141839,25.00129309775346]]]]}},{"type":"Feature","properties":{"河流":"景美溪","縣市":"新北市","行政區":"新店區","區域":"新北市新店區"},"geometry":{"type":"MultiPolygon","coordinates":[[[[121.54624084118154,24.98332173222412],[121.546220047,24.983326289000047],[121.54629819900005,24.983309163000058],[121.54624084118154,24.98332173222412]]],[[[121.54600079742939,24.98335089273662],[121.5459922120001,24.983351750000054],[121.54600831600011,24.983350142000063],[121.54600079742939,24.98335089273662]]],[[[121.54583417780457,24.98337821629169],[121.54581421300007,24.98338202700006],[121.54595160400005,24.983355803000045],[121.54583417780457,24.98337821629169]]],[[[121.5448850996282,24.983766586122915],[121.54486105,24.983779019000046],[121.54495184100006,24.98373208300006],[121.5448850996282,24.983766586122915]]],[[[121.54475800060378,24.983865555354125],[121.54473994100012,24.983890156000033],[121.54476266100005,24.983859207000023],[121.54475800060378,24.983865555354125]]],[[[121.54454870535079,24.984142212714943],[121.54454784100007,24.984143166000024],[121.54459224700008,24.984094191000054],[121.54454870535079,24.984142212714943]]],[[[121.54452580469156,24.98417750253292],[121.544505146,24.984215702000032],[121.54453924900008,24.984152643000073],[121.54452580469156,24.98417750253292]]],[[[121.54448764677633,24.984236303717143],[121.54443699900001,24.98429593100008],[121.544505146,24.984215702000032],[121.54448764677633,24.984236303717143]]],[[[121.544409537783,24.984356669341985],[121.54439656200009,24.984385369000055],[121.54443699900001,24.98429593100008],[121.544409537783,24.984356669341985]]],[[[121.54426648902532,24.98461175536328],[121.54425259300001,24.98463643400003],[121.54428164,24.984584848000054],[121.54426648902532,24.98461175536328]]],[[[121.54421550635084,24.984737539227844],[121.5442045420001,24.98476831100004],[121.54423109900007,24.984693778000064],[121.54421550635084,24.984737539227844]]],[[[121.5441719061813,24.984960867657087],[121.54416900400008,24.984972476000053],[121.544184201,24.984911690000043],[121.5441719061813,24.984960867657087]]],[[[121.54416521853403,24.9850307751317],[121.54416900400008,24.984972476000053],[121.5441673167413,24.98499846109823],[121.54416521853348,24.985030775132106],[121.54416521853403,24.9850307751317]]],[[[121.54477784465877,24.9871345188056],[121.54475351400004,24.98716666100006],[121.54477784465722,24.987134518814955],[121.54477784465877,24.9871345188056]]],[[[121.53984917180723,24.98774192696273],[121.53993514000003,24.987746118000068],[121.53984917180797,24.987741926958588],[121.53984917180723,24.98774192696273]]],[[[121.540710041,24.98782848600007],[121.54077061695394,24.987834407384383],[121.54077061695374,24.98783440737965],[121.540710041,24.98782848600007]]],[[[121.54085984061669,24.98784570989378],[121.54088643900002,24.98784934000002],[121.54085984061629,24.987845709887484],[121.54085984061669,24.98784570989378]]],[[[121.54110151379813,24.98788201537375],[121.54100739500007,24.98786554000003],[121.54114598500007,24.98788980000006],[121.54110151379813,24.98788201537375]]],[[[121.54117043994309,24.987892107646854],[121.54114598500007,24.98788980000006],[121.54130600500004,24.987904900000043],[121.54117043994309,24.987892107646854]]],[[[121.5429182706291,24.988148027728073],[121.54282550100002,24.988124636000062],[121.54294895600003,24.98815576500004],[121.5429182706291,24.988148027728073]]],[[[121.54368854900007,24.98826331500004],[121.543778017,24.988268001000048],[121.54376453435184,24.98826729482925],[121.54371515232921,24.988264708383152],[121.54368854900007,24.98826331500004]]],[[[121.5438674830001,24.98827614000004],[121.5439821870001,24.988254479000037],[121.54392354519564,24.988265553070043],[121.54389104418641,24.988271690644684],[121.5438674830001,24.98827614000004]]],[[[121.53693601160904,24.992680660232917],[121.53693076200011,24.992697496000062],[121.53693601161008,24.99268066023455],[121.53693601160904,24.992680660232917]]],[[[121.53686035497142,24.992881908510892],[121.5368603549729,24.99288190852695],[121.53689786500003,24.99279726800006],[121.53686035497142,24.992881908510892]]],[[[121.54689048800003,24.98329149500006],[121.54701273700005,24.983277865000048],[121.54698681447594,24.98328075519959],[121.54689048800003,24.98329149500006]]],[[[121.54649604300003,24.983305947000076],[121.54659307400004,24.983307215000025],[121.54649847532346,24.983305978785655],[121.54649604300003,24.983305947000076]]],[[[121.54737508234257,24.983332984688882],[121.54725213600011,24.983301074000057],[121.54742975900002,24.98334717600005],[121.54737508234257,24.983332984688882]]],[[[121.54822835214652,24.983531792160314],[121.54822720600008,24.983531647000067],[121.54830028100004,24.983540902000065],[121.54822835214652,24.983531792160314]]],[[[121.54849317860241,24.98359547628952],[121.54840232800005,24.98356167100008],[121.54850435500009,24.983599635000072],[121.54849317860241,24.98359547628952]]],[[[121.54865062282619,24.98363510078709],[121.54863663000005,24.98363305800006],[121.54869206600006,24.98364115100003],[121.54865062282619,24.98363510078709]]],[[[121.54884640106893,24.983697154424416],[121.54869206600006,24.98364115100003],[121.54886967000006,24.98370559800003],[121.54884640106893,24.983697154424416]]],[[[121.54899975444529,24.983750209132292],[121.54897799600009,24.983743577000038],[121.54903468100008,24.983760855000074],[121.54899975444529,24.983750209132292]]],[[[121.54979072232823,24.984318047021983],[121.54974855600005,24.98428364700004],[121.54979072223098,24.984318046957966],[121.54979072232823,24.984318047021983]]],[[[121.55011150937769,24.984610858836877],[121.55011360100002,24.984613313000068],[121.55011150937769,24.98461085883557],[121.55011150937769,24.984610858836877]]],[[[121.5505277320001,24.984996947000074],[121.55060450300006,24.98507849500004],[121.55060230787505,24.98507616328556],[121.5505277320001,24.984996947000074]]],[[[121.550634156751,24.985105547031743],[121.55060450300006,24.98507849500004],[121.55064101000006,24.98511179900004],[121.550634156751,24.985105547031743]]],[[[121.55094988489526,24.985563919338247],[121.55093413100008,24.985525131000028],[121.55094988488462,24.985563919323287],[121.55094988489526,24.985563919338247]]],[[[121.55103835518376,24.985919563246075],[121.55103709704638,24.98589781491871],[121.55103709704557,24.985897814922833],[121.55103835518179,24.985919563238216],[121.55103835518376,24.985919563246075]]],[[[121.55103835518179,24.98591956323833],[121.55104195800003,24.985981842000058],[121.55103962385978,24.985941493745905],[121.55103835518376,24.985919563246163],[121.55103835518179,24.98591956323833]]],[[[121.55304405472366,24.98604202818931],[121.55304405457115,24.986042028419703],[121.5530745840001,24.986001308000024],[121.55304405472366,24.98604202818931]]],[[[121.55299380400005,24.986109053000064],[121.55304405204001,24.98604203179573],[121.55304405219258,24.986042031565287],[121.55299380400005,24.986109053000064]]],[[[121.55288351224766,24.98628454058328],[121.55288351224802,24.986284540582755],[121.55288649300007,24.986276436000026],[121.55288351224766,24.98628454058328]]],[[[121.55288351201239,24.98628454122304],[121.55288143300004,24.986290194000045],[121.55288351201271,24.98628454122254],[121.55288351201239,24.98628454122304]]],[[[121.55067843478456,24.98688648062749],[121.55067544300005,24.98687512200007],[121.55068811300009,24.986923225000062],[121.55067843478456,24.98688648062749]]],[[[121.55240194624449,24.986935347185714],[121.55240194624804,24.986935347183326],[121.55240432800008,24.986933261000047],[121.55240194624449,24.986935347185714]]],[[[121.55070831333974,24.986989606259648],[121.55070053000009,24.986970365000047],[121.5507432490001,24.987075971000024],[121.55070831333974,24.986989606259648]]],[[[121.5507481546661,24.98708577600428],[121.5507432490001,24.987075971000024],[121.5507481546478,24.98708577597522],[121.5507481546661,24.98708577600428]]],[[[121.55074815465707,24.987085775993755],[121.55076791497844,24.987125271160373],[121.55076791499218,24.987125271168008],[121.55074815467539,24.987085776022848],[121.55074815465707,24.987085775993755]]],[[[121.55523280282999,24.97633358898169],[121.555216749,24.976429057000068],[121.55523280283612,24.976333588980566],[121.55523280282999,24.97633358898169]]],[[[121.55518725129896,24.976556797472927],[121.55517373500005,24.976574695000068],[121.5552040240001,24.97653458800005],[121.55518725129896,24.976556797472927]]],[[[121.55489394700008,24.976613406000073],[121.55501114800005,24.976602044000057],[121.55496055958724,24.976606948271755],[121.55489394700008,24.976613406000073]]],[[[121.55440360600004,24.976744779000054],[121.55447798900003,24.97671503400005],[121.55441611503619,24.976739776764596],[121.55440360600004,24.976744779000054]]],[[[121.55432192402274,24.976773977010758],[121.55432040500011,24.976774520000042],[121.55440360600004,24.976744779000054],[121.55432192402274,24.976773977010758]]],[[[121.55407907863807,24.976918073253444],[121.55407907890314,24.976918073023718],[121.55410982900004,24.976890141000073],[121.55407907863807,24.976918073253444]]],[[[121.55407907863567,24.97691807325562],[121.55404297300005,24.976950870000053],[121.55407907890053,24.976918073026095],[121.55407907863567,24.97691807325562]]],[[[121.55402763118498,24.97696265829658],[121.55402763112163,24.97696265835149],[121.55404297300005,24.976950870000053],[121.55402763118498,24.97696265829658]]],[[[121.55402763118242,24.976962658298536],[121.55397738800004,24.97700126400002],[121.55402763111891,24.976962658353564],[121.55402763118242,24.976962658298536]]],[[[121.55389633056315,24.977073241947743],[121.55389633054847,24.977073241970732],[121.55391179300011,24.977057404000046],[121.55389633056315,24.977073241947743]]],[[[121.55366357666726,24.97747889387257],[121.5536567260001,24.977503384000048],[121.55366357667151,24.97747889386858],[121.55366357666726,24.97747889387257]]],[[[121.55345502581045,24.978250763798815],[121.55347194,24.97818691300006],[121.55345502579625,24.978250763840997],[121.55345502581045,24.978250763798815]]],[[[121.55344915500008,24.978272926000045],[121.55345502580128,24.97825076383341],[121.55345502578717,24.978250763875348],[121.55344915500008,24.978272926000045]]],[[[121.55333365912266,24.978642294831708],[121.55333365911217,24.978642294872603],[121.55335173700009,24.978603213000042],[121.55333365912266,24.978642294831708]]],[[[121.55313213944271,24.97963312965535],[121.55313213944322,24.979633129655504],[121.55313381600003,24.979596436000065],[121.55313213944271,24.97963312965535]]],[[[121.55312601900003,24.979796039000064],[121.5531268563521,24.979771526015305],[121.55312685635192,24.97977152601525],[121.55312601900003,24.979796039000064]]],[[[121.55311989276055,24.980068577306398],[121.55310546300007,24.980129859000044],[121.553142191,24.979973879000056],[121.55311989276055,24.980068577306398]]],[[[121.55308996924467,24.98105997956431],[121.55308668500004,24.981086600000026],[121.55309050500013,24.98105563700005],[121.55308996924467,24.98105997956431]]],[[[121.55391756097607,24.984869752672065],[121.55393546100004,24.984797701000044],[121.55393103440065,24.984815519067727],[121.55391756096803,24.984869752693044],[121.55391756097607,24.984869752672065]]],[[[121.55391756094569,24.984869752782963],[121.55391266800007,24.984889448000043],[121.55391756095374,24.98486975276195],[121.55391756094569,24.984869752782963]]],[[[121.55389531568433,24.984966896879165],[121.55389619900006,24.98496515600004],[121.55389531568179,24.984966896882923],[121.55389531568433,24.984966896879165]]],[[[121.5530745840001,24.986001308000024],[121.55310040686413,24.98597092647492],[121.55310040687179,24.98597092645484],[121.5530745840001,24.986001308000024]]]]}},{"type":"Feature","properties":{"河流":"東新陂","縣市":"臺北市","行政區":"南港區","區域":"臺北市南港區"},"geometry":{"type":"Polygon","coordinates":[[[121.59439126488232,25.045657123386782],[121.59438074644397,25.04565942277639],[121.59437335760987,25.045668480604125],[121.59435750486988,25.045720455820266],[121.59432640106901,25.045756693358953],[121.5942278836351,25.04581351554305],[121.59420540737756,25.045840690243665],[121.59420225172487,25.045892614300076],[121.59425296612164,25.046005261373452],[121.59427147720677,25.046054841770744],[121.5942720917279,25.046118036506076],[121.59418422254024,25.046199643946807],[121.59412301909845,25.046287915098414],[121.59409096983833,25.046385097014074],[121.59409869233787,25.046637854769095],[121.59410545703692,25.0466919965672],[121.59418972628518,25.04682707979224],[121.59425976689282,25.0470299315585],[121.59427684459902,25.04716754238616],[121.5942969164289,25.047348024959224],[121.59432984771516,25.047433659918504],[121.59434663155196,25.047510331752957],[121.59438909800117,25.047582386019535],[121.59444151818116,25.04766342833115],[121.5945004528378,25.047746701407945],[121.59457541528856,25.047814110558093],[121.5946568267824,25.04787020851166],[121.59478695124135,25.047880969484904],[121.59481957771251,25.047903408442053],[121.59485188360807,25.0479235916406],[121.59491033882804,25.047907556783024],[121.59499136873158,25.047884659792558],[121.59509534839772,25.047868441370905],[121.59544591120364,25.047801573576187],[121.59591303013981,25.047693607834617],[121.59643871225151,25.04759217524453],[121.5965457117808,25.04756014438696],[121.59661051695868,25.04751248470991],[121.59685252168907,25.04722034867006],[121.5969301474689,25.047134267417906],[121.59696879620341,25.047057371880435],[121.59707821348165,25.046885394610456],[121.59713960378743,25.04677229448817],[121.59720370453527,25.046643384129148],[121.59720977014493,25.046553078108154],[121.59719974300049,25.04646509420609],[121.59717355423281,25.0464290875166],[121.59714434522809,25.04640889229554],[121.59706281021512,25.046391165675207],[121.5969202746166,25.04643913969283],[121.59667058385519,25.046550743668313],[121.596443656403,25.046630656785965],[121.59609720031725,25.046713309204886],[121.59596342640008,25.04671610621981],[121.59583576979391,25.04670307915005],[121.5956220570655,25.046633973103834],[121.59547760112382,25.046605214187583],[121.5953359869716,25.04658772887156],[121.5952222010504,25.04656110307997],[121.59511971004551,25.046500576051013],[121.59499507881111,25.04640853956276],[121.59493233688825,25.0463704226357],[121.59486065770066,25.04634136984816],[121.5948084016008,25.046294182450865],[121.59480176743837,25.04626712466393],[121.59481367084545,25.046230964041616],[121.5948730760389,25.046219439544302],[121.59488591937298,25.046185532174885],[121.59487580237236,25.04614268912621],[121.59483025679563,25.04613835849999],[121.59474479446773,25.046140959748342],[121.59472948913587,25.046113936875958],[121.59473269956959,25.046073297181064],[121.59474556472084,25.046043903817726],[121.59473802332383,25.046021363762698],[121.59471297614269,25.045965038563374],[121.59451915739265,25.045783000982322],[121.59443838092729,25.045665961630174],[121.59440829765543,25.045657054767688],[121.59439126488232,25.045657123386782]]]}},{"type":"Feature","properties":{"河流":"榴公圳","縣市":"臺北市","行政區":"大安區","區域":"臺北市大安區"},"geometry":{"type":"MultiPolygon","coordinates":[[[[121.54343928679586,25.011182746195114],[121.54355469746992,25.011236491832886],[121.54369532548827,25.011321743751726],[121.54386545508117,25.011497170152648],[121.54388671789366,25.011474521171472],[121.54372249066112,25.01130358724558],[121.5435762798631,25.01121609879868],[121.54345372845673,25.011157865269613],[121.54332360733049,25.01106806038908],[121.54309818028266,25.01091992152428],[121.54277158162601,25.010731536865325],[121.54275557575009,25.010758190371895],[121.54308557626433,25.010940281509452],[121.54329147857896,25.011083977983787],[121.54343928679586,25.011182746195114]]],[[[121.54242730364511,25.010577051716673],[121.54268207909871,25.01071763545055],[121.54269937919892,25.010689889769015],[121.54244883641566,25.010545373654107],[121.54216926159721,25.01040420343957],[121.54195646962968,25.01031244359109],[121.54193293136292,25.010305764694976],[121.54191719176556,25.01033116442614],[121.5419457528522,25.01033956777675],[121.54215295221304,25.010426834002395],[121.54242730364511,25.010577051716673]]],[[[121.54129081284172,25.010310368217638],[121.54088092170446,25.010386351875624],[121.54042989291347,25.01047151303788],[121.54034697975081,25.010485358544162],[121.54025872420584,25.010481166948463],[121.53991290790903,25.010342492063387],[121.53988952670143,25.010376433618394],[121.54024987448844,25.010510541226996],[121.54033999755028,25.01051698307638],[121.54044240558447,25.010500809238547],[121.5408810505274,25.010415693355892],[121.54129650463052,25.010337432263753],[121.54168813890043,25.010263771396612],[121.54182688023329,25.0103045925844],[121.54181026685077,25.010270959023877],[121.54169731766817,25.010238909943745],[121.5416843046109,25.010236700551875],[121.5416205670448,25.010245962381376],[121.54129081284172,25.010310368217638]]]]}},{"type":"Feature","properties":{"河流":"水磨坑溪","縣市":"臺北市","行政區":"北投區","區域":"臺北市北投區"},"geometry":{"type":"MultiPolygon","coordinates":[[[[121.49436589373629,25.14883442660719],[121.49426295123425,25.148670005267814],[121.49399490517868,25.148298485487057],[121.4938715875893,25.148154445139184],[121.49380109373355,25.148044677631546],[121.493758352774,25.148069635030105],[121.49384327011924,25.148204194824913],[121.49407085426853,25.148456226059807],[121.49423323177928,25.148679132696724],[121.49432004766655,25.148841350853978],[121.49433132865519,25.148949651834286],[121.49437847823562,25.149346736047686],[121.49441757895984,25.150134317486994],[121.49441789537846,25.150213313758016],[121.49428153865645,25.15060649956344],[121.49422701488726,25.150762820406552],[121.49428183623374,25.15069627615432],[121.49431897109336,25.150588317908124],[121.49445483442717,25.15022673272145],[121.49445715413809,25.150109357633795],[121.49443419653551,25.149560970116124],[121.494382561142,25.148972051302003],[121.49436589373629,25.14883442660719]]],[[[121.49405941014666,25.151227949524923],[121.4940844162158,25.15123805265061],[121.49417128989431,25.151017654766026],[121.49421813750162,25.150881460318562],[121.49416346293611,25.150945024772096],[121.49409001247253,25.151155607681805],[121.49405941014666,25.151227949524923]]],[[[121.49401402319151,25.15315562631158],[121.49396213156498,25.15289172261687],[121.4939488046553,25.1525825484689],[121.49391605234963,25.1522215265907],[121.49390238591513,25.15198232271246],[121.49389636335466,25.15180446722696],[121.49386575759458,25.15180115981608],[121.49386683621701,25.151851531371257],[121.49388322626605,25.15215166710351],[121.49391934766186,25.152889608630126],[121.49398792037888,25.15321665454084],[121.49404254764231,25.153467006590397],[121.49414864739083,25.153721700398947],[121.49415160640326,25.153841315187567],[121.49413068903903,25.15395875284063],[121.49407485400886,25.154103392239268],[121.49404984368014,25.154205044120882],[121.49410711758368,25.15411005543275],[121.49416235073464,25.153969932185475],[121.4941931326922,25.153838919091385],[121.49418611696456,25.153712546686332],[121.49408277065747,25.15344881542769],[121.49401402319151,25.15315562631158]]],[[[121.49389920308892,25.151728306489026],[121.49390097333273,25.15170696472174],[121.49405352507965,25.15131658388395],[121.49402511344108,25.151309024537245],[121.49386340493719,25.15169129075326],[121.4938641100455,25.1517242193305],[121.49389920308892,25.151728306489026]]],[[[121.49325763041774,25.14739360507544],[121.49358031487169,25.147787515652386],[121.49372197654475,25.148011993261644],[121.49376278789507,25.14798503069516],[121.49375587493384,25.14797426635155],[121.49361801192299,25.147758048281315],[121.49321775381449,25.14726508541617],[121.49317033722555,25.14721076902503],[121.49315673169384,25.147272892682313],[121.49325763041774,25.14739360507544]]],[[[121.49281402052387,25.145871869577196],[121.4928424304385,25.145950467434492],[121.49286238934441,25.14621447729504],[121.4929142197442,25.146620576004835],[121.49292756618473,25.14678078296154],[121.49297582976115,25.14706952622762],[121.49298298559923,25.147076273604135],[121.4929910712887,25.147083017886615],[121.49299512762501,25.14708977557391],[121.49299980386228,25.147096531198603],[121.493002948337,25.147107806040747],[121.49301539132252,25.14711904994569],[121.49302379596031,25.147128050224865],[121.49304212800597,25.14713927453241],[121.49305676763447,25.147157282304967],[121.49307045042899,25.147168522077667],[121.49307325797348,25.147173026856237],[121.49310462490519,25.147210553474856],[121.49309386098876,25.147123164259593],[121.49305272440913,25.14707604157849],[121.49303509248723,25.14692939130138],[121.49296323058924,25.146241226743424],[121.49288250272997,25.145847101226174],[121.49281402052387,25.145871869577196]]],[[[121.49247624950051,25.14514140655197],[121.49259444574332,25.14540057207517],[121.49265777963961,25.14550418491004],[121.4927405734854,25.145668673202437],[121.49279228426064,25.145811734745433],[121.49286473228781,25.14577676980406],[121.49282233673706,25.145652602065084],[121.4926318266518,25.145292110628485],[121.49253537719476,25.145123153980407],[121.49253534135153,25.14511417690276],[121.49247900079975,25.145054466752963],[121.49247624950051,25.14514140655197]]],[[[121.49202390475092,25.143244747739963],[121.4916696160148,25.142850942425294],[121.49130322365028,25.142452662126328],[121.49069760020087,25.14191072399995],[121.49048573740151,25.14171280735998],[121.49037744571292,25.141604828619247],[121.49034185172545,25.141539492633285],[121.49029880115104,25.14146966726941],[121.4902343195872,25.14138862769932],[121.4900522754964,25.141206410887467],[121.48987516292777,25.141017408733607],[121.48983159538004,25.140895675606668],[121.48981732868546,25.140737733756296],[121.48978347653559,25.140175856124397],[121.48978684065446,25.140154010253486],[121.48970214966977,25.140132907502636],[121.48970868183736,25.14030700879957],[121.48975106402207,25.140909483932155],[121.48978063012416,25.141017721470796],[121.48988773613102,25.14113924445985],[121.49007439323181,25.14131241809186],[121.49024866193865,25.141487889526527],[121.49033475411733,25.141625283269807],[121.49068790646452,25.141967181865393],[121.49109663688168,25.142333723535298],[121.49132096691771,25.142549655612516],[121.49179778481655,25.143046879060424],[121.49204471205181,25.143332702813368],[121.49233454022273,25.143805716966682],[121.49242388317033,25.144058207454318],[121.49244973105667,25.14416645894563],[121.49250565633868,25.144588337313373],[121.49248560727173,25.144845704958723],[121.49248403273931,25.144895459573718],[121.49253579954035,25.14495175236776],[121.49256032031971,25.14469423604785],[121.49254016104798,25.144380576252853],[121.49250120342013,25.144094063179327],[121.4923664644066,25.143805611004268],[121.49223426855332,25.143532949411036],[121.49202390475092,25.143244747739963]]],[[[121.49012162583504,25.13963080285991],[121.49017813821601,25.139578704975676],[121.49056121927978,25.1393427088088],[121.49142188424923,25.138789151304444],[121.49144687162378,25.13875972763453],[121.49146377371848,25.138723559778576],[121.49146206185897,25.138682939618448],[121.49145859518245,25.138670932519517],[121.49140090083104,25.138705746079232],[121.49139407502668,25.13873281867654],[121.49136688208179,25.13875322168178],[121.49037879925021,25.139377168253194],[121.49001434127729,25.13961987318597],[121.48981378737074,25.13984849275855],[121.48975139949025,25.139981861421255],[121.48972368888707,25.140054503420508],[121.48980038966494,25.140066025811617],[121.48980190664574,25.14005617484984],[121.48984578789909,25.139945437283114],[121.48990827457202,25.139836895093143],[121.49002739050543,25.13970559549704],[121.49012162583504,25.13963080285991]]],[[[121.49087086457997,25.13779113000138],[121.4910095375335,25.138056995169435],[121.49116808103884,25.138331822975925],[121.49124492266195,25.138436449370538],[121.49133047733912,25.138441747199895],[121.49120761714067,25.13829783717643],[121.49107245345706,25.13805678684227],[121.49090016746104,25.137713867716894],[121.49084778129121,25.137738287010045],[121.49087086457997,25.13779113000138]]],[[[121.49080626053488,25.13764323629862],[121.49085094844769,25.137615903773256],[121.4906875533677,25.137290686566935],[121.4906253841459,25.13716740293064],[121.49058445955984,25.137195999970917],[121.49077733823857,25.137577026337787],[121.49080626053488,25.13764323629862]]],[[[121.4900113558948,25.135681450060734],[121.49021658470222,25.136470706460344],[121.49052498407264,25.137078647454558],[121.49057008335448,25.137057739455845],[121.49038076704386,25.136682317173392],[121.49025990355277,25.136452507114644],[121.4900554744296,25.135708387347922],[121.48980061888638,25.134821574190276],[121.48976546019884,25.13482423665032],[121.4900113558948,25.135681450060734]]],[[[121.48895309136836,25.131985794496288],[121.4895644162248,25.134123370371658],[121.48974705960813,25.134760090087994],[121.48978189973073,25.13475643715142],[121.48958308804211,25.134064627492574],[121.48916769665767,25.132565123685726],[121.48900835623978,25.132010438215637],[121.48899177542211,25.131952928149236],[121.48894590610911,25.13196067675001],[121.48895309136836,25.131985794496288]]],[[[121.48896852335866,25.131872278960596],[121.48877172502888,25.131189683961633],[121.4886509943592,25.130779872913795],[121.48861044139102,25.130787968217117],[121.48892430130086,25.13188515204047],[121.48896852335866,25.131872278960596]]],[[[121.488484810275,25.130348783528284],[121.48858053733605,25.13068342914124],[121.48861953626738,25.13067309029015],[121.48826091738232,25.129455764281722],[121.4881830093609,25.129181233836103],[121.48816038022952,25.12918711736451],[121.48834418396473,25.129821117876382],[121.488484810275,25.130348783528284]]],[[[121.48816074943757,25.129102794577488],[121.48752555046067,25.12686442464531],[121.48749065050579,25.126877057758843],[121.48789706168348,25.128278830214132],[121.48813762977221,25.12910864289566],[121.48816074943757,25.129102794577488]]],[[[121.48741859124966,25.126641851104086],[121.48746485636994,25.12679056555181],[121.48750181933762,25.126782460487107],[121.48736683749124,25.126328302670604],[121.48716254726423,25.125606745733176],[121.48710263099574,25.125394989977405],[121.48706255740294,25.12540458373908],[121.48712388035003,25.125624929297615],[121.48741859124966,25.126641851104086]]],[[[121.48620079304425,25.12212386943814],[121.48612961385658,25.1221362180011],[121.48615745579659,25.122287799046227],[121.48635047119271,25.122982306448687],[121.48646649452559,25.123327240503524],[121.48651337227848,25.123505387059723],[121.48667762117654,25.124055547467297],[121.48679128298241,25.124429830412822],[121.48703554594464,25.125307525918366],[121.4870768763499,25.1253039678015],[121.48697114363472,25.124930285261897],[121.48684244358533,25.12443643244531],[121.48673033112533,25.124062144435626],[121.48645351016191,25.123099328638524],[121.48622754586323,25.122301109722436],[121.48620079304425,25.12212386943814]]],[[[121.47459137165856,25.122859120857523],[121.4744861584721,25.122865380051557],[121.47452220072906,25.122971333513437],[121.47461363163492,25.123135799240735],[121.47462648442614,25.12325537967018],[121.47463276892202,25.123359182243373],[121.47463346673773,25.123541998650623],[121.47460703935867,25.123844525138384],[121.47467155969721,25.12361635676954],[121.4746838953798,25.123519264883686],[121.47469561924963,25.123261926550256],[121.47467631838609,25.12307691362432],[121.47459137165856,25.122859120857523]]],[[[121.4744969850989,25.122625282639312],[121.47440633640474,25.12263072591539],[121.47442815004779,25.122694851964095],[121.47452373938914,25.122689100990637],[121.4744969850989,25.122625282639312]]],[[[121.47405761037199,25.121009231641494],[121.47404734113704,25.120916727010002],[121.47398721338415,25.12075215873413],[121.47379088825798,25.120384897952796],[121.47370285445587,25.120134652423957],[121.47368431453792,25.119904495873303],[121.47369388832401,25.119732931273067],[121.47367428929954,25.11955017557351],[121.47357257005659,25.119286431503816],[121.47337769576846,25.118973332424527],[121.47335697711603,25.11890343129592],[121.47345840728345,25.118765426355196],[121.4733501177293,25.11881091530254],[121.47330615636453,25.118822341867208],[121.4732747289199,25.11878858756987],[121.47319865300275,25.11866695279558],[121.47310987970042,25.118547616462724],[121.47302787159332,25.11849596891894],[121.47287300558779,25.118435527385135],[121.47260123492237,25.118355147979386],[121.47232299139209,25.118283816779066],[121.47217691446777,25.118252687279924],[121.47208846806808,25.11821911578386],[121.47204186504167,25.118187667058564],[121.47203812926041,25.11818316501246],[121.4720318286978,25.118156101061658],[121.47204406993245,25.118115435577824],[121.47214474026393,25.11810382767692],[121.47236478554147,25.11810989281516],[121.47262907597786,25.118097759500184],[121.47290659697313,25.11806075614154],[121.47322179491469,25.11798977612134],[121.47334064503265,25.117951024972182],[121.47343500545352,25.11791009549276],[121.4735762618931,25.11781484704759],[121.47357175998043,25.11777197844562],[121.47344103111699,25.117864936018165],[121.47328137079181,25.11792864546269],[121.47311324017714,25.117965297923153],[121.47284295000055,25.118029362461243],[121.47262892148176,25.118057133824777],[121.47236431269788,25.118067011122974],[121.47218481979846,25.11804953083901],[121.47206202761582,25.118029611510284],[121.4719997832784,25.118041096147042],[121.47196850040379,25.118126962943062],[121.47195627626796,25.11817214240047],[121.47186178644736,25.11817921635657],[121.47172326697624,25.1181796603145],[121.47159101370436,25.11819814019136],[121.47149662649313,25.118232297788975],[121.47135613241862,25.11836591173116],[121.47124699003224,25.118431714725155],[121.47107474996365,25.118529317916785],[121.47100820105922,25.1185498439872],[121.47094994253628,25.118550030117433],[121.47087823081488,25.118516403902486],[121.47083437468562,25.118473660595317],[121.470578596505,25.11827811630244],[121.47048527274187,25.118183619117502],[121.47047289720166,25.11810691980895],[121.4704711174542,25.11804598585903],[121.47040646539459,25.117994280511766],[121.47033489073408,25.117996765767867],[121.47017100474429,25.118008573354828],[121.46989334017029,25.11800720110194],[121.46977288894527,25.118032412075888],[121.46961175419426,25.118116435300596],[121.46961490409656,25.118129967453555],[121.46961121952233,25.11813900730736],[121.46961651308732,25.118145761543047],[121.46961748528993,25.118157043599236],[121.4696280639136,25.118168295065423],[121.46980567369098,25.11809776149426],[121.46991279145334,25.118070335919565],[121.47006582312312,25.11805630613552],[121.47029444941069,25.11803752115406],[121.47039487743693,25.118043971990183],[121.47043220000226,25.11807996533804],[121.47044472904466,25.118197290595003],[121.47049108953532,25.118246797205256],[121.47072476313969,25.118415328068473],[121.47077517801449,25.11847159261574],[121.47078531634881,25.118530242773847],[121.4707676332694,25.11860703794486],[121.47071762768074,25.118659109491954],[121.47071152351738,25.11868395652828],[121.47072402103733,25.118711001204378],[121.47079325331404,25.118744635791153],[121.47093557633501,25.118766751529726],[121.47099535038969,25.118757532318064],[121.47109546459342,25.118680472439912],[121.47120766420133,25.118603373967655],[121.47130226772542,25.118544388564214],[121.47140503282151,25.11843120859244],[121.47150363035936,25.11836318227345],[121.47167327755525,25.11831749840864],[121.4719419413814,25.118314380201618],[121.47216460339999,25.118356549327334],[121.4724040081281,25.118400921342964],[121.47252373631805,25.11842987813253],[121.47275602256366,25.118476529357647],[121.47287674074637,25.118521281688636],[121.4729652908118,25.118581936335154],[121.47305134452998,25.118638085065673],[121.47308532807325,25.118692144492975],[121.4732688816054,25.118962397431506],[121.47341472507038,25.119176345538357],[121.47358587568881,25.11952563318013],[121.47362430067581,25.119688015076193],[121.47364252034488,25.120078421388722],[121.4736639537912,25.120173147252054],[121.47378445714973,25.120486484688275],[121.4739243903726,25.120774931776246],[121.47397672761079,25.120928240169416],[121.47400431622421,25.12109291352735],[121.47398908741415,25.12124418306321],[121.47395869025398,25.121481268392515],[121.47400136094707,25.12161880871113],[121.4740352428069,25.121727036131997],[121.47414929383307,25.121972682400216],[121.47430829832615,25.12238520214475],[121.47435410105565,25.122494336331194],[121.47443927334453,25.122489237001684],[121.47418531998089,25.121911626376413],[121.47405349322128,25.12155544365601],[121.47403421105231,25.12145619711902],[121.47405265917611,25.121336515465206],[121.47405761037199,25.121009231641494]]]]}},{"type":"Feature","properties":{"河流":"淡水河","縣市":"新北市","行政區":"蘆洲區","區域":"新北市蘆洲區"},"geometry":{"type":"MultiPolygon","coordinates":[[[[121.47046078500011,25.101581593000052],[121.47034134952513,25.101578877414504],[121.47031828500008,25.101578353000033],[121.47046078500011,25.101581593000052]]],[[[121.47278858800007,25.101581598000042],[121.47272081125227,25.10158486738277],[121.47264106800004,25.10158871400006],[121.47278858800007,25.101581598000042]]],[[[121.47002449600006,25.101587961000064],[121.46988701466483,25.101599048586845],[121.46982151500002,25.10160433100003],[121.47002449600006,25.101587961000064]]],[[[121.46969135354949,25.10160773538248],[121.46963615900006,25.101609179000032],[121.46982151500002,25.10160433100003],[121.46969135354949,25.10160773538248]]],[[[121.46797256243754,25.101626874647778],[121.46791241300002,25.101625456000075],[121.46804987100006,25.101628698000066],[121.46797256243754,25.101626874647778]]],[[[121.46791241300002,25.101625456000075],[121.46784263158729,25.101626981003317],[121.46768796900004,25.101630361000044],[121.46791241300002,25.101625456000075]]],[[[121.46939875281574,25.101620726020755],[121.46924658600005,25.101640730000042],[121.46942307200003,25.101617529000062],[121.46939875281574,25.101620726020755]]],[[[121.46691485533117,25.10164195768647],[121.46684690500001,25.10164077000007],[121.46702849700011,25.101643944000042],[121.46691485533117,25.10164195768647]]],[[[121.46684690500001,25.10164077000007],[121.46682684893757,25.101644815265207],[121.46678388500003,25.101653481000028],[121.46684690500001,25.10164077000007]]],[[[121.46671722686037,25.10164837470793],[121.4666956000001,25.10164671800004],[121.46678388500003,25.101653481000028],[121.46671722686037,25.10164837470793]]],[[[121.4660315147591,25.101753540522093],[121.46599604100004,25.101769353000062],[121.46609933400009,25.101723310000065],[121.4660315147591,25.101753540522093]]],[[[121.46484072500004,25.10219558400007],[121.46479350165441,25.10221124830525],[121.46461140200007,25.102271652000066],[121.46484072500004,25.10219558400007]]],[[[121.46413767900003,25.102443298000026],[121.46401366496441,25.102499562961412],[121.46396007200009,25.102523878000053],[121.46413767900003,25.102443298000026]]],[[[121.46373707300006,25.10260567600005],[121.46369045990285,25.10262817002753],[121.46362497500002,25.102659771000045],[121.46373707300006,25.10260567600005]]],[[[121.46283504187357,25.103067768384225],[121.4627547230001,25.10311888800004],[121.46290833400008,25.103021121000047],[121.46283504187357,25.103067768384225]]],[[[121.47816816108734,25.10140036145546],[121.47810833900009,25.101400455000032],[121.47828740000011,25.10140017500004],[121.47816816108734,25.10140036145546]]],[[[121.47810833900009,25.101400455000032],[121.47801132627822,25.10140831416353],[121.478007477,25.10140862600002],[121.47810833900009,25.101400455000032]]],[[[121.47799527951794,25.101408925261637],[121.47790786300004,25.10141107000004],[121.478007477,25.10140862600002],[121.47799527951794,25.101408925261637]]],[[[121.47787240838079,25.101413604481476],[121.47785869200005,25.10141458500004],[121.47790786300004,25.10141107000004],[121.47787240838079,25.101413604481476]]],[[[121.47680459100002,25.101457471000064],[121.47673238515304,25.101457019228267],[121.47665579100011,25.101456540000072],[121.47680459100002,25.101457471000064]]],[[[121.47654264076057,25.101464245137837],[121.47650817700004,25.101466592000065],[121.47665579100011,25.101456540000072],[121.47654264076057,25.101464245137837]]],[[[121.47555834333869,25.101478710455908],[121.47548561300005,25.10147435700003],[121.4756722730001,25.101485530000044],[121.47555834333869,25.101478710455908]]],[[[121.47531286400012,25.101478042000046],[121.47526450907722,25.101481124929805],[121.47522082600005,25.10148391000007],[121.47531286400012,25.101478042000046]]],[[[121.47507959000008,25.101482971000056],[121.47493312682919,25.10148590881301],[121.47489423099998,25.101486689000062],[121.47507959000008,25.101482971000056]]],[[[121.47489423099998,25.101486689000062],[121.47487808933415,25.10148904171119],[121.47479086500005,25.10150175500007],[121.47489423099998,25.101486689000062]]],[[[121.4746375205568,25.101502735602697],[121.47454622700002,25.101502113000038],[121.47468494100008,25.101503059000034],[121.4746375205568,25.101502735602697]]],[[[121.47445901780192,25.101512896511288],[121.47435839200011,25.101525339000034],[121.47454622700002,25.101502113000038],[121.47445901780192,25.101512896511288]]],[[[121.47388679800008,25.101545555000026],[121.47388196095318,25.101545744306264],[121.4737040030001,25.10155270900003],[121.47388679800008,25.101545555000026]]],[[[121.47365598656597,25.1015586074416],[121.47357163800005,25.101568969000027],[121.4737040030001,25.10155270900003],[121.47365598656597,25.1015586074416]]],[[[121.47289139788427,25.101585427439286],[121.47278858800007,25.101581598000042],[121.47302567600003,25.101590429000055],[121.47289139788427,25.101585427439286]]],[[[121.488463464,25.097295930000026],[121.48840413654786,25.097327231724826],[121.48824084100012,25.097413388000064],[121.488463464,25.097295930000026]]],[[[121.48713480907364,25.09808461797215],[121.48706406500003,25.09813021400004],[121.48714379400009,25.098078827000048],[121.48713480907364,25.09808461797215]]],[[[121.4834073010646,25.09975772626751],[121.48340412900006,25.09975831300006],[121.48346588000005,25.099746891000052],[121.4834073010646,25.09975772626751]]],[[[121.48333353900013,25.09978465300003],[121.48330444192412,25.099798165305657],[121.48327680400008,25.099811],[121.48333353900013,25.09978465300003]]],[[[121.48327680400008,25.099811],[121.48326972618231,25.09981181378843],[121.48324705900006,25.09981442000003],[121.48327680400008,25.099811]]],[[[121.48324705900006,25.09981442000003],[121.48321254140951,25.099837839162888],[121.483147034,25.099882284000046],[121.48324705900006,25.09981442000003]]],[[[121.48207898052902,25.100417835986594],[121.48204907400009,25.100431769000068],[121.48224429800008,25.100340817000074],[121.48207898052902,25.100417835986594]]],[[[121.48162911271726,25.1006439702164],[121.48158563600008,25.100673441000026],[121.48166368400008,25.10062053600006],[121.48162911271726,25.1006439702164]]],[[[121.48146977899998,25.100734441000043],[121.48139122435714,25.10076354912309],[121.48127702300008,25.100805866000034],[121.48146977899998,25.100734441000043]]],[[[121.48122921602271,25.100824166812085],[121.4811686810001,25.100847340000026],[121.48127702300008,25.100805866000034],[121.48122921602271,25.100824166812085]]],[[[121.48039733256984,25.10100454458569],[121.48026373400012,25.10102886900006],[121.48041624600012,25.101001101000065],[121.48039733256984,25.10100454458569]]],[[[121.47925288400006,25.101219718000035],[121.47917202564297,25.10124372272994],[121.47915963900006,25.10124740000003],[121.47925288400006,25.101219718000035]]],[[[121.47914120115081,25.101249739626336],[121.47891255600007,25.10127875300003],[121.47915963900006,25.10124740000003],[121.47914120115081,25.101249739626336]]],[[[121.4787839582399,25.101319472927123],[121.47871599200005,25.10133871900007],[121.47883822200004,25.10130410700003],[121.4787839582399,25.101319472927123]]]]}},{"type":"Feature","properties":{"河流":"淡水河","縣市":"新北市","行政區":"五股區","區域":"新北市五股區"},"geometry":{"type":"MultiPolygon","coordinates":[[[[121.46196632400007,25.103531963000016],[121.46187802759039,25.103575527478725],[121.4617773960001,25.103625178000076],[121.46196632400007,25.103531963000016]]],[[[121.46134273947406,25.10389376738573],[121.46126872600009,25.103950665000067],[121.46139585500009,25.10385293500008],[121.46134273947406,25.10389376738573]]],[[[121.46086474717991,25.104246969519792],[121.46085079600005,25.10425648200004],[121.46094018200007,25.104195535000027],[121.46086474717991,25.104246969519792]]],[[[121.46085079600005,25.10425648200004],[121.46082951012123,25.104273289356772],[121.46077653700002,25.104315117000052],[121.46085079600005,25.10425648200004]]],[[[121.46051700852443,25.10450670813217],[121.46038251200002,25.10459911700008],[121.46052477500007,25.104501372000065],[121.46051700852443,25.10450670813217]]],[[[121.45716721510294,25.10776220720407],[121.45716721510371,25.107762207204818],[121.45716932800008,25.107733236000062],[121.45716721510294,25.10776220720407]]]]}},{"type":"Feature","properties":{"河流":"淡水河","縣市":"新北市","行政區":"八里區","區域":"新北市八里區"},"geometry":{"type":"MultiPolygon","coordinates":[[[[121.45993839000006,25.119482899000047],[121.45998339600011,25.119315298000057],[121.45993846378381,25.119482624231555],[121.45993839000006,25.119482899000047]]],[[[121.45992342200009,25.119552914000046],[121.45993839000006,25.119482899000047],[121.45993836645019,25.119483009157943],[121.45992342200009,25.119552914000046]]],[[[121.45989463900004,25.119647048000044],[121.45992342200009,25.119552914000046],[121.4599076324336,25.11960455333746],[121.45989463900004,25.119647048000044]]],[[[121.45989463900004,25.119647048000044],[121.45989382031745,25.11966966687206],[121.45989227100006,25.119712472000057],[121.45989463900004,25.119647048000044]]],[[[121.459746461,25.120452819000036],[121.45973823613721,25.120490667026083],[121.45972899600008,25.12053318700003],[121.459746461,25.120452819000036]]],[[[121.45968501785875,25.12077149387336],[121.45966255415394,25.12085965620681],[121.4596591720001,25.120872930000075],[121.4597004100001,25.12071108500004],[121.45968501785875,25.12077149387336]]],[[[121.45962405800003,25.120957887000028],[121.4596591720001,25.120872930000075],[121.45965762022999,25.120876684449424],[121.45962405800003,25.120957887000028]]],[[[121.45952025300006,25.121326407000023],[121.45957416200008,25.12118977300003],[121.45954683358721,25.121259037693505],[121.45952025300006,25.121326407000023]]],[[[121.45943395100005,25.121630605000064],[121.4594182803896,25.121702707895277],[121.45941523700003,25.12171671100003],[121.45943395100005,25.121630605000064]]],[[[121.45921960800001,25.122189762000062],[121.45915873689519,25.122295807516476],[121.4591266650001,25.122351681000048],[121.45921960800001,25.122189762000062]]],[[[121.46088921700004,25.116253584000045],[121.46093509300012,25.116196287000037],[121.46090775987504,25.1162304248077],[121.46088921700004,25.116253584000045]]],[[[121.46088431900013,25.116315560000032],[121.46088921700004,25.116253584000045],[121.46088496976685,25.116307325634875],[121.46088431900013,25.116315560000032]]],[[[121.4607641460001,25.116693262000066],[121.46080674400001,25.116574997000047],[121.46080053401076,25.116592237818413],[121.4607641460001,25.116693262000066]]],[[[121.46048389500005,25.117641503000065],[121.46046826555423,25.117713413678597],[121.4604676780001,25.117716117000043],[121.46048389500005,25.117641503000065]]],[[[121.4604676780001,25.117716117000043],[121.46046646986237,25.117719472894684],[121.46042758500005,25.117827485000074],[121.4604676780001,25.117716117000043]]],[[[121.46038510500011,25.11799622400002],[121.46042758500005,25.117827485000074],[121.46038878637275,25.117981600856567],[121.46038510500011,25.11799622400002]]],[[[121.46035371500011,25.118054797000067],[121.46038510500011,25.11799622400002],[121.4603836457306,25.117998946962537],[121.46035371500011,25.118054797000067]]],[[[121.46028251900009,25.118346372000076],[121.4603275070001,25.118170727000063],[121.46029420369992,25.11830075185467],[121.46028251900009,25.118346372000076]]],[[[121.46028251900009,25.118346372000076],[121.4602625099121,25.118407696432534],[121.46023869600005,25.11848068200004],[121.46028251900009,25.118346372000076]]],[[[121.46023869600005,25.11848068200004],[121.46023453294602,25.118502099311872],[121.46022374600011,25.118557594000034],[121.46023869600005,25.11848068200004]]]]}},{"type":"Feature","properties":{"河流":"淡水河","縣市":"新北市","行政區":"三重區","區域":"新北市三重區"},"geometry":{"type":"MultiPolygon","coordinates":[[[[121.50470554338864,25.07804591019239],[121.5046775950001,25.07812126000005],[121.50470554338993,25.078045910192518],[121.50470554338864,25.07804591019239]]],[[[121.50145195041856,25.084770549739368],[121.50145723600006,25.084763005000063],[121.50145195041408,25.08477054973863],[121.50145195041856,25.084770549739368]]],[[[121.5012876290001,25.08501944000005],[121.50128857356466,25.085018179609328],[121.50128857356417,25.085018179609243],[121.5012876290001,25.08501944000005]]],[[[121.49683753700003,25.089870449000045],[121.49708827000008,25.089661248000024],[121.49686900289183,25.089844195192097],[121.49683753700003,25.089870449000045]]],[[[121.49675264200006,25.089953962000035],[121.49683753700003,25.089870449000045],[121.49682778212093,25.089880045080115],[121.49675264200006,25.089953962000035]]],[[[121.49172988700003,25.09421255900002],[121.49181853400013,25.094139399000024],[121.49175417971479,25.094192510323715],[121.49172988700003,25.09421255900002]]],[[[121.49162976100003,25.094315521000055],[121.49172988700003,25.09421255900002],[121.49171324812843,25.09422966915622],[121.49162976100003,25.094315521000055]]],[[[121.5055097739861,25.058218311511286],[121.50550977398962,25.058218311549723],[121.505530646,25.05814427300004],[121.5055097739861,25.058218311511286]]],[[[121.50548604399998,25.058302488000038],[121.50550863869672,25.0582223387317],[121.50550863869329,25.05822233869286],[121.50548604399998,25.058302488000038]]],[[[121.50704106800004,25.070041182000068],[121.50704626800007,25.069989559000078],[121.5070462248005,25.069989987863686],[121.50704106800004,25.070041182000068]]],[[[121.50698155400005,25.070954299000046],[121.50699284900008,25.070866743000064],[121.5069824897939,25.070947044961592],[121.50698155400005,25.070954299000046]]],[[[121.50691615400001,25.071316700000065],[121.5069290030001,25.071243610000064],[121.50692465519637,25.071268341961495],[121.50691615400001,25.071316700000065]]],[[[121.50635893700009,25.07296628000006],[121.50638435000008,25.072900949000026],[121.50637334756922,25.07292923372872],[121.50635893700009,25.07296628000006]]],[[[121.50486797262785,25.077686402877223],[121.50491513600002,25.077584094000034],[121.50486797262029,25.077686402876513],[121.50486797262785,25.077686402877223]]]]}},{"type":"Feature","properties":{"河流":"淡水河","縣市":"臺北市","行政區":"萬華區","區域":"臺北市萬華區"},"geometry":{"type":"MultiPolygon","coordinates":[[[[121.50135836400011,25.04595164000005],[121.50139180000009,25.04598733100005],[121.50150522400007,25.04610840400005],[121.50158630400004,25.046207990000028],[121.50164333300006,25.046282405000056],[121.50170034100007,25.04635108000008],[121.50173964300008,25.04640603600006],[121.50191588300004,25.04665568100006],[121.50195521500007,25.04671753600007],[121.50200589000008,25.046779361000066],[121.50201516400011,25.046791089000063],[121.50205657400011,25.046843459000055],[121.5021038000001,25.046904495000035],[121.50223905800011,25.04707930600005],[121.50230994800006,25.047152528000026],[121.50241762900009,25.047283009000072],[121.50262024500012,25.047510744000075],[121.50272657500011,25.04761942500005],[121.50276833400005,25.047658304000027],[121.50287089700011,25.047771603000058],[121.50298361000013,25.047899770000065],[121.50301525200007,25.04793065800004],[121.50308365800005,25.048013061000063],[121.50310139200008,25.048033674000067],[121.50312419400005,25.048061151000073],[121.5031420260001,25.048105843000027],[121.50315768500002,25.048232029000072],[121.50329421700009,25.04839099500003],[121.5035909190001,25.048639552000047],[121.50369006200003,25.048728740000055],[121.50373673100013,25.048770723000075],[121.50389764400008,25.048908795000045],[121.50402833600003,25.049037626000032],[121.50427084200008,25.049286050000035],[121.50446805800004,25.04950683100003],[121.50454087487618,25.04958478185794],[121.50457156739354,25.049566528133518],[121.50448248786532,25.04924409468734],[121.50431137989241,25.04897834716737],[121.50426457642105,25.04889273915142],[121.50418127034284,25.04866506202191],[121.50407238414341,25.048315591893235],[121.50401471420574,25.04822324972439],[121.50391620999451,25.048142331792707],[121.50359736713965,25.047721351038433],[121.50328094939958,25.04728681928803],[121.5031217676469,25.046829181996035],[121.5029890515806,25.046635528043332],[121.50198488027961,25.045760951514794],[121.50132291339338,25.04526439189121],[121.50124040002322,25.045189776897164],[121.50109496317391,25.04518391125277],[121.5009126649808,25.045211613350535],[121.5004853346454,25.045307638586436],[121.50056314400001,25.045363252000065],[121.50071990500011,25.045477495000057],[121.5008514120001,25.045580352000062],[121.50097025200013,25.04566832000006],[121.50116619300003,25.045808831000045],[121.50122437500009,25.045857980000044],[121.5013014860001,25.045912810000058],[121.50135836400011,25.04595164000005]]],[[[121.50120355035517,25.045136314242615],[121.5011889358332,25.045063969851643],[121.50091760264453,25.044823386536994],[121.50091338702885,25.04481823243485],[121.50090087943886,25.044823443195675],[121.50063471937854,25.04494396753989],[121.50025683170692,25.045141056020846],[121.50030528600007,25.045183944000033],[121.50039374100004,25.045239874000064],[121.50042817606926,25.04526542071138],[121.50089236216206,25.04516879845726],[121.50100811337765,25.04515035001703],[121.50116412423642,25.045131765031375],[121.50120223431153,25.04513614992838],[121.50120355035517,25.045136314242615]]],[[[121.50080491131395,25.044685607500266],[121.50079628697945,25.04469063244021],[121.50067176451459,25.044761022278067],[121.50030876379265,25.044981184599134],[121.50071584951807,25.04478795739721],[121.50084353258487,25.044733356062924],[121.50084393024477,25.04473331299776],[121.50080491131395,25.044685607500266]]],[[[121.50063877881601,25.044482489295575],[121.50063133324971,25.044488057982782],[121.50048992356545,25.044594617423666],[121.50001288713446,25.044873849881686],[121.50052343357197,25.044610303214792],[121.50066221981399,25.044544379253963],[121.50068171746926,25.044534987371605],[121.50063877881601,25.044482489295575]]],[[[121.50034830917708,25.04418883135296],[121.50019901279646,25.044336044756744],[121.49970398344355,25.044838434619486],[121.49975237679608,25.04486459335747],[121.50033589169293,25.04456579824969],[121.50055507766416,25.044393520749235],[121.50057131712799,25.044362077144473],[121.50054137908593,25.044298771677983],[121.50046758408598,25.04404623370475],[121.50043442058845,25.044018466176173],[121.50034830917708,25.04418883135296]]],[[[121.48501020600008,25.038994806000066],[121.48509979100004,25.03911226000002],[121.48521302100006,25.03920311000007],[121.48523332400008,25.039225099000078],[121.48532024200006,25.039319259000024],[121.48539583100012,25.039425362000035],[121.48551829500002,25.039551707000044],[121.48564533700005,25.03963784500007],[121.48571425800003,25.039711858000032],[121.48580599700006,25.03979715300005],[121.48590130800005,25.03986404700003],[121.48598552500005,25.03995286000003],[121.48602658000003,25.040015643000057],[121.48610149900003,25.04006319200005],[121.486237801,25.04018712500005],[121.48631565100004,25.040270247000024],[121.4864239210001,25.040368027000056],[121.48655406700006,25.040504632000022],[121.48670666600003,25.040620402000055],[121.48684941500005,25.040756911000074],[121.4870097490001,25.040887519000023],[121.48714487000008,25.041018362000045],[121.48725956400006,25.041126405000053],[121.48738683500005,25.041232057000055],[121.48753205600009,25.04136394300008],[121.48765961600009,25.04149484800007],[121.48776798000007,25.041600662000068],[121.48789930000011,25.041729226000022],[121.48799354700009,25.041813347000076],[121.488113192,25.04191331800007],[121.48821122400011,25.04199741900004],[121.4882673960001,25.042058914000048],[121.48837960800005,25.04217043100004],[121.4884888790001,25.04224523900006],[121.488560032,25.04229398300004],[121.48865956100006,25.042398725000048],[121.48875288100008,25.04251155000003],[121.48882034400003,25.042568356000064],[121.48895854200008,25.042637184000057],[121.48909585400008,25.042702685000048],[121.48909797400006,25.04270369600005],[121.48916946600004,25.042703677000077],[121.48923538100007,25.042703659000036],[121.48939303600002,25.042710336000027],[121.4894941130001,25.04273013500006],[121.48970863700004,25.042748939000035],[121.48989162000011,25.042765732000074],[121.49005821800006,25.042782663000022],[121.49017808000008,25.042791955000034],[121.49037872600002,25.04280973700002],[121.49059829200009,25.042828514000064],[121.49077749600009,25.042845327000073],[121.49086843700002,25.04286060900006],[121.49106901300003,25.042872649000053],[121.49130496400007,25.042891273000066],[121.4915356480001,25.04289043600005],[121.49176121500012,25.042882757000026],[121.49188232900008,25.04289088800004],[121.49195287600003,25.04288683600004],[121.49211797600002,25.042883120000056],[121.49227045900011,25.042878355000028],[121.49248477200001,25.04287880100003],[121.49263372100008,25.04289588400007],[121.4928011190001,25.04287263100002],[121.49296990500011,25.04286084200004],[121.49309846300002,25.042858582000054],[121.4932295430001,25.04285630800007],[121.49342775900006,25.042882139000028],[121.49351221000006,25.04287507400005],[121.49351969900012,25.04287444800008],[121.49358770400012,25.042869844000048],[121.49365574,25.042865238000044],[121.49383845900003,25.042859078000046],[121.49394305500006,25.042855879000058],[121.49411080800009,25.042863609000054],[121.49427202000004,25.042850741000045],[121.49444322400007,25.042829741000048],[121.49462349000011,25.042829332000057],[121.49477616900002,25.042841786000047],[121.49495141800003,25.042843713000018],[121.49513926100008,25.042844379000034],[121.49523519000002,25.042855028000076],[121.4953301900001,25.04289438200004],[121.49546031400007,25.042918514000064],[121.49546340222946,25.042919163424376],[121.49560184700009,25.04294827700005],[121.49565751400009,25.042958917000078],[121.495670689,25.042965263000042],[121.49589794000008,25.043060889000053],[121.49605957100006,25.04313608800004],[121.4962413830001,25.04321580300006],[121.49636364400011,25.043277670000062],[121.4964080960001,25.04330016400007],[121.496626536,25.04339811100004],[121.49678939600005,25.043465268000034],[121.49686390900003,25.043502900000078],[121.49703963200011,25.04358467000003],[121.49707906800006,25.043603021000017],[121.4971038330001,25.043614545000025],[121.497283163,25.04370344800003],[121.4974675420001,25.043792336000028],[121.49766837100005,25.043898402000025],[121.49779587700004,25.043949599000033],[121.49790695400009,25.043990532000066],[121.49816462400008,25.044126218000027],[121.49836412300012,25.044215063000028],[121.49844242900008,25.04425495700007],[121.49866395400011,25.04435595200004],[121.49867729600008,25.044362035000063],[121.49883386600004,25.044432652000065],[121.49889566800005,25.04446329200004],[121.4990132050001,25.04452156500002],[121.49923798400005,25.04462752100005],[121.49940716200003,25.044698095000054],[121.49965718500006,25.044813138000052],[121.49966055709591,25.044814960766356],[121.50011978806414,25.044349855494687],[121.50034174273283,25.04409631519229],[121.50038786802993,25.043979488061932],[121.50033334604392,25.04393383715565],[121.50028012710867,25.04379182438136],[121.50023228260801,25.043600138589998],[121.50021993293164,25.04345573020478],[121.50007350356705,25.042930337208453],[121.5000475001551,25.042855943139966],[121.5000116505753,25.042797381668915],[121.49994681819247,25.042770516859097],[121.49988019133289,25.042759457346463],[121.4997781890823,25.042653722087138],[121.49972284794457,25.042599740602423],[121.4997005518723,25.042523076864992],[121.49961620171447,25.04241728170909],[121.49956334725533,25.042365548771553],[121.49937384222405,25.042293964856388],[121.4993104406347,25.042237753427212],[121.4992823153776,25.042174651540613],[121.4992609486605,25.042097984567757],[121.49922233064233,25.04204394630042],[121.49915887480104,25.041974192755557],[121.49914424855831,25.041879446669785],[121.49906743128172,25.04179845306857],[121.49893036242466,25.04175151843693],[121.49870256687828,25.041707147275996],[121.49852592405438,25.041599405749505],[121.49834201631289,25.041302096737606],[121.49827149402104,25.04116916913963],[121.49816477595239,25.041045391876494],[121.49800056849668,25.040872153555036],[121.49786441361906,25.04074396135587],[121.49756493481287,25.04050798165944],[121.49731616052165,25.040328256687367],[121.49702732136299,25.04011932474242],[121.49685306944612,25.03998900304184],[121.49677933079948,25.0399802231432],[121.49671287737995,25.040012045466398],[121.49655659782104,25.04011639544534],[121.49634234554227,25.040205140945176],[121.49625508946565,25.040223490757043],[121.49615354316724,25.040230603352292],[121.49606246261672,25.040221881398537],[121.49592909482527,25.04017041771688],[121.49585815222126,25.040163885002713],[121.49580645457159,25.040168572802088],[121.49568066044354,25.040229935548457],[121.49561754987279,25.040245946824285],[121.49553694419443,25.04022364711967],[121.49543665813044,25.040158529821298],[121.4952667229976,25.0401004176056],[121.4951788963419,25.04005331469283],[121.4950177493818,25.04002451421705],[121.49497203833486,25.03997726979013],[121.494880877504,25.03994823422307],[121.49481873587821,25.03989653080606],[121.49470502120657,25.03972537718264],[121.4946099825075,25.03965572770309],[121.4944278054259,25.039633768242588],[121.49430789942843,25.03961837094992],[121.49426628645487,25.039589168895645],[121.49420296435336,25.039474271996305],[121.49407645649627,25.039434069178636],[121.49401690066851,25.039409441255458],[121.49394659127609,25.039328423279727],[121.49384823673145,25.039281354828415],[121.49376749755179,25.039225199157485],[121.49372114987881,25.039173442378885],[121.49370759139778,25.03911254763732],[121.49367009843385,25.03902916260367],[121.49357953986171,25.03899561012169],[121.4934513452539,25.03899829620962],[121.49337423729496,25.03899855422367],[121.4932130290571,25.03895395267375],[121.49310067702172,25.03889113123981],[121.49299612966385,25.03884408292244],[121.49294403328075,25.038826200749018],[121.49281500848515,25.038853716528063],[121.49269420121799,25.0388450920595],[121.49263824956705,25.03887010646672],[121.49256466462228,25.038899693841707],[121.4924841234349,25.038893191734044],[121.49227396976548,25.038844238537624],[121.492081215446,25.038887765724482],[121.49188082291042,25.038879406162433],[121.49182908109898,25.038872807626824],[121.49179401671294,25.0388548682377],[121.49176225125389,25.038809833326226],[121.49173758136509,25.038758003616895],[121.49170250806634,25.038737807192373],[121.49164490049039,25.038735742236998],[121.4915380142394,25.0388015528197],[121.49147951342732,25.038808518949075],[121.49134885050323,25.038813468491153],[121.49123025919604,25.03889511715737],[121.49116376950988,25.038917909076716],[121.49111484157937,25.03891807204743],[121.49101663133447,25.038907113906603],[121.49095739486789,25.03888474072435],[121.49086545529636,25.038815078489836],[121.49082768446759,25.038817461266206],[121.49079390678217,25.03888979907074],[121.49076823989246,25.038898912672337],[121.49074065241112,25.03889223336149],[121.49071823995358,25.038862966394337],[121.49072560633094,25.038768146077356],[121.49073034654842,25.03871396127171],[121.49071537513876,25.038686926581537],[121.49068587606102,25.038666711363746],[121.49056138875753,25.03866712557497],[121.49052666105857,25.03865595580623],[121.4904626189482,25.038592971287304],[121.4903798031756,25.03855939063229],[121.49027946130123,25.03855746671243],[121.49009745591908,25.038578384163312],[121.49007331953784,25.038582978339736],[121.49005591556084,25.03856723678644],[121.49006232936992,25.038544645074342],[121.49008660582417,25.038497166616583],[121.49005864632362,25.038474688959386],[121.48999921657622,25.038481657267678],[121.48996388749536,25.03847500334369],[121.48989735058677,25.038407512764994],[121.4898200377829,25.03835585719522],[121.4897392473372,25.038286156769857],[121.48971079099866,25.038216282784692],[121.48969967366648,25.038067354789916],[121.48963241972355,25.037975038985323],[121.4895732083354,25.03788043944592],[121.48957252421468,25.037785645891127],[121.48958949113347,25.037690793826183],[121.48962434738417,25.037577826107952],[121.48968338432555,25.03747154934368],[121.48978265996008,25.03736062503914],[121.48982647202907,25.037319852965375],[121.48993479272012,25.037303694437067],[121.48997680904671,25.03727872767976],[121.48998001879916,25.037229062273852],[121.48995180039019,25.037141131538345],[121.48979774756101,25.036947537511452],[121.48968365377667,25.03683506408829],[121.48959380618994,25.03682407676573],[121.48953940331022,25.036849084469825],[121.48947820562782,25.036878628741594],[121.48943572790549,25.036865227298204],[121.48936677689787,25.036813543967096],[121.48932178618186,25.036791122677787],[121.48926513529173,25.0367958244169],[121.48921574054951,25.036834357621906],[121.48915420637287,25.03685713177141],[121.48907615285344,25.036852876179665],[121.4889555681485,25.036821676933577],[121.48885388199135,25.03679267207477],[121.48876868837765,25.03678392588312],[121.48871917760106,25.036793117855726],[121.48869329053404,25.036824801998616],[121.48865828287681,25.036899399974658],[121.48858311670159,25.036998958174244],[121.48850806401269,25.037048861194414],[121.4883063935468,25.037108210984734],[121.48821921918908,25.037146868761415],[121.4882184081043,25.03714744110668],[121.48821882497363,25.037148095431508],[121.48814476781732,25.037192255542504],[121.48797034066587,25.037328254047623],[121.48769128901041,25.037475883595878],[121.48750194251225,25.037598389073793],[121.48738260619446,25.03764843789282],[121.48727524922084,25.037673619611233],[121.48716414071428,25.03768978545116],[121.48681807431963,25.037727039250832],[121.48655954620489,25.03773917639878],[121.48645612608635,25.0377417741173],[121.48634077942867,25.03778278078788],[121.48621813342308,25.037857667061985],[121.48614237982552,25.037887258008055],[121.48606278630248,25.03788526293562],[121.48590328969655,25.03780227713478],[121.48583942738554,25.03778443087565],[121.48575208339963,25.037780204087305],[121.48566044827113,25.037787276579788],[121.48555716037684,25.037823728852835],[121.4854983405694,25.037828436203977],[121.48542992095636,25.037833175067703],[121.48535089301669,25.037817635344616],[121.48528667630397,25.03778850467332],[121.48512227638746,25.03779807265678],[121.48494654218378,25.037839276276785],[121.48472940986129,25.037826446428333],[121.48460674388517,25.037896817136545],[121.48438166695152,25.037832100811517],[121.48427299073602,25.037897925275175],[121.48432691200004,25.03799751700007],[121.48440658000004,25.038129980000065],[121.48447241500003,25.038264852000054],[121.484590044,25.038409604000037],[121.48469533000002,25.038577427000064],[121.48475416400002,25.038651527000074],[121.48482098100011,25.038762283000036],[121.48501020600008,25.038994806000066]]]]}},{"type":"Feature","properties":{"河流":"淡水河","縣市":"臺北市","行政區":"大同區","區域":"臺北市大同區"},"geometry":{"type":"MultiPolygon","coordinates":[[[[121.50681418600006,25.064658534000042],[121.50682030900009,25.06471591600007],[121.50682730200002,25.064904098000053],[121.50684014200012,25.065240286000062],[121.50686543200003,25.065628144000073],[121.50686801499998,25.065701593000025],[121.50686912000002,25.065733025000043],[121.50688399100012,25.06615595800002],[121.5068982900001,25.066426771000064],[121.50691095800006,25.066820332000077],[121.5069244507733,25.06695606932325],[121.50693297400004,25.067041813000063],[121.5069350550001,25.06718638200005],[121.50693524622116,25.06721614320621],[121.50693526200007,25.067218599000057],[121.50693591000004,25.067319470000026],[121.50694170200006,25.06748700200006],[121.50694384800009,25.067673084000035],[121.50694469300004,25.067746295000063],[121.50695822200011,25.067856479000053],[121.5069627910001,25.068012523000053],[121.50696384400011,25.06808135800002],[121.50697098600007,25.068219047000067],[121.50698049800008,25.068407241000045],[121.50698937045249,25.06852005381391],[121.5069914190001,25.068546101000038],[121.50699194851131,25.06858216200774],[121.50699350800004,25.068688367000046],[121.506995275,25.068738166000056],[121.50699582800009,25.068753757000017],[121.5069963520001,25.068770781000065],[121.50700041700007,25.068902940000036],[121.5070044370001,25.069003327000072],[121.50700744700009,25.069078491000027],[121.50701332100004,25.06921847800004],[121.5070179490001,25.06935387500004],[121.50701763000006,25.06945942900006],[121.50702588800004,25.069645326000053],[121.50702650500013,25.069654388000057],[121.50703048700005,25.069712884000058],[121.50703674500006,25.06980482500006],[121.50704515306747,25.069882357036015],[121.50704533200009,25.069884007000038],[121.50704626800007,25.069989559000078],[121.50704106800004,25.070041182000068],[121.50703702600003,25.070126068000036],[121.5070405670001,25.07020524100005],[121.50703132700004,25.070342903000036],[121.50703094462185,25.070467434953784],[121.50703086200008,25.07049434300006],[121.5070204110001,25.070614784000046],[121.50700998700006,25.070726037000043],[121.5070035230001,25.070778819000054],[121.50699575800002,25.070844190000063],[121.50699284900008,25.070866743000064],[121.50698155400005,25.070954299000046],[121.50696350700004,25.07108505100007],[121.50695303700002,25.071132729000052],[121.50693026800002,25.071236411000022],[121.5069290030001,25.071243610000064],[121.50691615400001,25.071316700000065],[121.50687038500007,25.07144278000004],[121.50679267900011,25.07170646400004],[121.50671509900008,25.07192885400008],[121.50662732700005,25.072185622000067],[121.50662221300001,25.07220203600008],[121.50660077400006,25.072270850000056],[121.50659021900005,25.072304727000073],[121.50656697300008,25.07237933900007],[121.50654839000003,25.07243898400003],[121.50650010900006,25.07256162200002],[121.50644705500008,25.072719584000023],[121.50644158400006,25.072735873000056],[121.50640726000006,25.072829863000035],[121.50638435000008,25.072900949000026],[121.50635893700009,25.07296628000006],[121.50633858300013,25.07302588100004],[121.50631929400004,25.07314974700006],[121.50631528500003,25.073218500000053],[121.50632172531245,25.07323673327345],[121.50634272400008,25.07329618300003],[121.50633462400003,25.07343159500004],[121.50631153000006,25.07352907800004],[121.50629066200008,25.07370231400006],[121.50625040600005,25.07399371500003],[121.5062298040001,25.074099241000052],[121.50620789200003,25.07421738500006],[121.50617433300012,25.07440894700005],[121.5061282480001,25.074577514000058],[121.50607839400006,25.07474147900007],[121.50604393300011,25.074841220000057],[121.50597620000009,25.075059072000045],[121.50589823000007,25.07528584400006],[121.505895785,25.07529295400007],[121.50585622500012,25.075405298000078],[121.50582562200009,25.075493979000044],[121.50581666000005,25.075519946000043],[121.50578017500006,25.075608576000032],[121.50576569900012,25.075643740000032],[121.50565099000006,25.07593374100003],[121.5056242170001,25.076003673000056],[121.50558210400006,25.076124041000078],[121.505533678,25.07624440600005],[121.50543304500002,25.07648510100006],[121.50539227600007,25.076584811000025],[121.50534638400006,25.07670288200006],[121.50529170300001,25.076809444000045],[121.505184772,25.07704667700005],[121.50513896900009,25.077141789000045],[121.50507669900004,25.077252920000035],[121.50498128000002,25.077450029000033],[121.50491513600002,25.077584094000034],[121.50486797262785,25.077686402877223],[121.50641449203727,25.077829957334693],[121.50751256568904,25.0778855269024],[121.50751258090058,25.077885528049023],[121.50754854380104,25.077699611184748],[121.50766381684956,25.077189125818553],[121.5077244543092,25.077021897163373],[121.50789443424225,25.07611172830188],[121.50785243164853,25.075920024364827],[121.50786077490427,25.075840999451685],[121.5078791442301,25.075789024561168],[121.50800418553911,25.07561480347859],[121.50841710430237,25.074575147872082],[121.50856218750884,25.074157097112614],[121.50861427922335,25.07394701344169],[121.5087062749895,25.073427578202576],[121.5088385755032,25.072472387836452],[121.50891825690098,25.071675372013647],[121.50899613078191,25.071038613576732],[121.50900378128772,25.070720341965373],[121.50901484833787,25.069738483234417],[121.50899587809414,25.069424817229987],[121.5088297874576,25.068296857182467],[121.50875799396819,25.067791521449788],[121.50867646175492,25.066954430618743],[121.5086157593958,25.066135324641184],[121.50857919437162,25.06575852041272],[121.50851974002583,25.06509063339188],[121.50849974223182,25.064749885237777],[121.5085027765159,25.0641359522148],[121.5085149661175,25.063937287771314],[121.50850573423148,25.063801895012798],[121.50852539988632,25.063583447674915],[121.50660186315798,25.063931992113545],[121.50682814640808,25.06463599418752],[121.50660986646338,25.06395714105149],[121.50659205365386,25.06395976452954],[121.50658551792364,25.06396075332457],[121.50659186300004,25.06398106200004],[121.50661187800007,25.064031577000037],[121.50665556700005,25.064172824000018],[121.50673060500004,25.06436920000004],[121.50676686700001,25.064466815000053],[121.50678806300004,25.064542587000062],[121.50679798100009,25.064597688000053],[121.50681418600006,25.064658534000042]]],[[[121.50638403000006,25.05567275300007],[121.50639133600008,25.05575766300006],[121.50637968800004,25.05585630800005],[121.50636409200001,25.05601001900004],[121.50633728700006,25.05612009100002],[121.50630678100003,25.05620262100006],[121.50626231700006,25.056314946000036],[121.50620903200002,25.05642725600006],[121.50612009000008,25.05665764900004],[121.50606767600004,25.056765661000043],[121.5060526000001,25.056796728000048],[121.50599831000012,25.05690860900006],[121.50593858400009,25.057065647000055],[121.50587884700006,25.057226125000053],[121.50581547800006,25.057338408000074],[121.50579891900009,25.057394592000037],[121.5057849220001,25.057436998000068],[121.50576839200006,25.05748400200003],[121.50574166800004,25.05756654600003],[121.50568824500012,25.057723590000023],[121.50561468700005,25.057869120000074],[121.5055930760001,25.057928735000072],[121.50556380500005,25.058019294000076],[121.5055371630001,25.058075449000054],[121.505530646,25.05814427300004],[121.50550977398962,25.058218311549723],[121.50551149294328,25.058237187488107],[121.50551044219237,25.058242702125238],[121.50550863869672,25.0582223387317],[121.50548604399998,25.058302488000038],[121.50545549500009,25.05839880600007],[121.50542477600004,25.058551313000066],[121.50542207100013,25.058610961000056],[121.50541676900002,25.05869585100003],[121.50540517,25.058779572000045],[121.50540626000009,25.058834650000044],[121.50540851900007,25.05891956800008],[121.50540163100004,25.05911114800005],[121.50538987200002,25.059246501000075],[121.50539463200006,25.05933830000004],[121.50541201300007,25.059426689000073],[121.5054168600001,25.059489805000055],[121.50542673800008,25.05955751700003],[121.50545526600001,25.05970904900005],[121.50548731100002,25.059947757000028],[121.50551708500008,25.06010502400005],[121.50552820800011,25.060176183000063],[121.50554055500005,25.06026111100004],[121.50555549400006,25.060321956000053],[121.50555876200008,25.060339118000055],[121.50556486900007,25.060371185000058],[121.50560139900006,25.060563012000042],[121.50563733300011,25.06076618200007],[121.50568741000005,25.060879891000067],[121.50569024653876,25.060887012402628],[121.50574870700007,25.061033783000024],[121.50580707258294,25.06129698868804],[121.50581336500011,25.06132536500008],[121.50587819400006,25.06156188100004],[121.50592183800006,25.06171687100004],[121.50595420858473,25.061813331357097],[121.50595806500007,25.061824823000045],[121.50599929500004,25.06194538700004],[121.50604507407309,25.06213220456426],[121.50606653000011,25.06221976300003],[121.5061009528507,25.062328299312156],[121.50612106800008,25.06239172300007],[121.50612770900011,25.06241266300003],[121.5061377714472,25.0624575063869],[121.50616377400002,25.062573387000047],[121.50618370000005,25.06265374800006],[121.50627472400004,25.062980958000033],[121.50629715200012,25.063065918000063],[121.50633344100004,25.063154349000055],[121.50635085600005,25.063231272000046],[121.50637584900005,25.063302464000056],[121.50640041800011,25.063373309000045],[121.50641208800006,25.063406958000026],[121.50641962900012,25.06343173400005],[121.50644319288443,25.063509151713],[121.50645673204284,25.06350722985527],[121.50646480566932,25.063505983580463],[121.50621630962033,25.062733119489415],[121.50647185188087,25.06352789829029],[121.50847138785366,25.06318014602307],[121.50845028522924,25.063050479632015],[121.50834737396764,25.062506878126538],[121.50830213846346,25.06205336143995],[121.50824847947516,25.06173529816462],[121.50819444594278,25.06140143662657],[121.50818079311021,25.061020037802987],[121.50819112520381,25.059995290063124],[121.50815289872732,25.059060995883726],[121.50809285847441,25.058621074508697],[121.50806027247536,25.058379680497325],[121.50799198061337,25.058192578619792],[121.50791790617271,25.058030324267325],[121.50789783633189,25.05789496927559],[121.50791913693715,25.057802356496317],[121.50798455835621,25.057743448211927],[121.50819627424058,25.05770886520082],[121.5082249523812,25.05760268464949],[121.50822443235886,25.057476290803805],[121.50816576689272,25.05737041025218],[121.5078662834295,25.057452692865844],[121.50775245302,25.057263490082935],[121.50777114235503,25.05721377051434],[121.50774141200613,25.0571393893934],[121.50782086371667,25.057103003682784],[121.50785841857474,25.057046448157056],[121.50774387992567,25.05676019398058],[121.5076430979671,25.056731197941854],[121.50751347251833,25.056542049135484],[121.5074970644777,25.05639313910197],[121.50744644000122,25.05635945674961],[121.50731881421235,25.05635538026397],[121.507283255165,25.056294561414212],[121.50729468568908,25.05613652764226],[121.5072309363245,25.055999065197238],[121.50708514701175,25.055870912162806],[121.50687288040906,25.05539314152917],[121.50645352938167,25.054640723902143],[121.50630705257299,25.054343295355476],[121.50629238502917,25.054316261014975],[121.50628538989271,25.054303792718443],[121.50629568600006,25.054470128000045],[121.50631160800005,25.05462275700006],[121.50631838000005,25.05471200600004],[121.50632615100007,25.054814408000027],[121.50633819900008,25.054996851000052],[121.50635251300004,25.05526193100007],[121.50637696900002,25.055508656000033],[121.50638403000006,25.05567275300007]]],[[[121.50744005982982,25.078279963454012],[121.50623392462344,25.078199726747894],[121.50470554338993,25.078045910192518],[121.5046775950001,25.07812126000005],[121.50742747445938,25.07836010311214],[121.50744005982982,25.078279963454012]]]]}},{"type":"Feature","properties":{"河流":"淡水河","縣市":"臺北市","行政區":"士林區","區域":"臺北市士林區"},"geometry":{"type":"MultiPolygon","coordinates":[[[[121.50442025200005,25.078923042000042],[121.5043730340001,25.079057170000052],[121.50432821400013,25.079223448000047],[121.50424646800002,25.07947454300006],[121.50420172300005,25.079621301000028],[121.50416845600012,25.079737117000032],[121.5041174270001,25.079876978000073],[121.50405224300005,25.080087952000035],[121.50399883600005,25.080189923000034],[121.50395429400011,25.080285041000018],[121.50391742500005,25.080354925000048],[121.50387035400001,25.080451189000026],[121.5038156170001,25.08057152900005],[121.50372919200005,25.080726183000028],[121.50367580300009,25.080824715000062],[121.50362486100005,25.080941621000076],[121.50356760900003,25.081059640000035],[121.5034643480001,25.08126328300006],[121.50345314500011,25.081285376000043],[121.503452605,25.081286388000024],[121.50339211700009,25.081399951000034],[121.50332843600006,25.081547802000046],[121.50326481300011,25.08168072100005],[121.50317451600007,25.08185718200008],[121.50312110900008,25.08196029200008],[121.50307402200009,25.08205999100005],[121.5030154850001,25.082182611000068],[121.50295444400001,25.082301780000023],[121.502892072,25.082437006000077],[121.50283609600002,25.08255044200007],[121.50277375400003,25.082678789000056],[121.50270883100005,25.08282089200003],[121.50263886000005,25.082962987000023],[121.50257532800005,25.083071810000042],[121.502513,25.08319670700007],[121.5024329910001,25.08332385100005],[121.50238221000006,25.083400578000063],[121.50231998500011,25.08349793200005],[121.50223234000009,25.083641105000027],[121.50214729200002,25.083767081000072],[121.50206860400012,25.083878140000028],[121.50195947500002,25.08402929500005],[121.50183004700011,25.084206770000034],[121.50176649700008,25.084320189000035],[121.501700538,25.08440490600003],[121.50164219300005,25.084489259000065],[121.50163765500008,25.084495819000036],[121.50159518800001,25.08455721300004],[121.5014682310001,25.084747311000054],[121.50145723600006,25.084763005000063],[121.50145195041856,25.084770549739368],[121.50175219104725,25.084819915636885],[121.50311913444494,25.085068046477883],[121.50395710850337,25.085207379100865],[121.50432172199984,25.085276100880233],[121.50433781375276,25.08527869541666],[121.50436428666401,25.08523081596818],[121.50479118898005,25.085080396930604],[121.50499746745339,25.085068406867425],[121.50517448416917,25.08509714224016],[121.50529981139738,25.085062858820024],[121.50538734286627,25.08495422428075],[121.50560694967547,25.08464652338207],[121.50571463531014,25.08446785410244],[121.50585590959184,25.08424618736853],[121.50627342842328,25.083407420601237],[121.50630184289048,25.083238049935716],[121.50637140316302,25.083054996681977],[121.50648833214966,25.082790530108557],[121.50676736856032,25.08210119331954],[121.50692408634616,25.081646998951094],[121.50723614014075,25.080334610263044],[121.50731247791886,25.08029146561309],[121.50747097476288,25.080263838384322],[121.5075175714345,25.08014631436904],[121.50751948515236,25.080085368653446],[121.50743478182645,25.080054060901364],[121.5073993154287,25.0800180703602],[121.50741081365402,25.079952577788177],[121.50751043053802,25.079846157075888],[121.50750971341382,25.079674627088107],[121.50743720359777,25.079595880424066],[121.50746034306435,25.0791286008793],[121.50741865144856,25.079011379469495],[121.50742985712512,25.078875920697428],[121.50746610945976,25.078803572237227],[121.50752105242559,25.078755986758154],[121.50758808625629,25.07871061680699],[121.50768190279717,25.07869901007204],[121.50772867804983,25.07862436844435],[121.50773097694972,25.078581477438544],[121.5076645422492,25.07854785018324],[121.50755200686068,25.078527923003666],[121.50747529286353,25.07848078887188],[121.50742196187913,25.078395205448018],[121.50742747445938,25.07836010311214],[121.5046775950001,25.07812126000005],[121.50465280600008,25.078188093000055],[121.50460809800006,25.07832682600002],[121.50457398800006,25.078424007000024],[121.50456343100007,25.07845408400004],[121.50451616700003,25.07859968500003],[121.50445992300001,25.078783145000042],[121.50442025200005,25.078923042000042]]],[[[121.46290833400008,25.103021121000047],[121.4627547230001,25.10311888800004],[121.46266720100004,25.10316372400007],[121.46261996300008,25.10318792100003],[121.46251041100003,25.103252336000033],[121.46242603200004,25.103298353000074],[121.46228369700009,25.103363972000068],[121.46210737500009,25.103456021000063],[121.46196632400007,25.103531963000016],[121.4617773960001,25.103625178000076],[121.46162882500006,25.103720645000063],[121.46139585500009,25.10385293500008],[121.46126872600009,25.103950665000067],[121.46121963400003,25.103987443000054],[121.46111894500007,25.10406905600007],[121.46094018200007,25.104195535000027],[121.46085079600005,25.10425648200004],[121.46077653700002,25.104315117000052],[121.46066072700012,25.104401341000028],[121.46060158600007,25.104454215000032],[121.46052477500007,25.104501372000065],[121.46038251200002,25.10459911700008],[121.46028178400003,25.104662365000024],[121.46019371000011,25.10474625600005],[121.4601295120001,25.104793404000073],[121.45872150600007,25.105824510000048],[121.45822340600012,25.10619312900008],[121.45795195500011,25.106426379000023],[121.457792,25.106587461000064],[121.45769005200009,25.10669012700004],[121.45759956200004,25.10678125500004],[121.45733133900002,25.107098936000057],[121.45729380500005,25.10719367600007],[121.45724642600008,25.107370213000024],[121.45721035400005,25.107536656000036],[121.45719045800001,25.107629925000023],[121.45716932800008,25.107733236000062],[121.45716721510371,25.107762207204818],[121.45723634682095,25.107829492580002],[121.45726787037616,25.10789033070978],[121.45728392631268,25.10795798762003],[121.45728401783836,25.107982468807595],[121.45728375816306,25.107982834051338],[121.45728536214595,25.108093396834715],[121.45726285441104,25.108206311557872],[121.45715710496808,25.108321823494652],[121.457172581,25.10844466700008],[121.45718544200007,25.108537870000077],[121.45719457200003,25.10864830000003],[121.45723407500009,25.10880744300004],[121.45726717600007,25.10892928300007],[121.45731550000006,25.109088409000034],[121.45738281100013,25.109279037000075],[121.45742847500003,25.109387963000074],[121.45751997100002,25.109666063000073],[121.45755941800007,25.10980366600006],[121.45758873500006,25.109924100000054],[121.45764467600007,25.110103269000035],[121.45767273200012,25.110223708000035],[121.45770700400011,25.110314002000052],[121.45774254100002,25.11040573400004],[121.4577818370001,25.11049027800004],[121.45783005700001,25.11061210900004],[121.45792644800008,25.110837126000032],[121.45801398500008,25.111050657000074],[121.45810650700002,25.11124410700006],[121.45817627700002,25.111411795000038],[121.458286197,25.11163969500006],[121.45832229300004,25.111705109000063],[121.45837160800009,25.11176126600003],[121.45843103800007,25.111828883000044],[121.45846262200007,25.11185409100005],[121.45851072300002,25.111930897000043],[121.45855502000005,25.11199968900007],[121.45860811800003,25.11205584100002],[121.45864733000008,25.112106269000044],[121.45869663100008,25.112157849000024],[121.45874721900007,25.112219742000033],[121.45878141600008,25.11228279600005],[121.4588143410001,25.112341277000034],[121.45885862600005,25.11240432800002],[121.45888778100004,25.11246738900007],[121.45894348800006,25.112561414000023],[121.4590245510001,25.112712773000055],[121.45902790900006,25.112721754000063],[121.45905881700004,25.112804519000065],[121.45913477800002,25.112930639000066],[121.45918849809209,25.113034428312016],[121.45920065400003,25.11305791400002],[121.45924497600004,25.113135887000052],[121.45928422400004,25.113202382000054],[121.45928671379947,25.113205521325405],[121.45934240900009,25.113275746000046],[121.45937784000012,25.113328477000035],[121.45942979900008,25.11343626500007],[121.45949944200004,25.113557801000066],[121.45960583500005,25.11375387700008],[121.45964770000012,25.113860541000065],[121.45966732883,25.11390152520735],[121.45974655200007,25.114066940000043],[121.45977447300002,25.11414262600004],[121.45990106800002,25.114350152000043],[121.4599150250001,25.114384558000033],[121.4599517380001,25.114444174000024],[121.4599549718943,25.114449269334127],[121.460073254,25.114635635000074],[121.46012897300012,25.11473424500002],[121.460196138,25.11487299100003],[121.46027466400007,25.11501516500004],[121.46032282400007,25.115117231000056],[121.46036585000003,25.115180295000073],[121.46041273300013,25.115274303000028],[121.46048496300011,25.115422247000026],[121.46053684000002,25.11549559100007],[121.46059069372596,25.115614458824492],[121.46060022700011,25.115635501000035],[121.46060968712015,25.115647021255477],[121.46068117000003,25.11573407100007],[121.46073428800001,25.11579824900008],[121.46076342900005,25.115856732000054],[121.46080015100004,25.11591978700005],[121.46086097900002,25.116043627000064],[121.46092996700008,25.116181425000036],[121.46108341100012,25.11599644800003],[121.46142734600005,25.115629671000075],[121.46166342100004,25.115361702000033],[121.46179172100005,25.115215959000064],[121.46195604200011,25.115056039000024],[121.46241088800002,25.114704709000012],[121.4629146330001,25.11435150000005],[121.46314434500005,25.11417263000004],[121.46332573000007,25.114031388000058],[121.46354686100005,25.113904105000074],[121.46361521459586,25.113868772651106],[121.46361502262761,25.113817607606926],[121.46365130364632,25.113659505525955],[121.46367793150283,25.113571400041852],[121.46368868855328,25.113465288240796],[121.46370680957516,25.11342234897067],[121.46377307442748,25.113327348713437],[121.46378906166629,25.113128684223078],[121.46384516511085,25.11296826311155],[121.46396478170288,25.1128053864876],[121.46405625996053,25.112658396576517],[121.46408365237967,25.112443897412078],[121.46407614059939,25.11225884816148],[121.46408940645556,25.11207824790897],[121.46413124723637,25.11191561416091],[121.4642224028265,25.111682859583475],[121.46434938698803,25.11150190344504],[121.46449783133659,25.111424701315773],[121.46456811467381,25.111327430878006],[121.46461684413364,25.111101579665736],[121.46466615864932,25.111031458643353],[121.46475081397293,25.110965740863346],[121.46483217553522,25.110848122641936],[121.46486358194726,25.110712605007162],[121.4649576220347,25.1105881759799],[121.46511433395996,25.110402611689015],[121.46531390346965,25.110160488002307],[121.46543373316244,25.109972781940474],[121.46560900552535,25.10969687907789],[121.4658029338182,25.109357729421433],[121.46589680665524,25.10919042222223],[121.4659840440117,25.108989281907807],[121.46607760024882,25.10873846930224],[121.46619028901083,25.108548533337807],[121.4662355554854,25.10847391246184],[121.46631524332199,25.108324704761646],[121.46640927001222,25.10819802109253],[121.46649697095819,25.108037503368553],[121.46657829323223,25.107910859510593],[121.46665354676075,25.10781808857108],[121.46672346984651,25.107872034532075],[121.46684855719812,25.107846814253612],[121.4669682141057,25.10777872937241],[121.4670498187282,25.107726562823807],[121.46715660729497,25.107696886077775],[121.46735781582852,25.10764434213001],[121.4674520813905,25.10758085072709],[121.46754008971537,25.107501580494482],[121.46764637169164,25.10733874612644],[121.46773450851273,25.107293329253935],[121.4678098288416,25.107299862176724],[121.46791024737034,25.107306315780498],[121.46798094565872,25.10731963401091],[121.46809327675209,25.1072809112477],[121.46818758470735,25.107228703771803],[121.46826912844429,25.107160738058038],[121.46843274849984,25.107164734528837],[121.46858387125152,25.107141687172582],[121.46870943117737,25.107078095762215],[121.46879736972015,25.106980769316067],[121.46888547992631,25.107009830515885],[121.46908066186417,25.107002441641196],[121.46931343072818,25.106938510030304],[121.46949395461765,25.106825091069027],[121.46959575836375,25.10670740761292],[121.46961104432967,25.106653192673807],[121.46961078598143,25.10658548541393],[121.4695811777574,25.10654044059635],[121.46959877907314,25.10652458622289],[121.46963427432183,25.106488362666745],[121.4696340590243,25.10643193994698],[121.46953519879202,25.106346489930193],[121.4694997895495,25.106324032865196],[121.46949595078829,25.106292447938984],[121.46952888970056,25.106235920084334],[121.4695748940283,25.106192892390585],[121.46961709399329,25.106127307383126],[121.46962272282778,25.10605958144123],[121.4696375095836,25.106036965168382],[121.46966880458373,25.106036865880483],[121.46970108942747,25.106052562000553],[121.46976366244927,25.10612909929358],[121.46979218629174,25.106214772373875],[121.46980810072458,25.10624406204972],[121.46985185015079,25.106259721768485],[121.46992772079574,25.10624819627675],[121.47003960279446,25.106173362161577],[121.47010369901271,25.106161873950573],[121.47013521769424,25.10613920448068],[121.47019781587021,25.106060012836505],[121.4702984917443,25.1060529222121],[121.4703614605799,25.106070777658633],[121.47045600841625,25.106081761910747],[121.47056308765926,25.10604756748438],[121.47068270758004,25.106051701072904],[121.47078360778352,25.106103289844583],[121.47094145260662,25.106217891764146],[121.47102338306821,25.106251485171263],[121.47113683226497,25.106262408728213],[121.4712498852517,25.106250764050884],[121.47147034467342,25.106209436895867],[121.4715833975712,25.106197791961506],[121.47208051850068,25.106065304312978],[121.47274070473641,25.105873613614285],[121.47300504903703,25.105802803676482],[121.47348906604735,25.105647783639686],[121.4736778926583,25.105599783516634],[121.47386652797182,25.105502131012553],[121.47416197432219,25.10538156659769],[121.47433157212238,25.10532911334399],[121.47459578364702,25.105224446757415],[121.47494116238994,25.105036012559204],[121.47509227264031,25.105010701269688],[121.47518671542308,25.104994599522183],[121.47535031569825,25.104994074042803],[121.47558251876796,25.10494593244944],[121.47574023546964,25.104866433020042],[121.47592884054761,25.104762007871983],[121.47602938424271,25.104721059609265],[121.47612351735744,25.10470495810532],[121.47629371259463,25.1047269793525],[121.47641977774673,25.10471528867398],[121.47652656205622,25.104685604606715],[121.47684141341338,25.104695874431066],[121.47742710000894,25.10471204031093],[121.477685002881,25.104659298268942],[121.47840178749153,25.104444830567576],[121.47881687226399,25.104335155027087],[121.47935757050716,25.10409868362747],[121.47966574667089,25.103987095337523],[121.47989831058298,25.10387349485245],[121.48012435838628,25.103757658255393],[121.48024990881265,25.103694056862192],[121.48033802952375,25.103646375372726],[121.48048857970645,25.103636858734735],[121.48059624694577,25.103674876635008],[121.48069075025168,25.103674569563243],[121.48095633381315,25.103605998037963],[121.48221220956435,25.103143743473005],[121.48232545412793,25.10310274868547],[121.48315669041638,25.10276374726813],[121.48342859222605,25.102647753451095],[121.4837790075879,25.10248410627033],[121.4840805821999,25.10234995850693],[121.48410581140784,25.102304737236167],[121.48409905521751,25.10224156552849],[121.48413052585445,25.10220760839181],[121.48419963925703,25.102211895416048],[121.48428804329774,25.102236431402535],[121.48435095980479,25.102240738699702],[121.48438250167864,25.102224836668444],[121.48443854595098,25.102136632588927],[121.48450157612874,25.102091287107438],[121.48461453593369,25.10205706221012],[121.48480313122464,25.10195262401616],[121.48488466266369,25.10188464831135],[121.48489711649344,25.101821413479684],[121.484870899791,25.10169511185613],[121.48485134152274,25.101607156067466],[121.48491169868822,25.10159115920276],[121.48503517729576,25.101631377911186],[121.48514611938829,25.10163552694689],[121.48521798801028,25.101709769105497],[121.48525497556018,25.101738987470036],[121.48527832996578,25.10176825067352],[121.48530838488851,25.101768151803128],[121.48531882138415,25.101743291291804],[121.4853121807158,25.101709459260015],[121.48529446335594,25.101616983611112],[121.48529808061447,25.10151315314923],[121.4853606663992,25.101433954856592],[121.48554924231365,25.101325001857766],[121.48568692609237,25.101274896241534],[121.48595824991511,25.101249176522046],[121.48598318616114,25.10120846971219],[121.48602048611268,25.101081958974287],[121.48607359995856,25.101036645455263],[121.48618523793193,25.100982111340354],[121.48630246187642,25.10092981564462],[121.48637245010872,25.100920557201295],[121.48644973472003,25.100954156273517],[121.48654951243783,25.100956084146933],[121.48662590883062,25.100921978250085],[121.48676666778961,25.100788355142218],[121.48688951840082,25.100670589476163],[121.48696600409639,25.100659052361774],[121.4871181445184,25.100660806962814],[121.48727422319439,25.100639979116806],[121.48743610803595,25.100598819559558],[121.48757677111223,25.100519362175323],[121.48771762589554,25.100410564362907],[121.48783173151651,25.100353764028497],[121.48792523090826,25.100335399408397],[121.48803201732224,25.100307963083317],[121.48807585232134,25.100267193471073],[121.4880756901731,25.100226569436458],[121.48794973348728,25.100186361606657],[121.48800312303486,25.100055283583007],[121.48813392694969,25.09991266473223],[121.4882735862512,25.099815154841473],[121.48838520334479,25.099756105323472],[121.48854395169765,25.09970592728122],[121.48872171140006,25.099606033778834],[121.48891335031342,25.099490295570284],[121.48914852526475,25.099259309630654],[121.48923657581524,25.099195823708936],[121.48929938226303,25.099173046102088],[121.48940632089506,25.09918397585636],[121.48955256995309,25.099262482741253],[121.48957643638846,25.099264660434585],[121.48960028475297,25.099262324337378],[121.48961630588263,25.09923970191282],[121.48960809652762,25.099201361470527],[121.48952547230431,25.09914972652956],[121.48949093595903,25.099113730398496],[121.48948768402643,25.099075373497456],[121.48956962790503,25.099034476854047],[121.48971196257291,25.098986608849334],[121.48982746799435,25.098970426753784],[121.48988139747289,25.098974761453963],[121.48992364361727,25.099001704191284],[121.4899755579868,25.09904441326252],[121.49002857608187,25.09905326478896],[121.49005195176737,25.099010305550323],[121.49004828364353,25.098868131515605],[121.49010141713869,25.098673859436268],[121.49013272179758,25.098599276877508],[121.49027311750471,25.098454366951785],[121.49045472079311,25.09830931979411],[121.4906074709148,25.098232076146537],[121.49072462621201,25.098163978501958],[121.49084770662122,25.09802815294729],[121.49096882830568,25.09786750737697],[121.49115174250011,25.09774050946466],[121.49125636658219,25.09771533422998],[121.49138383521182,25.097746505834852],[121.49143245190508,25.097739572794108],[121.49152206917117,25.097603858068],[121.49160766615246,25.097547149126836],[121.4916833380615,25.097564951852],[121.49178442423147,25.097661662082025],[121.4918726984381,25.0977313319309],[121.49192932535898,25.097713087333005],[121.4919264006361,25.097679243205796],[121.49182524054476,25.0976412134053],[121.49177140332732,25.097582713145112],[121.49175232194511,25.097537638346783],[121.49175333433895,25.097481211802013],[121.49186546776002,25.097397330950013],[121.4920707424888,25.09728379869232],[121.49245046201031,25.09709520416202],[121.49279585303745,25.096845786477875],[121.49296307144527,25.096669186315403],[121.49323279789749,25.096250751261973],[121.49344323575028,25.09603563790279],[121.49353284896176,25.095976657410155],[121.49361136247653,25.095931255791744],[121.49373866534043,25.09592180121489],[121.49379446976381,25.09585390646217],[121.49392111351021,25.09568195572834],[121.49412263276979,25.095408192173387],[121.49424538670509,25.095346843250493],[121.4943947305944,25.09527186340171],[121.49440974715289,25.09523118840747],[121.49440570853363,25.09515220976926],[121.49442556316292,25.0950821785615],[121.49445741849063,25.094991794758652],[121.49453906398342,25.094878674479155],[121.4946884234252,25.09473147279708],[121.4949762809959,25.094509326917517],[121.49503914776807,25.094502344744868],[121.49521178635257,25.094594297806164],[121.4952491924761,25.09457385967289],[121.49522948993797,25.094528787543002],[121.49518884561714,25.094438647445116],[121.49518345010074,25.094407068704214],[121.49522974007103,25.094361774557584],[121.49536039144252,25.094262030415972],[121.49575936872101,25.093937947606875],[121.49587522987416,25.09385856551434],[121.496035932102,25.09375872006883],[121.49621402999387,25.093670100444395],[121.49642448696935,25.09361522539959],[121.49654428613535,25.093589995577528],[121.49659644318389,25.09354016748233],[121.4965925688203,25.093501812838117],[121.49652066900366,25.09342080590304],[121.49650225155794,25.093387014116058],[121.49650770863953,25.093357655720936],[121.49660809615025,25.09328283890255],[121.49679525717212,25.09313776476707],[121.49693818393366,25.092934159509937],[121.49709106123768,25.092739548166673],[121.49720275437836,25.09262632493616],[121.49733213455086,25.09251981265104],[121.49746791374889,25.092462930984986],[121.49778557906994,25.092335469846013],[121.49791975334851,25.092265051568738],[121.4980829116721,25.092160681214096],[121.49842199016526,25.09189095958136],[121.49928110474063,25.091131975540755],[121.49955795620619,25.09095048099618],[121.49967342764872,25.090853040600628],[121.49977684786178,25.090687932680343],[121.49985309327697,25.090619965563853],[121.50010250847555,25.09047241740021],[121.50021007233548,25.090411114597522],[121.50031144913339,25.090352089685734],[121.50047243026548,25.09032220244849],[121.50081552554882,25.090052461238013],[121.50117733280713,25.08973751867532],[121.50208706909787,25.08886550576358],[121.50275434889926,25.08817712563668],[121.50289206719954,25.08799158761867],[121.50306140558786,25.087735976623517],[121.50308176104315,25.08763885880599],[121.5030812848175,25.08752375639071],[121.50304899544025,25.08728237354893],[121.50311612191794,25.087182839524747],[121.50317661938101,25.087128466890945],[121.50330355645146,25.08703324296695],[121.50346823184493,25.08699882777708],[121.50349036948009,25.086958127389316],[121.50347487209517,25.086806963297896],[121.50351187159248,25.08668947442735],[121.5035636198415,25.086542594571906],[121.50357399581875,25.08635523013332],[121.5035935703917,25.08629422503329],[121.50370799179748,25.08616970120141],[121.50391257637503,25.08582368592824],[121.50400582683706,25.085748887523835],[121.50411798432086,25.085676281502213],[121.50420212418412,25.085524105564613],[121.50419448707248,25.085522545883375],[121.50391388455343,25.08546707901049],[121.50306996621366,25.085314224387538],[121.50163986752358,25.08507759227003],[121.50128857356466,25.085018179609328],[121.5012876290001,25.08501944000005],[121.50124354000002,25.085078271000043],[121.50121152500004,25.08512753000002],[121.5011879130001,25.08516386100007],[121.5011787850001,25.08517790600007],[121.50114027300003,25.085232511000076],[121.50108105800005,25.085316472000045],[121.50099724200003,25.085448177000046],[121.5009566220001,25.085507729000028],[121.50095186200008,25.085515381000043],[121.50092740900004,25.085554691000024],[121.50089749000006,25.085598953000044],[121.50086393200003,25.08564859800003],[121.50075604700008,25.08580317800004],[121.50066212000002,25.08593945900003],[121.50057197300009,25.086075741000055],[121.50048691300005,25.086202855000067],[121.50045740900009,25.086245382000065],[121.5003764810001,25.08636203000003],[121.50026344000001,25.08654299000005],[121.50019366600009,25.086634590000063],[121.50011875000007,25.086749118000053],[121.50005909400011,25.086834995000057],[121.50004847300012,25.086849441000027],[121.49997154000006,25.08695407300007],[121.49987131700006,25.08708458500007],[121.49976723300006,25.087234603000066],[121.49971395700004,25.087297714000044],[121.49968608000006,25.087330736000062],[121.49961382100004,25.087411988000046],[121.49951490600007,25.087531031000026],[121.49940845300011,25.08764085400003],[121.49931852600002,25.087722056000075],[121.49922603900005,25.087811275000035],[121.49914499899998,25.087878717000024],[121.49909306300005,25.087926759000023],[121.4989656910001,25.088032170000073],[121.49889552900004,25.08809023500004],[121.49879547400006,25.088178278000044],[121.49870810500012,25.08825030000002],[121.49861941300003,25.088337231000025],[121.49858253300012,25.08836809000007],[121.49856949400011,25.08837900100008],[121.49841174100003,25.088511006000033],[121.49832236900009,25.088593785000054],[121.49831419800012,25.08860135300005],[121.49822679200008,25.088682546000026],[121.4981331460001,25.088746518000054],[121.49800949300004,25.08885617800007],[121.49799002300006,25.088873445000047],[121.49787603000003,25.08897521100005],[121.49779039900011,25.089054410000077],[121.497772155,25.089071285000045],[121.49768349400006,25.08915019000005],[121.49760496200008,25.089221079000026],[121.49737704200005,25.089407416000025],[121.4972858420001,25.089489740000033],[121.49718703900011,25.08958009000003],[121.49708827000008,25.089661248000024],[121.49683753700003,25.089870449000045],[121.49675264200006,25.089953962000035],[121.49665384000004,25.090043155000043],[121.49655256500013,25.090119718000036],[121.4963638160001,25.090293544000073],[121.49620553600006,25.09042271500004],[121.49595092200002,25.090654854000036],[121.49555949600007,25.091011652000077],[121.49539864400003,25.09115228600007],[121.49534265800003,25.091202479000057],[121.49533548600006,25.091208909000045],[121.49521497500007,25.09131694900003],[121.49511877300006,25.091386643000074],[121.49502375800012,25.09147470200003],[121.49492493300009,25.091569637000077],[121.49471724000013,25.09174454500004],[121.49460708800007,25.09183141900007],[121.49452222100003,25.09190686900007],[121.49441583100008,25.09199949000003],[121.49421205200007,25.092142281000065],[121.49411073500005,25.092228024000065],[121.49399549700001,25.092324042000026],[121.49373214100002,25.09252975700002],[121.49357261000011,25.092654332000052],[121.49345483800005,25.092751497000044],[121.49331429100005,25.092862360000026],[121.49313445100006,25.093015558000044],[121.49305341700007,25.093079566000032],[121.49297988800002,25.09315966400004],[121.49284700100007,25.093248725000027],[121.49274565900011,25.093341363000036],[121.49259625900004,25.09345679700004],[121.4924759280001,25.093561977000032],[121.49234294599998,25.09367517100003],[121.49220361500011,25.093797503000072],[121.49210735400004,25.093879823000066],[121.49203134400011,25.09394958300004],[121.49192744500009,25.094049083000076],[121.49181853400013,25.094139399000024],[121.49172988700003,25.09421255900002],[121.49162976100003,25.094315521000055],[121.49154865800006,25.09439559900005],[121.49147141600008,25.094457309000063],[121.49137007200012,25.09454879300006],[121.4912433620001,25.094671172000055],[121.49115972000006,25.09475467900006],[121.49114826000005,25.094764863000023],[121.491078646,25.09482672000007],[121.49098993500002,25.09491594800005],[121.49089240400008,25.09500169500006],[121.49080365900011,25.09509781500003],[121.49070356400011,25.09519159300004],[121.49061612000003,25.09527967300005],[121.4905527630001,25.095341435000027],[121.49035376800009,25.095546218000038],[121.49027647600008,25.095619411000026],[121.49020675900012,25.09569263500003],[121.49009522500012,25.095807035000067],[121.48991520400011,25.09600154600002],[121.4897643070001,25.096173198000027],[121.4895601830001,25.09639748000006],[121.48942076700007,25.096539318000055],[121.48933584000008,25.09662741500006],[121.48922690000008,25.096723463000046],[121.4891888640001,25.09676579500006],[121.48910266100006,25.09685732600008],[121.48899879400007,25.09694765200004],[121.4889202720001,25.097012813000045],[121.48885064200012,25.097064232000033],[121.488793686,25.097103050000044],[121.48874810000007,25.097139628000036],[121.48869876700006,25.09716586300004],[121.488463464,25.097295930000026],[121.48824084100012,25.097413388000064],[121.48811432900004,25.097485271000043],[121.48801944900003,25.09753774600006],[121.48790432800003,25.097601629000057],[121.48773477400005,25.09770435900003],[121.48764746200006,25.097758001000045],[121.48759813000005,25.097784236000052],[121.487463982,25.097871023000042],[121.48730453500004,25.097971488000045],[121.48714379400009,25.098078827000048],[121.48706406500003,25.09813021400004],[121.48700965600007,25.098163310000075],[121.48685198600003,25.09827584000004],[121.48674100900007,25.098346081000038],[121.48664391400008,25.098412566000036],[121.48651908000011,25.098497380000023],[121.48638416100003,25.098582180000044],[121.48628456300003,25.098632587000058],[121.48618998800009,25.098697925000067],[121.48607146800008,25.098767812000062],[121.4860298760001,25.098779261000058],[121.48594919600009,25.098811331000032],[121.48588995300008,25.098831938000046],[121.48583070400002,25.098857140000064],[121.48577397300005,25.098884636000037],[121.48564036200004,25.09892699100004],[121.48552691700002,25.09896362100005],[121.48546389100011,25.098984221000023],[121.48536810700013,25.099005957000028],[121.4853202040001,25.099024279000048],[121.48523196400004,25.099058632000038],[121.48515381200004,25.09908381400004],[121.4850554850001,25.099125042000022],[121.484891607,25.09918803400006],[121.4847995900001,25.09922124200006],[121.48475797400009,25.099252183000026],[121.48466092,25.099277345000075],[121.48461426800007,25.099306],[121.484543679,25.09933004500004],[121.4844907270001,25.099358685000027],[121.48436845300012,25.099402204000054],[121.48424491300011,25.099452586000037],[121.48417181200011,25.099468597000055],[121.4841380040001,25.099479024000065],[121.48413246400003,25.099480732000075],[121.48410500700004,25.09948920000005],[121.48404702000003,25.09951210400004],[121.4839562520001,25.099553342000032],[121.48389196300002,25.099576241000022],[121.4838175880001,25.099609463000032],[121.48370665500009,25.099652981000073],[121.48359445200003,25.099704524000057],[121.48353396000005,25.09971595400003],[121.48346588000005,25.099746891000052],[121.48340412900006,25.09975831300006],[121.48333353900013,25.09978465300003],[121.48327680400008,25.099811],[121.48324705900006,25.09981442000003],[121.483147034,25.099882284000046],[121.48302008600002,25.099950636000074],[121.48280848300011,25.10004734800003],[121.48271905100013,25.10008534900004],[121.48259811700005,25.10013373700007],[121.48249739900008,25.100198145000036],[121.4823362200001,25.100287893000033],[121.48224429800008,25.100340817000074],[121.48204907400009,25.100431769000068],[121.48191679700005,25.100482459000034],[121.4818286430001,25.100528491000034],[121.48177199700001,25.100567596000076],[121.48166368400008,25.10062053600006],[121.48158563600008,25.100673441000026],[121.48146977899998,25.100734441000043],[121.48127702300008,25.100805866000034],[121.4811686810001,25.100847340000026],[121.4810767020001,25.100876168000067],[121.48096200300006,25.100898143000055],[121.48083345400005,25.10092702600008],[121.48075153600007,25.10094551200007],[121.4805435490001,25.10097680900003],[121.48041624600012,25.101001101000065],[121.48026373400012,25.10102886900006],[121.4800948410001,25.101060103000062],[121.47998897000002,25.10108205700004],[121.47983139900009,25.101104100000043],[121.4796322520001,25.10114111900003],[121.47953898700007,25.101161915000038],[121.47945075000007,25.101174669000045],[121.47935117300007,25.101192035000054],[121.47925288400006,25.101219718000035],[121.47915963900006,25.10124740000003],[121.47891255600007,25.10127875300003],[121.47883822200004,25.10130410700003],[121.47871599200005,25.10133871900007],[121.47858488400003,25.101353831000043],[121.47845883100003,25.101372375000043],[121.47828740000011,25.10140017500004],[121.47810833900009,25.101400455000032],[121.478007477,25.10140862600002],[121.47790786300004,25.10141107000004],[121.47785869200005,25.10141458500004],[121.47777801300003,25.10142503900005],[121.47765949100004,25.10142980800003],[121.47747288000005,25.101438120000072],[121.47731022100005,25.101442951000024],[121.47720556000003,25.10144310700002],[121.47707946300011,25.10144559000002],[121.47701138300009,25.101451424000064],[121.4769079890001,25.10145502400007],[121.47680459100002,25.101457471000064],[121.47665579100011,25.101456540000072],[121.47650817700004,25.101466592000065],[121.47644901900003,25.101470621000033],[121.47629014700011,25.10147659300003],[121.47613882200005,25.101474517000035],[121.47597742000005,25.101479350000023],[121.4756722730001,25.101485530000044],[121.47548561300005,25.10147435700003],[121.47531286400012,25.101478042000046],[121.47522082600005,25.10148391000007],[121.47507959000008,25.101482971000056],[121.47489423099998,25.101486689000062],[121.47479086500005,25.10150175500007],[121.47468494100008,25.101503059000034],[121.47454622700002,25.101502113000038],[121.47435839200011,25.101525339000034],[121.47423986500009,25.10152896000005],[121.47403689200007,25.101547630000027],[121.4738868290001,25.101545554000033],[121.47388679800008,25.101545555000026],[121.4737040030001,25.10155270900003],[121.47357163800005,25.101568969000027],[121.47346952500004,25.10158058900003],[121.47321230400007,25.101590160000054],[121.47302567600003,25.101590429000055],[121.47278858800007,25.101581598000042],[121.47264106800004,25.10158871400006],[121.47239643000012,25.101586768000065],[121.47220982700003,25.101596226000026],[121.47202698800005,25.101598794000036],[121.47184538600006,25.101592179000075],[121.47163986600002,25.10160050600007],[121.47145070700005,25.101597344000023],[121.47124642800009,25.10159764100007],[121.4710963440001,25.101587537000054],[121.47081135400003,25.101585662000044],[121.47071679400007,25.101592688000032],[121.47061336400009,25.101581362000047],[121.47046078500011,25.101581593000052],[121.47031828500008,25.101578353000033],[121.47002449600006,25.101587961000064],[121.46982151500002,25.10160433100003],[121.46963615900006,25.101609179000032],[121.46942307200003,25.101617529000062],[121.46924658600005,25.101640730000042],[121.46911540900011,25.101626004000018],[121.46897417500008,25.101626208000024],[121.46876107600008,25.10162881500003],[121.46853536800006,25.101633736000053],[121.46834243100011,25.101632865000052],[121.46817471500002,25.10163081300004],[121.46804987100006,25.101628698000066],[121.46791241300002,25.101625456000075],[121.46768796900004,25.101630361000044],[121.46763124200004,25.10163848700006],[121.46751520400007,25.10162832500004],[121.46740550100003,25.10162962900006],[121.46722142300007,25.101640231000033],[121.46702849700011,25.101643944000042],[121.46684690500001,25.10164077000007],[121.46678388500003,25.101653481000028],[121.4666956000001,25.10164671800004],[121.46652538300008,25.10165385300007],[121.46638415400002,25.10165519800006],[121.46629805700002,25.101671315000033],[121.46626063300005,25.101678320000076],[121.46609933400009,25.101723310000065],[121.46599604100004,25.101769353000062],[121.46592048900006,25.101814215000047],[121.46592046100011,25.101814222000026],[121.46584613700009,25.101833833000057],[121.46573903500007,25.101868412000048],[121.46564454600002,25.101905264000038],[121.46552611700008,25.101947888000037],[121.46534596400011,25.102019297000023],[121.46523888800006,25.102065351000086],[121.46514941400007,25.102088419000037],[121.46504107300008,25.102132184000027],[121.464975535,25.102147187000064],[121.46484072500004,25.10219558400007],[121.46461140200007,25.102271652000066],[121.46444509800006,25.102333845000032],[121.46434808800007,25.102369556000045],[121.46421579300012,25.102414506000063],[121.46413767900003,25.102443298000026],[121.46396007200009,25.102523878000053],[121.46382777600002,25.102569975000048],[121.46373707300006,25.10260567600005],[121.46362497500002,25.102659771000045],[121.46357835100004,25.102673613000036],[121.46347508000008,25.102727688000066],[121.46341842900007,25.10276793200006],[121.46327357700012,25.102834696000055],[121.46311866400004,25.10291410500003],[121.46302672500006,25.102962430000037],[121.46290833400008,25.103021121000047]]]]}},{"type":"Feature","properties":{"河流":"淡水河","縣市":"臺北市","行政區":"北投區","區域":"臺北市北投區"},"geometry":{"type":"Polygon","coordinates":[[[121.46093509300012,25.116196287000037],[121.46088921700004,25.116253584000045],[121.46088431900013,25.116315560000032],[121.46086687300009,25.116403937000033],[121.46084563700002,25.11649003200006],[121.46080674400001,25.116574997000047],[121.4607641460001,25.116693262000066],[121.46073663900006,25.116794283000043],[121.46069274100013,25.11689647300005],[121.46065644200009,25.117012425000038],[121.460640226,25.117087037000037],[121.4606215120001,25.117174270000067],[121.46059393700011,25.11724430600003],[121.46057273400004,25.117344167000052],[121.46053022900003,25.117502589000026],[121.46049886800004,25.11757378200008],[121.46048389500005,25.117641503000065],[121.4604676780001,25.117716117000043],[121.46042758500005,25.117827485000074],[121.46038510500011,25.11799622400002],[121.46035371500011,25.118054797000067],[121.4603275070001,25.118170727000063],[121.46028251900009,25.118346372000076],[121.46023869600005,25.11848068200004],[121.46022374600011,25.118557594000034],[121.4601824340001,25.11868732000005],[121.46016492700005,25.118750464000065],[121.46011724400013,25.118851509000024],[121.46005834400012,25.11900995300005],[121.4600433490001,25.119068492000054],[121.46003216400004,25.119139659000037],[121.46001970100008,25.11920163900004],[121.45998339600011,25.119315298000057],[121.45993839000006,25.119482899000047],[121.45992342200009,25.119552914000046],[121.45989463900004,25.119647048000044],[121.45989227100006,25.119712472000057],[121.45986873000004,25.11989151700004],[121.45984375600005,25.11999711600004],[121.45983131200002,25.120068276000044],[121.45980881000004,25.120152073000042],[121.45980013000009,25.120214069000042],[121.45978767500003,25.120281783000056],[121.459746461,25.120452819000036],[121.45972899600008,25.12053318700003],[121.45969900500008,25.120650266000034],[121.45969998142061,25.120692532846764],[121.4597004100001,25.12071108500004],[121.4596591720001,25.120872930000075],[121.45962405800003,25.120957887000028],[121.45962548871988,25.12098757856822],[121.45962804000008,25.12104052500007],[121.45958916300002,25.121133527000037],[121.45957416200008,25.12118977300003],[121.45952025300006,25.121326407000023],[121.4594876970001,25.121425140000046],[121.45946768100009,25.12149516200003],[121.45943395100005,25.121630605000064],[121.45941523700003,25.12171671100003],[121.45938275700009,25.121849868000027],[121.45936527500011,25.121922180000066],[121.45933514,25.12197845600008],[121.45928996200007,25.12207376700007],[121.45926610600007,25.122118551000028],[121.45921960800001,25.122189762000062],[121.4591266650001,25.122351681000048],[121.45910405000006,25.12238845000007],[121.45903996100003,25.122486079000055],[121.45900353200011,25.122548098000035],[121.45894074300007,25.122662940000048],[121.45887420600002,25.12279156100004],[121.45883522000008,25.12283866200005],[121.45880385900011,25.122909855000042],[121.45879320300004,25.12294012500007],[121.4587942818421,25.122940255302613],[121.45892125400007,25.122955591000053],[121.45911294400003,25.122951864000065],[121.45918859200002,25.122942573000046],[121.45926931200006,25.12294476100004],[121.45933740800001,25.122942365000032],[121.45944336900006,25.122952537000057],[121.459465426239,25.12295369529445],[121.45959220800013,25.122960353000057],[121.45966789636914,25.12295229506906],[121.45969055300009,25.122949883000043],[121.4597762940001,25.122941728000054],[121.45984689100011,25.122930159000077],[121.4599591540001,25.12293688000005],[121.46010169700003,25.12295044000007],[121.46014003067856,25.122955362755455],[121.46015468000007,25.12295724400008],[121.460273259,25.122969696000037],[121.46030726244555,25.12296111223123],[121.46034636600007,25.122951241000063],[121.46042063772497,25.12296501010563],[121.46043847000011,25.122968316000026],[121.46046557002347,25.12296655489085],[121.46060113700004,25.12295774500006],[121.46069697800012,25.12295530800003],[121.46078782400002,25.122972402000077],[121.460882382,25.122960780000025],[121.4611106980001,25.12297881100005],[121.46122639241439,25.122992712181336],[121.46127352344887,25.122998375177758],[121.46134660300004,25.123007156000025],[121.4613953170436,25.12302134580774],[121.46144230125168,25.122963536614424],[121.46145247016322,25.122947704349606],[121.46148618304166,25.122929540500145],[121.46156806198343,25.122947338908304],[121.4616627210195,25.122985411254092],[121.46168778148385,25.122974046207467],[121.46170036351921,25.12294014905811],[121.46164970170834,25.122899680442913],[121.46157396300902,25.122866062544947],[121.46151743799797,25.12283238384925],[121.46148664273639,25.122800880953676],[121.46153667067455,25.122498263527284],[121.46160910611208,25.122136889358927],[121.46166979798757,25.12178458111872],[121.46175746276147,25.12135093033358],[121.46185068368493,25.120996262810287],[121.46191855072134,25.120657475568603],[121.4619743189916,25.120399984200088],[121.46199263580895,25.120239668548795],[121.46204218106861,25.119975425505626],[121.46208534233628,25.119745059971457],[121.46212258657489,25.119591456336614],[121.46215965715959,25.119390453101975],[121.4622175765125,25.11912844124891],[121.4623020006114,25.118742202888946],[121.46235038342974,25.118500537867156],[121.46236986820645,25.118322164284507],[121.4624196378636,25.118121124443004],[121.46248779186732,25.117863599082035],[121.46255018924477,25.117725719115793],[121.4626935759987,25.117449901113332],[121.4627636946382,25.1173052258679],[121.46286231620044,25.116991178003605],[121.46287495439863,25.116973081483188],[121.46287118733491,25.116876037541008],[121.46288390197915,25.116794741699245],[121.46293379316596,25.116711072226956],[121.46296016718985,25.116636504944143],[121.4629531081658,25.116571070897436],[121.46295628331423,25.116507861885232],[121.46297584004535,25.11643331600517],[121.46299243977352,25.116397150255402],[121.46302538769204,25.116340619321015],[121.46306853633843,25.11627728512697],[121.46308808457403,25.116200482239332],[121.46309479332346,25.11617111883187],[121.46309463483372,25.11612823429052],[121.46309784322648,25.116074053669607],[121.46312085837067,25.11601303971317],[121.46314394856681,25.11597233949597],[121.46317685449596,25.115904523283884],[121.4632732171358,25.115818451594084],[121.4632922204565,25.11576196449171],[121.46334235369935,25.11566023788396],[121.46342373357275,25.115544870916782],[121.4635864090937,25.115291566502265],[121.46375956840207,25.115108199683156],[121.46399178580351,25.114974304345914],[121.46404809804174,25.114951557163906],[121.46411384876095,25.114883638603057],[121.4642207028541,25.114786249248567],[121.46440312232521,25.114760850198603],[121.46452902043649,25.114785283880543],[121.4647468572923,25.114868113447347],[121.46494497152797,25.114896834410867],[121.46507735203015,25.114914475855652],[121.46527263567565,25.114931919761343],[121.46543004832735,25.114931425689555],[121.46558754506698,25.114953501870364],[121.46580153727773,25.114918973707788],[121.46597108357838,25.11484847201998],[121.46614111816297,25.11482536659177],[121.46653139011383,25.114778996223404],[121.46675151596641,25.114726390213164],[121.46723644209484,25.11471808972834],[121.46746953432336,25.11473541045136],[121.46776561553042,25.114775102271857],[121.468077343133,25.114855370741875],[121.46835597411585,25.114951542371763],[121.4685881499969,25.115054631465718],[121.46880626319063,25.115126166030233],[121.46907603233035,25.11517270904616],[121.46947027780529,25.115194029295317],[121.47033303687033,25.115209346128452],[121.47057843197307,25.115201794965834],[121.47094984347846,25.11516675821343],[121.47110717498629,25.115143686404483],[121.47148480364054,25.115113139025098],[121.47166747685003,25.11507192894418],[121.47203849478915,25.11501431722763],[121.4721772336917,25.114991303245432],[121.47256097305258,25.114938163685945],[121.47277494289062,25.114896852214258],[121.47294495311787,25.11486696639317],[121.47306406627976,25.11481693047558],[121.47324226236947,25.114739620986676],[121.4735127665358,25.114652987252807],[121.47372450588819,25.114595882783433],[121.47416198848417,25.114497427152816],[121.47430528794885,25.11445182681933],[121.47445371711402,25.114370097893207],[121.47456665721589,25.11432685193545],[121.47477547772942,25.114317152630182],[121.47491889753007,25.11430314941491],[121.47501206588811,25.11427576575551],[121.47511766370665,25.1142573700433],[121.47509246887776,25.114232624146563],[121.47501915726367,25.114185463063993],[121.47499377241768,25.114111063813763],[121.47497335325355,25.114038906382675],[121.47493795834716,25.114020964465578],[121.47490618885374,25.11405943509593],[121.47486868726673,25.114138550061256],[121.47482488386224,25.114190601866852],[121.47473493512973,25.114249573030797],[121.47460929900409,25.114295116885575],[121.47454886497296,25.114293054125767],[121.47451099134246,25.114275119843164],[121.47447050071224,25.114221081955286],[121.47444512492089,25.11414893948204],[121.47443475925148,25.114031609721202],[121.47442073304246,25.113848840166195],[121.47438350502736,25.113837674887886],[121.4743897843513,25.114020469343128],[121.47441301947143,25.114261892647857],[121.47439556366045,25.11431611674193],[121.4743092899065,25.11436379092549],[121.47422882608807,25.11439113340503],[121.47378793544631,25.114489600038375],[121.4734833457867,25.114576343435424],[121.4731330573149,25.11470611596329],[121.4729820787025,25.114769796060354],[121.47274305224872,25.114822473049006],[121.47222086752731,25.11489411208359],[121.47188277413662,25.11497193197772],[121.47173530728753,25.114981431501995],[121.47166715162406,25.114986163384362],[121.47155984886659,25.114963936137578],[121.47149698676515,25.11497542207584],[121.47138378584326,25.115032209141578],[121.47125808713204,25.11506195184973],[121.47114839937379,25.115064559124576],[121.47111331495977,25.11504661498833],[121.47109916770889,25.114911239013264],[121.47104339856014,25.114913674044438],[121.47104376592505,25.115010724702884],[121.47103770508903,25.115046856358454],[121.4709715712311,25.115094464440496],[121.47025764656708,25.11510350549852],[121.4697866291356,25.11510274423625],[121.46972647096551,25.11509165001586],[121.46968168737689,25.115048908551717],[121.4696960216741,25.11498792324411],[121.46977502425833,25.11473714223726],[121.4698768122159,25.114447919553598],[121.46992660272889,25.114339424223722],[121.46992802434771,25.114305564283843],[121.46989580621388,25.114307923505248],[121.46986832129832,25.11433283800023],[121.46980165801504,25.114486527442715],[121.46972260464196,25.114723766351172],[121.46965839077575,25.11495193014839],[121.46961154521462,25.11501978969816],[121.46952459820984,25.115053920992448],[121.46940471093006,25.115063329365313],[121.46924943846571,25.115057050594686],[121.46908792605788,25.11503950625087],[121.46876418830266,25.11497959180651],[121.46853740750532,25.11491034152068],[121.46837876529352,25.114831847060522],[121.46830023168577,25.114795982804225],[121.46827068353345,25.114766734704464],[121.46827547198646,25.114721578711368],[121.46832851584033,25.114653699695655],[121.46847594355559,25.11455166654677],[121.46858523970302,25.114445239914566],[121.46872428329128,25.114338719169226],[121.46896740938683,25.114222840845805],[121.4692518003323,25.114039122387215],[121.46935214863814,25.11394401119253],[121.46949024955454,25.11383523842268],[121.46964714086947,25.113697065180656],[121.46962812739962,25.11366778462928],[121.46960298509845,25.113656579378354],[121.46920767881194,25.114007664302356],[121.46896443370932,25.114173195454462],[121.46888086187369,25.114198287348298],[121.46874493870018,25.114228058920975],[121.46861686403444,25.114284890050907],[121.468478656729,25.11436658061635],[121.46823029092506,25.114572756754598],[121.4681393832525,25.114624956137536],[121.46800617183888,25.114634405351953],[121.46791964112099,25.11461436537512],[121.46789999213715,25.114580571771448],[121.46788081052019,25.114506149858514],[121.46791898914745,25.114440574930118],[121.46800617481283,25.11430487680169],[121.46814008300309,25.114150974749563],[121.46826337214429,25.11405804805605],[121.46838894044882,25.113994455580038],[121.46850831120382,25.113930882599526],[121.46860393295722,25.11389672545367],[121.46872201269824,25.113819614478206],[121.46887388334336,25.113828161974695],[121.46897176812082,25.113818824286692],[121.46903064346706,25.113818637951997],[121.46902804469094,25.11378704837565],[121.46883521135109,25.113762831734086],[121.4686806118224,25.113770091727165],[121.4685708473063,25.113833634458192],[121.46842618060616,25.11384537675712],[121.46830647666776,25.113820928244273],[121.46821753535437,25.113818952304662],[121.46814350198049,25.113825957163623],[121.46807387265848,25.11393225549805],[121.46795185795816,25.114034205270386],[121.46786083274485,25.114054805577304],[121.46782901846042,25.114081989867138],[121.46782156927723,25.11416100888798],[121.46782313042175,25.114246771722364],[121.46783620761731,25.114346040465655],[121.467798784141,25.11444772574016],[121.46772335303689,25.114495361933944],[121.46765527418768,25.11452040442363],[121.4675564417961,25.11452523054563],[121.4674340590849,25.114530130931442],[121.46735412043822,25.114532640245425],[121.4673122284849,25.114516973073385],[121.46725536970968,25.11447652553859],[121.46723836618611,25.114404353536322],[121.46724596651973,25.114282448797432],[121.46723085328044,25.114135788121203],[121.4671925294113,25.113998232439148],[121.46713551627784,25.113917160613948],[121.46714178495333,25.113853945190872],[121.46717883304555,25.113817716590418],[121.46744952613567,25.113699499598223],[121.46760676094843,25.113651606800502],[121.46764439444522,25.113606348297814],[121.46761305494813,25.113595162253404],[121.46749967674711,25.113604547917095],[121.46736758404113,25.113663646248046],[121.4671961206559,25.113718354620982],[121.46712860306876,25.11372759541856],[121.46707193944454,25.11373905896442],[121.46704699332118,25.113779763373852],[121.46704738523276,25.113883583588617],[121.46700346881133,25.113906291876578],[121.46698937662131,25.113949219060505],[121.46704132097881,25.114000966078397],[121.46707963958123,25.11405501301275],[121.46712398996428,25.114147410299744],[121.46714583573151,25.11427147929509],[121.46714560460931,25.114375304418864],[121.4670810778753,25.114438705359817],[121.46701531156359,25.114502110211085],[121.46662362439783,25.114501087647625],[121.46641707438306,25.114537851149688],[121.46630029457062,25.11454950415572],[121.46620804521898,25.114574622223458],[121.46612383566148,25.114595200825427],[121.46606145017415,25.11456831242957],[121.4660245843934,25.114570685320825],[121.46600868187366,25.114627161811775],[121.46597936245642,25.114658852774294],[121.46590347044689,25.11466586232652],[121.4657476497101,25.11467763694381],[121.46560546305297,25.11468936862856],[121.46544805086579,25.114689862620963],[121.4649379260337,25.114585379655804],[121.46469464720022,25.11449360138984],[121.46447800895453,25.11439948196622],[121.46443542334484,25.114363501829757],[121.46428822893702,25.11436170517421],[121.46412977058216,25.114330601397096],[121.4639163742228,25.11427484100876],[121.46382173997964,25.114241280213676],[121.4637047036158,25.114182961188078],[121.46361933375772,25.113975582953636],[121.46361532747471,25.113898858040898],[121.46361521459586,25.113868772651106],[121.46354686100005,25.113904105000074],[121.46332573000007,25.114031388000058],[121.46314434500005,25.11417263000004],[121.4629146330001,25.11435150000005],[121.46241088800002,25.114704709000012],[121.46195604200011,25.115056039000024],[121.46179172100005,25.115215959000064],[121.46166342100004,25.115361702000033],[121.46142734600005,25.115629671000075],[121.46108341100012,25.11599644800003],[121.46092996700008,25.116181425000036],[121.46093509300012,25.116196287000037]]]}},{"type":"Feature","properties":{"河流":"磺港溪","縣市":"臺北市","行政區":"北投區","區域":"臺北市北投區"},"geometry":{"type":"MultiPolygon","coordinates":[[[[121.50400573309301,25.130154502539643],[121.50387016032732,25.13004437176178],[121.50385096005553,25.13000608168401],[121.50380600565494,25.129967852531692],[121.50378030460247,25.129982949461944],[121.50384648091406,25.13008959226746],[121.50399047655839,25.13021323632583],[121.50420348206848,25.130311818135638],[121.50437372900997,25.130412802437],[121.5044822480657,25.13050045511539],[121.50452878439434,25.130588319126375],[121.50453718603497,25.13074853695778],[121.5045212914734,25.131051254989476],[121.50456845721483,25.13106137679099],[121.50457178032946,25.131023772079395],[121.50459939884233,25.130576793312276],[121.50454005469433,25.130464146084037],[121.50435067268037,25.13030680238875],[121.50400573309301,25.130154502539643]]],[[[121.50393589714866,25.132030300992476],[121.50404527420844,25.131871938961748],[121.50450761882901,25.131249690159883],[121.50454978888216,25.131160293699626],[121.50448867056598,25.1311458091856],[121.50444649168146,25.131231842662455],[121.50411331234505,25.131684376802042],[121.5039358115934,25.131933250630606],[121.50385156540528,25.132098297994766],[121.50376012335705,25.13239878952099],[121.50372935222657,25.132453062136353],[121.50361282536913,25.132530196613686],[121.50326719943305,25.132743530101155],[121.50284769238328,25.1330012016905],[121.50288487478915,25.133055562262903],[121.50332134613666,25.132797513748155],[121.50355480238754,25.132665813721225],[121.50378345298951,25.13249576080457],[121.50390798897422,25.132102619819523],[121.50393589714866,25.132030300992476]]],[[[121.50336745993017,25.129355443607665],[121.50338654530877,25.129426935034203],[121.50347916149421,25.129540136813898],[121.50370672063845,25.129864368996984],[121.5037421859663,25.129921521362625],[121.50379758579011,25.12989964008776],[121.50371424523718,25.129733437811247],[121.50355493365616,25.12950151001172],[121.50339210586148,25.129319247855495],[121.50336283903843,25.12928508091851],[121.50336745993017,25.129355443607665]]],[[[121.50349195168472,25.12677084633026],[121.50340466094893,25.1267654263099],[121.503406014155,25.12702609962093],[121.50338395205138,25.12716385030352],[121.5032578363078,25.127624703337652],[121.50321267693906,25.128103339457528],[121.5032083077473,25.128176622829066],[121.5032817697632,25.12818103201001],[121.50332785231855,25.127771169600933],[121.50334965816197,25.127570223022328],[121.50342061846503,25.12733976970642],[121.50347372066284,25.127061980801596],[121.50349935151864,25.126811369127168],[121.50349195168472,25.12677084633026]]],[[[121.50302079158867,25.12535047552799],[121.50300044994427,25.12514967360292],[121.50300063514685,25.125132675236184],[121.50291974589491,25.12513152900476],[121.5029195106429,25.125136406820744],[121.50293893165124,25.125339468879655],[121.50299035532565,25.125562734945788],[121.50304773827555,25.125727299276107],[121.50317765962727,25.125972868089],[121.50325962647112,25.126162175418738],[121.50335293673676,25.12647332084816],[121.50338545525734,25.126646615663212],[121.50347043559007,25.126653020247574],[121.50343056629417,25.126434688078128],[121.50332878734983,25.126098744774566],[121.50311661671198,25.125670640636713],[121.50306601735966,25.12557376262013],[121.50302079158867,25.12535047552799]]],[[[121.50315944769194,25.129112396180073],[121.50320662982428,25.129207029347814],[121.50326531501578,25.129278758737133],[121.50326131195236,25.129151184211516],[121.50322896638454,25.129060248854675],[121.50327275779337,25.128550019562624],[121.5032754984048,25.128266375547348],[121.5032030502168,25.128264805979747],[121.50317351098026,25.128760257532157],[121.50315944769194,25.129112396180073]]],[[[121.50297129995582,25.124003227562195],[121.50293126648518,25.123991230141797],[121.50292542243602,25.124079212263243],[121.50296552714785,25.124183805474978],[121.5029583769091,25.124330533385688],[121.50292404096172,25.125042473203976],[121.50300161371602,25.125042859661715],[121.50300563873095,25.124673433521224],[121.50303528040389,25.124418294212912],[121.50302260367641,25.124197153396867],[121.50300950269424,25.124100147836103],[121.50297129995582,25.124003227562195]]],[[[121.50296171353584,25.141215071048418],[121.50294953258484,25.141115802977506],[121.50289570884955,25.140989593691618],[121.50287661882693,25.140944518632068],[121.50287724151573,25.140941432513813],[121.50284228480734,25.14091097802049],[121.50283873306584,25.14092659134046],[121.50290883925722,25.141093370865434],[121.50292821289264,25.141208413735374],[121.50292027894758,25.141467999442547],[121.50295415198876,25.141413715617713],[121.50296171353584,25.141215071048418]]],[[[121.5029184854843,25.140418127290406],[121.50288580758851,25.140409594329995],[121.50287060232932,25.14068498466274],[121.50286403092004,25.140806445454928],[121.50289825865572,25.140837269054995],[121.50290122704924,25.140822557332278],[121.50291934224482,25.140628394239503],[121.5029184854843,25.140418127290406]]],[[[121.50284096654806,25.12403286499754],[121.502844981435,25.12396537178181],[121.50283725846444,25.123963057318054],[121.50224053005277,25.123745830632608],[121.50222516733704,25.123806216788093],[121.50277577238694,25.124008405744455],[121.50284096654806,25.12403286499754]]],[[[121.50272772981432,25.133074885268986],[121.50200323634796,25.133483604210127],[121.50200055260626,25.13348533933013],[121.50203835404959,25.133516213333372],[121.50206897643731,25.13349240910166],[121.50270700415741,25.133160721449094],[121.50281739235497,25.13309545870667],[121.5027752279785,25.133045710900454],[121.50272772981432,25.133074885268986]]],[[[121.50193709476511,25.136045515940133],[121.50196847806268,25.135988984632572],[121.50196823958812,25.1359303036274],[121.50194915059372,25.135885228541092],[121.50187769311985,25.13584258811768],[121.5017407677644,25.135782113773185],[121.50164543687814,25.1357372972105],[121.50149804587578,25.135618176306977],[121.50154435155345,25.135572879462977],[121.50160225279716,25.135559141191187],[121.5016601815295,25.13555217378285],[121.50183012388281,25.135653162083695],[121.50203950057208,25.13577207230696],[121.50214007283923,25.135810099844303],[121.50229472636993,25.135809574817614],[121.50215169408662,25.135771691518634],[121.50191160706008,25.135646114672863],[121.50164508506518,25.135498057141756],[121.50155483237222,25.135482564206264],[121.50150995722214,25.135498515293826],[121.50144728044097,25.135557409578897],[121.5014069549667,25.135625256054933],[121.50139848936779,25.135753933352632],[121.50138549396168,25.135911966909667],[121.50137705422293,25.13597067733176],[121.5013321346554,25.136052081313895],[121.50122902191033,25.136151738408643],[121.50115668199834,25.136197123354034],[121.50095157120879,25.136219446401384],[121.50097105117413,25.136314304227913],[121.50102264946499,25.13631494099527],[121.50118798620267,25.13627375506064],[121.50127014306815,25.136203509913226],[121.50138932624355,25.136092513359117],[121.50146448121743,25.135977151977162],[121.50147621098613,25.135889089489094],[121.50145598913994,25.135717626567402],[121.50147530375492,25.13566565025503],[121.5016378720406,25.135782462722485],[121.50173481676849,25.135843072766516],[121.50180070468117,25.135887989144695],[121.50181708680938,25.135953386369014],[121.50181653298225,25.136045924955845],[121.5017246806372,25.13624710887095],[121.50170210351799,25.13633520816116],[121.501693355741,25.136470657395634],[121.50172547494381,25.136671420878987],[121.50172644270714,25.136675244247602],[121.50180304484346,25.136679176690016],[121.50177552527371,25.136556144428262],[121.5017877647089,25.136440996282623],[121.50179974921458,25.136339390955918],[121.50184977230303,25.136217343653954],[121.50189946703527,25.136090783462674],[121.50193709476511,25.136045515940133]]],[[[121.50137442644552,25.123430347457333],[121.50139473405385,25.123446587418744],[121.50149541569543,25.123513955873285],[121.50180120563914,25.12364608163703],[121.50205106774705,25.123742284683246],[121.50212339806835,25.12376884554813],[121.50213867783545,25.123701287641623],[121.50203645469966,25.123654311990823],[121.50169812528917,25.123522297014013],[121.50150282406135,25.123430422448273],[121.50139551983186,25.12334107604195],[121.50137442644552,25.123430347457333]]],[[[121.50046299303484,25.13556976903819],[121.50040167760909,25.13519982948583],[121.5004096135867,25.134940248562433],[121.5004360464052,25.134809253682526],[121.50053003315432,25.134675773464206],[121.50067796450102,25.134546624746044],[121.50085584825311,25.134390290554222],[121.5012492454311,25.134109090975738],[121.50156860785552,25.133913907137355],[121.50179566755301,25.13373257768091],[121.50194626674099,25.13358836414929],[121.50192184659738,25.13355991827488],[121.50190019421686,25.133550223991513],[121.50188391834197,25.133560746812982],[121.50172603412064,25.13368090299507],[121.50153356660773,25.13383277416416],[121.5011487204393,25.13408234761283],[121.50079861202704,25.134338573349286],[121.50063742756139,25.134485822998897],[121.50042644583779,25.13465806763535],[121.50034779153972,25.134827607844546],[121.50030658389603,25.135060217251574],[121.5003348915544,25.13539189944443],[121.50037351628102,25.13559264125186],[121.5004860152743,25.135973692857075],[121.50058122876099,25.136142645578182],[121.50068198333975,25.13622581382738],[121.50074817148511,25.136268472990853],[121.50085005570551,25.136303243285788],[121.50083549579921,25.13619858004959],[121.50081046535968,25.13619152467204],[121.50073470613818,25.13615792585955],[121.50065039594386,25.136079216060843],[121.50054850015864,25.13586740310127],[121.50046299303484,25.13556976903819]]],[[[121.50187793220144,25.13696882700657],[121.50182751554306,25.13678810309908],[121.50175404179835,25.13678428064784],[121.501808883864,25.13700094611094],[121.50188600156791,25.13700388674465],[121.50187793220144,25.13696882700657]]],[[[121.50181008853265,25.137262039508126],[121.50167287058534,25.13725504470196],[121.5016400619556,25.137312696847985],[121.50144836839102,25.137579671909904],[121.50154111099964,25.13759741352239],[121.501615682754,25.137491082021025],[121.50174710712308,25.137341674794147],[121.5018023275179,25.13727829168135],[121.50181008853265,25.137262039508126]]],[[[121.50091877254074,25.12261763038473],[121.50088480067421,25.12249361170602],[121.50080751359819,25.122157583905057],[121.50076281340908,25.12198620519565],[121.50073602202,25.121722229916134],[121.50068671715927,25.121408677439522],[121.50069065329932,25.12130935719894],[121.50075611089832,25.1210969797623],[121.50074885318489,25.120911932390097],[121.50072874356744,25.120690816948507],[121.50070008506243,25.120501328108414],[121.50070417525836,25.120488598747183],[121.50058438863479,25.120598976144755],[121.5006000192364,25.12066191231033],[121.50064400157946,25.12103867821585],[121.50062726018785,25.121189952268065],[121.50054591547408,25.12138207069454],[121.50054649050878,25.1214475210296],[121.50070702624538,25.122214348695497],[121.5008343530758,25.122586318306396],[121.50094269308727,25.12286130270557],[121.50110732521385,25.123109013065157],[121.50125096815772,25.123331291832947],[121.50127651462279,25.123220126773205],[121.5012336820972,25.123165009938212],[121.50116393554089,25.123083994655193],[121.50110056873974,25.122971360247668],[121.50104209638343,25.122842910578704],[121.50091877254074,25.12261763038473]]],[[[121.50064915861186,25.118792970033986],[121.50050319832563,25.11856325267162],[121.5004398975929,25.118466417143615],[121.50040229913118,25.11836498075205],[121.5003569705488,25.118191347484913],[121.5003627289719,25.118082993431283],[121.50038104630191,25.1179384853363],[121.50049325642544,25.11764018530569],[121.50053586863238,25.117296981420335],[121.50056081228087,25.1171817914033],[121.50055895371386,25.11672363256263],[121.5005586698973,25.116653667416976],[121.50053277422796,25.11653413569041],[121.50051919795347,25.116243032411806],[121.50050815709481,25.11604219938895],[121.5005034627587,25.11549602823869],[121.50054050840362,25.115308574014872],[121.50059649324865,25.11513008342063],[121.50063916858402,25.11480267775394],[121.50058612928474,25.114561361643627],[121.5005755293266,25.114545598792603],[121.50041676821608,25.114367836443765],[121.50036633916885,25.114311583155494],[121.50012660105979,25.11418600549565],[121.499860160046,25.114123713152072],[121.49968550699934,25.11407690835152],[121.49930103050552,25.114021785681995],[121.4988789859995,25.113948733472377],[121.4981163048233,25.11377978121074],[121.49780109630298,25.113688309703527],[121.49766244477662,25.1136549230728],[121.4974163211,25.113558703847136],[121.49732131685708,25.113513884955086],[121.49729556981507,25.113507200872014],[121.4972601255938,25.113477979875938],[121.4972246995905,25.11345327273131],[121.49717445414727,25.113442157283526],[121.49713653096198,25.113412944619032],[121.49711134910692,25.113392716847635],[121.4970852922231,25.11338603377714],[121.49704499014295,25.11338165566125],[121.49699932010516,25.113352469071142],[121.49692459452017,25.11334143602396],[121.496722428856,25.113233782923185],[121.49643878445664,25.113130917762955],[121.49602268757653,25.112994643268422],[121.49589645945602,25.112967984245916],[121.49565078490171,25.112905615221305],[121.49562553996245,25.11286958875195],[121.49563763549205,25.112795068564775],[121.49561006582735,25.112797418156273],[121.49556888894494,25.112806584326577],[121.49551440563779,25.112820309097284],[121.49547482346048,25.112840754661388],[121.49543750108332,25.112883762179546],[121.49540019681977,25.112931283535964],[121.49535693237789,25.112960769251885],[121.495310259303,25.112990266398796],[121.49529089138831,25.113028699671506],[121.49532370176375,25.11301956168084],[121.495424410814,25.113019223478467],[121.49561364262556,25.113070497796723],[121.49585934455693,25.113139637705565],[121.4960422619046,25.11316159223568],[121.49635079703738,25.113212464342656],[121.49657801686888,25.113308748770347],[121.49675468176471,25.11339391835783],[121.49708918256862,25.11358237611976],[121.49742344761457,25.1137121530986],[121.4979654312167,25.113866055052277],[121.49848872306504,25.113995191772297],[121.4990999844491,25.11411500153119],[121.49947793543967,25.114165632909923],[121.49994431162631,25.114243047463624],[121.50019006427607,25.114323465602528],[121.50042404443397,25.11455739737462],[121.50051365833552,25.11480084643615],[121.50044529009944,25.115135110020116],[121.5003775138347,25.11546260056774],[121.50036660243313,25.115905003839174],[121.50038343401746,25.116311201551245],[121.5003753534691,25.116534669022176],[121.50043352663981,25.116895587277355],[121.50046059264244,25.117227270295054],[121.50039249770344,25.117629241641865],[121.50029921789978,25.11793424838903],[121.50027476679462,25.11809457600378],[121.50027548972926,25.11827287416657],[121.50036449543497,25.118518582662908],[121.50042168944508,25.118638008793578],[121.50054860933675,25.118833936064252],[121.50061190989521,25.118930771699354],[121.50069462584547,25.1191539321894],[121.50075320930881,25.11953967659921],[121.50073543186869,25.119894081979627],[121.50072476342085,25.11993319182866],[121.50085283463427,25.11981556394534],[121.5008670308661,25.119715335582367],[121.50087870350728,25.119536995040335],[121.50083379453498,25.11931370635752],[121.50074455255678,25.1190093166403],[121.50064915861186,25.118792970033986]]],[[[121.50081134073507,25.120108518181787],[121.50063327027163,25.120268599032922],[121.50061751771216,25.12032634661357],[121.50080474750172,25.12015506738346],[121.50081134073507,25.120108518181787]]]]}},{"type":"Feature","properties":{"河流":"磺溪","縣市":"新北市","行政區":"金山區","區域":"新北市金山區"},"geometry":{"type":"MultiPolygon","coordinates":[[[[121.58092741580157,25.182059677690727],[121.58092005624302,25.18203713692683],[121.5809200562348,25.18203713693074],[121.58092741579581,25.182059677685796],[121.58092741580157,25.182059677690727]]],[[[121.58092741579597,25.18205967768628],[121.58093137700007,25.182071810000025],[121.58092741580172,25.1820596776912],[121.58092741579597,25.18205967768628]]],[[[121.58093137700007,25.182071810000025],[121.58097383577974,25.182111976990186],[121.58097383578647,25.18211197698955],[121.58093137700007,25.182071810000025]]],[[[121.5818216336685,25.18630143742701],[121.58180649900008,25.186262436000046],[121.58184862798271,25.1863710007128],[121.58184862801347,25.186371000759742],[121.5818216336685,25.18630143742701]]],[[[121.58186146300011,25.186404076000027],[121.58184862801421,25.186371000761657],[121.58184862798348,25.186371000714736],[121.58186146300011,25.186404076000027]]],[[[121.58186146300011,25.186404076000027],[121.58191930455831,25.186478865090255],[121.58191930445865,25.18647886493813],[121.58186146300011,25.186404076000027]]],[[[121.581942378,25.18650869900005],[121.581919304478,25.186478864963192],[121.58191930457755,25.186478865115124],[121.581942378,25.18650869900005]]],[[[121.58202757785484,25.186637775389467],[121.5820275778764,25.186637775403057],[121.58199908300001,25.186595243000053],[121.58202757785484,25.186637775389467]]],[[[121.58308318060973,25.194084532058024],[121.58309029600002,25.194093644000073],[121.58308318062252,25.194084532066526],[121.58308318060973,25.194084532058024]]],[[[121.58309635093059,25.194098901820084],[121.58309635091481,25.19409890179952],[121.58309029600002,25.194093644000073],[121.58309635093059,25.194098901820084]]],[[[121.58309635091584,25.19409890180041],[121.58309635093161,25.194098901820958],[121.58317771006882,25.194169550241458],[121.58317771016497,25.19416955029512],[121.58309635091584,25.19409890180041]]],[[[121.5834671259793,25.17682093947543],[121.58350350400009,25.176838374000056],[121.5834671259796,25.17682093947432],[121.5834671259793,25.17682093947543]]],[[[121.58350350400009,25.176838374000056],[121.58350541409294,25.176856116899156],[121.58350541409301,25.17685611689517],[121.58350350400009,25.176838374000056]]],[[[121.58369544400011,25.188669745000023],[121.58375060632648,25.188675446346274],[121.58375060637505,25.18867544633069],[121.58369544400011,25.188669745000023]]],[[[121.583617333,25.18868368700004],[121.58359810083758,25.188689296653422],[121.58359810081859,25.188689296663657],[121.583617333,25.18868368700004]]],[[[121.58351954274521,25.18871917584972],[121.583519542736,25.188719175851617],[121.58348640400004,25.188741357000026],[121.58351954274521,25.18871917584972]]],[[[121.58335683375203,25.188729678537516],[121.58338429400011,25.188739314000028],[121.58335683382191,25.188729678541286],[121.58335683375203,25.188729678537516]]],[[[121.58370276300003,25.190736278000028],[121.5836964264502,25.190675826396173],[121.58369642645015,25.19067582639653],[121.58370276300003,25.190736278000028]]],[[[121.58372518090178,25.19077103415751],[121.58372294581127,25.190767568928766],[121.58372294581127,25.190767568928734],[121.58370276300003,25.190736278000028],[121.58372518088763,25.19077103414245],[121.58372518090178,25.19077103415751]]],[[[121.58372924962569,25.19077734220586],[121.5837251809018,25.190771034157535],[121.58372518088763,25.19077103414246],[121.58372924962559,25.19077734221134],[121.58372924962569,25.19077734220586]]],[[[121.58365644709123,25.19157546731682],[121.58365644709119,25.191575467312898],[121.583631791,25.19146811700006],[121.58365644709123,25.19157546731682]]],[[[121.5837202670001,25.194559691000048],[121.58368636743724,25.19453452417482],[121.58368636743751,25.1945345241792],[121.5837202670001,25.194559691000048]]]]}},{"type":"Feature","properties":{"河流":"磺溪","縣市":"臺北市","行政區":"士林區","區域":"臺北市士林區"},"geometry":{"type":"MultiPolygon","coordinates":[[[[121.58395242034312,25.189132440139034],[121.58394222610093,25.18914874014162],[121.58395320622931,25.189131183550955],[121.58395248564226,25.189131913391368],[121.58392623776454,25.189154588281227],[121.5838774735057,25.189202180067635],[121.58379941440971,25.189283743769295],[121.58376368351391,25.1893335402758],[121.5837285422274,25.18944201566399],[121.58372904761235,25.189548091286277],[121.58376664434196,25.18969464380552],[121.58382180919126,25.18988400837825],[121.5838356063244,25.190046455015906],[121.58378724139745,25.19024300525764],[121.58373865240667,25.190457612161165],[121.5837226719352,25.190552469132744],[121.58370170878447,25.190642832095854],[121.58370050087683,25.190649607858273],[121.58370045478325,25.19064990446584],[121.58370042071267,25.19064993801755],[121.58369672753484,25.19067338952796],[121.58371349844602,25.190637059450186],[121.58371349844604,25.19063705945016],[121.58372383400003,25.19061467000006],[121.58375895613975,25.19058560603874],[121.58376062964408,25.190579400797493],[121.58376457421319,25.190561329193393],[121.58387778610143,25.19004854298852],[121.58386960236577,25.18989284477774],[121.58378984367718,25.18961781384898],[121.58377120570904,25.189545665436327],[121.58377064651955,25.189428305174122],[121.58380124433872,25.18934241769063],[121.58382678611385,25.189301689881614],[121.58386425546271,25.189269557250753],[121.58386735800002,25.189264522000034],[121.58387514207453,25.189256003622685],[121.58387514207456,25.189256003622656],[121.58393772500006,25.189187517000054],[121.5839829020001,25.189118598000043],[121.58401046300004,25.189060044000026],[121.58401107846683,25.18905361178978],[121.58400214776259,25.18907754706861],[121.58397933212352,25.189104722155573],[121.58395242034312,25.189132440139034]]],[[[121.58284531736551,25.18836897549114],[121.58286194520639,25.188474986657962],[121.58292529590337,25.18856049818429],[121.58298240247802,25.188637006774737],[121.58305180424455,25.188690896432256],[121.58314720840328,25.188735654118734],[121.58323660325271,25.18875560910646],[121.58334391731997,25.18876195048081],[121.58357049820003,25.1887452445016],[121.58361815115596,25.18872474092262],[121.58365711158206,25.188702015171867],[121.58371780865191,25.188685973260217],[121.58375060632648,25.188675446346274],[121.58369544400011,25.188669745000023],[121.583617333,25.18868368700004],[121.58359810081859,25.188689296663657],[121.5835570042487,25.18871144396581],[121.58351954274521,25.18871917584972],[121.58348640400004,25.188741357000026],[121.58338429400011,25.188739314000028],[121.58335683375203,25.188729678537516],[121.5832507157435,25.188723955021786],[121.58314701505132,25.188695029403824],[121.58307398915125,25.188661467037097],[121.58301084234293,25.188618837223636],[121.58293129313927,25.188517591732],[121.58290254190753,25.18847031033354],[121.58288741196476,25.188418460502426],[121.58288131678397,25.188375602418965],[121.58291357266609,25.18831227818775],[121.58295273330977,25.1882694830158],[121.5829605230001,25.188243212000035],[121.58298687476008,25.188171906911702],[121.58298687476007,25.188171906911773],[121.58300282382802,25.188128750412922],[121.58299640436714,25.18813480617067],[121.58299634985912,25.188135018381722],[121.5829966802392,25.188133732142333],[121.58292153631855,25.188226481404765],[121.58287315724137,25.188289870128084],[121.58284531736551,25.18836897549114]]],[[[121.5837202670001,25.194559691000048],[121.58368636743751,25.1945345241792],[121.58368666275537,25.194539284301964],[121.58374162070469,25.194581092785707],[121.58372909224983,25.19458845849736],[121.58372641618372,25.19457889649808],[121.58368630067591,25.194540437029485],[121.58368444801003,25.194556494265267],[121.58371555498853,25.194596417305096],[121.58371454495247,25.19459701112408],[121.58372126358066,25.194603743773126],[121.58372435518976,25.194619109032978],[121.58376449100001,25.19459398400005],[121.5837202670001,25.194559691000048]]],[[[121.58343728231893,25.192408843382424],[121.58342650544668,25.192422353439117],[121.58346811500007,25.192397434000043],[121.58350224848935,25.192369855526707],[121.5835404471224,25.192324923000317],[121.58358093143855,25.19225150041373],[121.58350986870099,25.192349871948498],[121.58344986439934,25.192392828469156],[121.58343728231893,25.192408843382424]]],[[[121.58358659270235,25.192243663565815],[121.58360410332256,25.19221407678847],[121.58363772570283,25.192112378512807],[121.583652813764,25.19189564866108],[121.58365752924041,25.191649619613205],[121.58365644709123,25.19157546731682],[121.583631791,25.19146811700006],[121.58365548600013,25.191380905000077],[121.58368031519568,25.191318686349753],[121.58368522743763,25.19128162194217],[121.58369128579463,25.191186804757823],[121.58373276470124,25.191042192312402],[121.58373344397383,25.19092482688884],[121.58372763618755,25.19087745366778],[121.58372883051324,25.19080296870727],[121.58372924962559,25.19077734221134],[121.58372518088763,25.19077103414246],[121.58372339753176,25.190769135837797],[121.58372518088763,25.19077103414245],[121.58370276300003,25.190736278000028],[121.58369642645015,25.19067582639653],[121.58369628938088,25.190676708423705],[121.58368735412542,25.190753481350807],[121.58369309193431,25.19091596056036],[121.583697096022,25.19104007814167],[121.5836586854073,25.191177907354593],[121.58363030756503,25.191403718355883],[121.58360650539889,25.1918732641596],[121.58359151435195,25.19211030634711],[121.58355670558709,25.192223294205807],[121.58353028754674,25.19227531021213],[121.5834948989894,25.192331876010012],[121.58345392911812,25.192388464094197],[121.58344960968681,25.192392995304047],[121.58344957992873,25.192393032118872],[121.58350986870099,25.192349871948498],[121.58358659270235,25.192243663565815]]],[[[121.58346190705969,25.176837771120475],[121.58345983310188,25.176858092512504],[121.5834677290991,25.177026487517015],[121.58348559988532,25.176977624490092],[121.58348652255708,25.17697398347808],[121.5835044799989,25.17690312050739],[121.58350541409294,25.176856116899156],[121.58350350400009,25.176838374000056],[121.5834671259793,25.17682093947543],[121.58346597417642,25.176824975799036],[121.58346575050746,25.176824937785646],[121.58346190705969,25.176837771120475]]],[[[121.5834677309239,25.17702648252759],[121.58346885742009,25.177054397600205],[121.5834825160001,25.176989794000065],[121.58348559988532,25.1769776244901],[121.5834677309239,25.17702648252759]]],[[[121.58254745276416,25.19366275585721],[121.5824699942944,25.19354570249708],[121.582444628343,25.193428441491562],[121.58244983272604,25.193349427004023],[121.58248439714723,25.19324998276361],[121.58252082196198,25.19315053106979],[121.58257882488107,25.19308936167569],[121.58263535279494,25.193043996876813],[121.5827472292897,25.192969790468055],[121.582778757585,25.192905331211186],[121.5825680238816,25.19303523759695],[121.58249153506937,25.193121307330404],[121.58244701602575,25.193214020394215],[121.58239714175272,25.193354150999717],[121.5823920881067,25.19346476235873],[121.58242549441042,25.193577477378046],[121.58247859473825,25.193658516418147],[121.58255094128297,25.193743992677902],[121.58283018795932,25.193975346842176],[121.58313052885879,25.19414342165825],[121.58313053891925,25.19414342725939],[121.58313026460094,25.194143069995217],[121.58317771006882,25.194169550241458],[121.58309635093161,25.194098901820958],[121.58312311069382,25.194133752955228],[121.58309635093059,25.194098901820084],[121.58309029600002,25.194093644000073],[121.58308318060973,25.194084532058024],[121.58303303335857,25.19405127481265],[121.58289798659196,25.193952506816803],[121.58278195153764,25.193873975681182],[121.58264809153553,25.193763918066967],[121.58254745276416,25.19366275585721]]],[[[121.58176121912132,25.185865809658925],[121.58172774334999,25.18599910613158],[121.5817334221167,25.186150300637387],[121.58176422623112,25.186303651812786],[121.58182331994568,25.186407236637237],[121.58189166189845,25.186499499645006],[121.58196621582782,25.186593994784058],[121.58202097894244,25.1866344015853],[121.58202138795403,25.186634661558667],[121.58202050699204,25.186633317065848],[121.58202757785484,25.186637775389467],[121.58199908300001,25.186595243000053],[121.581942378,25.18650869900005],[121.58191930457755,25.186478865115124],[121.58202050369538,25.18663331203461],[121.58201821392615,25.186629817470383],[121.58191930455831,25.186478865090255],[121.58186146300011,25.186404076000027],[121.58184862798348,25.186371000714736],[121.58183389332122,25.18634851313458],[121.58184862798271,25.1863710007128],[121.58180649900008,25.186262436000046],[121.5817877930001,25.186188057000038],[121.58177631,25.186089516000035],[121.58177922123038,25.186064896153088],[121.58178419,25.186022876000038],[121.58179702232259,25.18595786653476],[121.58181007100006,25.185891761000043],[121.58185156500008,25.185794892000043],[121.58190629021735,25.18572085238696],[121.58182415055235,25.185797848017614],[121.58176121912132,25.185865809658925]]],[[[121.58196675600004,25.17995638700006],[121.58197330390682,25.17995236390178],[121.58196025529752,25.17995821259833],[121.58196675600004,25.17995638700006]]],[[[121.58121519374646,25.181132759183477],[121.58116802352941,25.181189371944484],[121.58110706882825,25.181264459788174],[121.58114132800007,25.18122825500006],[121.581145860873,25.18122355776334],[121.58120793875989,25.18114515198608],[121.58114586089566,25.181223557739813],[121.58123203300012,25.181134261000064],[121.58130891900011,25.181043851000027],[121.58131652093161,25.181031505985622],[121.58122906170904,25.18111847322109],[121.58122848914878,25.181119196377697],[121.58122630199917,25.181121429987243],[121.58121519374646,25.181132759183477]]],[[[121.58091594462083,25.18203838986412],[121.5808992197909,25.182045850547254],[121.58078881100995,25.18210497147137],[121.58067382750087,25.182114455956516],[121.58062081009687,25.182114666360242],[121.58051619792579,25.182087997139064],[121.58043751251172,25.18203639766487],[121.58036311509153,25.18197349514815],[121.58006589082345,25.181733165712195],[121.5798124448045,25.181571658925638],[121.579733463769,25.18145686168602],[121.57955842988818,25.18122282025268],[121.57936530878418,25.18096627942121],[121.57922191580036,25.180867534666902],[121.57928266952882,25.180930492345944],[121.57935056477032,25.180995678896345],[121.57953402173328,25.18124097266408],[121.57967254778377,25.18142550333686],[121.57977869307982,25.18158082009875],[121.57996565269899,25.18171324776262],[121.58012742525305,25.181829975256516],[121.58036784887886,25.182056986511043],[121.5804596194685,25.18212207702454],[121.58059565238217,25.182171191856497],[121.58081296094785,25.182163558242525],[121.58095968741168,25.182113321171734],[121.58097383577974,25.182111976990186],[121.58093137700007,25.182071810000025],[121.58092741579597,25.18205967768628],[121.58091909447022,25.18205254271393],[121.58092741579581,25.182059677685796],[121.5809200562348,25.18203713693074],[121.58091608598805,25.182039025053115],[121.58091594462083,25.18203838986412]],[[121.58091658657996,25.182041274304424],[121.58091622025077,25.182039628320087],[121.58091909447022,25.18205254271393],[121.58091658657996,25.182041274304424]]],[[[121.531234933048,25.126922251195406],[121.53111462025238,25.12676243703047],[121.53103182683442,25.126679225466066],[121.53089349369627,25.126580413784183],[121.53067221376924,25.12643450224611],[121.53051072614316,25.126356085804186],[121.53037456336284,25.126329489154852],[121.53017983934423,25.12630535870728],[121.53011966045753,25.126292031995806],[121.53002712562026,25.12624948026388],[121.52998069780328,25.126190964913036],[121.52992045948899,25.126091873395907],[121.52987091221938,25.125956632100415],[121.52982427604428,25.125561828584456],[121.52980675325892,25.125306853313816],[121.52977998119836,25.124990972807932],[121.52973050925186,25.124657117558076],[121.52965807634374,25.124316573322076],[121.52961119399123,25.12422420481493],[121.52946200723612,25.124050950408506],[121.52928357531623,25.123922939624446],[121.52906027735335,25.123810887415207],[121.52883306762942,25.123725932471928],[121.52864380078196,25.123672439606214],[121.5283513498222,25.123621570952363],[121.52802142159442,25.123575349037942],[121.52786399658676,25.123575909214225],[121.52763187798789,25.123574477897588],[121.52739585645936,25.123602400772608],[121.52731869338754,25.12360267504349],[121.52720273585787,25.123589545276594],[121.52705169296935,25.123560741225695],[121.52694655275471,25.123540801898578],[121.52685191992985,25.12351405425498],[121.52670971931764,25.12345136380006],[121.52652198531733,25.123321125491774],[121.52650677204491,25.123308311951774],[121.52649318474185,25.123325741645505],[121.52644579408256,25.123407905807085],[121.52645481491288,25.123411642908046],[121.52663499579161,25.12351482438888],[121.52675914549927,25.123559523191375],[121.52703098735888,25.123646579863806],[121.52741259973227,25.123676821445986],[121.5279208807686,25.12368855556465],[121.52844178041295,25.12375215339781],[121.52867096526164,25.123791962436396],[121.52879072915104,25.123825390230298],[121.52892548434694,25.123885848162164],[121.529192332325,25.124036113782463],[121.52943603531435,25.124136808072393],[121.52953031176911,25.12422449353892],[121.52959804436313,25.124337100398485],[121.52967605520146,25.124677624755954],[121.5297321708377,25.125043053920322],[121.52975277505116,25.125437950498846],[121.52980704283453,25.125877866242494],[121.5298339576518,25.126010931448214],[121.52984543476279,25.126085370523587],[121.5298756127707,25.126184569475832],[121.5299248685089,25.126252102645964],[121.52999336726117,25.12632633794544],[121.53005644221938,25.12636448104579],[121.53027526067996,25.126370469731132],[121.53041761175584,25.126394787366532],[121.53065984879619,25.12651354045051],[121.53081030661124,25.126621336875928],[121.53090452706981,25.12669547980732],[121.5310999518137,25.12688210896369],[121.53118672742164,25.127026244414335],[121.53126928167092,25.127197478555026],[121.53143679898567,25.127738550774524],[121.53146412361603,25.127894183480716],[121.53151276834873,25.12789175223787],[121.53149609503494,25.127690942083067],[121.53144449089608,25.12751056973679],[121.53138846066842,25.127309900240387],[121.53131047449969,25.12704837102491],[121.531234933048,25.126922251195406]]],[[[121.52572185931514,25.121874987202123],[121.52566590949502,25.121690113971205],[121.52566080041082,25.121509574534404],[121.5256824435329,25.121399539385457],[121.52565030300002,25.12150338800006],[121.52562594800007,25.121639551000037],[121.5256137230001,25.12169629200002],[121.52567686800012,25.121888834000057],[121.52584094000007,25.122364517000054],[121.52584658500007,25.12239624300003],[121.52587925000012,25.122579825000052],[121.52597984100011,25.122783582000068],[121.52611792500012,25.12300988500004],[121.52620561600008,25.12311163500004],[121.52628804700011,25.12320768500007],[121.52629346800006,25.12321400200005],[121.52630065500013,25.123226200000033],[121.52635182100006,25.12331304700007],[121.52636258962404,25.12333132462695],[121.52642098980608,25.123236060859906],[121.5263378643863,25.123166047356303],[121.52615880005389,25.12296129753232],[121.52602635573461,25.122715757473923],[121.52594027964035,25.122442969342288],[121.52584599123463,25.122206321777206],[121.52572185931514,25.121874987202123]]],[[[121.52578894465086,25.12074852174233],[121.52573277216923,25.120583962038822],[121.52566217024588,25.12045105102061],[121.52556690317654,25.120347567914447],[121.52539700393748,25.120255633002408],[121.52517605179708,25.120181934085394],[121.52498152628435,25.12012845419127],[121.52482771274128,25.120029690835445],[121.52470030875146,25.119874409787457],[121.52445592483366,25.119464503779994],[121.52440887880299,25.1192592854307],[121.524327379006,25.1190406467817],[121.52428108507007,25.118939246388802],[121.52422674404394,25.118840131331197],[121.52415579233208,25.118698702162824],[121.52406996719043,25.11872181570782],[121.524094224,25.118749182000045],[121.52411797800005,25.118775984000024],[121.52420600100002,25.11895710700003],[121.52423121900006,25.119025046000043],[121.52426918800008,25.119160990000065],[121.52431962500009,25.11929689300006],[121.52433429400003,25.119336418000046],[121.52440788700005,25.119534703000056],[121.52443962200006,25.119598993000057],[121.52445817800005,25.119636588000045],[121.52452088900007,25.119727081000065],[121.52467148000005,25.11996467000006],[121.52471419200005,25.120022468000055],[121.52474670300012,25.120066464000047],[121.52481289997766,25.120137077694828],[121.52490652365707,25.12019868523671],[121.52503656535177,25.12024562217685],[121.52539762189538,25.12032785384864],[121.52551104596076,25.120401932744045],[121.52556005352812,25.12048526728166],[121.52561703094081,25.120598046006183],[121.52563403400006,25.120607630000055],[121.52573423800004,25.12072067300005],[121.52575026000011,25.12077331300003],[121.52577216200008,25.12084527200006],[121.52577264739455,25.12095953879364],[121.52578894465086,25.12074852174233]]],[[[121.52579602340238,25.11246766279076],[121.5256889315694,25.112206234756574],[121.52554358299889,25.111911087644287],[121.52540355118792,25.11162720585692],[121.52527888512628,25.111458374469972],[121.525133836478,25.111305413648207],[121.52493854208062,25.111213567970502],[121.52473907382341,25.111160105058982],[121.52447617212087,25.11112717828421],[121.52423866905893,25.111091904514332],[121.52396368330523,25.111059019404905],[121.52367069728028,25.111019426279036],[121.52345498060599,25.11100664410079],[121.52313557080645,25.11094683023334],[121.52289800133742,25.11089575571533],[121.52278337714013,25.11082844983428],[121.52273630130448,25.110760906400852],[121.52270665409951,25.1107113573992],[121.52269355676817,25.110618867885456],[121.52265398383605,25.110348171199604],[121.52263157100877,25.11003227487196],[121.52261349330279,25.109788586167607],[121.52256189127938,25.109603696324363],[121.52249344901217,25.109466261870676],[121.52244724670004,25.109413957173956],[121.52240308289394,25.10945917533951],[121.52240409842449,25.109460509189308],[121.52244497200002,25.10948861500003],[121.5225259550001,25.109616403000075],[121.52254535200007,25.109647013000025],[121.52260882200007,25.109918940000053],[121.52262210000004,25.110111667000073],[121.52263566600004,25.110372421000015],[121.52262406200009,25.110576570000028],[121.52262157400003,25.110605076000073],[121.52262071379805,25.11061492490351],[121.52262333504494,25.110646198280538],[121.52266726136492,25.110774690881303],[121.52271058053766,25.110833219687816],[121.5227647254783,25.11088719648695],[121.52286191148987,25.110934251020687],[121.52309920957684,25.110994354399608],[121.52317412066121,25.11100928739298],[121.52322421300003,25.111016703000068],[121.52346122200004,25.111061240000026],[121.52365612484,25.111090083458205],[121.52382911755006,25.111111403689097],[121.52461284552479,25.11120568972155],[121.52487086686303,25.11125668914047],[121.52501635466575,25.111329405477314],[121.52514517500003,25.111361473000038],[121.52524532100006,25.11146317200007],[121.52534561200002,25.111598896000036],[121.52545880400011,25.111836617000055],[121.52553440500003,25.112029126000042],[121.52567267000006,25.11230077600004],[121.5257232990001,25.112482033000045],[121.5257737820001,25.11262926300003],[121.52579208800012,25.11272685500006],[121.52581204400008,25.11283324300006],[121.52576310300003,25.113048861000035],[121.52570145700008,25.11320783000008],[121.52556555500007,25.113491800000084],[121.52545419400008,25.113684958000082],[121.52543443021776,25.11373143761127],[121.52549019845715,25.11373391221408],[121.52557165132265,25.113547283072442],[121.52570185501784,25.11327147330643],[121.52581533521611,25.112997979597885],[121.52585606455676,25.11281276480534],[121.52583925643054,25.112650323331334],[121.52579602340238,25.11246766279076]]],[[[121.5236583486961,25.117219368940916],[121.52384829839752,25.11699977261327],[121.5241821834949,25.11674355672395],[121.5244671840779,25.116544103249712],[121.52430804200003,25.116644468000064],[121.52413406300003,25.116769815000055],[121.52400980000006,25.11686095800007],[121.52379852000001,25.11700912300006],[121.52371165000011,25.117100143000073],[121.52362496900002,25.11723651400007],[121.52357587500002,25.117418122000053],[121.52355128200008,25.117497584000034],[121.52355131600007,25.117505541000067],[121.52355171400006,25.117599635000033],[121.52357712100003,25.11771294600004],[121.52366092805156,25.117946213877367],[121.52397755702445,25.118538575844195],[121.52401554306576,25.118614886966178],[121.52410219430017,25.118591864084898],[121.52399390888918,25.11837601601897],[121.52375469197072,25.11794126244062],[121.5236221250676,25.11766412125873],[121.52359615888331,25.117533308015247],[121.52360807673024,25.117348193824146],[121.5236583486961,25.117219368940916]]],[[[121.5245581805688,25.116480420441025],[121.52487935797467,25.116224247714257],[121.52492136680466,25.11618111406502],[121.52479267500007,25.116291238000027],[121.5245351960878,25.11649650586732],[121.5245581805688,25.116480420441025]]],[[[121.5250271404807,25.116072508030662],[121.52508017990935,25.11593915883158],[121.525118899776,25.11571783800542],[121.52511728275411,25.11533867112987],[121.52509015090897,25.114934767626277],[121.52510900247368,25.11463226569461],[121.5251856119682,25.114431123699834],[121.5253743392686,25.11399937324499],[121.52545834214352,25.11380690294223],[121.5254034001516,25.11380441425934],[121.52534312600005,25.113946165000073],[121.5252077990001,25.114248675000052],[121.52509667900006,25.11449853000005],[121.52505986400003,25.114634743000064],[121.52504802700003,25.114782193000053],[121.525040728,25.114949827000036],[121.52503666800011,25.115043037000074],[121.52506636900011,25.11529469900006],[121.52507545900006,25.115371743000022],[121.52507566400004,25.115419735000046],[121.52507676200003,25.11567790700007],[121.52505649500007,25.115815504000064],[121.52502829800004,25.11600692500008],[121.52498551728003,25.116115245829732],[121.5250271404807,25.116072508030662]]],[[[121.52119364184388,25.108818563806974],[121.52113260055839,25.108599853782287],[121.52112643810153,25.108462201575527],[121.52117343413967,25.108073841917193],[121.52121866396028,25.1077802802105],[121.52127892931682,25.107525033885914],[121.52130155642926,25.1073082875706],[121.52130895308986,25.107080309890765],[121.52130433575712,25.10679595061259],[121.52127536798135,25.106699521865004],[121.52122126121249,25.10677497898313],[121.52122715574163,25.106789450294894],[121.5212276078302,25.106800452879565],[121.52127016400004,25.106886656000025],[121.5212835440001,25.10710206300007],[121.52127218900013,25.107362913000028],[121.52126012400005,25.107461356000044],[121.52123604600001,25.10765785700005],[121.52117534900005,25.10804361100003],[121.52112706800006,25.108417982000052],[121.52111551200005,25.108633469000036],[121.52113929700012,25.10878090600005],[121.52114110700008,25.108792128000058],[121.52114883169452,25.108866275586166],[121.52116081417824,25.108895415045545],[121.521219318788,25.108942912855962],[121.52126646200009,25.108961776000054],[121.5213431600559,25.10901022552653],[121.52151167349804,25.109065713310198],[121.52167332605912,25.109117056247268],[121.52187034006268,25.109177302742673],[121.52215708684497,25.109301097581504],[121.52218246000007,25.109308104000036],[121.52221706772237,25.109331901349183],[121.52230061308637,25.109381458033358],[121.52235955882153,25.109322135642877],[121.52220860743398,25.109228025351538],[121.5221617335721,25.109207877375148],[121.52187315037102,25.1091095844479],[121.5215632263799,25.109020393598087],[121.5212739859452,25.108913074051276],[121.52119364184388,25.108818563806974]]],[[[121.52122722677413,25.106567415265783],[121.52109193053451,25.106248256635514],[121.52107500735107,25.106218557896515],[121.52101605428415,25.106302379704534],[121.52114637175644,25.10659112197902],[121.52117091683593,25.10665138132248],[121.52122722677413,25.106567415265783]]],[[[121.51985001039056,25.10404531190359],[121.51967356286968,25.103937595239245],[121.51951149268272,25.10385916830039],[121.51946265380256,25.103836400368923],[121.51941614762647,25.103911683129308],[121.519512426,25.103949369000077],[121.5196498590001,25.104028263000032],[121.51971274136636,25.10407793974376],[121.51980983411653,25.104142500122144],[121.51986860430782,25.104191947389364],[121.51990012258761,25.104242916549854],[121.51991255100006,25.10425413700005],[121.51996274100009,25.104333343000064],[121.52001283400011,25.104389865000027],[121.52015118300004,25.10468421700006],[121.52030199300007,25.10497850700005],[121.52045275600007,25.105261466000055],[121.52046396900005,25.105281674000025],[121.5205406760001,25.10541991700006],[121.52063443880313,25.1056085256838],[121.52070831885622,25.10573275927089],[121.52095139676106,25.106164786562598],[121.52100075033611,25.106088243005164],[121.52072356486433,25.1056018028921],[121.52049286767489,25.105196359613547],[121.52035509832777,25.10493052116955],[121.52006144203227,25.10436505757801],[121.51997229423608,25.10416675911283],[121.51985001039056,25.10404531190359]]],[[[121.51791834654243,25.101824456849446],[121.51774439380283,25.10150006463502],[121.51768996709423,25.10137837993049],[121.51765139370447,25.101195703048443],[121.51763458499292,25.101031005868087],[121.51770915566388,25.100714776690157],[121.51772639954089,25.10054319024217],[121.51770144185984,25.100283731270327],[121.5176525908181,25.100162027911924],[121.51756522820666,25.100007100028442],[121.51746923334542,25.10000251061541],[121.51752072187341,25.100117348391965],[121.51763152595606,25.10030880057282],[121.51764320611991,25.100397080845205],[121.51767044700011,25.100455317000073],[121.51768338900003,25.100568672000065],[121.51764671800005,25.100738890000063],[121.51759772400011,25.100943175000047],[121.51756779248024,25.10110495252189],[121.5175718244769,25.101209521368567],[121.51764711075404,25.10142818139165],[121.51783766193233,25.10186761920771],[121.51795204134939,25.102171906337727],[121.51845263283006,25.103343005890256],[121.5185223855632,25.103460904208962],[121.51854321219247,25.103491849937026],[121.51854913765776,25.10349671351368],[121.518901568983,25.10367622708507],[121.51911048624275,25.103773175288783],[121.5191685221619,25.103699280285777],[121.51906940436804,25.10365307277151],[121.5187232862258,25.10350080796986],[121.51859435984916,25.103420007717627],[121.51851738069932,25.10331420025153],[121.51832756370139,25.102829621891246],[121.51791834654243,25.101824456849446]]],[[[121.51722209854725,25.09940068850904],[121.51718237359009,25.0993850282318],[121.5171485736771,25.09937837499873],[121.51710044508113,25.099353716263785],[121.51704034817708,25.09935618206683],[121.51699225791378,25.09934055081691],[121.51692997306866,25.099338510354354],[121.51687445654453,25.099325161786368],[121.51684715345131,25.099316229001055],[121.51681245280871,25.099316349561352],[121.51692201332527,25.099361107139654],[121.51699809339586,25.09940146717896],[121.51709285893793,25.09946433136237],[121.51717992676701,25.09953850681913],[121.5173007626955,25.099684786035223],[121.5174196888152,25.099892008473574],[121.51743262320585,25.099920856838374],[121.51744119155909,25.099921273560305],[121.51752185851358,25.099930285584644],[121.51741380837963,25.09974758647939],[121.5172690900408,25.09952239842484],[121.51722206656136,25.099466139098034],[121.51721548353983,25.099448106681898],[121.5172153685721,25.09942102412542],[121.51722209854725,25.09940068850904]]]]}},{"type":"Feature","properties":{"河流":"磺溪","縣市":"臺北市","行政區":"北投區","區域":"臺北市北投區"},"geometry":{"type":"MultiPolygon","coordinates":[[[[121.5257047800551,25.121285978740755],[121.52577220629543,25.12096525014086],[121.52577264739455,25.12095953879364],[121.52577216200008,25.12084527200006],[121.52575026000011,25.12077331300003],[121.52573423800004,25.12072067300005],[121.52563403400006,25.120607630000055],[121.52561703094081,25.120598046006183],[121.5256522491008,25.12066775525175],[121.52567044228007,25.120791824109887],[121.5256804613064,25.12096106131861],[121.52564380337658,25.121157547544204],[121.52556295535764,25.12145575383279],[121.52555429282701,25.121676967455954],[121.5256304330563,25.121873054164187],[121.52578315145874,25.12222234326029],[121.52587089060098,25.12259443221825],[121.52595848577552,25.122932667099974],[121.5260668286973,25.123049645747876],[121.52623784548442,25.123256681201596],[121.52631977109498,25.1233556975945],[121.5263420021405,25.123364907379866],[121.52636258962404,25.12333132462695],[121.52635182100006,25.12331304700007],[121.52630065500013,25.123226200000033],[121.52629346800006,25.12321400200005],[121.52628804700011,25.12320768500007],[121.52620561600008,25.12311163500004],[121.52611792500012,25.12300988500004],[121.52597984100011,25.122783582000068],[121.52587925000012,25.122579825000052],[121.52584658500007,25.12239624300003],[121.52584094000007,25.122364517000054],[121.52567686800012,25.121888834000057],[121.5256137230001,25.12169629200002],[121.52562594800007,25.121639551000037],[121.52565030300002,25.12150338800006],[121.5256824435329,25.121399539385457],[121.5257047800551,25.121285978740755]]],[[[121.52406891152214,25.11872210000918],[121.52409195059583,25.118768383627913],[121.52422611397206,25.11912902589921],[121.52429047432852,25.119325155364194],[121.52439341349975,25.11955726019195],[121.52461415046146,25.11994468007789],[121.52474959205634,25.120095418875785],[121.52481289997766,25.120137077694828],[121.52474670300012,25.120066464000047],[121.52471419200005,25.120022468000055],[121.52467148000005,25.11996467000006],[121.52452088900007,25.119727081000065],[121.52445817800005,25.119636588000045],[121.52443962200006,25.119598993000057],[121.52440788700005,25.119534703000056],[121.52433429400003,25.119336418000046],[121.52431962500009,25.11929689300006],[121.52426918800008,25.119160990000065],[121.52423121900006,25.119025046000043],[121.52420600100002,25.11895710700003],[121.52411797800005,25.118775984000024],[121.524094224,25.118749182000045],[121.52406996719043,25.11872181570782],[121.52406891152214,25.11872210000918]]],[[[121.52245154901594,25.109522833183757],[121.52251697905683,25.109680590927752],[121.52255544260245,25.109836186402603],[121.52262071379805,25.11061492490351],[121.52262157400003,25.110605076000073],[121.52262406200009,25.110576570000028],[121.52263566600004,25.110372421000015],[121.52262210000004,25.110111667000073],[121.52260882200007,25.109918940000053],[121.52254535200007,25.109647013000025],[121.5225259550001,25.109616403000075],[121.52244497200002,25.10948861500003],[121.52240409842449,25.109460509189308],[121.52245154901594,25.109522833183757]]],[[[121.52345523043118,25.111065324260423],[121.52365612484,25.111090083458205],[121.52346122200004,25.111061240000026],[121.52322421300003,25.111016703000068],[121.52317412066121,25.11100928739298],[121.52345523043118,25.111065324260423]]],[[[121.525095064648,25.11136874545942],[121.52521859822077,25.111490184897395],[121.5253514073279,25.111679300193988],[121.52548587128577,25.111965458692076],[121.52570883708337,25.11244088796311],[121.52576355407261,25.112628021789924],[121.52577511376855,25.11279499577326],[121.52573071424261,25.112991508329895],[121.5256495569041,25.113215234485757],[121.52556862221604,25.11341864718349],[121.5254095651873,25.11373033426905],[121.52543443021776,25.11373143761127],[121.52545419400008,25.113684958000082],[121.52556555500007,25.113491800000084],[121.52570145700008,25.11320783000008],[121.52576310300003,25.113048861000035],[121.52581204400008,25.11283324300006],[121.52579208800012,25.11272685500006],[121.5257737820001,25.11262926300003],[121.5257232990001,25.112482033000045],[121.52567267000006,25.11230077600004],[121.52553440500003,25.112029126000042],[121.52545880400011,25.111836617000055],[121.52534561200002,25.111598896000036],[121.52524532100006,25.11146317200007],[121.52514517500003,25.111361473000038],[121.52501635466575,25.111329405477314],[121.525095064648,25.11136874545942]]],[[[121.5245351960878,25.11649650586732],[121.52479267500007,25.116291238000027],[121.52492136680466,25.11618111406502],[121.52498551728003,25.116115245829732],[121.52502829800004,25.11600692500008],[121.52505649500007,25.115815504000064],[121.52507676200003,25.11567790700007],[121.52507566400004,25.115419735000046],[121.52507545900006,25.115371743000022],[121.52506636900011,25.11529469900006],[121.52503666800011,25.115043037000074],[121.525040728,25.114949827000036],[121.52504802700003,25.114782193000053],[121.52505986400003,25.114634743000064],[121.52509667900006,25.11449853000005],[121.5252077990001,25.114248675000052],[121.52534312600005,25.113946165000073],[121.5254034001516,25.11380441425934],[121.525374662934,25.113803112554262],[121.52531642550254,25.11393412559535],[121.52513820459293,25.114359067902544],[121.52504451209299,25.11462346567996],[121.52502943841317,25.114867272772976],[121.52504267804112,25.11550143730146],[121.52503351872362,25.11582421774844],[121.5249732349006,25.116002732115657],[121.5248461943864,25.11614988453125],[121.5246902972401,25.116288110797843],[121.52441400461058,25.11646061648521],[121.52418514051473,25.116637468294325],[121.52397519959949,25.116746543646297],[121.52378734551493,25.116875853646107],[121.52367693962165,25.117000376544],[121.52359436435441,25.117111259430217],[121.52350620839566,25.117294385220106],[121.5234771610559,25.117459246933134],[121.5235211928323,25.117684789632122],[121.52366092805156,25.117946213877367],[121.52357712100003,25.11771294600004],[121.52355171400006,25.117599635000033],[121.52355131600007,25.117505541000067],[121.52355128200008,25.117497584000034],[121.52357587500002,25.117418122000053],[121.52362496900002,25.11723651400007],[121.52371165000011,25.117100143000073],[121.52379852000001,25.11700912300006],[121.52400980000006,25.11686095800007],[121.52413406300003,25.116769815000055],[121.52430804200003,25.116644468000064],[121.5244671840779,25.116544103249712],[121.5245351960878,25.11649650586732]]],[[[121.52123856071114,25.107067014935357],[121.52123159567711,25.107396553752185],[121.52120364348465,25.10759977702364],[121.5211194439563,25.108055975514862],[121.52107238061674,25.10842853675424],[121.52107312880835,25.10860457603627],[121.52111447682537,25.10878273002479],[121.52114883169452,25.108866275586166],[121.52114110700008,25.108792128000058],[121.52113929700012,25.10878090600005],[121.52111551200005,25.108633469000036],[121.52112706800006,25.108417982000052],[121.52117534900005,25.10804361100003],[121.52123604600001,25.10765785700005],[121.52126012400005,25.107461356000044],[121.52127218900013,25.107362913000028],[121.5212835440001,25.10710206300007],[121.52127016400004,25.106886656000025],[121.5212276078302,25.106800452879565],[121.52123856071114,25.107067014935357]]],[[[121.5212743026095,25.108987552208326],[121.5213431600559,25.10901022552653],[121.52126646200009,25.108961776000054],[121.521219318788,25.108942912855962],[121.5212743026095,25.108987552208326]]],[[[121.52218666348064,25.10931386641392],[121.52221706772237,25.109331901349183],[121.52218246000007,25.109308104000036],[121.52215708684497,25.109301097581504],[121.52218666348064,25.10931386641392]]],[[[121.51941454698797,25.10391427419154],[121.51949049735009,25.103949518705512],[121.51965789237613,25.104041468665613],[121.51971274136636,25.10407793974376],[121.5196498590001,25.104028263000032],[121.519512426,25.103949369000077],[121.51941614762647,25.103911683129308],[121.51941454698797,25.10391427419154]]],[[[121.51996469599591,25.104347339998387],[121.5200722682394,25.10457942807005],[121.5202374392376,25.10487676584775],[121.52046053242921,25.10531609088121],[121.52063443880313,25.1056085256838],[121.5205406760001,25.10541991700006],[121.52046396900005,25.105281674000025],[121.52045275600007,25.105261466000055],[121.52030199300007,25.10497850700005],[121.52015118300004,25.10468421700006],[121.52001283400011,25.104389865000027],[121.51996274100009,25.104333343000064],[121.51991255100006,25.10425413700005],[121.51990012258761,25.104242916549854],[121.51996469599591,25.104347339998387]]],[[[121.5176536127787,25.100475735676397],[121.51763798485412,25.10066311497591],[121.51756451551077,25.101019964955817],[121.51756779248024,25.10110495252189],[121.51759772400011,25.100943175000047],[121.51764671800005,25.100738890000063],[121.51768338900003,25.100568672000065],[121.51767044700011,25.100455317000073],[121.51764320611991,25.100397080845205],[121.5176536127787,25.100475735676397]]],[[[121.51846933344238,25.10338207540444],[121.5185223855632,25.103460904208962],[121.51845263283006,25.103343005890256],[121.51846933344238,25.10338207540444]]],[[[121.51854510196164,25.10349465789325],[121.51854913765776,25.10349671351368],[121.51854321219247,25.103491849937026],[121.51854510196164,25.10349465789325]]]]}},{"type":"Feature","properties":{"河流":"貴子坑溪","縣市":"臺北市","行政區":"北投區","區域":"臺北市北投區"},"geometry":{"type":"MultiPolygon","coordinates":[[[[121.49307325797348,25.147173026856237],[121.49307045042899,25.147168522077667],[121.49305676763447,25.147157282304967],[121.49304212800597,25.14713927453241],[121.49302379596031,25.147128050224865],[121.49301539132252,25.14711904994569],[121.493002948337,25.147107806040747],[121.49299980386228,25.147096531198603],[121.49299512762501,25.14708977557391],[121.4929910712887,25.147083017886615],[121.49298298559923,25.147076273604135],[121.49298568105988,25.147130434096475],[121.49298627467405,25.147279398133787],[121.4929675925337,25.147335886812726],[121.4928421979339,25.14752589711686],[121.4923622727699,25.148042103254827],[121.49223119452292,25.14828404472704],[121.49202487801622,25.148702287208863],[121.49201977187496,25.14871199367513],[121.49207204138453,25.148731874988716],[121.49239501544305,25.148091649787567],[121.49294988103996,25.147480397636897],[121.49301581479143,25.147380867573894],[121.49307325797348,25.147173026856237]]],[[[121.4916030553068,25.149644884733622],[121.49167521244381,25.14947310806178],[121.49183150209525,25.149179170364157],[121.49198784510226,25.148898774855716],[121.49204228634082,25.148790857592687],[121.49198999200902,25.148768603380336],[121.49173109019969,25.149260758306188],[121.49162497284568,25.14946650375751],[121.4915688435596,25.14961565652481],[121.4914823552668,25.15008089934992],[121.49141206762438,25.150410666423962],[121.49129373168806,25.150615074235432],[121.49133879371877,25.1506344084486],[121.49146692994994,25.150410484160254],[121.49147704581759,25.150304367633012],[121.49155766135085,25.149999394818],[121.4916030553068,25.149644884733622]]],[[[121.49126188013902,25.150670092956844],[121.49105989422708,25.151018991865246],[121.49098340180794,25.151269782417888],[121.49096135519575,25.151362396314155],[121.4910027067148,25.1513622587507],[121.4910334534994,25.151228988600973],[121.49109814488939,25.151050464022738],[121.49113955789028,25.150941986403655],[121.49130629919954,25.150685474526668],[121.49126188013902,25.150670092956844]]],[[[121.49081065448314,25.153816350569176],[121.49073563753049,25.15373760262842],[121.49070756968243,25.153694811538205],[121.49067951981333,25.15365653454979],[121.49066509961808,25.153615955044607],[121.49065218438466,25.153564085085844],[121.49064490760713,25.153293258903805],[121.49064395591573,25.153054010854035],[121.49061207464118,25.15290966346078],[121.49057360335792,25.152745024190256],[121.49053498857347,25.152544271948273],[121.49053453080674,25.152429161995176],[121.49056540648651,25.152320719014323],[121.49072830070351,25.152049326323237],[121.49082184742629,25.15187747632828],[121.49089675113237,25.151694402988923],[121.49097769216198,25.15147068203776],[121.49098603312123,25.151434529116155],[121.49094474757443,25.151432161887268],[121.49091511097234,25.15155665962865],[121.49078403177941,25.151877602215475],[121.49062551334715,25.152158008649824],[121.4905214362616,25.152332150801307],[121.49049732593572,25.15242702874054],[121.49049728040997,25.152571482523513],[121.49053589513943,25.152772234791303],[121.49060491797096,25.153058655053098],[121.49061442205615,25.153577753434714],[121.49064149238113,25.153681489231115],[121.49071497734718,25.153764756528574],[121.49079033121734,25.153850274613248],[121.49087867243543,25.154005718967177],[121.49090424715129,25.154123002111806],[121.49092493873687,25.154337356183547],[121.49101903950204,25.15453792289773],[121.49109879551077,25.154639226223907],[121.49106553456348,25.154537768151283],[121.4909639501404,25.154325940612697],[121.49094419738071,25.154113840520136],[121.49091864957852,25.154003328559366],[121.49081065448314,25.153816350569176]]],[[[121.47606266028008,25.130206801880124],[121.47617663724982,25.130427615417755],[121.4764066417201,25.13067739118194],[121.4764689935323,25.130771981335847],[121.47661345701074,25.131182282059434],[121.4767734938742,25.13137134666444],[121.47696018545535,25.131560323953153],[121.47712227082782,25.131717783520884],[121.47725998117069,25.13182341182153],[121.4774998519212,25.131978359552882],[121.47760106490146,25.132023168183686],[121.47779014646304,25.13210831491868],[121.47814908872535,25.132276412005762],[121.47850318835366,25.132473863968738],[121.47888662561678,25.13272312872645],[121.47911893319262,25.132844241983463],[121.47952472477986,25.13302346576322],[121.47983268451414,25.133151100022193],[121.48030685933851,25.133300756137025],[121.48039492557895,25.13331175102534],[121.48036350709488,25.13328251403897],[121.47985335317152,25.13312620554698],[121.47915323911546,25.13281930282401],[121.47889672136169,25.132689241230395],[121.47845674406018,25.132406307460112],[121.47809926180562,25.132215637313426],[121.47753848885982,25.13195114930157],[121.47742511001167,25.131886067515424],[121.4771277275116,25.13168616784143],[121.47697345152037,25.131544481684738],[121.47664598239565,25.13117766189556],[121.47649871201635,25.130762856394043],[121.47644729482582,25.13069080048147],[121.47626300657602,25.1304815015343],[121.47620069860682,25.130398196069084],[121.47615851001947,25.13030805399207],[121.47606231224711,25.130116523354836],[121.47604774168133,25.130090445140358],[121.47602232269993,25.13011439682283],[121.47601507080486,25.130119538769183],[121.47606266028008,25.130206801880124]]],[[[121.4750689042072,25.129131205586496],[121.47474459263067,25.128856909313075],[121.47459566139615,25.128733259608822],[121.4744511455885,25.128548656143213],[121.47440056532588,25.128451769691686],[121.47438758995854,25.128381844806942],[121.47437283985133,25.12825324357405],[121.4743420221476,25.12797573230465],[121.47430188021063,25.12736646948013],[121.47427434051286,25.127134085774927],[121.47423564387707,25.126901738286318],[121.47420762252388,25.12662421558739],[121.47400804509762,25.126302109535978],[121.47396364136317,25.12619843059554],[121.47387420629515,25.12590756470294],[121.47381004737228,25.12558050419867],[121.47376856358893,25.125348165096057],[121.47377697599536,25.12511566415893],[121.47377481758744,25.124792916454773],[121.47370919564956,25.12456968351865],[121.4736821475258,25.124547200887783],[121.47370926370593,25.124668992459934],[121.47373710288267,25.1248178659771],[121.4737249959195,25.12521965587842],[121.47372019129395,25.12534155086811],[121.47381019179234,25.125862631912725],[121.47389406527738,25.126158030013723],[121.4739769154244,25.126347351099028],[121.47405669288096,25.12646220024283],[121.47416990711974,25.1266491653872],[121.47418974138603,25.12689285939079],[121.47422851533578,25.12714551987353],[121.47430700081298,25.127975846273934],[121.47433795694465,25.12828946920941],[121.47435747710534,25.128449652992217],[121.47445509854512,25.12860958237268],[121.47457809959523,25.12876040087003],[121.47477185096264,25.1289335584954],[121.47516512299055,25.129248255496005],[121.47534227662015,25.12937632595917],[121.47559497794553,25.12956508805895],[121.47573622447257,25.129704560006587],[121.47586975797232,25.129853084887042],[121.47598686919146,25.130067826838253],[121.47601822136556,25.130037610272918],[121.47591126243705,25.12984617814404],[121.47568003743761,25.12960092195913],[121.47564644346994,25.129569433842757],[121.47539901948912,25.129382911626788],[121.4750689042072,25.129131205586496]]],[[[121.4725514631146,25.122979011444382],[121.47248153577878,25.1229830702168],[121.47248647094652,25.122986944985044],[121.4726668680714,25.12307664395057],[121.4725514631146,25.122979011444382]]],[[[121.47243588864396,25.12281469971855],[121.47240152909487,25.122751097189944],[121.47233273299986,25.122755227340896],[121.47236619453228,25.12281889182157],[121.47243588864396,25.12281469971855]]],[[[121.47211852808249,25.121737734247624],[121.4715849906036,25.12127675800555],[121.47125837863159,25.120955050425003],[121.47117525269483,25.1208537503669],[121.47093023578103,25.1204730957205],[121.47087908983809,25.12038749183698],[121.47041737250488,25.11973668223033],[121.47014096730723,25.11941254966457],[121.4700857943976,25.119326957706523],[121.47001353973927,25.119148880840317],[121.46998287778023,25.119153492808902],[121.47007709618073,25.119403725409473],[121.47022999053462,25.119599600881774],[121.47050833262993,25.11994404011245],[121.47081833377024,25.120383172385743],[121.47093999227457,25.120594944945505],[121.47116056506728,25.12090345248284],[121.47141080507495,25.121189293215064],[121.47173024821339,25.121499737846932],[121.47192507599075,25.121636790346276],[121.47210849792172,25.121789678365],[121.47220352184776,25.121922537410757],[121.47223371686576,25.122039805943214],[121.47225233234394,25.12220902354715],[121.47230356706748,25.122617089314794],[121.47236568331257,25.12261337118945],[121.47234507243874,25.12247505461781],[121.4723240585521,25.122163651709908],[121.47224688231327,25.121915626628557],[121.47211852808249,25.121737734247624]]],[[[121.47023126670567,25.118292766439737],[121.470164797912,25.118252351923093],[121.47012039916426,25.118229923211285],[121.4699608085276,25.118230431885618],[121.4697888224969,25.118230979876316],[121.46966629035566,25.11819751472353],[121.4696280639136,25.118168295065423],[121.46961351635962,25.118172855450037],[121.46960113799621,25.118177408926606],[121.46959250377438,25.118188721572366],[121.46957670816803,25.1181910288984],[121.46956929646319,25.118197823590066],[121.46956312429596,25.118204614334974],[121.46955881143592,25.11821139915983],[121.46976786101017,25.118260388029423],[121.4699609703741,25.1182733148917],[121.47003347491528,25.11827082677574],[121.4701050497975,25.118268341589218],[121.47020626831682,25.11831993045949],[121.47024891012109,25.118369449026734],[121.47025671396173,25.118466476210262],[121.47021487641425,25.11854786256376],[121.47016717645728,25.11863603877037],[121.47025093399556,25.11857708886987],[121.47030472063581,25.118459552001575],[121.47029225141553,25.11835802566891],[121.47023126670567,25.118292766439737]]]]}},{"type":"Feature","properties":{"河流":"貴水二溪","縣市":"臺北市","行政區":"北投區","區域":"臺北市北投區"},"geometry":{"type":"MultiPolygon","coordinates":[[[[121.48600398411737,25.120852878147563],[121.48589977791632,25.119966236160927],[121.4857956798319,25.11910667705616],[121.48574353425533,25.118691567871615],[121.48571762544157,25.11848626949878],[121.48547912121512,25.116487642246888],[121.48538285182133,25.1164914220448],[121.48538380860401,25.11649898122008],[121.48560307943272,25.118200011979983],[121.48576569597213,25.119519799796745],[121.48591588555358,25.12083059895562],[121.48600290413309,25.121523198965413],[121.48605938433973,25.12178456317441],[121.48613852067672,25.12177688855624],[121.4861014430305,25.121599610779825],[121.48600398411737,25.120852878147563]]],[[[121.48530745301515,25.115048002922407],[121.48533021547075,25.115005045669935],[121.48537662617348,25.114986837244494],[121.48535797142775,25.114971099852532],[121.48532476130893,25.11495766730992],[121.48528789474203,25.11496004555572],[121.48526151080867,25.11494884751042],[121.48524378571814,25.11493310704579],[121.48521400200927,25.11492417714141],[121.48517550627336,25.11490624801573],[121.48513827665369,25.114895085616883],[121.48515600172328,25.114910826094487],[121.48520640579616,25.114962570562085],[121.48528706665121,25.115616825599872],[121.48532996519171,25.11596651429342],[121.48537435463345,25.116420882810694],[121.48547146602114,25.116423491658256],[121.48537570991195,25.115621047905215],[121.48530745301515,25.115048002922407]]]]}},{"type":"Feature","properties":{"河流":"陽明湖","縣市":"臺北市","行政區":"北投區","區域":"臺北市北投區"},"geometry":{"type":"Polygon","coordinates":[[[121.54850984612445,25.149541790253707],[121.54842338872828,25.1495466233069],[121.54839404350672,25.14956930153129],[121.54837800624858,25.149587416658196],[121.54837600744668,25.149625792929786],[121.54838315819147,25.14970024734325],[121.54837873000473,25.149749917547542],[121.54833806711997,25.149806492424666],[121.54830629241337,25.1498404645605],[121.54829969449192,25.149890142764843],[121.54830181554594,25.14994881677754],[121.5483093645794,25.14997361613464],[121.54834563946677,25.14997573933915],[121.54837967481811,25.149962071539047],[121.5484228677552,25.149916772228497],[121.54845908237323,25.149905353621826],[121.54852510305908,25.14990510997262],[121.54853420063516,25.149859936517228],[121.54855193674807,25.149805703200943],[121.54857691244793,25.149776270093483],[121.5486201956409,25.149751283389975],[121.54864513107725,25.149712822442236],[121.54866749632573,25.149654058031295],[121.54866514558782,25.149613440816026],[121.54863984810301,25.149570651318303],[121.54861923013807,25.14953461552469],[121.54858049579734,25.14953701550019],[121.54850984612445,25.149541790253707]],[[121.5485443333681,25.14962968573367],[121.54854226423652,25.14965226331072],[121.54853087632547,25.149670361293982],[121.5485061603183,25.149688508466234],[121.54847426505057,25.14969539715913],[121.54844694873817,25.149686469990115],[121.54843072045912,25.14966170294264],[121.54842879035307,25.14964591110754],[121.54843522904524,25.14963008839014],[121.54844879671013,25.14961423936453],[121.54846917333506,25.149596108215704],[121.54849642929774,25.149591493638862],[121.54852842508608,25.14960717450917],[121.5485443333681,25.14962968573367]]]}},{"type":"Feature","properties":{"河流":"馬槽溪","縣市":"臺北市","行政區":"士林區","區域":"臺北市士林區"},"geometry":{"type":"MultiPolygon","coordinates":[[[[121.57337643015843,25.193757530704094],[121.57331624262441,25.193552382418737],[121.57324474953519,25.19344884053148],[121.57299004415619,25.193221877632567],[121.57287860284566,25.193195226693728],[121.57275415992846,25.193173139990215],[121.57250452387295,25.193167337290262],[121.57239936870022,25.193158717178548],[121.57233420166904,25.19314768504081],[121.57210232070308,25.193026708274484],[121.5720969148889,25.193018304225888],[121.57211177500005,25.193101166000076],[121.57239249256514,25.193194855041686],[121.5726751879544,25.193193758850047],[121.57281726239621,25.19320674942251],[121.57295580664622,25.193260378608183],[121.57308243844679,25.19335242197212],[121.57318551588925,25.19344681357705],[121.57325700891387,25.193550355506634],[121.57332091991603,25.193690037950713],[121.57334499383974,25.193798277839093],[121.57336126308526,25.193895263302647],[121.57332745654162,25.193937008724678],[121.57333014655643,25.193946616285427],[121.57334104221898,25.19394725160465],[121.57335071797229,25.193960755690618],[121.57337526649106,25.193971945049984],[121.57339607297764,25.193978635051703],[121.57342458882115,25.193976267315453],[121.57344199514122,25.193985227465774],[121.57345817178428,25.193996449336517],[121.57348548975393,25.19400311402206],[121.57343622577113,25.193879173456942],[121.57337643015843,25.193757530704094]]],[[[121.56916639733194,25.190395135253585],[121.56911477708668,25.190296025853826],[121.56904724298755,25.190242117422112],[121.56892860133232,25.190199690189434],[121.56888528946247,25.190181057111705],[121.56885522474232,25.190214921495762],[121.56902942682741,25.190278297746232],[121.5691772818197,25.190472988687123],[121.56923427161318,25.190501961091435],[121.56916639733194,25.190395135253585]]],[[[121.56802136951222,25.18960055367425],[121.56796092302373,25.18946987968937],[121.56788330126,25.189379897406493],[121.5676219977182,25.18919582502966],[121.56741226871915,25.189034124612167],[121.56725351209258,25.18883160281497],[121.56713748369361,25.188683085193052],[121.56706558762386,25.188556968549708],[121.56705685160124,25.188478007111126],[121.5670777975356,25.188380876121034],[121.5672384246242,25.188048482943586],[121.56725984202888,25.18785204229972],[121.56726005326912,25.187696308752553],[121.5672796961456,25.18758564075251],[121.56731005534677,25.1874455907803],[121.56737633618413,25.18722866542445],[121.5674229533028,25.18711789414979],[121.56746613114225,25.1870680749288],[121.56767012866854,25.186929617010787],[121.56775713530732,25.186836746926584],[121.56781182358473,25.186728201634786],[121.56805740673195,25.18633002942708],[121.56821080154619,25.18617822280401],[121.56827456393356,25.18608769855749],[121.56828385177356,25.18601769609035],[121.56828656700102,25.185934176020236],[121.56821500444966,25.185812570968665],[121.56810342710646,25.185754315968563],[121.56784945514624,25.185678550252963],[121.56777917667713,25.18563367896468],[121.5677197291111,25.18558425211502],[121.5676652094907,25.185460324554615],[121.56763669063675,25.185259558566106],[121.56764210356066,25.185155714693124],[121.56769397132759,25.18504040776672],[121.56776034009212,25.184976956840146],[121.5678831057965,25.184906518720727],[121.56796906959042,25.184856534754825],[121.56799957689292,25.184815791380995],[121.56803539465166,25.18471634497953],[121.56806457951286,25.18432125361485],[121.56809938656943,25.183935168756165],[121.56809032916634,25.183786239765173],[121.56806160586777,25.183675755609002],[121.56794719679877,25.183540772622866],[121.56780848179193,25.183446509175646],[121.56758741034376,25.183377388400427],[121.56744009773348,25.183301213781483],[121.5673713294602,25.183247308529594],[121.56729841650666,25.183168591845515],[121.56727691844576,25.18307839315995],[121.56726589949045,25.182974612201136],[121.56729706674348,25.182875183763354],[121.56735581709044,25.18277339266009],[121.56737109952674,25.182658225848545],[121.56726189206088,25.182103415855924],[121.56724409392004,25.182008688951107],[121.56717678323616,25.181934464860138],[121.56710962831598,25.181894095524484],[121.56700040175643,25.18187420043313],[121.5669451632268,25.18186312673904],[121.56677108592368,25.181764483819936],[121.56668823342127,25.181749001643766],[121.56653911596013,25.181751829078493],[121.56646027324093,25.18173181739333],[121.56642357484434,25.181707130466968],[121.56631621651553,25.18148635260208],[121.56607838708753,25.18127735732359],[121.56615355040744,25.18137412261874],[121.56627682120339,25.18148198914798],[121.56640016751909,25.18174107533458],[121.56645547851517,25.181767948114715],[121.56650294529742,25.181774537658928],[121.5665857459505,25.18177873501511],[121.56665669260386,25.181767178502785],[121.56672774296007,25.181778191803627],[121.56686646561391,25.181874713049048],[121.56699281684858,25.181910341864366],[121.56709553265188,25.181930261889587],[121.56719439446572,25.181988566031418],[121.56722627783007,25.18204486957688],[121.56727479475644,25.18234712516994],[121.56732374657425,25.182676463391104],[121.56730834987978,25.182766803354927],[121.56726922402149,25.182821121772303],[121.56722240043906,25.18295446551961],[121.56723500211187,25.183132722240266],[121.56728290553032,25.18323410495711],[121.56750463974642,25.183379962470813],[121.56778105438673,25.183482726688506],[121.56792755163919,25.183583731412103],[121.56802281944493,25.183669133220988],[121.56805867367596,25.18377959004477],[121.56804442107413,25.184118198564583],[121.56802590724983,25.184339458056268],[121.56801859468237,25.184501991934546],[121.567999625172,25.184691654790594],[121.56796072773558,25.18479562703492],[121.56792560093834,25.184843159178193],[121.56786034725103,25.184881234798492],[121.56784744100001,25.184892446000045],[121.56782945750669,25.184899258990516],[121.56773481246988,25.18495448437702],[121.567665952951,25.18501568780711],[121.56760331668774,25.185149092160383],[121.56760020911486,25.185282268522904],[121.56762483238101,25.18551239075273],[121.56770042477953,25.18563398059607],[121.56783881138367,25.185723731527265],[121.56791795654821,25.18574148452135],[121.56804431208343,25.185777112769276],[121.56815889629381,25.185815043059158],[121.56823029236989,25.185900536362634],[121.5682465208582,25.18599075517586],[121.56822702219901,25.186065310847845],[121.56819189593848,25.186112842398565],[121.56818276645402,25.186121698597674],[121.56818039800011,25.186144180000042],[121.56812019900008,25.186190184000054],[121.56808215218074,25.18622665094167],[121.56801916639176,25.18630760600965],[121.56795364769278,25.186420706850008],[121.567854573397,25.18658584712597],[121.56774107245008,25.18678264055107],[121.56763711733943,25.18689814549285],[121.56761590913855,25.18691166414405],[121.567589085,25.18693723000007],[121.56750881200003,25.18699704000006],[121.56745795363524,25.187020404269216],[121.56733779346135,25.187140790108128],[121.56731690796428,25.187183752981582],[121.5673006236636,25.187283123149424],[121.56727874009013,25.187445710643402],[121.56722906632798,25.1876332314567],[121.56721904001989,25.187879282422706],[121.56721046768918,25.188037304966777],[121.56706589047009,25.188353837729476],[121.56700725319962,25.188480453889902],[121.56700756562093,25.188548162583135],[121.56705538944114,25.188631488449122],[121.56710879434202,25.188714792935812],[121.5672496063955,25.188858701717088],[121.56732423253293,25.189003588415247],[121.56762541300009,25.189351762000054],[121.56762769607607,25.189355417485835],[121.56762756343758,25.189326709438944],[121.56764824344106,25.189306317257824],[121.56768295945236,25.189303927262323],[121.56774662554065,25.189326253282545],[121.56781476807454,25.18937790305591],[121.56789420839283,25.189458850428135],[121.56792769761823,25.18952643191762],[121.56797120267053,25.189614287956864],[121.56798119591113,25.189648884021366],[121.56805969347093,25.189672614244003],[121.56802136951222,25.18960055367425]]],[[[121.56881284436267,25.190149890664024],[121.56873100596154,25.190114683077038],[121.56871952400323,25.190110060164805],[121.5687767126164,25.19018630288171],[121.56881284436267,25.190149890664024]]]]}},{"type":"Feature","properties":{"河流":"馬槽溪","縣市":"臺北市","行政區":"北投區","區域":"臺北市北投區"},"geometry":{"type":"MultiPolygon","coordinates":[[[[121.57207046138758,25.192977178761215],[121.57205458820685,25.19289824692975],[121.57201452987583,25.192819408769573],[121.57196306255163,25.192754156485346],[121.57187597996167,25.19269806989124],[121.57184012170163,25.19265532662385],[121.57178926415448,25.192587814921275],[121.57173635622226,25.192479685955078],[121.57169689734258,25.192396331387698],[121.57163357410164,25.192315326098505],[121.57160947743695,25.19226802330009],[121.57156195708235,25.19218469984587],[121.57151805204158,25.192078792824013],[121.57147777288752,25.191952559147264],[121.57144602382814,25.19186014677708],[121.57141705077186,25.191830918404893],[121.57130738107719,25.191718494676888],[121.57118435785894,25.1916016085139],[121.57102199921587,25.191493902003838],[121.57072496731467,25.191230985183296],[121.57062008694542,25.191147882612817],[121.57050730302336,25.191098664688838],[121.5703769399004,25.191069826268286],[121.57023486814147,25.19105683152403],[121.5701163716783,25.19104600286008],[121.5700018534505,25.191023873981486],[121.56986749635874,25.190936369440177],[121.56969293123478,25.190803880136816],[121.5695426669257,25.190696123730387],[121.56941618820998,25.1906356719344],[121.5693369019581,25.190588580432888],[121.56923792437334,25.190507710083953],[121.56923427161318,25.190501961091435],[121.5691772818197,25.190472988687123],[121.56918665967633,25.190485337136046],[121.56926584542722,25.190577568675693],[121.56938066774508,25.190665148984788],[121.56952707449193,25.190743579898644],[121.56968383963843,25.190849054349822],[121.56997839390031,25.19104653387145],[121.57008492417069,25.191084492237984],[121.57031014534368,25.19110845179338],[121.57050347227448,25.191141561682038],[121.57057459221811,25.191166113908288],[121.57071708480964,25.19126938392178],[121.57095096335898,25.19148740558128],[121.57130625686133,25.191743325539562],[121.57142783560829,25.19188278667185],[121.5714983873514,25.192117237128542],[121.57159792720833,25.192317720990726],[121.57168186252296,25.192430243886506],[121.57177707273104,25.192633001188224],[121.57183666494984,25.192711763838343],[121.57192375809346,25.192770107369636],[121.57197918230892,25.192819545678145],[121.57203491300331,25.192934434381062],[121.5720551905132,25.193026890866552],[121.57188994964572,25.19296659319707],[121.57172322200263,25.192919842778128],[121.57152539287178,25.19285289991553],[121.57134360305871,25.192767839035568],[121.57110239061822,25.19264012547793],[121.57092415371764,25.1925189388603],[121.57081946591347,25.19241100948214],[121.5707372068926,25.19219240235412],[121.57067691148946,25.192095586049938],[121.57054517515995,25.191971962076316],[121.57039252272357,25.191884528873093],[121.57023380032244,25.191758750392673],[121.57008869447804,25.191560696517072],[121.5699434524183,25.191333302442647],[121.56980919474269,25.191200658278177],[121.56957929098657,25.191036784292375],[121.56929937338633,25.190852789397425],[121.56910602685345,25.190682003065625],[121.56874171281257,25.19034277914051],[121.56871213614903,25.19037609366009],[121.56889483383623,25.19054062546531],[121.56925943842363,25.190866484652737],[121.56972954012674,25.19120773558426],[121.56985607768532,25.191347180423353],[121.57017900310844,25.191777017077406],[121.57052393986767,25.192139059035046],[121.57058366770357,25.192247162475013],[121.57061177955568,25.19235764489347],[121.57065542039285,25.192407129406348],[121.57077025587948,25.19249696405936],[121.57087699825469,25.1925800589858],[121.57112232546955,25.192725812745973],[121.5712491277839,25.192788517104173],[121.57169970585325,25.19299667025039],[121.57232417033462,25.19319060598828],[121.57237535262934,25.19319492148685],[121.57239249256514,25.193194855041686],[121.57211177500005,25.193101166000076],[121.5720969148889,25.193018304225888],[121.57207046138758,25.192977178761215]]],[[[121.57332642654416,25.193938280598555],[121.57330475344015,25.193945135625636],[121.57333014655643,25.193946616285427],[121.57332745654162,25.193937008724678],[121.57332642654416,25.193938280598555]]],[[[121.56837918269645,25.189935473666345],[121.56820647335157,25.189800716450122],[121.56807767057664,25.189706416576445],[121.56805969347093,25.189672614244003],[121.56798119591113,25.189648884021366],[121.56799073935954,25.18968192290967],[121.56799233139522,25.189690944785813],[121.56798990310443,25.189702239068655],[121.56798527309577,25.18970677080727],[121.56794246413077,25.189702420917783],[121.56786605407282,25.189673372856287],[121.56778681180492,25.189635307626006],[121.56773551656622,25.189606163248065],[121.5676950421083,25.189570206406472],[121.56766444782517,25.18952518371863],[121.56764731884186,25.189441740517502],[121.56762775113638,25.18936733463572],[121.56762769607607,25.189355417485835],[121.56762541300009,25.189351762000054],[121.56732423253293,25.189003588415247],[121.56736098689787,25.189074946896568],[121.56754011949556,25.189392497264535],[121.56759987231281,25.189507375143577],[121.56768727260794,25.189633432039564],[121.56795787613883,25.189749758731573],[121.56805152738087,25.189819366544807],[121.56817363111423,25.189873066222024],[121.56830842973436,25.189989912939225],[121.56855793664927,25.19023722501484],[121.5686494665945,25.190319654917644],[121.56868360754495,25.19028161846306],[121.56859086232012,25.190182930800663],[121.56857307396639,25.190158172133877],[121.56857080951212,25.190137867878153],[121.568571955717,25.19011755053343],[121.5685799859275,25.19011074873422],[121.56860422283843,25.190121940688353],[121.56863653176113,25.19013535865132],[121.56877667243154,25.190186343378482],[121.5687767126164,25.19018630288171],[121.56871952400323,25.190110060164805],[121.5685533174062,25.19004314125623],[121.56837918269645,25.189935473666345]]],[[[121.56782945750669,25.184899258990516],[121.56784744100001,25.184892446000045],[121.56786034725103,25.184881234798492],[121.56782945750669,25.184899258990516]]],[[[121.56810546862566,25.186196682491147],[121.56808215218074,25.18622665094167],[121.56812019900008,25.186190184000054],[121.56818039800011,25.186144180000042],[121.56818276645402,25.186121698597674],[121.56810546862566,25.186196682491147]]],[[[121.56748038040732,25.18699805349208],[121.56746217079959,25.187016179178862],[121.56745795363524,25.187020404269216],[121.56750881200003,25.18699704000006],[121.567589085,25.18693723000007],[121.56761590913855,25.18691166414405],[121.56748038040732,25.18699805349208]]]]}},{"type":"Feature","properties":{"河流":"鹿角坑溪","縣市":"臺北市","行政區":"士林區","區域":"臺北市士林區"},"geometry":{"type":"MultiPolygon","coordinates":[[[[121.58372126358066,25.194603743773126],[121.58371454495247,25.19459701112408],[121.58337829500402,25.194794697765495],[121.58371555498863,25.19459641730524],[121.58368444801003,25.194556494265267],[121.58366937296393,25.19458138113528],[121.58359548052861,25.194626815464623],[121.58341212301038,25.194735881601645],[121.58325629734541,25.194831295779313],[121.58319024282856,25.194894754278188],[121.58311261837834,25.194937946115605],[121.58294980896129,25.194999533114135],[121.58285564254287,25.195020221020894],[121.5827298266676,25.195036520985557],[121.58247063446271,25.1950443240283],[121.5823773766233,25.195060494048303],[121.58219736173008,25.195090551057337],[121.58207037099042,25.195116209538387],[121.58210611100003,25.195111460000074],[121.58225078300006,25.195087980000043],[121.58243704300001,25.195062852000035],[121.58249857500003,25.19504491500004],[121.5826222710001,25.19505379900005],[121.582745756,25.195047760000023],[121.5828691260001,25.195033697000035],[121.58297984100012,25.19501633400006],[121.58306037900002,25.195005064000043],[121.58315305300005,25.19496038200003],[121.58323139400011,25.19490318900006],[121.58327640089774,25.194876111676162],[121.58331187656131,25.194846872954557],[121.58332418062297,25.194840046996347],[121.58332169216081,25.194842132391077],[121.58340620813229,25.194798016257028],[121.58344860200009,25.194772511000053],[121.58352789700008,25.19472989200006],[121.5836147340001,25.19468150500006],[121.5836927690001,25.194638882000056],[121.58372435518976,25.194619109032978],[121.58372126358066,25.194603743773126]]],[[[121.57980256725679,25.194999602029345],[121.57988372100012,25.195066332000067],[121.57994765278774,25.195106524285045],[121.57994765278772,25.195106524285013],[121.5800109490001,25.19514631700002],[121.58013300300001,25.195217194000065],[121.58036116900007,25.19530171200006],[121.5805472080001,25.19535002800006],[121.5807276390001,25.19535824100007],[121.58089145300005,25.195350593000057],[121.58101981900006,25.19533301600007],[121.581177163,25.19531397100007],[121.58132599200009,25.195316826000067],[121.58146567200005,25.19529682300003],[121.58155621500009,25.19527970100006],[121.58168777800006,25.19522078300002],[121.58180188400003,25.195175853000013],[121.58188504396689,25.195150878806963],[121.58180885837504,25.195162062391784],[121.58159729060583,25.195208042792785],[121.5812484442712,25.195272623937395],[121.58070116918209,25.195342505696374],[121.58052311997187,25.19532967045815],[121.58041506289402,25.19529850090276],[121.58019539935044,25.195206833420386],[121.58003070527674,25.19513300425021],[121.57992185707965,25.195065725323786],[121.57955776380508,25.194741376363577],[121.57956793100004,25.19476022400005],[121.57965874400007,25.19485095100003],[121.57973906197775,25.194945832648916],[121.57974338200006,25.19495093600006],[121.57974728899895,25.194954148592732],[121.57980256725683,25.194999602029377],[121.57980256725679,25.194999602029345]]],[[[121.5793709730001,25.194297810000023],[121.57937777675295,25.194305777024056],[121.57936549802233,25.194266704843425],[121.57932133827563,25.194174344299963],[121.57925323943589,25.194133987904973],[121.57915761919209,25.19410953863285],[121.57907583502647,25.194125659745463],[121.57899577260073,25.19417788512765],[121.57899201281593,25.194180794872292],[121.579084824,25.19412558600004],[121.57917170000009,25.19411654400006],[121.57927829900007,25.194164641000043],[121.5793268750001,25.19421111800005],[121.5793709730001,25.194297810000023]]],[[[121.57887024600005,25.194287591000034],[121.57893835378681,25.19422232226844],[121.57863523448908,25.194456910097518],[121.57849860981432,25.1944822746654],[121.57822287969746,25.194533013166392],[121.57814189711038,25.194587498563617],[121.57810857978339,25.19462664625621],[121.57812976800007,25.194620974000035],[121.57827188600005,25.194595222000032],[121.57838127500007,25.194573288000075],[121.57853557800001,25.194517551000047],[121.57868947500005,25.194433144000065],[121.57887024600005,25.194287591000034]]],[[[121.57653315100004,25.195223661000057],[121.57663952200005,25.195255692000046],[121.5768242050001,25.195297141000026],[121.57685185270081,25.19530352283657],[121.57685225106127,25.195303506625542],[121.57700577057706,25.19530967455012],[121.577038317853,25.1953072897535],[121.57706465293555,25.195302672401954],[121.57707396249666,25.19530199636299],[121.57706440700768,25.195303547026505],[121.57709751028393,25.195300286374007],[121.57712693544096,25.195293399920452],[121.57712022825419,25.19529448836185],[121.5771244548354,25.19529340966602],[121.57714923953296,25.1952887983899],[121.57721145794339,25.195265984415638],[121.57726993406106,25.195238671216575],[121.57735240375096,25.195170638564154],[121.57741872807112,25.19509815541943],[121.5774255283572,25.19509361478514],[121.5774319971994,25.195084561549955],[121.57745928768641,25.195049868009836],[121.57746526905304,25.19504210808881],[121.57747052152725,25.19503475716954],[121.57747326029995,25.195031740649252],[121.57750517848235,25.194990331694225],[121.57755275600005,25.194922602000076],[121.57758199053788,25.19489067981205],[121.57759657274224,25.19487176163441],[121.57758199054182,25.194890679807745],[121.5776055857928,25.19486491534917],[121.57760558579282,25.19486491534917],[121.57764091700005,25.194826336000066],[121.57772837229707,25.194758110064658],[121.57767888167857,25.194769875625852],[121.57758366732236,25.19483118745415],[121.57733314731944,25.19509849179757],[121.57720557754216,25.195202812884695],[121.57711644666203,25.19523927429963],[121.57699310064464,25.19525330054154],[121.57677070172977,25.1952383752674],[121.57644024724725,25.19519227642501],[121.57627963881063,25.195195163538756],[121.57619972462435,25.195213532623242],[121.57606315185059,25.19525017946017],[121.57598630637793,25.19526176554119],[121.57594410411537,25.195255160163548],[121.57589277113796,25.19521925023035],[121.57583165537626,25.195147267444035],[121.5757632268504,25.195036945166645],[121.57574954207072,25.19496251967744],[121.57576050462737,25.194788692646807],[121.57579512866862,25.19463508527178],[121.57578416001229,25.194544850831722],[121.5757357576822,25.194472818628352],[121.57567938936091,25.194421130063592],[121.5755496295232,25.194390041538842],[121.57537420337003,25.194406525117326],[121.57518494133173,25.19444788787387],[121.5748873986458,25.194541581933684],[121.5748096556881,25.19455994034162],[121.57470983381785,25.19456484308697],[121.5746394262517,25.194560603449276],[121.5745779363882,25.194540530471023],[121.57447784891822,25.19448901059037],[121.5743060627942,25.194356519835118],[121.57418784289585,25.194273473076713],[121.5741205150388,25.194264707275643],[121.57398623310604,25.194260715774874],[121.57386402272785,25.19425216331881],[121.57378890070903,25.194234399893855],[121.57372857726249,25.1941985233403],[121.57360693666998,25.194113232327418],[121.57348548975393,25.19400311402206],[121.57345817178428,25.193996449336517],[121.57344199514122,25.193985227465774],[121.57342458882115,25.193976267315453],[121.57339607297764,25.193978635051703],[121.57337526649106,25.193971945049984],[121.57335071797229,25.193960755690618],[121.57334104221898,25.19394725160465],[121.57333014655643,25.193946616285427],[121.57334935600011,25.19401522400005],[121.57336348623662,25.19403612550672],[121.57337773373108,25.194035129938328],[121.57346942705145,25.194082169513905],[121.57349274593413,25.19409562056752],[121.57359135634886,25.194162945662438],[121.5737256250456,25.19423013203072],[121.57379871446031,25.194277243658796],[121.57389963607268,25.194308448390597],[121.57404163800499,25.19430563909825],[121.57416170981666,25.19432097053621],[121.57448087329665,25.19453865149596],[121.57454806131712,25.194583528666403],[121.5746374895641,25.194610263656507],[121.57472711100088,25.194612171502303],[121.57485604778566,25.19460038448124],[121.57494365989143,25.19457070289618],[121.57508848627782,25.19450920115156],[121.57528126569628,25.194490394133982],[121.5754316610565,25.19449206460221],[121.57554613101551,25.194502902022453],[121.57564078872302,25.194520586534658],[121.5756924953141,25.194570036454177],[121.57571634854213,25.19463088022239],[121.57572063516,25.194685029879537],[121.57571327627427,25.194834016485657],[121.57571117799698,25.19498072553188],[121.57571023596157,25.195043923711566],[121.57575421109908,25.195163369653827],[121.57582572979263,25.19527142287635],[121.57594841217684,25.195313823955182],[121.57601912011948,25.195315803660336],[121.57610618746341,25.195301920527527],[121.57613654290807,25.195295030627186],[121.57613776454086,25.195294771531728],[121.57616456739716,25.195289086913217],[121.57617212100003,25.195284102000073],[121.57623768407022,25.19526192266802],[121.57631267200007,25.19523655500007],[121.57638820000011,25.195227646000035],[121.57638869272317,25.195227632454074],[121.57640043252101,25.19522730970297],[121.57653315100004,25.195223661000057]]],[[[121.57750517844207,25.194990331751583],[121.5774705745677,25.195035224982682],[121.57748659865175,25.19501738034116],[121.5774934310001,25.195007055000076],[121.57750517844207,25.194990331751583]]],[[[121.57743171606677,25.195085638010926],[121.57742555486725,25.195093631230534],[121.57742799827454,25.195091348124485],[121.57743171606677,25.195085638010926]]]]}},{"type":"Feature","properties":{"河流":"鹿角坑溪","縣市":"臺北市","行政區":"北投區","區域":"臺北市北投區"},"geometry":{"type":"Polygon","coordinates":[[[121.57330475344015,25.193945135625636],[121.57324345494939,25.19396568623958],[121.57319200451717,25.19397039996132],[121.5731147547145,25.19396167217289],[121.5730340412047,25.19394167305376],[121.5728519379586,25.193856615953575],[121.57263820059727,25.193703972819133],[121.57250193545607,25.19360745254728],[121.57234443446184,25.193544868684768],[121.57222961390464,25.19352500125162],[121.57196353962911,25.193584713154674],[121.57188903486532,25.193632397820483],[121.57179968895262,25.193689167767108],[121.57158974312227,25.193816370322306],[121.57135796522229,25.19391657374778],[121.57123867267987,25.193935091153556],[121.5711437279827,25.193921916864568],[121.57098959592487,25.193850290618197],[121.57088134384301,25.193776229762854],[121.57067871356278,25.19354454660739],[121.5702361102471,25.193051979780016],[121.5700695764371,25.192847237826438],[121.56995312731559,25.19274386602269],[121.56986083753046,25.192701339055482],[121.56973331584359,25.192683774194922],[121.56963039461318,25.192688684182407],[121.569252480468,25.192769131578334],[121.56899626480107,25.192815255893606],[121.56868342197076,25.192886423964065],[121.56846053576528,25.19289856489253],[121.56825858732515,25.19287902758995],[121.56805300811725,25.192812107632072],[121.56789371299872,25.192763065541257],[121.56780405115657,25.19275212463961],[121.56770980116212,25.192754743083086],[121.56763647228155,25.192788878799014],[121.56756405261676,25.19281849706259],[121.56723366819125,25.193052231233246],[121.56713903840807,25.193106761103298],[121.56700134038473,25.19316822682375],[121.56689939057812,25.19318215915065],[121.5667133703335,25.19318738544219],[121.56651545251707,25.1931678303566],[121.56631059836262,25.19312347484394],[121.56616959755901,25.193074360854432],[121.56607719406148,25.193007005089257],[121.56589502146647,25.192838428666136],[121.56571423284105,25.19263373506495],[121.565556629598,25.192480862970893],[121.56545698014382,25.192388707570238],[121.56531821016095,25.192285416557112],[121.56519896687108,25.19224750313967],[121.56505188007195,25.192223237711843],[121.56492409045147,25.192214697348508],[121.5646258572398,25.192227119608535],[121.56440077916935,25.192234748528254],[121.56416784535361,25.19221983726406],[121.56397044463488,25.19217770657942],[121.56384017458997,25.192169174710976],[121.56371770821474,25.192171897911763],[121.56339021432419,25.192159602292346],[121.56329556059316,25.192141906521584],[121.56321249221791,25.192081284022535],[121.56308182794507,25.191986987746088],[121.56289995213767,25.191949310479117],[121.56273830341208,25.191927354982482],[121.5626668635285,25.19190054264947],[121.56261766555039,25.19185558994291],[121.56252807503951,25.191725025370705],[121.56245659297043,25.191621475726407],[121.56236532899412,25.19153154302841],[121.5622272045476,25.191500469654844],[121.5620641512755,25.191510116415607],[121.56189334687762,25.191587501867193],[121.56162494374362,25.191681056141416],[121.56147126455484,25.191706465614377],[121.56151350603544,25.19172210435447],[121.56163065947531,25.19171037524148],[121.56177434403908,25.19166920463913],[121.56190431309362,25.191612287067414],[121.5620063864169,25.191557732226418],[121.56206953633222,25.191534922779795],[121.56216812698302,25.191532291633425],[121.56226274893909,25.191543217375422],[121.5623459399199,25.191563214379894],[121.56242905926048,25.1916351221689],[121.56248864475155,25.19171389022062],[121.56258837508574,25.191891812897836],[121.5626553091164,25.191950240115464],[121.56276208632733,25.191974661196983],[121.56291193181792,25.191992147563912],[121.56302268811149,25.192005268424698],[121.56310161128009,25.192041080034556],[121.56320059682363,25.192124211866172],[121.56326001701134,25.192166868482776],[121.56338271186576,25.192213798325934],[121.5635024084647,25.19221559989373],[121.56381647606479,25.19220763356284],[121.56396661129187,25.1922206037526],[121.56407335783916,25.192238253014647],[121.56421927700447,25.192278322724373],[121.5643613089775,25.19228229546483],[121.56440476012729,25.192291157773493],[121.56445745302234,25.192354152280448],[121.56455417569329,25.19241697890883],[121.5646423704617,25.192445983337677],[121.56477664053155,25.19244772827586],[121.5648945474783,25.192397625073873],[121.56499281584244,25.192325026962415],[121.5650599235027,25.192286402330872],[121.56515447340742,25.192281527574874],[121.56527713789241,25.192321684941376],[121.56541963913106,25.192427218719505],[121.56558216228241,25.192571044411917],[121.56574065407234,25.19271488515121],[121.56596662192236,25.192966802391897],[121.5660892898646,25.19307466800738],[121.56625151105891,25.193153041535997],[121.56642937882656,25.1931952434309],[121.56657149476597,25.193217269211143],[121.56680441908146,25.193229919243493],[121.56699777644864,25.193202095023004],[121.56715496697912,25.193131526733676],[121.56758189399926,25.19285454014676],[121.56767043719444,25.192824860042226],[121.56772954488112,25.19279980671962],[121.56782039464699,25.19279945826802],[121.56794267648392,25.19282381580938],[121.56808493895275,25.19287743713093],[121.56818373964849,25.192919940293805],[121.5684877109535,25.19294134287384],[121.56866904815942,25.1929293615165],[121.5690402153236,25.192864740155656],[121.56935894912775,25.19279354871421],[121.5697375675258,25.192731154028834],[121.56984428321417,25.192742028085405],[121.56990331168002,25.192766627423577],[121.57000251770042,25.192829440370794],[121.57041496898837,25.193306327062366],[121.57057359434468,25.19347724417091],[121.57083140157454,25.193771909000382],[121.57091853725028,25.193839280711035],[121.57103952338626,25.193917806163387],[121.57112710020503,25.193946807728903],[121.57125060301755,25.193966642357232],[121.57136246446656,25.193950410657834],[121.57145561614517,25.193911681777863],[121.57158554993443,25.193847983918577],[121.5716758685631,25.19380023809401],[121.571762466269,25.193752506645694],[121.57183730238181,25.193709334634857],[121.5719396711909,25.193652514208413],[121.57205788509225,25.193602403187896],[121.57213655803805,25.193584042674154],[121.57220689080835,25.193572485306838],[121.57232723978989,25.19358104655964],[121.57245454779871,25.193618921073586],[121.57274543589475,25.193825431991606],[121.57288791357107,25.193924184756487],[121.57299079025117,25.193975695184662],[121.57305792424081,25.194009288733962],[121.57315258037852,25.194026976733657],[121.57327513227659,25.194042299361936],[121.57336348623662,25.19403612550672],[121.57334935600011,25.19401522400005],[121.57333014655643,25.193946616285427],[121.57330475344015,25.193945135625636]],[[121.56469020202243,25.19239614747297],[121.56459586837458,25.192380708332895],[121.56454084056298,25.192349320455666],[121.5644808100629,25.192308923717995],[121.56448102646537,25.1922886101043],[121.56449643620003,25.19226823857607],[121.56451436810443,25.192256885338196],[121.56456178768593,25.192252190614486],[121.56468055412277,25.192253994767924],[121.56483898843028,25.192251133578317],[121.56495771319807,25.192243909765352],[121.56498192974757,25.19225058830415],[121.5649804835827,25.192273163576612],[121.56494870283194,25.192307139455558],[121.56488504753183,25.192354778775155],[121.56480304607365,25.19239120316833],[121.56469020202243,25.19239614747297]]]}}]}