{
   "type": "FeatureCollection",
   "features": [
  {
    "type": "Feature",
    "geometry": {
       "type": "Point",
       "coordinates":  [ 121.4998912,25.0348867 ]
    },
    "properties": {
    "物種":"灌木類",
    "樹種":"九芎",
    "學名":"Lagerstroemia subcostata",
    "科別":"千屈菜科",
    "行政區":"萬華區",
    "河濱公園":"雙園",
    "數量":21
    }
  },
  {
    "type": "Feature",
    "geometry": {
       "type": "Point",
       "coordinates":  [ 121.4998912,25.0348867 ]
    },
    "properties": {
    "物種":"灌木類",
    "樹種":"九芎",
    "學名":"Lagerstroemia subcostata",
    "科別":"千屈菜科",
    "行政區":"萬華區",
    "河濱公園":"華中",
    "數量":1
    }
  },
  {
    "type": "Feature",
    "geometry": {
       "type": "Point",
       "coordinates":  [ 121.4998912,25.0348867 ]
    },
    "properties": {
    "物種":"灌木類",
    "樹種":"九重葛",
    "學名":"Bougainvillea spectabilis",
    "科別":"紫茉莉科",
    "行政區":"萬華區",
    "河濱公園":"雁鴨",
    "數量":2
    }
  },
  {
    "type": "Feature",
    "geometry": {
       "type": "Point",
       "coordinates":  [ 121.6068286,25.0546698 ]
    },
    "properties": {
    "物種":"灌木類",
    "樹種":"九重葛",
    "學名":"Bougainvillea spectabilis",
    "科別":"紫茉莉科",
    "行政區":"南港區",
    "河濱公園":"成美左岸",
    "數量":15
    }
  },
  {
    "type": "Feature",
    "geometry": {
       "type": "Point",
       "coordinates":  [ 121.5336277,25.0642508 ]
    },
    "properties": {
    "物種":"灌木類",
    "樹種":"九重葛",
    "學名":"Bougainvillea spectabilis",
    "科別":"紫茉莉科",
    "行政區":"中山區",
    "河濱公園":"迎風",
    "數量":1
    }
  },
  {
    "type": "Feature",
    "geometry": {
       "type": "Point",
       "coordinates":  [ 121.5336277,25.0642508 ]
    },
    "properties": {
    "物種":"灌木類",
    "樹種":"九重葛",
    "學名":"Bougainvillea spectabilis",
    "科別":"紫茉莉科",
    "行政區":"中山區",
    "河濱公園":"大佳",
    "數量":1
    }
  },
  {
    "type": "Feature",
    "geometry": {
       "type": "Point",
       "coordinates":  [ 121.5198273,25.0928568 ]
    },
    "properties": {
    "物種":"灌木類",
    "樹種":"九重葛",
    "學名":"Bougainvillea spectabilis",
    "科別":"紫茉莉科",
    "行政區":"士林區",
    "河濱公園":"雙溪",
    "數量":1
    }
  },
  {
    "type": "Feature",
    "geometry": {
       "type": "Point",
       "coordinates":  [ 121.4998912,25.0348867 ]
    },
    "properties": {
    "物種":"灌木類",
    "樹種":"九重葛",
    "學名":"Bougainvillea spectabilis",
    "科別":"紫茉莉科",
    "行政區":"萬華區",
    "河濱公園":"華中",
    "數量":4
    }
  },
  {
    "type": "Feature",
    "geometry": {
       "type": "Point",
       "coordinates":  [ 121.504201,25.0188724 ]
    },
    "properties": {
    "物種":"灌木類",
    "樹種":"九節木",
    "學名":"Psychotria rubra",
    "科別":"茜草科",
    "行政區":"中正區",
    "河濱公園":"馬場町紀念公園",
    "數量":9
    }
  },
  {
    "type": "Feature",
    "geometry": {
       "type": "Point",
       "coordinates":  [ 121.309753,23.349091 ]
    },
    "properties": {
    "物種":"灌木類",
    "樹種":"大波斯菊",
    "學名":"Cosmos bipinnatus",
    "科別":"菊科",
    "行政區":"中正區",
    "河濱公園":"中正",
    "數量":5
    }
  },
  {
    "type": "Feature",
    "geometry": {
       "type": "Point",
       "coordinates":  [ 121.5336277,25.0642508 ]
    },
    "properties": {
    "物種":"灌木類",
    "樹種":"小葉杜鵑",
    "學名":"Rhododendron?parvifolium",
    "科別":"杜鵑花科",
    "行政區":"中山區",
    "河濱公園":"大佳",
    "數量":3
    }
  },
  {
    "type": "Feature",
    "geometry": {
       "type": "Point",
       "coordinates":  [ 121.504201,25.0188724 ]
    },
    "properties": {
    "物種":"灌木類",
    "樹種":"小葉赤楠",
    "學名":"Syzygium buxifolium",
    "科別":"桃金孃科",
    "行政區":"中正區",
    "河濱公園":"馬場町紀念公園",
    "數量":10
    }
  },
  {
    "type": "Feature",
    "geometry": {
       "type": "Point",
       "coordinates":  [ 121.5198273,25.0928568 ]
    },
    "properties": {
    "物種":"灌木類",
    "樹種":"小實女貞",
    "學名":"Ligustrum sinense",
    "科別":"木犀科",
    "行政區":"士林區",
    "河濱公園":"雙溪",
    "數量":6
    }
  },
  {
    "type": "Feature",
    "geometry": {
       "type": "Point",
       "coordinates":  [ 121.5198273,25.0928568 ]
    },
    "properties": {
    "物種":"灌木類",
    "樹種":"山馬茶",
    "學名":"Tabernaemontana pandacaqui",
    "科別":"夾竹桃科",
    "行政區":"士林區",
    "河濱公園":"百齡右岸",
    "數量":1
    }
  },
  {
    "type": "Feature",
    "geometry": {
       "type": "Point",
       "coordinates":  [ 121.5198273,25.0928568 ]
    },
    "properties": {
    "物種":"灌木類",
    "樹種":"山黃梔",
    "學名":"Gardenia jasminoides",
    "科別":"茜草科",
    "行政區":"士林區",
    "河濱公園":"雙溪",
    "數量":9
    }
  },
  {
    "type": "Feature",
    "geometry": {
       "type": "Point",
       "coordinates":  [ 121.5198273,25.0928568 ]
    },
    "properties": {
    "物種":"灌木類",
    "樹種":"五彩千年木",
    "學名":"Dracaena marginata",
    "科別":"龍舌蘭科",
    "行政區":"士林區",
    "河濱公園":"百齡右岸",
    "數量":3
    }
  },
  {
    "type": "Feature",
    "geometry": {
       "type": "Point",
       "coordinates":  [ 121.5702959,24.9894668 ]
    },
    "properties": {
    "物種":"灌木類",
    "樹種":"六月雪",
    "學名":"Serissa serissoides",
    "科別":"茜草科",
    "行政區":"文山區",
    "河濱公園":"道南",
    "數量":3
    }
  },
  {
    "type": "Feature",
    "geometry": {
       "type": "Point",
       "coordinates":  [ 121.5768018,25.0497252 ]
    },
    "properties": {
    "物種":"灌木類",
    "樹種":"六月雪",
    "學名":"Serissa serissoides",
    "科別":"茜草科",
    "行政區":"松山區",
    "河濱公園":"觀山",
    "數量":1
    }
  },
  {
    "type": "Feature",
    "geometry": {
       "type": "Point",
       "coordinates":  [ 121.5336277,25.0642508 ]
    },
    "properties": {
    "物種":"灌木類",
    "樹種":"六月雪",
    "學名":"Serissa serissoides",
    "科別":"茜草科",
    "行政區":"中山區",
    "河濱公園":"迎風",
    "數量":4
    }
  },
  {
    "type": "Feature",
    "geometry": {
       "type": "Point",
       "coordinates":  [ 121.5336277,25.0642508 ]
    },
    "properties": {
    "物種":"灌木類",
    "樹種":"六月雪",
    "學名":"Serissa serissoides",
    "科別":"茜草科",
    "行政區":"中山區",
    "河濱公園":"大佳",
    "數量":2
    }
  },
  {
    "type": "Feature",
    "geometry": {
       "type": "Point",
       "coordinates":  [ 121.5198273,25.0928568 ]
    },
    "properties": {
    "物種":"灌木類",
    "樹種":"六月雪",
    "學名":"Serissa serissoides",
    "科別":"茜草科",
    "行政區":"士林區",
    "河濱公園":"雙溪",
    "數量":1
    }
  },
  {
    "type": "Feature",
    "geometry": {
       "type": "Point",
       "coordinates":  [ 121.5198273,25.0928568 ]
    },
    "properties": {
    "物種":"灌木類",
    "樹種":"天仙果",
    "學名":"Ficus formosana",
    "科別":"桑科",
    "行政區":"士林區",
    "河濱公園":"百齡左岸",
    "數量":1
    }
  },
  {
    "type": "Feature",
    "geometry": {
       "type": "Point",
       "coordinates":  [ 121.6068286,25.0546698 ]
    },
    "properties": {
    "物種":"灌木類",
    "樹種":"天使花",
    "學名":"Angelonia salicariifolia",
    "科別":"玄參科",
    "行政區":"南港區",
    "河濱公園":"成美左岸",
    "數量":7
    }
  },
  {
    "type": "Feature",
    "geometry": {
       "type": "Point",
       "coordinates":  [ 121.5198273,25.0928568 ]
    },
    "properties": {
    "物種":"灌木類",
    "樹種":"天使花",
    "學名":"Angelonia salicariifolia",
    "科別":"玄參科",
    "行政區":"士林區",
    "河濱公園":"百齡左岸",
    "數量":3
    }
  },
  {
    "type": "Feature",
    "geometry": {
       "type": "Point",
       "coordinates":  [ 121.5888703,25.0695059 ]
    },
    "properties": {
    "物種":"灌木類",
    "樹種":"天堂鳥蕉",
    "學名":"Strelitzia reginae",
    "科別":"旅人蕉科",
    "行政區":"內湖區",
    "河濱公園":"彩虹",
    "數量":1
    }
  },
  {
    "type": "Feature",
    "geometry": {
       "type": "Point",
       "coordinates":  [ 121.5198273,25.0928568 ]
    },
    "properties": {
    "物種":"灌木類",
    "樹種":"孔雀木",
    "學名":"Dizygotheca elegantissima",
    "科別":"五加科",
    "行政區":"士林區",
    "河濱公園":"雙溪",
    "數量":1
    }
  },
  {
    "type": "Feature",
    "geometry": {
       "type": "Point",
       "coordinates":  [ 121.5888703,25.0695059 ]
    },
    "properties": {
    "物種":"灌木類",
    "樹種":"文殊蘭",
    "學名":"Crinum asiaticum",
    "科別":"石蒜科",
    "行政區":"內湖區",
    "河濱公園":"彩虹",
    "數量":1
    }
  },
  {
    "type": "Feature",
    "geometry": {
       "type": "Point",
       "coordinates":  [ 121.4998912,25.0348867 ]
    },
    "properties": {
    "物種":"灌木類",
    "樹種":"文珠蘭",
    "學名":"Crinum asiaticum",
    "科別":"石蒜科",
    "行政區":"萬華區",
    "河濱公園":"雁鴨",
    "數量":7
    }
  },
  {
    "type": "Feature",
    "geometry": {
       "type": "Point",
       "coordinates":  [ 121.6068286,25.0546698 ]
    },
    "properties": {
    "物種":"灌木類",
    "樹種":"文珠蘭",
    "學名":"Crinum asiaticum",
    "科別":"石蒜科",
    "行政區":"南港區",
    "河濱公園":"成美左岸",
    "數量":4
    }
  },
  {
    "type": "Feature",
    "geometry": {
       "type": "Point",
       "coordinates":  [ 121.5768018,25.0497252 ]
    },
    "properties": {
    "物種":"灌木類",
    "樹種":"文珠蘭",
    "學名":"Crinum asiaticum",
    "科別":"石蒜科",
    "行政區":"松山區",
    "河濱公園":"觀山",
    "數量":23
    }
  },
  {
    "type": "Feature",
    "geometry": {
       "type": "Point",
       "coordinates":  [ 121.4998912,25.0348867 ]
    },
    "properties": {
    "物種":"灌木類",
    "樹種":"文珠蘭",
    "學名":"Crinum asiaticum",
    "科別":"石蒜科",
    "行政區":"萬華區",
    "河濱公園":"華中",
    "數量":6
    }
  },
  {
    "type": "Feature",
    "geometry": {
       "type": "Point",
       "coordinates":  [ 121.4998912,25.0348867 ]
    },
    "properties": {
    "物種":"灌木類",
    "樹種":"日日春",
    "學名":"Vinca rosea",
    "科別":"夾竹桃科",
    "行政區":"萬華區",
    "河濱公園":"華中",
    "數量":3
    }
  },
  {
    "type": "Feature",
    "geometry": {
       "type": "Point",
       "coordinates":  [ 121.507192,25.090625 ]
    },
    "properties": {
    "物種":"灌木類",
    "樹種":"日本女貞",
    "學名":"Ligustrum liukiuense",
    "科別":"木犀科",
    "行政區":"士林區",
    "河濱公園":"社子島沿線",
    "數量":4
    }
  },
  {
    "type": "Feature",
    "geometry": {
       "type": "Point",
       "coordinates":  [ 121.5153661,25.0660564 ]
    },
    "properties": {
    "物種":"灌木類",
    "樹種":"日本女貞",
    "學名":"Ligustrum liukiuense",
    "科別":"木犀科",
    "行政區":"大同區",
    "河濱公園":"延平",
    "數量":1
    }
  },
  {
    "type": "Feature",
    "geometry": {
       "type": "Point",
       "coordinates":  [ 121.5336277,25.0642508 ]
    },
    "properties": {
    "物種":"灌木類",
    "樹種":"日本女貞",
    "學名":"Ligustrum liukiuense",
    "科別":"木犀科",
    "行政區":"中山區",
    "河濱公園":"迎風",
    "數量":4
    }
  },
  {
    "type": "Feature",
    "geometry": {
       "type": "Point",
       "coordinates":  [ 121.5336277,25.0642508 ]
    },
    "properties": {
    "物種":"灌木類",
    "樹種":"日本女貞",
    "學名":"Ligustrum liukiuense",
    "科別":"木犀科",
    "行政區":"中山區",
    "河濱公園":"大佳",
    "數量":4
    }
  },
  {
    "type": "Feature",
    "geometry": {
       "type": "Point",
       "coordinates":  [ 121.5198273,25.0928568 ]
    },
    "properties": {
    "物種":"灌木類",
    "樹種":"日本女貞",
    "學名":"Ligustrum liukiuense",
    "科別":"木犀科",
    "行政區":"士林區",
    "河濱公園":"雙溪",
    "數量":2
    }
  },
  {
    "type": "Feature",
    "geometry": {
       "type": "Point",
       "coordinates":  [ 121.504201,25.0188724 ]
    },
    "properties": {
    "物種":"灌木類",
    "樹種":"日本女貞",
    "學名":"Ligustrum liukiuense",
    "科別":"木犀科",
    "行政區":"中正區",
    "河濱公園":"馬場町紀念公園",
    "數量":1
    }
  },
  {
    "type": "Feature",
    "geometry": {
       "type": "Point",
       "coordinates":  [ 121.5702959,24.9894668 ]
    },
    "properties": {
    "物種":"灌木類",
    "樹種":"月桃",
    "學名":"Alpinia zerumbet",
    "科別":"薑科",
    "行政區":"文山區",
    "河濱公園":"道南",
    "數量":2
    }
  },
  {
    "type": "Feature",
    "geometry": {
       "type": "Point",
       "coordinates":  [ 121.4998912,25.0348867 ]
    },
    "properties": {
    "物種":"灌木類",
    "樹種":"月桃",
    "學名":"Alpinia zerumbet",
    "科別":"薑科",
    "行政區":"萬華區",
    "河濱公園":"華中",
    "數量":1
    }
  },
  {
    "type": "Feature",
    "geometry": {
       "type": "Point",
       "coordinates":  [ 121.470244,25.124291 ]
    },
    "properties": {
    "物種":"灌木類",
    "樹種":"月橘",
    "學名":"Murraya paniculata",
    "科別":"芸香科",
    "行政區":"北投區",
    "河濱公園":"關渡水岸",
    "數量":1
    }
  },
  {
    "type": "Feature",
    "geometry": {
       "type": "Point",
       "coordinates":  [ 121.5198273,25.0928568 ]
    },
    "properties": {
    "物種":"灌木類",
    "樹種":"月橘",
    "學名":"Murraya paniculata",
    "科別":"芸香科",
    "行政區":"士林區",
    "河濱公園":"福安",
    "數量":1
    }
  },
  {
    "type": "Feature",
    "geometry": {
       "type": "Point",
       "coordinates":  [ 121.5153661,25.0660564 ]
    },
    "properties": {
    "物種":"灌木類",
    "樹種":"月橘",
    "學名":"Murraya paniculata",
    "科別":"芸香科",
    "行政區":"大同區",
    "河濱公園":"延平",
    "數量":19
    }
  },
  {
    "type": "Feature",
    "geometry": {
       "type": "Point",
       "coordinates":  [ 121.4998912,25.0348867 ]
    },
    "properties": {
    "物種":"灌木類",
    "樹種":"月橘",
    "學名":"Murraya paniculata",
    "科別":"芸香科",
    "行政區":"萬華區",
    "河濱公園":"龍山",
    "數量":5
    }
  },
  {
    "type": "Feature",
    "geometry": {
       "type": "Point",
       "coordinates":  [ 121.4998912,25.0348867 ]
    },
    "properties": {
    "物種":"灌木類",
    "樹種":"月橘",
    "學名":"Murraya paniculata",
    "科別":"芸香科",
    "行政區":"萬華區",
    "河濱公園":"雁鴨",
    "數量":9
    }
  },
  {
    "type": "Feature",
    "geometry": {
       "type": "Point",
       "coordinates":  [ 121.542755,24.990475 ]
    },
    "properties": {
    "物種":"灌木類",
    "樹種":"月橘",
    "學名":"Murraya paniculata",
    "科別":"芸香科",
    "行政區":"文山區",
    "河濱公園":"景美",
    "數量":11
    }
  },
  {
    "type": "Feature",
    "geometry": {
       "type": "Point",
       "coordinates":  [ 121.5702959,24.9894668 ]
    },
    "properties": {
    "物種":"灌木類",
    "樹種":"月橘",
    "學名":"Murraya paniculata",
    "科別":"芸香科",
    "行政區":"文山區",
    "河濱公園":"道南",
    "數量":3
    }
  },
  {
    "type": "Feature",
    "geometry": {
       "type": "Point",
       "coordinates":  [ 121.6068286,25.0546698 ]
    },
    "properties": {
    "物種":"灌木類",
    "樹種":"月橘",
    "學名":"Murraya paniculata",
    "科別":"芸香科",
    "行政區":"南港區",
    "河濱公園":"成美左岸",
    "數量":11
    }
  },
  {
    "type": "Feature",
    "geometry": {
       "type": "Point",
       "coordinates":  [ 121.5888703,25.0695059 ]
    },
    "properties": {
    "物種":"灌木類",
    "樹種":"月橘",
    "學名":"Murraya paniculata",
    "科別":"芸香科",
    "行政區":"內湖區",
    "河濱公園":"成美右岸",
    "數量":50
    }
  },
  {
    "type": "Feature",
    "geometry": {
       "type": "Point",
       "coordinates":  [ 121.5336277,25.0642508 ]
    },
    "properties": {
    "物種":"灌木類",
    "樹種":"月橘",
    "學名":"Murraya paniculata",
    "科別":"芸香科",
    "行政區":"中山區",
    "河濱公園":"美堤",
    "數量":4
    }
  },
  {
    "type": "Feature",
    "geometry": {
       "type": "Point",
       "coordinates":  [ 121.5336277,25.0642508 ]
    },
    "properties": {
    "物種":"灌木類",
    "樹種":"月橘",
    "學名":"Hibiscus rosa-sinensis",
    "科別":"錦葵科",
    "行政區":"中山區",
    "河濱公園":"圓山",
    "數量":1
    }
  },
  {
    "type": "Feature",
    "geometry": {
       "type": "Point",
       "coordinates":  [ 121.5336277,25.0642508 ]
    },
    "properties": {
    "物種":"灌木類",
    "樹種":"月橘",
    "學名":"Murraya paniculata",
    "科別":"芸香科",
    "行政區":"中山區",
    "河濱公園":"大佳",
    "數量":7
    }
  },
  {
    "type": "Feature",
    "geometry": {
       "type": "Point",
       "coordinates":  [ 121.507192,25.090625 ]
    },
    "properties": {
    "物種":"灌木類",
    "樹種":"月橘",
    "學名":"Murraya paniculata",
    "科別":"芸香科",
    "行政區":"士林區",
    "河濱公園":"社子島沿線",
    "數量":4
    }
  },
  {
    "type": "Feature",
    "geometry": {
       "type": "Point",
       "coordinates":  [ 121.5198273,25.0928568 ]
    },
    "properties": {
    "物種":"灌木類",
    "樹種":"月橘",
    "學名":"Murraya paniculata",
    "科別":"芸香科",
    "行政區":"士林區",
    "河濱公園":"雙溪",
    "數量":15
    }
  },
  {
    "type": "Feature",
    "geometry": {
       "type": "Point",
       "coordinates":  [ 121.5888703,25.0695059 ]
    },
    "properties": {
    "物種":"灌木類",
    "樹種":"月橘",
    "學名":"Murraya paniculata",
    "科別":"芸香科",
    "行政區":"內湖區",
    "河濱公園":"南湖右岸",
    "數量":2
    }
  },
  {
    "type": "Feature",
    "geometry": {
       "type": "Point",
       "coordinates":  [ 121.309753,23.349091 ]
    },
    "properties": {
    "物種":"灌木類",
    "樹種":"月橘",
    "學名":"Murraya paniculata",
    "科別":"芸香科",
    "行政區":"中正區",
    "河濱公園":"中正",
    "數量":2
    }
  },
  {
    "type": "Feature",
    "geometry": {
       "type": "Point",
       "coordinates":  [ 121.504201,25.0188724 ]
    },
    "properties": {
    "物種":"灌木類",
    "樹種":"月橘",
    "學名":"Murraya paniculata",
    "科別":"芸香科",
    "行政區":"中正區",
    "河濱公園":"馬場町紀念公園",
    "數量":1
    }
  },
  {
    "type": "Feature",
    "geometry": {
       "type": "Point",
       "coordinates":  [ 121.4998912,25.0348867 ]
    },
    "properties": {
    "物種":"灌木類",
    "樹種":"月橘",
    "學名":"Murraya paniculata",
    "科別":"芸香科",
    "行政區":"萬華區",
    "河濱公園":"雙園",
    "數量":5
    }
  },
  {
    "type": "Feature",
    "geometry": {
       "type": "Point",
       "coordinates":  [ 121.4998912,25.0348867 ]
    },
    "properties": {
    "物種":"灌木類",
    "樹種":"月橘",
    "學名":"Murraya paniculata",
    "科別":"芸香科",
    "行政區":"萬華區",
    "河濱公園":"華中",
    "數量":4
    }
  },
  {
    "type": "Feature",
    "geometry": {
       "type": "Point",
       "coordinates":  [ 121.4998912,25.0348867 ]
    },
    "properties": {
    "物種":"灌木類",
    "樹種":"木瓜",
    "學名":"Carica papaya",
    "科別":"番木瓜科",
    "行政區":"萬華區",
    "河濱公園":"華中",
    "數量":2
    }
  },
  {
    "type": "Feature",
    "geometry": {
       "type": "Point",
       "coordinates":  [ 121.4998912,25.0348867 ]
    },
    "properties": {
    "物種":"灌木類",
    "樹種":"木芙蓉",
    "學名":"Hibiscus mutabilis",
    "科別":"錦葵科",
    "行政區":"萬華區",
    "河濱公園":"華中",
    "數量":1
    }
  },
  {
    "type": "Feature",
    "geometry": {
       "type": "Point",
       "coordinates":  [ 121.470244,25.124291 ]
    },
    "properties": {
    "物種":"灌木類",
    "樹種":"木麻黃",
    "學名":"Casuarina equisetifolia",
    "科別":"木麻黃科",
    "行政區":"北投區",
    "河濱公園":"關渡水岸",
    "數量":8
    }
  },
  {
    "type": "Feature",
    "geometry": {
       "type": "Point",
       "coordinates":  [ 121.470244,25.124291 ]
    },
    "properties": {
    "物種":"灌木類",
    "樹種":"木麻黃",
    "學名":"Casuarina equisetifolia",
    "科別":"木麻黃科",
    "行政區":"北投區",
    "河濱公園":"關渡水岸",
    "數量":8
    }
  },
  {
    "type": "Feature",
    "geometry": {
       "type": "Point",
       "coordinates":  [ 121.4998912,25.0348867 ]
    },
    "properties": {
    "物種":"灌木類",
    "樹種":"木麻黃",
    "學名":"Casuarina equisetifolia",
    "科別":"木麻黃科",
    "行政區":"萬華區",
    "河濱公園":"華中",
    "數量":43
    }
  },
  {
    "type": "Feature",
    "geometry": {
       "type": "Point",
       "coordinates":  [ 121.5153661,25.0660564 ]
    },
    "properties": {
    "物種":"灌木類",
    "樹種":"木槿",
    "學名":"Hibiscus syriacus",
    "科別":"錦葵科",
    "行政區":"大同區",
    "河濱公園":"延平",
    "數量":17
    }
  },
  {
    "type": "Feature",
    "geometry": {
       "type": "Point",
       "coordinates":  [ 121.542755,24.990475 ]
    },
    "properties": {
    "物種":"灌木類",
    "樹種":"木槿",
    "學名":"Hibiscus syriacus",
    "科別":"錦葵科",
    "行政區":"文山區",
    "河濱公園":"景美",
    "數量":1
    }
  },
  {
    "type": "Feature",
    "geometry": {
       "type": "Point",
       "coordinates":  [ 121.5198273,25.0928568 ]
    },
    "properties": {
    "物種":"灌木類",
    "樹種":"木槿",
    "學名":"Hibiscus syriacus",
    "科別":"錦葵科",
    "行政區":"士林區",
    "河濱公園":"雙溪",
    "數量":1
    }
  },
  {
    "type": "Feature",
    "geometry": {
       "type": "Point",
       "coordinates":  [ 121.470244,25.124291 ]
    },
    "properties": {
    "物種":"灌木類",
    "樹種":"仙丹花",
    "學名":"Ixora philippinensis",
    "科別":"茜草科",
    "行政區":"北投區",
    "河濱公園":"關渡水岸",
    "數量":6
    }
  },
  {
    "type": "Feature",
    "geometry": {
       "type": "Point",
       "coordinates":  [ 121.5153661,25.0660564 ]
    },
    "properties": {
    "物種":"灌木類",
    "樹種":"仙丹花",
    "學名":"Ixora philippinensis",
    "科別":"茜草科",
    "行政區":"大同區",
    "河濱公園":"延平",
    "數量":41
    }
  },
  {
    "type": "Feature",
    "geometry": {
       "type": "Point",
       "coordinates":  [ 121.4998912,25.0348867 ]
    },
    "properties": {
    "物種":"灌木類",
    "樹種":"仙丹花",
    "學名":"Ixora philippinensis",
    "科別":"茜草科",
    "行政區":"萬華區",
    "河濱公園":"雁鴨",
    "數量":4
    }
  },
  {
    "type": "Feature",
    "geometry": {
       "type": "Point",
       "coordinates":  [ 121.542755,24.990475 ]
    },
    "properties": {
    "物種":"灌木類",
    "樹種":"仙丹花",
    "學名":"Ixora philippinensis",
    "科別":"茜草科",
    "行政區":"文山區",
    "河濱公園":"景美",
    "數量":34
    }
  },
  {
    "type": "Feature",
    "geometry": {
       "type": "Point",
       "coordinates":  [ 121.6068286,25.0546698 ]
    },
    "properties": {
    "物種":"灌木類",
    "樹種":"仙丹花",
    "學名":"Ixora philippinensis",
    "科別":"茜草科",
    "行政區":"南港區",
    "河濱公園":"成美左岸",
    "數量":2
    }
  },
  {
    "type": "Feature",
    "geometry": {
       "type": "Point",
       "coordinates":  [ 121.5888703,25.0695059 ]
    },
    "properties": {
    "物種":"灌木類",
    "樹種":"仙丹花",
    "學名":"Ixora philippinensis",
    "科別":"茜草科",
    "行政區":"內湖區",
    "河濱公園":"彩虹",
    "數量":1
    }
  },
  {
    "type": "Feature",
    "geometry": {
       "type": "Point",
       "coordinates":  [ 121.5336277,25.0642508 ]
    },
    "properties": {
    "物種":"灌木類",
    "樹種":"仙丹花",
    "學名":"Ixora philippinensis",
    "科別":"茜草科",
    "行政區":"中山區",
    "河濱公園":"美堤",
    "數量":1
    }
  },
  {
    "type": "Feature",
    "geometry": {
       "type": "Point",
       "coordinates":  [ 121.5198273,25.0928568 ]
    },
    "properties": {
    "物種":"灌木類",
    "樹種":"仙丹花",
    "學名":"Ixora philippinensis",
    "科別":"茜草科",
    "行政區":"士林區",
    "河濱公園":"百齡右岸",
    "數量":2
    }
  },
  {
    "type": "Feature",
    "geometry": {
       "type": "Point",
       "coordinates":  [ 121.5768018,25.0497252 ]
    },
    "properties": {
    "物種":"灌木類",
    "樹種":"仙丹花",
    "學名":"Ixora philippinensis",
    "科別":"茜草科",
    "行政區":"松山區",
    "河濱公園":"觀山",
    "數量":6
    }
  },
  {
    "type": "Feature",
    "geometry": {
       "type": "Point",
       "coordinates":  [ 121.5336277,25.0642508 ]
    },
    "properties": {
    "物種":"灌木類",
    "樹種":"仙丹花",
    "學名":"Ixora philippinensis",
    "科別":"茜草科",
    "行政區":"中山區",
    "河濱公園":"大佳",
    "數量":9
    }
  },
  {
    "type": "Feature",
    "geometry": {
       "type": "Point",
       "coordinates":  [ 121.5198273,25.0928568 ]
    },
    "properties": {
    "物種":"灌木類",
    "樹種":"仙丹花",
    "學名":"Ixora philippinensis",
    "科別":"茜草科",
    "行政區":"士林區",
    "河濱公園":"百齡左岸",
    "數量":3
    }
  },
  {
    "type": "Feature",
    "geometry": {
       "type": "Point",
       "coordinates":  [ 121.5198273,25.0928568 ]
    },
    "properties": {
    "物種":"灌木類",
    "樹種":"仙丹花",
    "學名":"Ixora philippinensis",
    "科別":"茜草科",
    "行政區":"士林區",
    "河濱公園":"雙溪",
    "數量":44
    }
  },
  {
    "type": "Feature",
    "geometry": {
       "type": "Point",
       "coordinates":  [ 121.309753,23.349091 ]
    },
    "properties": {
    "物種":"灌木類",
    "樹種":"仙丹花",
    "學名":"Ixora philippinensis",
    "科別":"茜草科",
    "行政區":"中正區",
    "河濱公園":"中正",
    "數量":4
    }
  },
  {
    "type": "Feature",
    "geometry": {
       "type": "Point",
       "coordinates":  [ 121.4998912,25.0348867 ]
    },
    "properties": {
    "物種":"灌木類",
    "樹種":"仙丹花",
    "學名":"Ixora philippinensis",
    "科別":"茜草科",
    "行政區":"萬華區",
    "河濱公園":"華中",
    "數量":5
    }
  },
  {
    "type": "Feature",
    "geometry": {
       "type": "Point",
       "coordinates":  [ 121.504201,25.0188724 ]
    },
    "properties": {
    "物種":"灌木類",
    "樹種":"四季秋海棠",
    "學名":"Begonia semperflorens-cultorum",
    "科別":"秋海棠科",
    "行政區":"中正區",
    "河濱公園":"馬場町紀念公園",
    "數量":1
    }
  },
  {
    "type": "Feature",
    "geometry": {
       "type": "Point",
       "coordinates":  [ 121.4998912,25.0348867 ]
    },
    "properties": {
    "物種":"灌木類",
    "樹種":"玉米",
    "學名":"Zea mays",
    "科別":"禾本科",
    "行政區":"萬華區",
    "河濱公園":"華中",
    "數量":1
    }
  },
  {
    "type": "Feature",
    "geometry": {
       "type": "Point",
       "coordinates":  [ 121.4998912,25.0348867 ]
    },
    "properties": {
    "物種":"灌木類",
    "樹種":"白水木",
    "學名":"Tournefortia argentea",
    "科別":"紫草科",
    "行政區":"萬華區",
    "河濱公園":"華中",
    "數量":1
    }
  },
  {
    "type": "Feature",
    "geometry": {
       "type": "Point",
       "coordinates":  [ 121.5198273,25.0928568 ]
    },
    "properties": {
    "物種":"灌木類",
    "樹種":"白邊龍舌蘭",
    "學名":"Agave angustifolia",
    "科別":"龍舌蘭科",
    "行政區":"士林區",
    "河濱公園":"雙溪",
    "數量":1
    }
  },
  {
    "type": "Feature",
    "geometry": {
       "type": "Point",
       "coordinates":  [ 121.470244,25.124291 ]
    },
    "properties": {
    "物種":"灌木類",
    "樹種":"石斑木",
    "學名":"Rhaphiolepis indica",
    "科別":"薔薇科",
    "行政區":"北投區",
    "河濱公園":"關渡水岸",
    "數量":23
    }
  },
  {
    "type": "Feature",
    "geometry": {
       "type": "Point",
       "coordinates":  [ 121.5198273,25.0928568 ]
    },
    "properties": {
    "物種":"灌木類",
    "樹種":"石斑木",
    "學名":"Rhaphiolepis indica",
    "科別":"薔薇科",
    "行政區":"士林區",
    "河濱公園":"福安",
    "數量":5
    }
  },
  {
    "type": "Feature",
    "geometry": {
       "type": "Point",
       "coordinates":  [ 121.5198273,25.0928568 ]
    },
    "properties": {
    "物種":"灌木類",
    "樹種":"石斑木",
    "學名":"Rhaphiolepis indica",
    "科別":"薔薇科",
    "行政區":"士林區",
    "河濱公園":"百齡右岸",
    "數量":10
    }
  },
  {
    "type": "Feature",
    "geometry": {
       "type": "Point",
       "coordinates":  [ 121.5336277,25.0642508 ]
    },
    "properties": {
    "物種":"灌木類",
    "樹種":"石斑木",
    "學名":"Rhaphiolepis indica",
    "科別":"薔薇科",
    "行政區":"中山區",
    "河濱公園":"大佳",
    "數量":3
    }
  },
  {
    "type": "Feature",
    "geometry": {
       "type": "Point",
       "coordinates":  [ 121.504201,25.0188724 ]
    },
    "properties": {
    "物種":"灌木類",
    "樹種":"石斑木",
    "學名":"Rhaphiolepis indica",
    "科別":"薔薇科",
    "行政區":"中正區",
    "河濱公園":"馬場町紀念公園",
    "數量":5
    }
  },
  {
    "type": "Feature",
    "geometry": {
       "type": "Point",
       "coordinates":  [ 121.5198273,25.0928568 ]
    },
    "properties": {
    "物種":"灌木類",
    "樹種":"立鶴花",
    "學名":"Thunbergia erecta",
    "科別":"爵床科",
    "行政區":"士林區",
    "河濱公園":"雙溪",
    "數量":1
    }
  },
  {
    "type": "Feature",
    "geometry": {
       "type": "Point",
       "coordinates":  [ 121.4998912,25.0348867 ]
    },
    "properties": {
    "物種":"灌木類",
    "樹種":"立鶴花",
    "學名":"Thunbergia erecta",
    "科別":"爵床科",
    "行政區":"萬華區",
    "河濱公園":"華中",
    "數量":1
    }
  },
  {
    "type": "Feature",
    "geometry": {
       "type": "Point",
       "coordinates":  [ 121.4998912,25.0348867 ]
    },
    "properties": {
    "物種":"灌木類",
    "樹種":"合歡",
    "學名":"Albizia julibrissin",
    "科別":"豆科",
    "行政區":"萬華區",
    "河濱公園":"華中",
    "數量":2
    }
  },
  {
    "type": "Feature",
    "geometry": {
       "type": "Point",
       "coordinates":  [ 121.5336277,25.0642508 ]
    },
    "properties": {
    "物種":"灌木類",
    "樹種":"吊蘭",
    "學名":"Chlorophytum comosum",
    "科別":"百合科",
    "行政區":"中山區",
    "河濱公園":"迎風",
    "數量":1
    }
  },
  {
    "type": "Feature",
    "geometry": {
       "type": "Point",
       "coordinates":  [ 121.5198273,25.0928568 ]
    },
    "properties": {
    "物種":"灌木類",
    "樹種":"安石榴",
    "學名":"Punica granatum",
    "科別":"石榴科",
    "行政區":"士林區",
    "河濱公園":"百齡右岸",
    "數量":2
    }
  },
  {
    "type": "Feature",
    "geometry": {
       "type": "Point",
       "coordinates":  [ 121.470244,25.124291 ]
    },
    "properties": {
    "物種":"灌木類",
    "樹種":"朱槿",
    "學名":"Hibiscus rosa-sinensis",
    "科別":"錦葵科",
    "行政區":"北投區",
    "河濱公園":"關渡水岸",
    "數量":3
    }
  },
  {
    "type": "Feature",
    "geometry": {
       "type": "Point",
       "coordinates":  [ 121.5153661,25.0660564 ]
    },
    "properties": {
    "物種":"灌木類",
    "樹種":"朱槿",
    "學名":"Hibiscus rosa-sinensis",
    "科別":"錦葵科",
    "行政區":"大同區",
    "河濱公園":"延平",
    "數量":22
    }
  },
  {
    "type": "Feature",
    "geometry": {
       "type": "Point",
       "coordinates":  [ 121.4998912,25.0348867 ]
    },
    "properties": {
    "物種":"灌木類",
    "樹種":"朱槿",
    "學名":"Hibiscus rosa-sinensis",
    "科別":"錦葵科",
    "行政區":"萬華區",
    "河濱公園":"雁鴨",
    "數量":5
    }
  },
  {
    "type": "Feature",
    "geometry": {
       "type": "Point",
       "coordinates":  [ 121.542755,24.990475 ]
    },
    "properties": {
    "物種":"灌木類",
    "樹種":"朱槿",
    "學名":"Hibiscus rosa-sinensis",
    "科別":"錦葵科",
    "行政區":"文山區",
    "河濱公園":"景美",
    "數量":2
    }
  },
  {
    "type": "Feature",
    "geometry": {
       "type": "Point",
       "coordinates":  [ 121.5655,24.9827 ]
    },
    "properties": {
    "物種":"灌木類",
    "樹種":"朱槿",
    "學名":"Hibiscus rosa-sinensis",
    "科別":"錦葵科",
    "行政區":"文山區",
    "河濱公園":"木柵",
    "數量":1
    }
  },
  {
    "type": "Feature",
    "geometry": {
       "type": "Point",
       "coordinates":  [ 121.5702959,24.9894668 ]
    },
    "properties": {
    "物種":"灌木類",
    "樹種":"朱槿",
    "學名":"Hibiscus rosa-sinensis",
    "科別":"錦葵科",
    "行政區":"文山區",
    "河濱公園":"道南",
    "數量":1
    }
  },
  {
    "type": "Feature",
    "geometry": {
       "type": "Point",
       "coordinates":  [ 121.5336277,25.0642508 ]
    },
    "properties": {
    "物種":"灌木類",
    "樹種":"朱槿",
    "學名":"Hibiscus rosa-sinensis",
    "科別":"錦葵科",
    "行政區":"中山區",
    "河濱公園":"圓山",
    "數量":131
    }
  },
  {
    "type": "Feature",
    "geometry": {
       "type": "Point",
       "coordinates":  [ 121.5768018,25.0497252 ]
    },
    "properties": {
    "物種":"灌木類",
    "樹種":"朱槿",
    "學名":"Hibiscus rosa-sinensis",
    "科別":"錦葵科",
    "行政區":"松山區",
    "河濱公園":"觀山",
    "數量":2
    }
  },
  {
    "type": "Feature",
    "geometry": {
       "type": "Point",
       "coordinates":  [ 121.5336277,25.0642508 ]
    },
    "properties": {
    "物種":"灌木類",
    "樹種":"朱槿",
    "學名":"Hibiscus rosa-sinensis",
    "科別":"錦葵科",
    "行政區":"中山區",
    "河濱公園":"迎風",
    "數量":1
    }
  },
  {
    "type": "Feature",
    "geometry": {
       "type": "Point",
       "coordinates":  [ 121.5336277,25.0642508 ]
    },
    "properties": {
    "物種":"灌木類",
    "樹種":"朱槿",
    "學名":"Hibiscus rosa-sinensis",
    "科別":"錦葵科",
    "行政區":"中山區",
    "河濱公園":"大佳",
    "數量":31
    }
  },
  {
    "type": "Feature",
    "geometry": {
       "type": "Point",
       "coordinates":  [ 121.507192,25.090625 ]
    },
    "properties": {
    "物種":"灌木類",
    "樹種":"朱槿",
    "學名":"Hibiscus rosa-sinensis",
    "科別":"錦葵科",
    "行政區":"士林區",
    "河濱公園":"社子島沿線",
    "數量":1
    }
  },
  {
    "type": "Feature",
    "geometry": {
       "type": "Point",
       "coordinates":  { }
    },
    "properties": {
    "物種":"灌木類",
    "樹種":"朱槿",
    "學名":"Hibiscus rosa-sinensis",
    "科別":"錦葵科",
    "行政區":"士林區",
    "河濱公園":"河雙21號",
    "數量":1
    }
  },
  {
    "type": "Feature",
    "geometry": {
       "type": "Point",
       "coordinates":  [ 121.5198273,25.0928568 ]
    },
    "properties": {
    "物種":"灌木類",
    "樹種":"朱槿",
    "學名":"Hibiscus rosa-sinensis",
    "科別":"錦葵科",
    "行政區":"士林區",
    "河濱公園":"雙溪",
    "數量":25
    }
  },
  {
    "type": "Feature",
    "geometry": {
       "type": "Point",
       "coordinates":  [ 121.4998912,25.0348867 ]
    },
    "properties": {
    "物種":"灌木類",
    "樹種":"朱槿",
    "學名":"Hibiscus rosa-sinensis",
    "科別":"錦葵科",
    "行政區":"萬華區",
    "河濱公園":"華中",
    "數量":30
    }
  },
  {
    "type": "Feature",
    "geometry": {
       "type": "Point",
       "coordinates":  [ 121.470244,25.124291 ]
    },
    "properties": {
    "物種":"灌木類",
    "樹種":"朱蕉",
    "學名":"Cordyline fruticosa",
    "科別":"龍舌蘭科",
    "行政區":"北投區",
    "河濱公園":"關渡水岸",
    "數量":1
    }
  },
  {
    "type": "Feature",
    "geometry": {
       "type": "Point",
       "coordinates":  [ 121.5153661,25.0660564 ]
    },
    "properties": {
    "物種":"灌木類",
    "樹種":"朱蕉",
    "學名":"Cordyline fruticosa",
    "科別":"龍舌蘭科",
    "行政區":"大同區",
    "河濱公園":"延平",
    "數量":20
    }
  },
  {
    "type": "Feature",
    "geometry": {
       "type": "Point",
       "coordinates":  [ 121.4998912,25.0348867 ]
    },
    "properties": {
    "物種":"灌木類",
    "樹種":"朱蕉",
    "學名":"Cordyline fruticosa",
    "科別":"龍舌蘭科",
    "行政區":"萬華區",
    "河濱公園":"龍山",
    "數量":1
    }
  },
  {
    "type": "Feature",
    "geometry": {
       "type": "Point",
       "coordinates":  [ 121.4998912,25.0348867 ]
    },
    "properties": {
    "物種":"灌木類",
    "樹種":"朱蕉",
    "學名":"Cordyline fruticosa",
    "科別":"龍舌蘭科",
    "行政區":"萬華區",
    "河濱公園":"雁鴨",
    "數量":1
    }
  },
  {
    "type": "Feature",
    "geometry": {
       "type": "Point",
       "coordinates":  [ 121.542755,24.990475 ]
    },
    "properties": {
    "物種":"灌木類",
    "樹種":"朱蕉",
    "學名":"Cordyline fruticosa",
    "科別":"龍舌蘭科",
    "行政區":"文山區",
    "河濱公園":"景美",
    "數量":2
    }
  },
  {
    "type": "Feature",
    "geometry": {
       "type": "Point",
       "coordinates":  [ 121.5655,24.9827 ]
    },
    "properties": {
    "物種":"灌木類",
    "樹種":"朱蕉",
    "學名":"Cordyline fruticosa",
    "科別":"龍舌蘭科",
    "行政區":"文山區",
    "河濱公園":"木柵",
    "數量":1
    }
  },
  {
    "type": "Feature",
    "geometry": {
       "type": "Point",
       "coordinates":  [ 121.5702959,24.9894668 ]
    },
    "properties": {
    "物種":"灌木類",
    "樹種":"朱蕉",
    "學名":"Cordyline fruticosa",
    "科別":"龍舌蘭科",
    "行政區":"文山區",
    "河濱公園":"道南",
    "數量":8
    }
  },
  {
    "type": "Feature",
    "geometry": {
       "type": "Point",
       "coordinates":  [ 121.6068286,25.0546698 ]
    },
    "properties": {
    "物種":"灌木類",
    "樹種":"朱蕉",
    "學名":"Cordyline fruticosa",
    "科別":"龍舌蘭科",
    "行政區":"南港區",
    "河濱公園":"成美左岸",
    "數量":1
    }
  },
  {
    "type": "Feature",
    "geometry": {
       "type": "Point",
       "coordinates":  [ 121.5336277,25.0642508 ]
    },
    "properties": {
    "物種":"灌木類",
    "樹種":"朱蕉",
    "學名":"Cordyline fruticosa",
    "科別":"龍舌蘭科",
    "行政區":"中山區",
    "河濱公園":"美堤",
    "數量":1
    }
  },
  {
    "type": "Feature",
    "geometry": {
       "type": "Point",
       "coordinates":  [ 121.5198273,25.0928568 ]
    },
    "properties": {
    "物種":"灌木類",
    "樹種":"朱蕉",
    "學名":"Cordyline fruticosa",
    "科別":"龍舌蘭科",
    "行政區":"士林區",
    "河濱公園":"百齡右岸",
    "數量":1
    }
  },
  {
    "type": "Feature",
    "geometry": {
       "type": "Point",
       "coordinates":  [ 121.5198273,25.0928568 ]
    },
    "properties": {
    "物種":"灌木類",
    "樹種":"朱蕉",
    "學名":"Cordyline fruticosa",
    "科別":"龍舌蘭科",
    "行政區":"士林區",
    "河濱公園":"百齡左岸",
    "數量":18
    }
  },
  {
    "type": "Feature",
    "geometry": {
       "type": "Point",
       "coordinates":  [ 121.5198273,25.0928568 ]
    },
    "properties": {
    "物種":"灌木類",
    "樹種":"朱蕉",
    "學名":"Cordyline fruticosa",
    "科別":"龍舌蘭科",
    "行政區":"士林區",
    "河濱公園":"雙溪",
    "數量":11
    }
  },
  {
    "type": "Feature",
    "geometry": {
       "type": "Point",
       "coordinates":  [ 121.504201,25.0188724 ]
    },
    "properties": {
    "物種":"灌木類",
    "樹種":"朱蕉",
    "學名":"Cordyline fruticosa",
    "科別":"龍舌蘭科",
    "行政區":"中正區",
    "河濱公園":"馬場町紀念公園",
    "數量":5
    }
  },
  {
    "type": "Feature",
    "geometry": {
       "type": "Point",
       "coordinates":  [ 121.4998912,25.0348867 ]
    },
    "properties": {
    "物種":"灌木類",
    "樹種":"朱蕉",
    "學名":"Cordyline fruticosa",
    "科別":"龍舌蘭科",
    "行政區":"萬華區",
    "河濱公園":"華中",
    "數量":28
    }
  },
  {
    "type": "Feature",
    "geometry": {
       "type": "Point",
       "coordinates":  [ 121.4998912,25.0348867 ]
    },
    "properties": {
    "物種":"灌木類",
    "樹種":"朱蕉",
    "學名":"Cordyline fruticosa",
    "科別":"龍舌蘭科",
    "行政區":"萬華區",
    "河濱公園":"雙園",
    "數量":4
    }
  },
  {
    "type": "Feature",
    "geometry": {
       "type": "Point",
       "coordinates":  [ 121.4998912,25.0348867 ]
    },
    "properties": {
    "物種":"灌木類",
    "樹種":"朴樹",
    "學名":"Celtis sinensis",
    "科別":"榆科",
    "行政區":"萬華區",
    "河濱公園":"雁鴨",
    "數量":1
    }
  },
  {
    "type": "Feature",
    "geometry": {
       "type": "Point",
       "coordinates":  [ 121.4998912,25.0348867 ]
    },
    "properties": {
    "物種":"灌木類",
    "樹種":"朴樹",
    "學名":"Celtis sinensis",
    "科別":"榆科",
    "行政區":"萬華區",
    "河濱公園":"華中",
    "數量":3
    }
  },
  {
    "type": "Feature",
    "geometry": {
       "type": "Point",
       "coordinates":  [ 121.5702959,24.9894668 ]
    },
    "properties": {
    "物種":"灌木類",
    "樹種":"西印度櫻桃",
    "學名":"Malpighia glabra",
    "科別":"金虎尾科",
    "行政區":"文山區",
    "河濱公園":"道南",
    "數量":10
    }
  },
  {
    "type": "Feature",
    "geometry": {
       "type": "Point",
       "coordinates":  [ 121.5198273,25.0928568 ]
    },
    "properties": {
    "物種":"灌木類",
    "樹種":"含笑",
    "學名":"Michelia figo",
    "科別":"木蘭科",
    "行政區":"士林區",
    "河濱公園":"百齡右岸",
    "數量":2
    }
  },
  {
    "type": "Feature",
    "geometry": {
       "type": "Point",
       "coordinates":  [ 121.5198273,25.0928568 ]
    },
    "properties": {
    "物種":"灌木類",
    "樹種":"杜鵑",
    "學名":"Rhododendron simsii",
    "科別":"杜鵑花科",
    "行政區":"士林區",
    "河濱公園":"福安",
    "數量":3
    }
  },
  {
    "type": "Feature",
    "geometry": {
       "type": "Point",
       "coordinates":  [ 121.5153661,25.0660564 ]
    },
    "properties": {
    "物種":"灌木類",
    "樹種":"杜鵑",
    "學名":"Rhododendron simsii",
    "科別":"杜鵑花科",
    "行政區":"大同區",
    "河濱公園":"延平",
    "數量":112
    }
  },
  {
    "type": "Feature",
    "geometry": {
       "type": "Point",
       "coordinates":  [ 121.4998912,25.0348867 ]
    },
    "properties": {
    "物種":"灌木類",
    "樹種":"杜鵑",
    "學名":"Rhododendron simsii",
    "科別":"杜鵑花科",
    "行政區":"萬華區",
    "河濱公園":"龍山",
    "數量":1
    }
  },
  {
    "type": "Feature",
    "geometry": {
       "type": "Point",
       "coordinates":  [ 121.4998912,25.0348867 ]
    },
    "properties": {
    "物種":"灌木類",
    "樹種":"杜鵑",
    "學名":"Rhododendron simsii",
    "科別":"杜鵑花科",
    "行政區":"萬華區",
    "河濱公園":"雁鴨",
    "數量":10
    }
  },
  {
    "type": "Feature",
    "geometry": {
       "type": "Point",
       "coordinates":  [ 121.5702959,24.9894668 ]
    },
    "properties": {
    "物種":"灌木類",
    "樹種":"杜鵑",
    "學名":"Rhododendron simsii",
    "科別":"杜鵑花科",
    "行政區":"文山區",
    "河濱公園":"道南",
    "數量":1
    }
  },
  {
    "type": "Feature",
    "geometry": {
       "type": "Point",
       "coordinates":  [ 121.5888703,25.0695059 ]
    },
    "properties": {
    "物種":"灌木類",
    "樹種":"杜鵑",
    "學名":"Rhododendron simsii",
    "科別":"杜鵑花科",
    "行政區":"內湖區",
    "河濱公園":"成美右岸",
    "數量":3
    }
  },
  {
    "type": "Feature",
    "geometry": {
       "type": "Point",
       "coordinates":  [ 121.5768018,25.0497252 ]
    },
    "properties": {
    "物種":"灌木類",
    "樹種":"杜鵑",
    "學名":"Rhododendron simsii",
    "科別":"杜鵑花科",
    "行政區":"松山區",
    "河濱公園":"觀山",
    "數量":26
    }
  },
  {
    "type": "Feature",
    "geometry": {
       "type": "Point",
       "coordinates":  [ 121.5336277,25.0642508 ]
    },
    "properties": {
    "物種":"灌木類",
    "樹種":"杜鵑",
    "學名":"Rhododendron simsii",
    "科別":"杜鵑花科",
    "行政區":"中山區",
    "河濱公園":"大佳",
    "數量":3
    }
  },
  {
    "type": "Feature",
    "geometry": {
       "type": "Point",
       "coordinates":  [ 121.5198273,25.0928568 ]
    },
    "properties": {
    "物種":"灌木類",
    "樹種":"杜鵑",
    "學名":"Rhododendron simsii",
    "科別":"杜鵑花科",
    "行政區":"士林區",
    "河濱公園":"百齡左岸",
    "數量":181
    }
  },
  {
    "type": "Feature",
    "geometry": {
       "type": "Point",
       "coordinates":  [ 121.5198273,25.0928568 ]
    },
    "properties": {
    "物種":"灌木類",
    "樹種":"杜鵑",
    "學名":"Rhododendron simsii",
    "科別":"杜鵑花科",
    "行政區":"士林區",
    "河濱公園":"雙溪",
    "數量":22
    }
  },
  {
    "type": "Feature",
    "geometry": {
       "type": "Point",
       "coordinates":  [ 121.5888703,25.0695059 ]
    },
    "properties": {
    "物種":"灌木類",
    "樹種":"杜鵑",
    "學名":"Rhododendron simsii",
    "科別":"杜鵑花科",
    "行政區":"內湖區",
    "河濱公園":"南湖右岸",
    "數量":26
    }
  },
  {
    "type": "Feature",
    "geometry": {
       "type": "Point",
       "coordinates":  [ 121.4998912,25.0348867 ]
    },
    "properties": {
    "物種":"灌木類",
    "樹種":"杜鵑",
    "學名":"Rhododendron simsii",
    "科別":"杜鵑花科",
    "行政區":"萬華區",
    "河濱公園":"華中",
    "數量":35
    }
  },
  {
    "type": "Feature",
    "geometry": {
       "type": "Point",
       "coordinates":  [ 121.5198273,25.0928568 ]
    },
    "properties": {
    "物種":"灌木類",
    "樹種":"使君子",
    "學名":"Quisqualis indica",
    "科別":"使君子科",
    "行政區":"士林區",
    "河濱公園":"富州",
    "數量":1
    }
  },
  {
    "type": "Feature",
    "geometry": {
       "type": "Point",
       "coordinates":  [ 121.4998912,25.0348867 ]
    },
    "properties": {
    "物種":"灌木類",
    "樹種":"刺果衛矛",
    "學名":"Euonymus spraguei",
    "科別":"衛矛科",
    "行政區":"萬華區",
    "河濱公園":"華中",
    "數量":9
    }
  },
  {
    "type": "Feature",
    "geometry": {
       "type": "Point",
       "coordinates":  [ 121.5198273,25.0928568 ]
    },
    "properties": {
    "物種":"灌木類",
    "樹種":"刺葉黃褥花",
    "學名":"Malpighia coccigera",
    "科別":"黃褥花科",
    "行政區":"士林區",
    "河濱公園":"雙溪",
    "數量":3
    }
  },
  {
    "type": "Feature",
    "geometry": {
       "type": "Point",
       "coordinates":  [ 121.4998912,25.0348867 ]
    },
    "properties": {
    "物種":"灌木類",
    "樹種":"孤挺花",
    "學名":"Hippeastrum equestre",
    "科別":"石蒜科",
    "行政區":"萬華區",
    "河濱公園":"龍山",
    "數量":1
    }
  },
  {
    "type": "Feature",
    "geometry": {
       "type": "Point",
       "coordinates":  [ 121.5198273,25.0928568 ]
    },
    "properties": {
    "物種":"灌木類",
    "樹種":"孤挺花",
    "學名":"Hippeastrum equestre",
    "科別":"石蒜科",
    "行政區":"士林區",
    "河濱公園":"雙溪",
    "數量":1
    }
  },
  {
    "type": "Feature",
    "geometry": {
       "type": "Point",
       "coordinates":  [ 121.4998912,25.0348867 ]
    },
    "properties": {
    "物種":"灌木類",
    "樹種":"孤挺花",
    "學名":"Hippeastrum equestre",
    "科別":"石蒜科",
    "行政區":"萬華區",
    "河濱公園":"華中",
    "數量":1
    }
  },
  {
    "type": "Feature",
    "geometry": {
       "type": "Point",
       "coordinates":  [ 121.5336277,25.0642508 ]
    },
    "properties": {
    "物種":"灌木類",
    "樹種":"宜梧",
    "學名":"Elaeagnus oldhamii",
    "科別":"胡頹子科",
    "行政區":"中山區",
    "河濱公園":"大佳",
    "數量":2
    }
  },
  {
    "type": "Feature",
    "geometry": {
       "type": "Point",
       "coordinates":  [ 121.5198273,25.0928568 ]
    },
    "properties": {
    "物種":"灌木類",
    "樹種":"武竹",
    "學名":"Asparagus aethiopicus",
    "科別":"天門冬科",
    "行政區":"士林區",
    "河濱公園":"百齡右岸",
    "數量":1
    }
  },
  {
    "type": "Feature",
    "geometry": {
       "type": "Point",
       "coordinates":  [ 121.4998912,25.0348867 ]
    },
    "properties": {
    "物種":"灌木類",
    "樹種":"武竹",
    "學名":"Asparagus densiflorus",
    "科別":"百合科",
    "行政區":"萬華區",
    "河濱公園":"華中",
    "數量":3
    }
  },
  {
    "type": "Feature",
    "geometry": {
       "type": "Point",
       "coordinates":  [ 121.470244,25.124291 ]
    },
    "properties": {
    "物種":"灌木類",
    "樹種":"沿階草",
    "學名":"Ophiopogon japonicus",
    "科別":"百合科",
    "行政區":"北投區",
    "河濱公園":"關渡水岸",
    "數量":2
    }
  },
  {
    "type": "Feature",
    "geometry": {
       "type": "Point",
       "coordinates":  [ 121.5153661,25.0660564 ]
    },
    "properties": {
    "物種":"灌木類",
    "樹種":"虎尾蘭",
    "學名":"Sansevieria trifasciata",
    "科別":"龍舌蘭科",
    "行政區":"大同區",
    "河濱公園":"延平",
    "數量":2
    }
  },
  {
    "type": "Feature",
    "geometry": {
       "type": "Point",
       "coordinates":  [ 121.5198273,25.0928568 ]
    },
    "properties": {
    "物種":"灌木類",
    "樹種":"虎尾蘭",
    "學名":"Sansevieria trifasciata",
    "科別":"龍舌蘭科",
    "行政區":"士林區",
    "河濱公園":"百齡右岸",
    "數量":1
    }
  },
  {
    "type": "Feature",
    "geometry": {
       "type": "Point",
       "coordinates":  [ 121.309753,23.349091 ]
    },
    "properties": {
    "物種":"灌木類",
    "樹種":"虎尾蘭",
    "學名":"Sansevieria trifasciata",
    "科別":"龍舌蘭科",
    "行政區":"中正區",
    "河濱公園":"中正",
    "數量":1
    }
  },
  {
    "type": "Feature",
    "geometry": {
       "type": "Point",
       "coordinates":  [ 121.4998912,25.0348867 ]
    },
    "properties": {
    "物種":"灌木類",
    "樹種":"虎尾蘭",
    "學名":"Sansevieria trifasciata",
    "科別":"龍舌蘭科",
    "行政區":"萬華區",
    "河濱公園":"華中",
    "數量":6
    }
  },
  {
    "type": "Feature",
    "geometry": {
       "type": "Point",
       "coordinates":  [ 121.5888703,25.0695059 ]
    },
    "properties": {
    "物種":"灌木類",
    "樹種":"金龜樹",
    "學名":"Pithecellobium dulce",
    "科別":"豆科",
    "行政區":"內湖區",
    "河濱公園":"彩虹",
    "數量":1
    }
  },
  {
    "type": "Feature",
    "geometry": {
       "type": "Point",
       "coordinates":  [ 121.470244,25.124291 ]
    },
    "properties": {
    "物種":"灌木類",
    "樹種":"金露花",
    "學名":"Duranta erecta",
    "科別":"馬鞭草科",
    "行政區":"北投區",
    "河濱公園":"關渡水岸",
    "數量":14
    }
  },
  {
    "type": "Feature",
    "geometry": {
       "type": "Point",
       "coordinates":  [ 121.5198273,25.0928568 ]
    },
    "properties": {
    "物種":"灌木類",
    "樹種":"金露花",
    "學名":"Duranta erecta",
    "科別":"馬鞭草科",
    "行政區":"士林區",
    "河濱公園":"富州",
    "數量":2
    }
  },
  {
    "type": "Feature",
    "geometry": {
       "type": "Point",
       "coordinates":  [ 121.5198273,25.0928568 ]
    },
    "properties": {
    "物種":"灌木類",
    "樹種":"金露花",
    "學名":"Duranta erecta",
    "科別":"馬鞭草科",
    "行政區":"士林區",
    "河濱公園":"福安",
    "數量":2
    }
  },
  {
    "type": "Feature",
    "geometry": {
       "type": "Point",
       "coordinates":  [ 121.5153661,25.0660564 ]
    },
    "properties": {
    "物種":"灌木類",
    "樹種":"金露花",
    "學名":"Duranta erecta",
    "科別":"馬鞭草科",
    "行政區":"大同區",
    "河濱公園":"延平",
    "數量":12
    }
  },
  {
    "type": "Feature",
    "geometry": {
       "type": "Point",
       "coordinates":  [ 121.4998912,25.0348867 ]
    },
    "properties": {
    "物種":"灌木類",
    "樹種":"金露花",
    "學名":"Duranta erecta",
    "科別":"馬鞭草科",
    "行政區":"萬華區",
    "河濱公園":"雁鴨",
    "數量":12
    }
  },
  {
    "type": "Feature",
    "geometry": {
       "type": "Point",
       "coordinates":  [ 121.542755,24.990475 ]
    },
    "properties": {
    "物種":"灌木類",
    "樹種":"金露花",
    "學名":"Duranta erecta",
    "科別":"馬鞭草科",
    "行政區":"文山區",
    "河濱公園":"景美",
    "數量":53
    }
  },
  {
    "type": "Feature",
    "geometry": {
       "type": "Point",
       "coordinates":  [ 121.5655,24.9827 ]
    },
    "properties": {
    "物種":"灌木類",
    "樹種":"金露花",
    "學名":"Duranta erecta",
    "科別":"馬鞭草科",
    "行政區":"文山區",
    "河濱公園":"木柵",
    "數量":84
    }
  },
  {
    "type": "Feature",
    "geometry": {
       "type": "Point",
       "coordinates":  [ 121.5702959,24.9894668 ]
    },
    "properties": {
    "物種":"灌木類",
    "樹種":"金露花",
    "學名":"Duranta erecta",
    "科別":"馬鞭草科",
    "行政區":"文山區",
    "河濱公園":"道南",
    "數量":4
    }
  },
  {
    "type": "Feature",
    "geometry": {
       "type": "Point",
       "coordinates":  [ 121.6068286,25.0546698 ]
    },
    "properties": {
    "物種":"灌木類",
    "樹種":"金露花",
    "學名":"Duranta erecta",
    "科別":"馬鞭草科",
    "行政區":"南港區",
    "河濱公園":"成美左岸",
    "數量":1
    }
  },
  {
    "type": "Feature",
    "geometry": {
       "type": "Point",
       "coordinates":  [ 121.5888703,25.0695059 ]
    },
    "properties": {
    "物種":"灌木類",
    "樹種":"金露花",
    "學名":"Duranta erecta",
    "科別":"馬鞭草科",
    "行政區":"內湖區",
    "河濱公園":"成美右岸",
    "數量":28
    }
  },
  {
    "type": "Feature",
    "geometry": {
       "type": "Point",
       "coordinates":  [ 121.5888703,25.0695059 ]
    },
    "properties": {
    "物種":"灌木類",
    "樹種":"金露花",
    "學名":"Duranta erecta",
    "科別":"馬鞭草科",
    "行政區":"內湖區",
    "河濱公園":"彩虹",
    "數量":2
    }
  },
  {
    "type": "Feature",
    "geometry": {
       "type": "Point",
       "coordinates":  [ 121.5336277,25.0642508 ]
    },
    "properties": {
    "物種":"灌木類",
    "樹種":"金露花",
    "學名":"Duranta erecta",
    "科別":"馬鞭草科",
    "行政區":"中山區",
    "河濱公園":"美堤",
    "數量":37
    }
  },
  {
    "type": "Feature",
    "geometry": {
       "type": "Point",
       "coordinates":  [ 121.5198273,25.0928568 ]
    },
    "properties": {
    "物種":"灌木類",
    "樹種":"金露花",
    "學名":"Duranta erecta",
    "科別":"馬鞭草科",
    "行政區":"士林區",
    "河濱公園":"百齡右岸",
    "數量":4
    }
  },
  {
    "type": "Feature",
    "geometry": {
       "type": "Point",
       "coordinates":  [ 121.5768018,25.0497252 ]
    },
    "properties": {
    "物種":"灌木類",
    "樹種":"金露花",
    "學名":"Duranta erecta",
    "科別":"馬鞭草科",
    "行政區":"松山區",
    "河濱公園":"觀山",
    "數量":2
    }
  },
  {
    "type": "Feature",
    "geometry": {
       "type": "Point",
       "coordinates":  [ 121.5336277,25.0642508 ]
    },
    "properties": {
    "物種":"灌木類",
    "樹種":"金露花",
    "學名":"Duranta erecta",
    "科別":"馬鞭草科",
    "行政區":"中山區",
    "河濱公園":"迎風",
    "數量":76
    }
  },
  {
    "type": "Feature",
    "geometry": {
       "type": "Point",
       "coordinates":  [ 121.5336277,25.0642508 ]
    },
    "properties": {
    "物種":"灌木類",
    "樹種":"金露花",
    "學名":"Duranta erecta",
    "科別":"馬鞭草科",
    "行政區":"中山區",
    "河濱公園":"大佳",
    "數量":75
    }
  },
  {
    "type": "Feature",
    "geometry": {
       "type": "Point",
       "coordinates":  [ 121.5198273,25.0928568 ]
    },
    "properties": {
    "物種":"灌木類",
    "樹種":"金露花",
    "學名":"Duranta erecta",
    "科別":"馬鞭草科",
    "行政區":"士林區",
    "河濱公園":"百齡左岸",
    "數量":6
    }
  },
  {
    "type": "Feature",
    "geometry": {
       "type": "Point",
       "coordinates":  { }
    },
    "properties": {
    "物種":"灌木類",
    "樹種":"金露花",
    "學名":"Duranta erecta",
    "科別":"馬鞭草科",
    "行政區":"士林區",
    "河濱公園":"河雙21號",
    "數量":4
    }
  },
  {
    "type": "Feature",
    "geometry": {
       "type": "Point",
       "coordinates":  [ 121.5198273,25.0928568 ]
    },
    "properties": {
    "物種":"灌木類",
    "樹種":"金露花",
    "學名":"Duranta erecta",
    "科別":"馬鞭草科",
    "行政區":"士林區",
    "河濱公園":"雙溪",
    "數量":33
    }
  },
  {
    "type": "Feature",
    "geometry": {
       "type": "Point",
       "coordinates":  [ 121.5888703,25.0695059 ]
    },
    "properties": {
    "物種":"灌木類",
    "樹種":"金露花",
    "學名":"Duranta erecta",
    "科別":"馬鞭草科",
    "行政區":"內湖區",
    "河濱公園":"南湖右岸",
    "數量":14
    }
  },
  {
    "type": "Feature",
    "geometry": {
       "type": "Point",
       "coordinates":  [ 121.309753,23.349091 ]
    },
    "properties": {
    "物種":"灌木類",
    "樹種":"金露花",
    "學名":"Duranta erecta",
    "科別":"馬鞭草科",
    "行政區":"中正區",
    "河濱公園":"中正",
    "數量":25
    }
  },
  {
    "type": "Feature",
    "geometry": {
       "type": "Point",
       "coordinates":  [ 121.504201,25.0188724 ]
    },
    "properties": {
    "物種":"灌木類",
    "樹種":"金露花",
    "學名":"Duranta erecta",
    "科別":"馬鞭草科",
    "行政區":"中正區",
    "河濱公園":"馬場町紀念公園",
    "數量":40
    }
  },
  {
    "type": "Feature",
    "geometry": {
       "type": "Point",
       "coordinates":  [ 121.4998912,25.0348867 ]
    },
    "properties": {
    "物種":"灌木類",
    "樹種":"金露花",
    "學名":"Duranta erecta",
    "科別":"馬鞭草科",
    "行政區":"萬華區",
    "河濱公園":"華中",
    "數量":17
    }
  },
  {
    "type": "Feature",
    "geometry": {
       "type": "Point",
       "coordinates":  [ 121.4998912,25.0348867 ]
    },
    "properties": {
    "物種":"灌木類",
    "樹種":"金露花",
    "學名":"Duranta erecta",
    "科別":"馬鞭草科",
    "行政區":"萬華區",
    "河濱公園":"雙園",
    "數量":4
    }
  },
  {
    "type": "Feature",
    "geometry": {
       "type": "Point",
       "coordinates":  [ 121.5198273,25.0928568 ]
    },
    "properties": {
    "物種":"灌木類",
    "樹種":"長穗木",
    "學名":"Stachytarpheta urticaefolia",
    "科別":"馬鞭草科",
    "行政區":"士林區",
    "河濱公園":"雙溪",
    "數量":2
    }
  },
  {
    "type": "Feature",
    "geometry": {
       "type": "Point",
       "coordinates":  [ 121.5153661,25.0660564 ]
    },
    "properties": {
    "物種":"灌木類",
    "樹種":"南美朱槿",
    "學名":"Malvaviscus arboreus",
    "科別":"錦葵科",
    "行政區":"大同區",
    "河濱公園":"延平",
    "數量":2
    }
  },
  {
    "type": "Feature",
    "geometry": {
       "type": "Point",
       "coordinates":  [ 121.4998912,25.0348867 ]
    },
    "properties": {
    "物種":"灌木類",
    "樹種":"南美朱槿",
    "學名":"Malvaviscus arboreus",
    "科別":"錦葵科",
    "行政區":"萬華區",
    "河濱公園":"龍山",
    "數量":1
    }
  },
  {
    "type": "Feature",
    "geometry": {
       "type": "Point",
       "coordinates":  [ 121.4998912,25.0348867 ]
    },
    "properties": {
    "物種":"灌木類",
    "樹種":"南美朱槿",
    "學名":"Malvaviscus arboreus",
    "科別":"錦葵科",
    "行政區":"萬華區",
    "河濱公園":"雁鴨",
    "數量":1
    }
  },
  {
    "type": "Feature",
    "geometry": {
       "type": "Point",
       "coordinates":  [ 121.507192,25.090625 ]
    },
    "properties": {
    "物種":"灌木類",
    "樹種":"南美朱槿",
    "學名":"Malvaviscus arboreus",
    "科別":"錦葵科",
    "行政區":"士林區",
    "河濱公園":"社子島沿線",
    "數量":1
    }
  },
  {
    "type": "Feature",
    "geometry": {
       "type": "Point",
       "coordinates":  [ 121.4998912,25.0348867 ]
    },
    "properties": {
    "物種":"灌木類",
    "樹種":"南美朱槿",
    "學名":"Malvaviscus arboreus",
    "科別":"錦葵科",
    "行政區":"萬華區",
    "河濱公園":"華中",
    "數量":1
    }
  },
  {
    "type": "Feature",
    "geometry": {
       "type": "Point",
       "coordinates":  [ 121.4998912,25.0348867 ]
    },
    "properties": {
    "物種":"灌木類",
    "樹種":"南美蟛蜞菊",
    "學名":"Wedelia trilobata",
    "科別":"菊科",
    "行政區":"萬華區",
    "河濱公園":"雁鴨",
    "數量":5
    }
  },
  {
    "type": "Feature",
    "geometry": {
       "type": "Point",
       "coordinates":  [ 121.5702959,24.9894668 ]
    },
    "properties": {
    "物種":"灌木類",
    "樹種":"南美蟛蜞菊",
    "學名":"Wedelia trilobata",
    "科別":"菊科",
    "行政區":"文山區",
    "河濱公園":"道南",
    "數量":1
    }
  },
  {
    "type": "Feature",
    "geometry": {
       "type": "Point",
       "coordinates":  [ 121.5888703,25.0695059 ]
    },
    "properties": {
    "物種":"灌木類",
    "樹種":"南美蟛蜞菊",
    "學名":"Wedelia trilobata",
    "科別":"菊科",
    "行政區":"內湖區",
    "河濱公園":"彩虹",
    "數量":3
    }
  },
  {
    "type": "Feature",
    "geometry": {
       "type": "Point",
       "coordinates":  [ 121.5336277,25.0642508 ]
    },
    "properties": {
    "物種":"灌木類",
    "樹種":"南美蟛蜞菊",
    "學名":"Wedelia trilobata",
    "科別":"菊科",
    "行政區":"中山區",
    "河濱公園":"美堤",
    "數量":4
    }
  },
  {
    "type": "Feature",
    "geometry": {
       "type": "Point",
       "coordinates":  [ 121.5768018,25.0497252 ]
    },
    "properties": {
    "物種":"灌木類",
    "樹種":"南美蟛蜞菊",
    "學名":"Wedelia trilobata",
    "科別":"菊科",
    "行政區":"松山區",
    "河濱公園":"觀山",
    "數量":1
    }
  },
  {
    "type": "Feature",
    "geometry": {
       "type": "Point",
       "coordinates":  [ 121.5336277,25.0642508 ]
    },
    "properties": {
    "物種":"灌木類",
    "樹種":"南美蟛蜞菊",
    "學名":"Wedelia trilobata",
    "科別":"菊科",
    "行政區":"中山區",
    "河濱公園":"迎風",
    "數量":1
    }
  },
  {
    "type": "Feature",
    "geometry": {
       "type": "Point",
       "coordinates":  [ 121.5336277,25.0642508 ]
    },
    "properties": {
    "物種":"灌木類",
    "樹種":"南美蟛蜞菊",
    "學名":"Wedelia trilobata",
    "科別":"菊科",
    "行政區":"中山區",
    "河濱公園":"大佳",
    "數量":10
    }
  },
  {
    "type": "Feature",
    "geometry": {
       "type": "Point",
       "coordinates":  [ 121.5198273,25.0928568 ]
    },
    "properties": {
    "物種":"灌木類",
    "樹種":"南美蟛蜞菊",
    "學名":"Wedelia trilobata",
    "科別":"菊科",
    "行政區":"士林區",
    "河濱公園":"雙溪",
    "數量":2
    }
  },
  {
    "type": "Feature",
    "geometry": {
       "type": "Point",
       "coordinates":  [ 121.309753,23.349091 ]
    },
    "properties": {
    "物種":"灌木類",
    "樹種":"南美蟛蜞菊",
    "學名":"Wedelia trilobata",
    "科別":"菊科",
    "行政區":"中正區",
    "河濱公園":"中正",
    "數量":1
    }
  },
  {
    "type": "Feature",
    "geometry": {
       "type": "Point",
       "coordinates":  [ 121.4998912,25.0348867 ]
    },
    "properties": {
    "物種":"灌木類",
    "樹種":"南美蟛蜞菊",
    "學名":"Wedelia trilobata",
    "科別":"菊科",
    "行政區":"萬華區",
    "河濱公園":"雙園",
    "數量":1
    }
  },
  {
    "type": "Feature",
    "geometry": {
       "type": "Point",
       "coordinates":  [ 121.5153661,25.0660564 ]
    },
    "properties": {
    "物種":"灌木類",
    "樹種":"厚葉女貞",
    "學名":"Ligustrum Lucidum",
    "科別":"木犀科",
    "行政區":"大同區",
    "河濱公園":"延平",
    "數量":1
    }
  },
  {
    "type": "Feature",
    "geometry": {
       "type": "Point",
       "coordinates":  [ 121.4998912,25.0348867 ]
    },
    "properties": {
    "物種":"灌木類",
    "樹種":"厚葉女貞",
    "學名":"Ligustrum Lucidum",
    "科別":"木犀科",
    "行政區":"萬華區",
    "河濱公園":"雙園",
    "數量":4
    }
  },
  {
    "type": "Feature",
    "geometry": {
       "type": "Point",
       "coordinates":  [ 121.4998912,25.0348867 ]
    },
    "properties": {
    "物種":"灌木類",
    "樹種":"垂花水竹芋",
    "學名":"Thalia geniculata",
    "科別":"竹芋科",
    "行政區":"萬華區",
    "河濱公園":"華中",
    "數量":1
    }
  },
  {
    "type": "Feature",
    "geometry": {
       "type": "Point",
       "coordinates":  [ 121.5888703,25.0695059 ]
    },
    "properties": {
    "物種":"灌木類",
    "樹種":"垂榕",
    "學名":"Ficus benjamina",
    "科別":"桑科",
    "行政區":"內湖區",
    "河濱公園":"成美右岸",
    "數量":57
    }
  },
  {
    "type": "Feature",
    "geometry": {
       "type": "Point",
       "coordinates":  [ 121.4998912,25.0348867 ]
    },
    "properties": {
    "物種":"灌木類",
    "樹種":"垂榕",
    "學名":"Ficus benjamina",
    "科別":"桑科",
    "行政區":"萬華區",
    "河濱公園":"華中",
    "數量":15
    }
  },
  {
    "type": "Feature",
    "geometry": {
       "type": "Point",
       "coordinates":  [ 121.470244,25.124291 ]
    },
    "properties": {
    "物種":"灌木類",
    "樹種":"春不老",
    "學名":"Ardisia squamulosa",
    "科別":"紫金牛科",
    "行政區":"北投區",
    "河濱公園":"關渡水岸",
    "數量":20
    }
  },
  {
    "type": "Feature",
    "geometry": {
       "type": "Point",
       "coordinates":  [ 121.5198273,25.0928568 ]
    },
    "properties": {
    "物種":"灌木類",
    "樹種":"春不老",
    "學名":"Ardisia squamulosa",
    "科別":"紫金牛科",
    "行政區":"士林區",
    "河濱公園":"福安",
    "數量":1
    }
  },
  {
    "type": "Feature",
    "geometry": {
       "type": "Point",
       "coordinates":  [ 121.5153661,25.0660564 ]
    },
    "properties": {
    "物種":"灌木類",
    "樹種":"春不老",
    "學名":"Ardisia squamulosa",
    "科別":"紫金牛科",
    "行政區":"大同區",
    "河濱公園":"延平",
    "數量":21
    }
  },
  {
    "type": "Feature",
    "geometry": {
       "type": "Point",
       "coordinates":  [ 121.4998912,25.0348867 ]
    },
    "properties": {
    "物種":"灌木類",
    "樹種":"春不老",
    "學名":"Ardisia squamulosa",
    "科別":"紫金牛科",
    "行政區":"萬華區",
    "河濱公園":"雁鴨",
    "數量":1
    }
  },
  {
    "type": "Feature",
    "geometry": {
       "type": "Point",
       "coordinates":  [ 121.5702959,24.9894668 ]
    },
    "properties": {
    "物種":"灌木類",
    "樹種":"春不老",
    "學名":"Ardisia squamulosa",
    "科別":"紫金牛科",
    "行政區":"文山區",
    "河濱公園":"道南",
    "數量":4
    }
  },
  {
    "type": "Feature",
    "geometry": {
       "type": "Point",
       "coordinates":  [ 121.6068286,25.0546698 ]
    },
    "properties": {
    "物種":"灌木類",
    "樹種":"春不老",
    "學名":"Ardisia squamulosa",
    "科別":"紫金牛科",
    "行政區":"南港區",
    "河濱公園":"成美左岸",
    "數量":3
    }
  },
  {
    "type": "Feature",
    "geometry": {
       "type": "Point",
       "coordinates":  [ 121.5768018,25.0497252 ]
    },
    "properties": {
    "物種":"灌木類",
    "樹種":"春不老",
    "學名":"Ardisia squamulosa",
    "科別":"紫金牛科",
    "行政區":"松山區",
    "河濱公園":"觀山",
    "數量":4
    }
  },
  {
    "type": "Feature",
    "geometry": {
       "type": "Point",
       "coordinates":  [ 121.5336277,25.0642508 ]
    },
    "properties": {
    "物種":"灌木類",
    "樹種":"春不老",
    "學名":"Ardisia squamulosa",
    "科別":"紫金牛科",
    "行政區":"中山區",
    "河濱公園":"迎風",
    "數量":11
    }
  },
  {
    "type": "Feature",
    "geometry": {
       "type": "Point",
       "coordinates":  [ 121.5336277,25.0642508 ]
    },
    "properties": {
    "物種":"灌木類",
    "樹種":"春不老",
    "學名":"Ardisia squamulosa",
    "科別":"紫金牛科",
    "行政區":"中山區",
    "河濱公園":"大佳",
    "數量":16
    }
  },
  {
    "type": "Feature",
    "geometry": {
       "type": "Point",
       "coordinates":  { }
    },
    "properties": {
    "物種":"灌木類",
    "樹種":"春不老",
    "學名":"Ardisia squamulosa",
    "科別":"紫金牛科",
    "行政區":"士林區",
    "河濱公園":"河雙21號",
    "數量":43
    }
  },
  {
    "type": "Feature",
    "geometry": {
       "type": "Point",
       "coordinates":  [ 121.5198273,25.0928568 ]
    },
    "properties": {
    "物種":"灌木類",
    "樹種":"春不老",
    "學名":"Ardisia squamulosa",
    "科別":"紫金牛科",
    "行政區":"士林區",
    "河濱公園":"雙溪",
    "數量":1
    }
  },
  {
    "type": "Feature",
    "geometry": {
       "type": "Point",
       "coordinates":  [ 121.504201,25.0188724 ]
    },
    "properties": {
    "物種":"灌木類",
    "樹種":"春不老",
    "學名":"Ardisia squamulosa",
    "科別":"紫金牛科",
    "行政區":"中正區",
    "河濱公園":"馬場町紀念公園",
    "數量":13
    }
  },
  {
    "type": "Feature",
    "geometry": {
       "type": "Point",
       "coordinates":  [ 121.4998912,25.0348867 ]
    },
    "properties": {
    "物種":"灌木類",
    "樹種":"春不老",
    "學名":"Ardisia squamulosa",
    "科別":"紫金牛科",
    "行政區":"萬華區",
    "河濱公園":"華中",
    "數量":42
    }
  },
  {
    "type": "Feature",
    "geometry": {
       "type": "Point",
       "coordinates":  [ 121.5888703,25.0695059 ]
    },
    "properties": {
    "物種":"灌木類",
    "樹種":"洛神花",
    "學名":"Hibiscus sabdariffa",
    "科別":"錦葵科",
    "行政區":"內湖區",
    "河濱公園":"成美右岸",
    "數量":2
    }
  },
  {
    "type": "Feature",
    "geometry": {
       "type": "Point",
       "coordinates":  [ 121.5336277,25.0642508 ]
    },
    "properties": {
    "物種":"灌木類",
    "樹種":"皇冠龍舌蘭",
    "學名":"Agave americana",
    "科別":"龍舌蘭科",
    "行政區":"中山區",
    "河濱公園":"大佳",
    "數量":128
    }
  },
  {
    "type": "Feature",
    "geometry": {
       "type": "Point",
       "coordinates":  [ 121.5153661,25.0660564 ]
    },
    "properties": {
    "物種":"灌木類",
    "樹種":"紅仔珠",
    "學名":"Breynia officinalis",
    "科別":"大戟科",
    "行政區":"大同區",
    "河濱公園":"延平",
    "數量":1
    }
  },
  {
    "type": "Feature",
    "geometry": {
       "type": "Point",
       "coordinates":  [ 121.309753,23.349091 ]
    },
    "properties": {
    "物種":"灌木類",
    "樹種":"紅芽赤楠",
    "學名":"Syzygium formosanum",
    "科別":"桃金孃科",
    "行政區":"中正區",
    "河濱公園":"中正",
    "數量":11
    }
  },
  {
    "type": "Feature",
    "geometry": {
       "type": "Point",
       "coordinates":  [ 121.6068286,25.0546698 ]
    },
    "properties": {
    "物種":"灌木類",
    "樹種":"紅背桂花",
    "學名":"Excoecaria cochinchinensis",
    "科別":"大戟科",
    "行政區":"南港區",
    "河濱公園":"成美左岸",
    "數量":1
    }
  },
  {
    "type": "Feature",
    "geometry": {
       "type": "Point",
       "coordinates":  [ 121.5336277,25.0642508 ]
    },
    "properties": {
    "物種":"灌木類",
    "樹種":"紅背桂花",
    "學名":"Excoecaria cochinchinensis",
    "科別":"大戟科",
    "行政區":"中山區",
    "河濱公園":"大佳",
    "數量":5
    }
  },
  {
    "type": "Feature",
    "geometry": {
       "type": "Point",
       "coordinates":  [ 121.5768018,25.0497252 ]
    },
    "properties": {
    "物種":"灌木類",
    "樹種":"紅葉鐵莧",
    "學名":"Acalypha wilkesiana",
    "科別":"大戟科",
    "行政區":"松山區",
    "河濱公園":"觀山",
    "數量":2
    }
  },
  {
    "type": "Feature",
    "geometry": {
       "type": "Point",
       "coordinates":  [ 121.5198273,25.0928568 ]
    },
    "properties": {
    "物種":"灌木類",
    "樹種":"紅葉鐵莧",
    "學名":"Acalypha wilkesiana",
    "科別":"大戟科",
    "行政區":"士林區",
    "河濱公園":"雙溪",
    "數量":12
    }
  },
  {
    "type": "Feature",
    "geometry": {
       "type": "Point",
       "coordinates":  [ 121.309753,23.349091 ]
    },
    "properties": {
    "物種":"灌木類",
    "樹種":"紅葉鐵莧",
    "學名":"Acalypha wilkesiana",
    "科別":"大戟科",
    "行政區":"中正區",
    "河濱公園":"中正",
    "數量":3
    }
  },
  {
    "type": "Feature",
    "geometry": {
       "type": "Point",
       "coordinates":  [ 121.4998912,25.0348867 ]
    },
    "properties": {
    "物種":"灌木類",
    "樹種":"紅葉鐵莧",
    "學名":"Acalypha wilkesiana",
    "科別":"大戟科",
    "行政區":"萬華區",
    "河濱公園":"華中",
    "數量":4
    }
  },
  {
    "type": "Feature",
    "geometry": {
       "type": "Point",
       "coordinates":  [ 121.4998912,25.0348867 ]
    },
    "properties": {
    "物種":"灌木類",
    "樹種":"紅葉鐵莧",
    "學名":"Acalypha wilkesiana",
    "科別":"大戟科",
    "行政區":"萬華區",
    "河濱公園":"雙園",
    "數量":1
    }
  },
  {
    "type": "Feature",
    "geometry": {
       "type": "Point",
       "coordinates":  [ 121.542755,24.990475 ]
    },
    "properties": {
    "物種":"灌木類",
    "樹種":"紅龍草",
    "學名":"Alternanthera dentata",
    "科別":"莧科",
    "行政區":"文山區",
    "河濱公園":"景美",
    "數量":1
    }
  },
  {
    "type": "Feature",
    "geometry": {
       "type": "Point",
       "coordinates":  [ 121.5198273,25.0928568 ]
    },
    "properties": {
    "物種":"灌木類",
    "樹種":"紅龍草",
    "學名":"Alternanthera dentata",
    "科別":"莧科",
    "行政區":"士林區",
    "河濱公園":"雙溪",
    "數量":1
    }
  },
  {
    "type": "Feature",
    "geometry": {
       "type": "Point",
       "coordinates":  [ 121.4998912,25.0348867 ]
    },
    "properties": {
    "物種":"灌木類",
    "樹種":"紅龍草",
    "學名":"Alternanthera dentata",
    "科別":"莧科",
    "行政區":"萬華區",
    "河濱公園":"華中",
    "數量":1
    }
  },
  {
    "type": "Feature",
    "geometry": {
       "type": "Point",
       "coordinates":  [ 121.5198273,25.0928568 ]
    },
    "properties": {
    "物種":"灌木類",
    "樹種":"美人蕉",
    "學名":"Canna indica",
    "科別":"美人蕉科",
    "行政區":"士林區",
    "河濱公園":"福安",
    "數量":1
    }
  },
  {
    "type": "Feature",
    "geometry": {
       "type": "Point",
       "coordinates":  [ 121.5153661,25.0660564 ]
    },
    "properties": {
    "物種":"灌木類",
    "樹種":"美人蕉",
    "學名":"Canna indica",
    "科別":"美人蕉科",
    "行政區":"大同區",
    "河濱公園":"延平",
    "數量":6
    }
  },
  {
    "type": "Feature",
    "geometry": {
       "type": "Point",
       "coordinates":  [ 121.4998912,25.0348867 ]
    },
    "properties": {
    "物種":"灌木類",
    "樹種":"美人蕉",
    "學名":"Canna indica",
    "科別":"美人蕉科",
    "行政區":"萬華區",
    "河濱公園":"龍山",
    "數量":2
    }
  },
  {
    "type": "Feature",
    "geometry": {
       "type": "Point",
       "coordinates":  [ 121.4998912,25.0348867 ]
    },
    "properties": {
    "物種":"灌木類",
    "樹種":"美人蕉",
    "學名":"Canna indica",
    "科別":"美人蕉科",
    "行政區":"萬華區",
    "河濱公園":"雁鴨",
    "數量":3
    }
  },
  {
    "type": "Feature",
    "geometry": {
       "type": "Point",
       "coordinates":  [ 121.542755,24.990475 ]
    },
    "properties": {
    "物種":"灌木類",
    "樹種":"美人蕉",
    "學名":"Canna indica",
    "科別":"美人蕉科",
    "行政區":"文山區",
    "河濱公園":"景美",
    "數量":3
    }
  },
  {
    "type": "Feature",
    "geometry": {
       "type": "Point",
       "coordinates":  [ 121.5702959,24.9894668 ]
    },
    "properties": {
    "物種":"灌木類",
    "樹種":"美人蕉",
    "學名":"Canna indica",
    "科別":"美人蕉科",
    "行政區":"文山區",
    "河濱公園":"道南",
    "數量":3
    }
  },
  {
    "type": "Feature",
    "geometry": {
       "type": "Point",
       "coordinates":  [ 121.6068286,25.0546698 ]
    },
    "properties": {
    "物種":"灌木類",
    "樹種":"美人蕉",
    "學名":"Canna indica",
    "科別":"美人蕉科",
    "行政區":"南港區",
    "河濱公園":"南湖左岸",
    "數量":1
    }
  },
  {
    "type": "Feature",
    "geometry": {
       "type": "Point",
       "coordinates":  [ 121.5768018,25.0497252 ]
    },
    "properties": {
    "物種":"灌木類",
    "樹種":"美人蕉",
    "學名":"Canna indica",
    "科別":"美人蕉科",
    "行政區":"松山區",
    "河濱公園":"觀山",
    "數量":5
    }
  },
  {
    "type": "Feature",
    "geometry": {
       "type": "Point",
       "coordinates":  [ 121.5336277,25.0642508 ]
    },
    "properties": {
    "物種":"灌木類",
    "樹種":"美人蕉",
    "學名":"Canna indica",
    "科別":"美人蕉科",
    "行政區":"中山區",
    "河濱公園":"大佳",
    "數量":1
    }
  },
  {
    "type": "Feature",
    "geometry": {
       "type": "Point",
       "coordinates":  [ 121.5198273,25.0928568 ]
    },
    "properties": {
    "物種":"灌木類",
    "樹種":"美人蕉",
    "學名":"Canna indica",
    "科別":"美人蕉科",
    "行政區":"士林區",
    "河濱公園":"百齡左岸",
    "數量":2
    }
  },
  {
    "type": "Feature",
    "geometry": {
       "type": "Point",
       "coordinates":  [ 121.309753,23.349091 ]
    },
    "properties": {
    "物種":"灌木類",
    "樹種":"美人蕉",
    "學名":"Canna indica",
    "科別":"美人蕉科",
    "行政區":"中正區",
    "河濱公園":"中正",
    "數量":4
    }
  },
  {
    "type": "Feature",
    "geometry": {
       "type": "Point",
       "coordinates":  [ 121.504201,25.0188724 ]
    },
    "properties": {
    "物種":"灌木類",
    "樹種":"美人蕉",
    "學名":"Canna indica",
    "科別":"美人蕉科",
    "行政區":"中正區",
    "河濱公園":"馬場町紀念公園",
    "數量":4
    }
  },
  {
    "type": "Feature",
    "geometry": {
       "type": "Point",
       "coordinates":  [ 121.4998912,25.0348867 ]
    },
    "properties": {
    "物種":"灌木類",
    "樹種":"美人蕉",
    "學名":"Canna indica",
    "科別":"美人蕉科",
    "行政區":"萬華區",
    "河濱公園":"華中",
    "數量":23
    }
  },
  {
    "type": "Feature",
    "geometry": {
       "type": "Point",
       "coordinates":  [ 121.4998912,25.0348867 ]
    },
    "properties": {
    "物種":"灌木類",
    "樹種":"美人蕉",
    "學名":"Canna indica",
    "科別":"美人蕉科",
    "行政區":"萬華區",
    "河濱公園":"雙園",
    "數量":4
    }
  },
  {
    "type": "Feature",
    "geometry": {
       "type": "Point",
       "coordinates":  [ 121.470244,25.124291 ]
    },
    "properties": {
    "物種":"灌木類",
    "樹種":"苦林盤",
    "學名":"Clerodendrum inerme",
    "科別":"馬鞭草科",
    "行政區":"北投區",
    "河濱公園":"關渡水岸",
    "數量":3
    }
  },
  {
    "type": "Feature",
    "geometry": {
       "type": "Point",
       "coordinates":  [ 121.4998912,25.0348867 ]
    },
    "properties": {
    "物種":"灌木類",
    "樹種":"苦林盤",
    "學名":"Clerodendrum inerme",
    "科別":"馬鞭草科",
    "行政區":"萬華區",
    "河濱公園":"雁鴨",
    "數量":1
    }
  },
  {
    "type": "Feature",
    "geometry": {
       "type": "Point",
       "coordinates":  [ 121.309753,23.349091 ]
    },
    "properties": {
    "物種":"灌木類",
    "樹種":"茄苳",
    "學名":"Bischofia javanica",
    "科別":"大戟科",
    "行政區":"中正區",
    "河濱公園":"中正",
    "數量":1
    }
  },
  {
    "type": "Feature",
    "geometry": {
       "type": "Point",
       "coordinates":  [ 121.4998912,25.0348867 ]
    },
    "properties": {
    "物種":"灌木類",
    "樹種":"茄苳",
    "學名":"Bischofia javanica",
    "科別":"大戟科",
    "行政區":"萬華區",
    "河濱公園":"華中",
    "數量":2
    }
  },
  {
    "type": "Feature",
    "geometry": {
       "type": "Point",
       "coordinates":  [ 121.5198273,25.0928568 ]
    },
    "properties": {
    "物種":"灌木類",
    "樹種":"茉莉",
    "學名":"Jasminum sambac",
    "科別":"木犀科",
    "行政區":"士林區",
    "河濱公園":"百齡右岸",
    "數量":1
    }
  },
  {
    "type": "Feature",
    "geometry": {
       "type": "Point",
       "coordinates":  [ 121.4998912,25.0348867 ]
    },
    "properties": {
    "物種":"灌木類",
    "樹種":"茉莉",
    "學名":"Jasminum sambac",
    "科別":"木犀科",
    "行政區":"萬華區",
    "河濱公園":"華中",
    "數量":2
    }
  },
  {
    "type": "Feature",
    "geometry": {
       "type": "Point",
       "coordinates":  [ 121.4998912,25.0348867 ]
    },
    "properties": {
    "物種":"灌木類",
    "樹種":"茉莉",
    "學名":"Tabernaemontana divaricata",
    "科別":"夾竹桃科",
    "行政區":"萬華區",
    "河濱公園":"華中",
    "數量":2
    }
  },
  {
    "type": "Feature",
    "geometry": {
       "type": "Point",
       "coordinates":  [ 121.5198273,25.0928568 ]
    },
    "properties": {
    "物種":"灌木類",
    "樹種":"桂花",
    "學名":"Osmanthus fragrans",
    "科別":"木犀科",
    "行政區":"士林區",
    "河濱公園":"富州",
    "數量":1
    }
  },
  {
    "type": "Feature",
    "geometry": {
       "type": "Point",
       "coordinates":  [ 121.5153661,25.0660564 ]
    },
    "properties": {
    "物種":"灌木類",
    "樹種":"桂花",
    "學名":"Osmanthus fragrans",
    "科別":"木犀科",
    "行政區":"大同區",
    "河濱公園":"延平",
    "數量":3
    }
  },
  {
    "type": "Feature",
    "geometry": {
       "type": "Point",
       "coordinates":  [ 121.4998912,25.0348867 ]
    },
    "properties": {
    "物種":"灌木類",
    "樹種":"桂花",
    "學名":"Osmanthus fragrans",
    "科別":"木犀科",
    "行政區":"萬華區",
    "河濱公園":"龍山",
    "數量":1
    }
  },
  {
    "type": "Feature",
    "geometry": {
       "type": "Point",
       "coordinates":  [ 121.4998912,25.0348867 ]
    },
    "properties": {
    "物種":"灌木類",
    "樹種":"桂花",
    "學名":"Osmanthus fragrans",
    "科別":"木犀科",
    "行政區":"萬華區",
    "河濱公園":"雁鴨",
    "數量":1
    }
  },
  {
    "type": "Feature",
    "geometry": {
       "type": "Point",
       "coordinates":  [ 121.6068286,25.0546698 ]
    },
    "properties": {
    "物種":"灌木類",
    "樹種":"桂花",
    "學名":"Osmanthus fragrans",
    "科別":"木犀科",
    "行政區":"南港區",
    "河濱公園":"南湖左岸",
    "數量":17
    }
  },
  {
    "type": "Feature",
    "geometry": {
       "type": "Point",
       "coordinates":  [ 121.5336277,25.0642508 ]
    },
    "properties": {
    "物種":"灌木類",
    "樹種":"桂花",
    "學名":"Osmanthus fragrans",
    "科別":"木犀科",
    "行政區":"中山區",
    "河濱公園":"大佳",
    "數量":3
    }
  },
  {
    "type": "Feature",
    "geometry": {
       "type": "Point",
       "coordinates":  [ 121.5198273,25.0928568 ]
    },
    "properties": {
    "物種":"灌木類",
    "樹種":"桂花",
    "學名":"Osmanthus fragrans",
    "科別":"木犀科",
    "行政區":"士林區",
    "河濱公園":"百齡左岸",
    "數量":12
    }
  },
  {
    "type": "Feature",
    "geometry": {
       "type": "Point",
       "coordinates":  [ 121.5198273,25.0928568 ]
    },
    "properties": {
    "物種":"灌木類",
    "樹種":"桂花",
    "學名":"Osmanthus fragrans",
    "科別":"木犀科",
    "行政區":"士林區",
    "河濱公園":"雙溪",
    "數量":1
    }
  },
  {
    "type": "Feature",
    "geometry": {
       "type": "Point",
       "coordinates":  [ 121.4998912,25.0348867 ]
    },
    "properties": {
    "物種":"灌木類",
    "樹種":"桂花",
    "學名":"Osmanthus fragrans",
    "科別":"木犀科",
    "行政區":"萬華區",
    "河濱公園":"華中",
    "數量":15
    }
  },
  {
    "type": "Feature",
    "geometry": {
       "type": "Point",
       "coordinates":  [ 121.4998912,25.0348867 ]
    },
    "properties": {
    "物種":"灌木類",
    "樹種":"桂花",
    "學名":"Osmanthus fragrans",
    "科別":"木犀科",
    "行政區":"萬華區",
    "河濱公園":"雙園",
    "數量":4
    }
  },
  {
    "type": "Feature",
    "geometry": {
       "type": "Point",
       "coordinates":  [ 121.4998912,25.0348867 ]
    },
    "properties": {
    "物種":"灌木類",
    "樹種":"桃葉斑鳩菊",
    "學名":"Vernonia amygdalina",
    "科別":"菊科",
    "行政區":"萬華區",
    "河濱公園":"雁鴨",
    "數量":1
    }
  },
  {
    "type": "Feature",
    "geometry": {
       "type": "Point",
       "coordinates":  [ 121.5655,24.9827 ]
    },
    "properties": {
    "物種":"灌木類",
    "樹種":"桃葉斑鳩菊",
    "學名":"Vernonia amygdalina",
    "科別":"菊科",
    "行政區":"文山區",
    "河濱公園":"木柵",
    "數量":2
    }
  },
  {
    "type": "Feature",
    "geometry": {
       "type": "Point",
       "coordinates":  [ 121.542755,24.990475 ]
    },
    "properties": {
    "物種":"灌木類",
    "樹種":"桑樹",
    "學名":"Morus australis",
    "科別":"桑科",
    "行政區":"文山區",
    "河濱公園":"景美",
    "數量":1
    }
  },
  {
    "type": "Feature",
    "geometry": {
       "type": "Point",
       "coordinates":  [ 121.4998912,25.0348867 ]
    },
    "properties": {
    "物種":"灌木類",
    "樹種":"海桐",
    "學名":"Pittosporum tobira",
    "科別":"海桐科",
    "行政區":"萬華區",
    "河濱公園":"雁鴨",
    "數量":12
    }
  },
  {
    "type": "Feature",
    "geometry": {
       "type": "Point",
       "coordinates":  [ 121.470244,25.124291 ]
    },
    "properties": {
    "物種":"灌木類",
    "樹種":"草海桐",
    "學名":"Scaevola sericea",
    "科別":"草海桐科",
    "行政區":"北投區",
    "河濱公園":"關渡水岸",
    "數量":2
    }
  },
  {
    "type": "Feature",
    "geometry": {
       "type": "Point",
       "coordinates":  [ 121.5153661,25.0660564 ]
    },
    "properties": {
    "物種":"灌木類",
    "樹種":"馬茶花",
    "學名":"Tabernaemontana divaricata",
    "科別":"夾竹桃科",
    "行政區":"大同區",
    "河濱公園":"延平",
    "數量":1
    }
  },
  {
    "type": "Feature",
    "geometry": {
       "type": "Point",
       "coordinates":  [ 121.4998912,25.0348867 ]
    },
    "properties": {
    "物種":"灌木類",
    "樹種":"馬茶花",
    "學名":"Tabernaemontana divaricata",
    "科別":"夾竹桃科",
    "行政區":"萬華區",
    "河濱公園":"華中",
    "數量":2
    }
  },
  {
    "type": "Feature",
    "geometry": {
       "type": "Point",
       "coordinates":  [ 121.5198273,25.0928568 ]
    },
    "properties": {
    "物種":"灌木類",
    "樹種":"馬齒牡丹",
    "學名":"Portulaca oleracea",
    "科別":"馬齒莧科",
    "行政區":"士林區",
    "河濱公園":"雙溪",
    "數量":6
    }
  },
  {
    "type": "Feature",
    "geometry": {
       "type": "Point",
       "coordinates":  [ 121.507192,25.090625 ]
    },
    "properties": {
    "物種":"灌木類",
    "樹種":"馬櫻丹",
    "學名":"Lantana camara",
    "科別":"馬鞭草科",
    "行政區":"士林區",
    "河濱公園":"社子島沿線",
    "數量":8
    }
  },
  {
    "type": "Feature",
    "geometry": {
       "type": "Point",
       "coordinates":  [ 121.5153661,25.0660564 ]
    },
    "properties": {
    "物種":"灌木類",
    "樹種":"馬櫻丹",
    "學名":"Lantana camara",
    "科別":"馬鞭草科",
    "行政區":"大同區",
    "河濱公園":"延平",
    "數量":66
    }
  },
  {
    "type": "Feature",
    "geometry": {
       "type": "Point",
       "coordinates":  [ 121.5336277,25.0642508 ]
    },
    "properties": {
    "物種":"灌木類",
    "樹種":"馬櫻丹",
    "學名":"Lantana camara",
    "科別":"馬鞭草科",
    "行政區":"中山區",
    "河濱公園":"迎風",
    "數量":2
    }
  },
  {
    "type": "Feature",
    "geometry": {
       "type": "Point",
       "coordinates":  [ 121.5336277,25.0642508 ]
    },
    "properties": {
    "物種":"灌木類",
    "樹種":"馬櫻丹",
    "學名":"Lantana camara",
    "科別":"馬鞭草科",
    "行政區":"中山區",
    "河濱公園":"大佳",
    "數量":3
    }
  },
  {
    "type": "Feature",
    "geometry": {
       "type": "Point",
       "coordinates":  [ 121.5198273,25.0928568 ]
    },
    "properties": {
    "物種":"灌木類",
    "樹種":"馬櫻丹",
    "學名":"Lantana camara",
    "科別":"馬鞭草科",
    "行政區":"士林區",
    "河濱公園":"百齡左岸",
    "數量":3
    }
  },
  {
    "type": "Feature",
    "geometry": {
       "type": "Point",
       "coordinates":  [ 121.5198273,25.0928568 ]
    },
    "properties": {
    "物種":"灌木類",
    "樹種":"馬櫻丹",
    "學名":"Lantana camara",
    "科別":"馬鞭草科",
    "行政區":"士林區",
    "河濱公園":"雙溪",
    "數量":5
    }
  },
  {
    "type": "Feature",
    "geometry": {
       "type": "Point",
       "coordinates":  [ 121.4998912,25.0348867 ]
    },
    "properties": {
    "物種":"灌木類",
    "樹種":"馬櫻丹",
    "學名":"Lantana camara",
    "科別":"馬鞭草科",
    "行政區":"萬華區",
    "河濱公園":"華中",
    "數量":6
    }
  },
  {
    "type": "Feature",
    "geometry": {
       "type": "Point",
       "coordinates":  [ 121.4998912,25.0348867 ]
    },
    "properties": {
    "物種":"灌木類",
    "樹種":"側柏",
    "學名":"Platycladus orientalis",
    "科別":"柏科",
    "行政區":"萬華區",
    "河濱公園":"雁鴨",
    "數量":14
    }
  },
  {
    "type": "Feature",
    "geometry": {
       "type": "Point",
       "coordinates":  [ 121.5336277,25.0642508 ]
    },
    "properties": {
    "物種":"灌木類",
    "樹種":"側柏",
    "學名":"Platycladus orientalis",
    "科別":"柏科",
    "行政區":"中山區",
    "河濱公園":"大佳",
    "數量":5
    }
  },
  {
    "type": "Feature",
    "geometry": {
       "type": "Point",
       "coordinates":  [ 121.5336277,25.0642508 ]
    },
    "properties": {
    "物種":"灌木類",
    "樹種":"彩葉山漆莖",
    "學名":"Clerodendrum quadriloculare",
    "科別":"大戟科",
    "行政區":"中山區",
    "河濱公園":"迎風",
    "數量":1
    }
  },
  {
    "type": "Feature",
    "geometry": {
       "type": "Point",
       "coordinates":  [ 121.5336277,25.0642508 ]
    },
    "properties": {
    "物種":"灌木類",
    "樹種":"彩葉山漆莖",
    "學名":"Breynia nicosa",
    "科別":"大戟科",
    "行政區":"中山區",
    "河濱公園":"大佳",
    "數量":15
    }
  },
  {
    "type": "Feature",
    "geometry": {
       "type": "Point",
       "coordinates":  [ 121.6068286,25.0546698 ]
    },
    "properties": {
    "物種":"灌木類",
    "樹種":"彩葉草",
    "學名":"Solenostemon scutellarioides",
    "科別":"唇形科",
    "行政區":"南港區",
    "河濱公園":"成美左岸",
    "數量":1
    }
  },
  {
    "type": "Feature",
    "geometry": {
       "type": "Point",
       "coordinates":  [ 121.5888703,25.0695059 ]
    },
    "properties": {
    "物種":"灌木類",
    "樹種":"軟枝黃蟬",
    "學名":"Allamanda cathartica",
    "科別":"夾竹桃科",
    "行政區":"內湖區",
    "河濱公園":"彩虹",
    "數量":3
    }
  },
  {
    "type": "Feature",
    "geometry": {
       "type": "Point",
       "coordinates":  [ 121.5198273,25.0928568 ]
    },
    "properties": {
    "物種":"灌木類",
    "樹種":"軟枝黃蟬",
    "學名":"Allamanda cathartica",
    "科別":"夾竹桃科",
    "行政區":"士林區",
    "河濱公園":"百齡左岸",
    "數量":75
    }
  },
  {
    "type": "Feature",
    "geometry": {
       "type": "Point",
       "coordinates":  [ 121.5198273,25.0928568 ]
    },
    "properties": {
    "物種":"灌木類",
    "樹種":"軟枝黃蟬",
    "學名":"Allamanda cathartica",
    "科別":"夾竹桃科",
    "行政區":"士林區",
    "河濱公園":"雙溪",
    "數量":9
    }
  },
  {
    "type": "Feature",
    "geometry": {
       "type": "Point",
       "coordinates":  [ 121.5336277,25.0642508 ]
    },
    "properties": {
    "物種":"灌木類",
    "樹種":"野牡丹",
    "學名":"Melastoma septemnervium",
    "科別":"野牡丹科",
    "行政區":"中山區",
    "河濱公園":"迎風",
    "數量":4
    }
  },
  {
    "type": "Feature",
    "geometry": {
       "type": "Point",
       "coordinates":  [ 121.507192,25.090625 ]
    },
    "properties": {
    "物種":"灌木類",
    "樹種":"野牡丹",
    "學名":"Melastoma septemnervium",
    "科別":"野牡丹科",
    "行政區":"士林區",
    "河濱公園":"社子島沿線",
    "數量":1
    }
  },
  {
    "type": "Feature",
    "geometry": {
       "type": "Point",
       "coordinates":  [ 121.4998912,25.0348867 ]
    },
    "properties": {
    "物種":"灌木類",
    "樹種":"野牡丹",
    "學名":"Melastoma septemnervium",
    "科別":"野牡丹科",
    "行政區":"萬華區",
    "河濱公園":"雙園",
    "數量":1
    }
  },
  {
    "type": "Feature",
    "geometry": {
       "type": "Point",
       "coordinates":  [ 121.542755,24.990475 ]
    },
    "properties": {
    "物種":"灌木類",
    "樹種":"野薑花",
    "學名":"Hedychium coronarium",
    "科別":"薑科",
    "行政區":"文山區",
    "河濱公園":"景美",
    "數量":1
    }
  },
  {
    "type": "Feature",
    "geometry": {
       "type": "Point",
       "coordinates":  [ 121.4998912,25.0348867 ]
    },
    "properties": {
    "物種":"灌木類",
    "樹種":"野薑花",
    "學名":"Hedychium coronarium",
    "科別":"薑科",
    "行政區":"萬華區",
    "河濱公園":"華中",
    "數量":2
    }
  },
  {
    "type": "Feature",
    "geometry": {
       "type": "Point",
       "coordinates":  [ 121.470244,25.124291 ]
    },
    "properties": {
    "物種":"灌木類",
    "樹種":"紫花蘆莉草",
    "學名":"Ruellia brittoniana",
    "科別":"爵床科",
    "行政區":"北投區",
    "河濱公園":"關渡水岸",
    "數量":2
    }
  },
  {
    "type": "Feature",
    "geometry": {
       "type": "Point",
       "coordinates":  [ 121.5198273,25.0928568 ]
    },
    "properties": {
    "物種":"灌木類",
    "樹種":"紫花蘆莉草",
    "學名":"Ruellia brittoniana",
    "科別":"爵床科",
    "行政區":"士林區",
    "河濱公園":"福安",
    "數量":2
    }
  },
  {
    "type": "Feature",
    "geometry": {
       "type": "Point",
       "coordinates":  [ 121.5153661,25.0660564 ]
    },
    "properties": {
    "物種":"灌木類",
    "樹種":"紫花蘆莉草",
    "學名":"Ruellia brittoniana",
    "科別":"爵床科",
    "行政區":"大同區",
    "河濱公園":"延平",
    "數量":18
    }
  },
  {
    "type": "Feature",
    "geometry": {
       "type": "Point",
       "coordinates":  [ 121.4998912,25.0348867 ]
    },
    "properties": {
    "物種":"灌木類",
    "樹種":"紫花蘆莉草",
    "學名":"Ruellia brittoniana",
    "科別":"爵床科",
    "行政區":"萬華區",
    "河濱公園":"龍山",
    "數量":1
    }
  },
  {
    "type": "Feature",
    "geometry": {
       "type": "Point",
       "coordinates":  [ 121.4998912,25.0348867 ]
    },
    "properties": {
    "物種":"灌木類",
    "樹種":"紫花蘆莉草",
    "學名":"Ruellia brittoniana",
    "科別":"爵床科",
    "行政區":"萬華區",
    "河濱公園":"雁鴨",
    "數量":1
    }
  },
  {
    "type": "Feature",
    "geometry": {
       "type": "Point",
       "coordinates":  [ 121.542755,24.990475 ]
    },
    "properties": {
    "物種":"灌木類",
    "樹種":"紫花蘆莉草",
    "學名":"Ruellia brittoniana",
    "科別":"爵床科",
    "行政區":"文山區",
    "河濱公園":"景美",
    "數量":1
    }
  },
  {
    "type": "Feature",
    "geometry": {
       "type": "Point",
       "coordinates":  [ 121.5655,24.9827 ]
    },
    "properties": {
    "物種":"灌木類",
    "樹種":"紫花蘆莉草",
    "學名":"Ruellia brittoniana",
    "科別":"爵床科",
    "行政區":"文山區",
    "河濱公園":"木柵",
    "數量":2
    }
  },
  {
    "type": "Feature",
    "geometry": {
       "type": "Point",
       "coordinates":  [ 121.5702959,24.9894668 ]
    },
    "properties": {
    "物種":"灌木類",
    "樹種":"紫花蘆莉草",
    "學名":"Ruellia brittoniana",
    "科別":"爵床科",
    "行政區":"文山區",
    "河濱公園":"道南",
    "數量":1
    }
  },
  {
    "type": "Feature",
    "geometry": {
       "type": "Point",
       "coordinates":  [ 121.6068286,25.0546698 ]
    },
    "properties": {
    "物種":"灌木類",
    "樹種":"紫花蘆莉草",
    "學名":"Ruellia brittoniana",
    "科別":"爵床科",
    "行政區":"南港區",
    "河濱公園":"成美左岸",
    "數量":2
    }
  },
  {
    "type": "Feature",
    "geometry": {
       "type": "Point",
       "coordinates":  [ 121.5888703,25.0695059 ]
    },
    "properties": {
    "物種":"灌木類",
    "樹種":"紫花蘆莉草",
    "學名":"Ruellia brittoniana",
    "科別":"爵床科",
    "行政區":"內湖區",
    "河濱公園":"彩虹",
    "數量":12
    }
  },
  {
    "type": "Feature",
    "geometry": {
       "type": "Point",
       "coordinates":  [ 121.5336277,25.0642508 ]
    },
    "properties": {
    "物種":"灌木類",
    "樹種":"紫花蘆莉草",
    "學名":"Ruellia brittoniana",
    "科別":"爵床科",
    "行政區":"中山區",
    "河濱公園":"美堤",
    "數量":4
    }
  },
  {
    "type": "Feature",
    "geometry": {
       "type": "Point",
       "coordinates":  [ 121.5198273,25.0928568 ]
    },
    "properties": {
    "物種":"灌木類",
    "樹種":"紫花蘆莉草",
    "學名":"Ruellia brittoniana",
    "科別":"爵床科",
    "行政區":"士林區",
    "河濱公園":"百齡右岸",
    "數量":3
    }
  },
  {
    "type": "Feature",
    "geometry": {
       "type": "Point",
       "coordinates":  [ 121.5768018,25.0497252 ]
    },
    "properties": {
    "物種":"灌木類",
    "樹種":"紫花蘆莉草",
    "學名":"Ruellia brittoniana",
    "科別":"爵床科",
    "行政區":"松山區",
    "河濱公園":"觀山",
    "數量":5
    }
  },
  {
    "type": "Feature",
    "geometry": {
       "type": "Point",
       "coordinates":  [ 121.5336277,25.0642508 ]
    },
    "properties": {
    "物種":"灌木類",
    "樹種":"紫花蘆莉草",
    "學名":"Ruellia brittoniana",
    "科別":"爵床科",
    "行政區":"中山區",
    "河濱公園":"大佳",
    "數量":3
    }
  },
  {
    "type": "Feature",
    "geometry": {
       "type": "Point",
       "coordinates":  [ 121.5198273,25.0928568 ]
    },
    "properties": {
    "物種":"灌木類",
    "樹種":"紫花蘆莉草",
    "學名":"Ruellia brittoniana",
    "科別":"爵床科",
    "行政區":"士林區",
    "河濱公園":"百齡左岸",
    "數量":3
    }
  },
  {
    "type": "Feature",
    "geometry": {
       "type": "Point",
       "coordinates":  { }
    },
    "properties": {
    "物種":"灌木類",
    "樹種":"紫花蘆莉草",
    "學名":"Ruellia brittoniana",
    "科別":"爵床科",
    "行政區":"士林區",
    "河濱公園":"河雙21號",
    "數量":2
    }
  },
  {
    "type": "Feature",
    "geometry": {
       "type": "Point",
       "coordinates":  [ 121.5198273,25.0928568 ]
    },
    "properties": {
    "物種":"灌木類",
    "樹種":"紫花蘆莉草",
    "學名":"Ruellia brittoniana",
    "科別":"爵床科",
    "行政區":"士林區",
    "河濱公園":"雙溪",
    "數量":46
    }
  },
  {
    "type": "Feature",
    "geometry": {
       "type": "Point",
       "coordinates":  [ 121.504201,25.0188724 ]
    },
    "properties": {
    "物種":"灌木類",
    "樹種":"紫花蘆莉草",
    "學名":"Ruellia brittoniana",
    "科別":"爵床科",
    "行政區":"中正區",
    "河濱公園":"馬場町紀念公園",
    "數量":3
    }
  },
  {
    "type": "Feature",
    "geometry": {
       "type": "Point",
       "coordinates":  [ 121.4998912,25.0348867 ]
    },
    "properties": {
    "物種":"灌木類",
    "樹種":"紫花蘆莉草",
    "學名":"Ruellia brittoniana",
    "科別":"爵床科",
    "行政區":"萬華區",
    "河濱公園":"華中",
    "數量":35
    }
  },
  {
    "type": "Feature",
    "geometry": {
       "type": "Point",
       "coordinates":  [ 121.4998912,25.0348867 ]
    },
    "properties": {
    "物種":"灌木類",
    "樹種":"紫花蘆莉草",
    "學名":"Ruellia brittoniana",
    "科別":"爵床科",
    "行政區":"萬華區",
    "河濱公園":"雙園",
    "數量":1
    }
  },
  {
    "type": "Feature",
    "geometry": {
       "type": "Point",
       "coordinates":  [ 121.5198273,25.0928568 ]
    },
    "properties": {
    "物種":"灌木類",
    "樹種":"紫鳳凰",
    "學名":"Plectranthus‘Mona Lavender’",
    "科別":"唇形花科",
    "行政區":"士林區",
    "河濱公園":"百齡右岸",
    "數量":1
    }
  },
  {
    "type": "Feature",
    "geometry": {
       "type": "Point",
       "coordinates":  [ 121.4998912,25.0348867 ]
    },
    "properties": {
    "物種":"灌木類",
    "樹種":"紫薇",
    "學名":"Lagerstroemia indica",
    "科別":"千屈菜科",
    "行政區":"萬華區",
    "河濱公園":"雁鴨",
    "數量":2
    }
  },
  {
    "type": "Feature",
    "geometry": {
       "type": "Point",
       "coordinates":  [ 121.5198273,25.0928568 ]
    },
    "properties": {
    "物種":"灌木類",
    "樹種":"紫蘇",
    "學名":"Perilla frutescens",
    "科別":"唇形科",
    "行政區":"士林區",
    "河濱公園":"雙溪",
    "數量":1
    }
  },
  {
    "type": "Feature",
    "geometry": {
       "type": "Point",
       "coordinates":  [ 121.4998912,25.0348867 ]
    },
    "properties": {
    "物種":"灌木類",
    "樹種":"華九頭獅子草",
    "學名":"Dicliptera chinensis",
    "科別":"爵床科",
    "行政區":"萬華區",
    "河濱公園":"雁鴨",
    "數量":1
    }
  },
  {
    "type": "Feature",
    "geometry": {
       "type": "Point",
       "coordinates":  [ 121.542755,24.990475 ]
    },
    "properties": {
    "物種":"灌木類",
    "樹種":"華九頭獅子草",
    "學名":"Dicliptera chinensis",
    "科別":"爵床科",
    "行政區":"文山區",
    "河濱公園":"景美",
    "數量":1
    }
  },
  {
    "type": "Feature",
    "geometry": {
       "type": "Point",
       "coordinates":  [ 121.6068286,25.0546698 ]
    },
    "properties": {
    "物種":"灌木類",
    "樹種":"黃金葛",
    "學名":"Epipremnum aureum",
    "科別":"天南星科",
    "行政區":"南港區",
    "河濱公園":"成美左岸",
    "數量":1
    }
  },
  {
    "type": "Feature",
    "geometry": {
       "type": "Point",
       "coordinates":  [ 121.470244,25.124291 ]
    },
    "properties": {
    "物種":"灌木類",
    "樹種":"黃紋萬年麻",
    "學名":"Furcraea foetida",
    "科別":"龍舌蘭科",
    "行政區":"北投區",
    "河濱公園":"關渡水岸",
    "數量":17
    }
  },
  {
    "type": "Feature",
    "geometry": {
       "type": "Point",
       "coordinates":  [ 121.5153661,25.0660564 ]
    },
    "properties": {
    "物種":"灌木類",
    "樹種":"黃梔子",
    "學名":"Gardenla jasminoides",
    "科別":"茜草科",
    "行政區":"大同區",
    "河濱公園":"延平",
    "數量":32
    }
  },
  {
    "type": "Feature",
    "geometry": {
       "type": "Point",
       "coordinates":  [ 121.5702959,24.9894668 ]
    },
    "properties": {
    "物種":"灌木類",
    "樹種":"黃梔子",
    "學名":"Gardenla jasminoides",
    "科別":"茜草科",
    "行政區":"文山區",
    "河濱公園":"道南",
    "數量":1
    }
  },
  {
    "type": "Feature",
    "geometry": {
       "type": "Point",
       "coordinates":  [ 121.4998912,25.0348867 ]
    },
    "properties": {
    "物種":"灌木類",
    "樹種":"黃梔子",
    "學名":"Gardenla jasminoides",
    "科別":"茜草科",
    "行政區":"萬華區",
    "河濱公園":"華中",
    "數量":1
    }
  },
  {
    "type": "Feature",
    "geometry": {
       "type": "Point",
       "coordinates":  [ 121.4998912,25.0348867 ]
    },
    "properties": {
    "物種":"灌木類",
    "樹種":"圓葉橡膠樹",
    "學名":"Ficus elastica",
    "科別":"桑科",
    "行政區":"萬華區",
    "河濱公園":"雁鴨",
    "數量":3
    }
  },
  {
    "type": "Feature",
    "geometry": {
       "type": "Point",
       "coordinates":  [ 121.4998912,25.0348867 ]
    },
    "properties": {
    "物種":"灌木類",
    "樹種":"圓葉橡膠樹",
    "學名":"Ficus elastica",
    "科別":"桑科",
    "行政區":"萬華區",
    "河濱公園":"華中",
    "數量":4
    }
  },
  {
    "type": "Feature",
    "geometry": {
       "type": "Point",
       "coordinates":  [ 121.504201,25.0188724 ]
    },
    "properties": {
    "物種":"灌木類",
    "樹種":"榔榆",
    "學名":"Ulmus parvifolia",
    "科別":"榆科",
    "行政區":"中正區",
    "河濱公園":"馬場町紀念公園",
    "數量":1
    }
  },
  {
    "type": "Feature",
    "geometry": {
       "type": "Point",
       "coordinates":  [ 121.4998912,25.0348867 ]
    },
    "properties": {
    "物種":"灌木類",
    "樹種":"榔榆",
    "學名":"Ulmus parvifolia",
    "科別":"榆科",
    "行政區":"萬華區",
    "河濱公園":"華中",
    "數量":22
    }
  },
  {
    "type": "Feature",
    "geometry": {
       "type": "Point",
       "coordinates":  [ 121.4998912,25.0348867 ]
    },
    "properties": {
    "物種":"灌木類",
    "樹種":"稜果榕",
    "學名":"Ficus fistulosa",
    "科別":"桑科",
    "行政區":"萬華區",
    "河濱公園":"華中",
    "數量":1
    }
  },
  {
    "type": "Feature",
    "geometry": {
       "type": "Point",
       "coordinates":  [ 121.5153661,25.0660564 ]
    },
    "properties": {
    "物種":"灌木類",
    "樹種":"萬年青",
    "學名":"Rohdea japonica",
    "科別":"百合科",
    "行政區":"大同區",
    "河濱公園":"延平",
    "數量":2
    }
  },
  {
    "type": "Feature",
    "geometry": {
       "type": "Point",
       "coordinates":  [ 121.4998912,25.0348867 ]
    },
    "properties": {
    "物種":"灌木類",
    "樹種":"萬年青",
    "學名":"Rohdea japonica",
    "科別":"百合科",
    "行政區":"萬華區",
    "河濱公園":"華中",
    "數量":1
    }
  },
  {
    "type": "Feature",
    "geometry": {
       "type": "Point",
       "coordinates":  [ 121.470244,25.124291 ]
    },
    "properties": {
    "物種":"灌木類",
    "樹種":"榕樹",
    "學名":"Ficus microcarpa",
    "科別":"桑科",
    "行政區":"北投區",
    "河濱公園":"關渡水岸",
    "數量":4
    }
  },
  {
    "type": "Feature",
    "geometry": {
       "type": "Point",
       "coordinates":  [ 121.4998912,25.0348867 ]
    },
    "properties": {
    "物種":"灌木類",
    "樹種":"榕樹",
    "學名":"Ficus microcarpa",
    "科別":"桑科",
    "行政區":"萬華區",
    "河濱公園":"龍山",
    "數量":7
    }
  },
  {
    "type": "Feature",
    "geometry": {
       "type": "Point",
       "coordinates":  [ 121.4998912,25.0348867 ]
    },
    "properties": {
    "物種":"灌木類",
    "樹種":"榕樹",
    "學名":"Ficus microcarpa",
    "科別":"桑科",
    "行政區":"萬華區",
    "河濱公園":"雁鴨",
    "數量":36
    }
  },
  {
    "type": "Feature",
    "geometry": {
       "type": "Point",
       "coordinates":  [ 121.542755,24.990475 ]
    },
    "properties": {
    "物種":"灌木類",
    "樹種":"榕樹",
    "學名":"Ficus microcarpa",
    "科別":"桑科",
    "行政區":"文山區",
    "河濱公園":"景美",
    "數量":10
    }
  },
  {
    "type": "Feature",
    "geometry": {
       "type": "Point",
       "coordinates":  [ 121.5702959,24.9894668 ]
    },
    "properties": {
    "物種":"灌木類",
    "樹種":"榕樹",
    "學名":"Ficus microcarpa",
    "科別":"桑科",
    "行政區":"文山區",
    "河濱公園":"道南",
    "數量":1
    }
  },
  {
    "type": "Feature",
    "geometry": {
       "type": "Point",
       "coordinates":  [ 121.5198273,25.0928568 ]
    },
    "properties": {
    "物種":"灌木類",
    "樹種":"榕樹",
    "學名":"Ficus microcarpa",
    "科別":"桑科",
    "行政區":"士林區",
    "河濱公園":"百齡左岸",
    "數量":14
    }
  },
  {
    "type": "Feature",
    "geometry": {
       "type": "Point",
       "coordinates":  [ 121.5198273,25.0928568 ]
    },
    "properties": {
    "物種":"灌木類",
    "樹種":"榕樹",
    "學名":"Ficus microcarpa",
    "科別":"桑科",
    "行政區":"士林區",
    "河濱公園":"雙溪",
    "數量":13
    }
  },
  {
    "type": "Feature",
    "geometry": {
       "type": "Point",
       "coordinates":  [ 121.309753,23.349091 ]
    },
    "properties": {
    "物種":"灌木類",
    "樹種":"榕樹",
    "學名":"Ficus microcarpa",
    "科別":"桑科",
    "行政區":"中正區",
    "河濱公園":"中正",
    "數量":13
    }
  },
  {
    "type": "Feature",
    "geometry": {
       "type": "Point",
       "coordinates":  [ 121.4998912,25.0348867 ]
    },
    "properties": {
    "物種":"灌木類",
    "樹種":"榕樹",
    "學名":"Ficus microcarpa",
    "科別":"桑科",
    "行政區":"萬華區",
    "河濱公園":"華中",
    "數量":25
    }
  },
  {
    "type": "Feature",
    "geometry": {
       "type": "Point",
       "coordinates":  [ 121.4998912,25.0348867 ]
    },
    "properties": {
    "物種":"灌木類",
    "樹種":"榕樹",
    "學名":"Jasminum sambac",
    "科別":"木犀科",
    "行政區":"萬華區",
    "河濱公園":"華中",
    "數量":25
    }
  },
  {
    "type": "Feature",
    "geometry": {
       "type": "Point",
       "coordinates":  [ 121.5153661,25.0660564 ]
    },
    "properties": {
    "物種":"灌木類",
    "樹種":"瑪瑙珠",
    "學名":"Solanum diphyllum",
    "科別":"茄科",
    "行政區":"大同區",
    "河濱公園":"延平",
    "數量":1
    }
  },
  {
    "type": "Feature",
    "geometry": {
       "type": "Point",
       "coordinates":  [ 121.4998912,25.0348867 ]
    },
    "properties": {
    "物種":"灌木類",
    "樹種":"瑪瑙珠",
    "學名":"Solanum diphyllum",
    "科別":"茄科",
    "行政區":"萬華區",
    "河濱公園":"雁鴨",
    "數量":1
    }
  },
  {
    "type": "Feature",
    "geometry": {
       "type": "Point",
       "coordinates":  [ 121.4998912,25.0348867 ]
    },
    "properties": {
    "物種":"灌木類",
    "樹種":"瑪瑙珠",
    "學名":"Solanum diphyllum",
    "科別":"茄科",
    "行政區":"萬華區",
    "河濱公園":"華中",
    "數量":4
    }
  },
  {
    "type": "Feature",
    "geometry": {
       "type": "Point",
       "coordinates":  [ 121.5198273,25.0928568 ]
    },
    "properties": {
    "物種":"灌木類",
    "樹種":"綠珊瑚",
    "學名":"Euphorbia tirucalli",
    "科別":"大戟科",
    "行政區":"士林區",
    "河濱公園":"百齡右岸",
    "數量":2
    }
  },
  {
    "type": "Feature",
    "geometry": {
       "type": "Point",
       "coordinates":  [ 121.5336277,25.0642508 ]
    },
    "properties": {
    "物種":"灌木類",
    "樹種":"翠綠龍舌蘭",
    "學名":"Agave attenuata",
    "科別":"龍舌蘭科",
    "行政區":"中山區",
    "河濱公園":"大佳",
    "數量":1
    }
  },
  {
    "type": "Feature",
    "geometry": {
       "type": "Point",
       "coordinates":  [ 121.4998912,25.0348867 ]
    },
    "properties": {
    "物種":"灌木類",
    "樹種":"臺東石楠",
    "學名":"Photinia serratifolia",
    "科別":"薔薇科",
    "行政區":"萬華區",
    "河濱公園":"龍山",
    "數量":1
    }
  },
  {
    "type": "Feature",
    "geometry": {
       "type": "Point",
       "coordinates":  [ 121.4998912,25.0348867 ]
    },
    "properties": {
    "物種":"灌木類",
    "樹種":"臺東石楠",
    "學名":"Photinia serratifolia",
    "科別":"薔薇科",
    "行政區":"萬華區",
    "河濱公園":"雁鴨",
    "數量":2
    }
  },
  {
    "type": "Feature",
    "geometry": {
       "type": "Point",
       "coordinates":  [ 121.4998912,25.0348867 ]
    },
    "properties": {
    "物種":"灌木類",
    "樹種":"臺東石楠",
    "學名":"Photinia serratifolia",
    "科別":"薔薇科",
    "行政區":"萬華區",
    "河濱公園":"雙園",
    "數量":2
    }
  },
  {
    "type": "Feature",
    "geometry": {
       "type": "Point",
       "coordinates":  [ 121.4998912,25.0348867 ]
    },
    "properties": {
    "物種":"灌木類",
    "樹種":"臺灣火刺木",
    "學名":"Pyracantha koidzumii",
    "科別":"薔薇科",
    "行政區":"萬華區",
    "河濱公園":"雁鴨",
    "數量":24
    }
  },
  {
    "type": "Feature",
    "geometry": {
       "type": "Point",
       "coordinates":  [ 121.4998912,25.0348867 ]
    },
    "properties": {
    "物種":"灌木類",
    "樹種":"臺灣赤楠",
    "學名":"Syzygium formosanum",
    "科別":"姚金孃科",
    "行政區":"萬華區",
    "河濱公園":"雁鴨",
    "數量":2
    }
  },
  {
    "type": "Feature",
    "geometry": {
       "type": "Point",
       "coordinates":  [ 121.4998912,25.0348867 ]
    },
    "properties": {
    "物種":"灌木類",
    "樹種":"臺灣海桐",
    "學名":"Pittosporum pentandrum",
    "科別":"海桐科",
    "行政區":"萬華區",
    "河濱公園":"雁鴨",
    "數量":70
    }
  },
  {
    "type": "Feature",
    "geometry": {
       "type": "Point",
       "coordinates":  [ 121.5198273,25.0928568 ]
    },
    "properties": {
    "物種":"灌木類",
    "樹種":"臺灣海桐",
    "學名":"Pittosporum pentandrum",
    "科別":"海桐科",
    "行政區":"士林區",
    "河濱公園":"雙溪",
    "數量":1
    }
  },
  {
    "type": "Feature",
    "geometry": {
       "type": "Point",
       "coordinates":  [ 121.309753,23.349091 ]
    },
    "properties": {
    "物種":"灌木類",
    "樹種":"臺灣海桐",
    "學名":"Pittosporum pentandrum",
    "科別":"海桐科",
    "行政區":"中正區",
    "河濱公園":"中正",
    "數量":13
    }
  },
  {
    "type": "Feature",
    "geometry": {
       "type": "Point",
       "coordinates":  [ 121.4998912,25.0348867 ]
    },
    "properties": {
    "物種":"灌木類",
    "樹種":"臺灣海桐",
    "學名":"Pittosporum pentandrum",
    "科別":"海桐科",
    "行政區":"萬華區",
    "河濱公園":"華中",
    "數量":2
    }
  },
  {
    "type": "Feature",
    "geometry": {
       "type": "Point",
       "coordinates":  [ 121.4998912,25.0348867 ]
    },
    "properties": {
    "物種":"灌木類",
    "樹種":"臺灣海桐",
    "學名":"Pittosporum pentandrum",
    "科別":"海桐科",
    "行政區":"萬華區",
    "河濱公園":"雙園",
    "數量":1
    }
  },
  {
    "type": "Feature",
    "geometry": {
       "type": "Point",
       "coordinates":  [ 121.5336277,25.0642508 ]
    },
    "properties": {
    "物種":"灌木類",
    "樹種":"臺灣蒲公英",
    "學名":"Taraxacum formosanum",
    "科別":"菊科",
    "行政區":"中山區",
    "河濱公園":"迎風",
    "數量":6
    }
  },
  {
    "type": "Feature",
    "geometry": {
       "type": "Point",
       "coordinates":  [ 121.5153661,25.0660564 ]
    },
    "properties": {
    "物種":"灌木類",
    "樹種":"蜘蛛蘭",
    "學名":"Taeniophyllum glandulosum",
    "科別":"蘭科",
    "行政區":"大同區",
    "河濱公園":"延平",
    "數量":5
    }
  },
  {
    "type": "Feature",
    "geometry": {
       "type": "Point",
       "coordinates":  [ 121.5655,24.9827 ]
    },
    "properties": {
    "物種":"灌木類",
    "樹種":"蜘蛛蘭",
    "學名":"Taeniophyllum glandulosum",
    "科別":"蘭科",
    "行政區":"文山區",
    "河濱公園":"木柵",
    "數量":83
    }
  },
  {
    "type": "Feature",
    "geometry": {
       "type": "Point",
       "coordinates":  [ 121.5702959,24.9894668 ]
    },
    "properties": {
    "物種":"灌木類",
    "樹種":"蜘蛛蘭",
    "學名":"Taeniophyllum glandulosum",
    "科別":"蘭科",
    "行政區":"文山區",
    "河濱公園":"道南",
    "數量":1
    }
  },
  {
    "type": "Feature",
    "geometry": {
       "type": "Point",
       "coordinates":  [ 121.4998912,25.0348867 ]
    },
    "properties": {
    "物種":"灌木類",
    "樹種":"辣椒",
    "學名":"Capsicum annuum",
    "科別":"茄科",
    "行政區":"萬華區",
    "河濱公園":"龍山",
    "數量":2
    }
  },
  {
    "type": "Feature",
    "geometry": {
       "type": "Point",
       "coordinates":  [ 121.4998912,25.0348867 ]
    },
    "properties": {
    "物種":"灌木類",
    "樹種":"緬梔",
    "學名":"Plumeria rubra",
    "科別":"夾竹桃科",
    "行政區":"萬華區",
    "河濱公園":"華中",
    "數量":1
    }
  },
  {
    "type": "Feature",
    "geometry": {
       "type": "Point",
       "coordinates":  [ 121.5198273,25.0928568 ]
    },
    "properties": {
    "物種":"灌木類",
    "樹種":"蝶豆花",
    "學名":"Clitoria ternatea",
    "科別":"蝶形花科",
    "行政區":"士林區",
    "河濱公園":"雙溪",
    "數量":1
    }
  },
  {
    "type": "Feature",
    "geometry": {
       "type": "Point",
       "coordinates":  [ 121.4998912,25.0348867 ]
    },
    "properties": {
    "物種":"灌木類",
    "樹種":"曇花",
    "學名":"Epiphyllum oxypetalum",
    "科別":"仙人掌科",
    "行政區":"萬華區",
    "河濱公園":"華中",
    "數量":1
    }
  },
  {
    "type": "Feature",
    "geometry": {
       "type": "Point",
       "coordinates":  [ 121.470244,25.124291 ]
    },
    "properties": {
    "物種":"灌木類",
    "樹種":"樹蘭",
    "學名":"Aglaia odorata",
    "科別":"楝科",
    "行政區":"北投區",
    "河濱公園":"關渡水岸",
    "數量":24
    }
  },
  {
    "type": "Feature",
    "geometry": {
       "type": "Point",
       "coordinates":  [ 121.5198273,25.0928568 ]
    },
    "properties": {
    "物種":"灌木類",
    "樹種":"樹蘭",
    "學名":"Aglaia odorata",
    "科別":"楝科",
    "行政區":"士林區",
    "河濱公園":"福安",
    "數量":1
    }
  },
  {
    "type": "Feature",
    "geometry": {
       "type": "Point",
       "coordinates":  [ 121.5655,24.9827 ]
    },
    "properties": {
    "物種":"灌木類",
    "樹種":"樹蘭",
    "學名":"Aglaia odorata",
    "科別":"楝科",
    "行政區":"文山區",
    "河濱公園":"木柵",
    "數量":5
    }
  },
  {
    "type": "Feature",
    "geometry": {
       "type": "Point",
       "coordinates":  [ 121.5888703,25.0695059 ]
    },
    "properties": {
    "物種":"灌木類",
    "樹種":"樹蘭",
    "學名":"Aglaia odorata",
    "科別":"楝科",
    "行政區":"內湖區",
    "河濱公園":"成美右岸",
    "數量":1
    }
  },
  {
    "type": "Feature",
    "geometry": {
       "type": "Point",
       "coordinates":  [ 121.5198273,25.0928568 ]
    },
    "properties": {
    "物種":"灌木類",
    "樹種":"樹蘭",
    "學名":"Aglaia odorata",
    "科別":"楝科",
    "行政區":"士林區",
    "河濱公園":"百齡右岸",
    "數量":1
    }
  },
  {
    "type": "Feature",
    "geometry": {
       "type": "Point",
       "coordinates":  [ 121.5336277,25.0642508 ]
    },
    "properties": {
    "物種":"灌木類",
    "樹種":"樹蘭",
    "學名":"Aglaia odorata",
    "科別":"楝科",
    "行政區":"中山區",
    "河濱公園":"大佳",
    "數量":12
    }
  },
  {
    "type": "Feature",
    "geometry": {
       "type": "Point",
       "coordinates":  [ 121.4998912,25.0348867 ]
    },
    "properties": {
    "物種":"灌木類",
    "樹種":"樹蘭",
    "學名":"Aglaia odorata",
    "科別":"楝科",
    "行政區":"萬華區",
    "河濱公園":"華中",
    "數量":33
    }
  },
  {
    "type": "Feature",
    "geometry": {
       "type": "Point",
       "coordinates":  [ 121.5768018,25.0497252 ]
    },
    "properties": {
    "物種":"灌木類",
    "樹種":"錫蘭葉下株",
    "學名":"Phyllanthus myrtifolius",
    "科別":"大戟科",
    "行政區":"松山區",
    "河濱公園":"觀山",
    "數量":3
    }
  },
  {
    "type": "Feature",
    "geometry": {
       "type": "Point",
       "coordinates":  [ 121.5702959,24.9894668 ]
    },
    "properties": {
    "物種":"灌木類",
    "樹種":"錫蘭葉下珠",
    "學名":"Phyllanthus myrtifolius",
    "科別":"大戟科",
    "行政區":"文山區",
    "河濱公園":"道南",
    "數量":38
    }
  },
  {
    "type": "Feature",
    "geometry": {
       "type": "Point",
       "coordinates":  [ 121.5336277,25.0642508 ]
    },
    "properties": {
    "物種":"灌木類",
    "樹種":"錫蘭葉下珠",
    "學名":"Phyllanthus myrtifolius",
    "科別":"大戟科",
    "行政區":"中山區",
    "河濱公園":"美堤",
    "數量":2
    }
  },
  {
    "type": "Feature",
    "geometry": {
       "type": "Point",
       "coordinates":  [ 121.5336277,25.0642508 ]
    },
    "properties": {
    "物種":"灌木類",
    "樹種":"錫蘭葉下珠",
    "學名":"Phyllanthus myrtifolius",
    "科別":"大戟科",
    "行政區":"中山區",
    "河濱公園":"迎風",
    "數量":2
    }
  },
  {
    "type": "Feature",
    "geometry": {
       "type": "Point",
       "coordinates":  [ 121.5336277,25.0642508 ]
    },
    "properties": {
    "物種":"灌木類",
    "樹種":"錫蘭葉下珠",
    "學名":"Phyllanthus myrtifolius",
    "科別":"大戟科",
    "行政區":"中山區",
    "河濱公園":"大佳",
    "數量":10
    }
  },
  {
    "type": "Feature",
    "geometry": {
       "type": "Point",
       "coordinates":  [ 121.4998912,25.0348867 ]
    },
    "properties": {
    "物種":"灌木類",
    "樹種":"錫蘭葉下珠",
    "學名":"Phyllanthus myrtifolius",
    "科別":"大戟科",
    "行政區":"萬華區",
    "河濱公園":"華中",
    "數量":22
    }
  },
  {
    "type": "Feature",
    "geometry": {
       "type": "Point",
       "coordinates":  [ 121.5198273,25.0928568 ]
    },
    "properties": {
    "物種":"灌木類",
    "樹種":"龍舌蘭",
    "學名":"Agave americana",
    "科別":"龍舌蘭科",
    "行政區":"士林區",
    "河濱公園":"福安",
    "數量":3
    }
  },
  {
    "type": "Feature",
    "geometry": {
       "type": "Point",
       "coordinates":  [ 121.5336277,25.0642508 ]
    },
    "properties": {
    "物種":"灌木類",
    "樹種":"龍舌蘭",
    "學名":"Agave americana",
    "科別":"龍舌蘭科",
    "行政區":"中山區",
    "河濱公園":"大佳",
    "數量":2
    }
  },
  {
    "type": "Feature",
    "geometry": {
       "type": "Point",
       "coordinates":  [ 121.470244,25.124291 ]
    },
    "properties": {
    "物種":"灌木類",
    "樹種":"龍柏",
    "學名":"Juniperus chinensis",
    "科別":"柏科",
    "行政區":"北投區",
    "河濱公園":"關渡水岸",
    "數量":6
    }
  },
  {
    "type": "Feature",
    "geometry": {
       "type": "Point",
       "coordinates":  [ 121.4998912,25.0348867 ]
    },
    "properties": {
    "物種":"灌木類",
    "樹種":"螫蟹百合",
    "學名":"Hymenocallis speciosa",
    "科別":"石蒜科",
    "行政區":"萬華區",
    "河濱公園":"華中",
    "數量":1
    }
  },
  {
    "type": "Feature",
    "geometry": {
       "type": "Point",
       "coordinates":  [ 121.6068286,25.0546698 ]
    },
    "properties": {
    "物種":"灌木類",
    "樹種":"螫蟹花",
    "學名":"Hymenocallis speciosa",
    "科別":"石蒜科",
    "行政區":"南港區",
    "河濱公園":"成美左岸",
    "數量":3
    }
  },
  {
    "type": "Feature",
    "geometry": {
       "type": "Point",
       "coordinates":  [ 121.5888703,25.0695059 ]
    },
    "properties": {
    "物種":"灌木類",
    "樹種":"螫蟹花",
    "學名":"Hymenocallis speciosa",
    "科別":"石蒜科",
    "行政區":"內湖區",
    "河濱公園":"成美右岸",
    "數量":1
    }
  },
  {
    "type": "Feature",
    "geometry": {
       "type": "Point",
       "coordinates":  [ 121.5768018,25.0497252 ]
    },
    "properties": {
    "物種":"灌木類",
    "樹種":"螫蟹花",
    "學名":"Hymenocallis speciosa",
    "科別":"石蒜科",
    "行政區":"松山區",
    "河濱公園":"觀山",
    "數量":1
    }
  },
  {
    "type": "Feature",
    "geometry": {
       "type": "Point",
       "coordinates":  [ 121.5336277,25.0642508 ]
    },
    "properties": {
    "物種":"灌木類",
    "樹種":"螫蟹花",
    "學名":"Hymenocallis speciosa",
    "科別":"石蒜科",
    "行政區":"中山區",
    "河濱公園":"迎風",
    "數量":1
    }
  },
  {
    "type": "Feature",
    "geometry": {
       "type": "Point",
       "coordinates":  [ 121.5336277,25.0642508 ]
    },
    "properties": {
    "物種":"灌木類",
    "樹種":"螫蟹花",
    "學名":"Hymenocallis speciosa",
    "科別":"石蒜科",
    "行政區":"中山區",
    "河濱公園":"大佳",
    "數量":3
    }
  },
  {
    "type": "Feature",
    "geometry": {
       "type": "Point",
       "coordinates":  [ 121.5198273,25.0928568 ]
    },
    "properties": {
    "物種":"灌木類",
    "樹種":"螫蟹花",
    "學名":"Hymenocallis speciosa",
    "科別":"石蒜科",
    "行政區":"士林區",
    "河濱公園":"雙溪",
    "數量":1
    }
  },
  {
    "type": "Feature",
    "geometry": {
       "type": "Point",
       "coordinates":  [ 121.5888703,25.0695059 ]
    },
    "properties": {
    "物種":"灌木類",
    "樹種":"鍚蘭葉下珠",
    "學名":"Phyllanthus myrtifolius",
    "科別":"大戟科",
    "行政區":"內湖區",
    "河濱公園":"彩虹",
    "數量":3
    }
  },
  {
    "type": "Feature",
    "geometry": {
       "type": "Point",
       "coordinates":  [ 121.5198273,25.0928568 ]
    },
    "properties": {
    "物種":"灌木類",
    "樹種":"鵝掌藤",
    "學名":"Schefflera odorata",
    "科別":"五加科",
    "行政區":"士林區",
    "河濱公園":"福安",
    "數量":1
    }
  },
  {
    "type": "Feature",
    "geometry": {
       "type": "Point",
       "coordinates":  [ 121.5153661,25.0660564 ]
    },
    "properties": {
    "物種":"灌木類",
    "樹種":"鵝掌藤",
    "學名":"Schefflera odorata",
    "科別":"五加科",
    "行政區":"大同區",
    "河濱公園":"延平",
    "數量":18
    }
  },
  {
    "type": "Feature",
    "geometry": {
       "type": "Point",
       "coordinates":  [ 121.4998912,25.0348867 ]
    },
    "properties": {
    "物種":"灌木類",
    "樹種":"鵝掌藤",
    "學名":"Schefflera odorata",
    "科別":"五加科",
    "行政區":"萬華區",
    "河濱公園":"龍山",
    "數量":5
    }
  },
  {
    "type": "Feature",
    "geometry": {
       "type": "Point",
       "coordinates":  [ 121.5655,24.9827 ]
    },
    "properties": {
    "物種":"灌木類",
    "樹種":"鵝掌藤",
    "學名":"Schefflera odorata",
    "科別":"五加科",
    "行政區":"文山區",
    "河濱公園":"木柵",
    "數量":1
    }
  },
  {
    "type": "Feature",
    "geometry": {
       "type": "Point",
       "coordinates":  [ 121.5888703,25.0695059 ]
    },
    "properties": {
    "物種":"灌木類",
    "樹種":"鵝掌藤",
    "學名":"Schefflera odorata",
    "科別":"五加科",
    "行政區":"內湖區",
    "河濱公園":"成美右岸",
    "數量":2
    }
  },
  {
    "type": "Feature",
    "geometry": {
       "type": "Point",
       "coordinates":  [ 121.5336277,25.0642508 ]
    },
    "properties": {
    "物種":"灌木類",
    "樹種":"鵝掌藤",
    "學名":"Schefflera odorata",
    "科別":"五加科",
    "行政區":"中山區",
    "河濱公園":"美堤",
    "數量":3
    }
  },
  {
    "type": "Feature",
    "geometry": {
       "type": "Point",
       "coordinates":  [ 121.5198273,25.0928568 ]
    },
    "properties": {
    "物種":"灌木類",
    "樹種":"鵝掌藤",
    "學名":"Schefflera odorata",
    "科別":"五加科",
    "行政區":"士林區",
    "河濱公園":"百齡右岸",
    "數量":1
    }
  },
  {
    "type": "Feature",
    "geometry": {
       "type": "Point",
       "coordinates":  [ 121.5336277,25.0642508 ]
    },
    "properties": {
    "物種":"灌木類",
    "樹種":"鵝掌藤",
    "學名":"Schefflera odorata",
    "科別":"五加科",
    "行政區":"中山區",
    "河濱公園":"大佳",
    "數量":8
    }
  },
  {
    "type": "Feature",
    "geometry": {
       "type": "Point",
       "coordinates":  [ 121.5198273,25.0928568 ]
    },
    "properties": {
    "物種":"灌木類",
    "樹種":"鵝掌藤",
    "學名":"Schefflera odorata",
    "科別":"五加科",
    "行政區":"士林區",
    "河濱公園":"百齡左岸",
    "數量":4
    }
  },
  {
    "type": "Feature",
    "geometry": {
       "type": "Point",
       "coordinates":  { }
    },
    "properties": {
    "物種":"灌木類",
    "樹種":"鵝掌藤",
    "學名":"Schefflera odorata",
    "科別":"五加科",
    "行政區":"士林區",
    "河濱公園":"河雙21號",
    "數量":3
    }
  },
  {
    "type": "Feature",
    "geometry": {
       "type": "Point",
       "coordinates":  [ 121.5198273,25.0928568 ]
    },
    "properties": {
    "物種":"灌木類",
    "樹種":"鵝掌藤",
    "學名":"Schefflera odorata",
    "科別":"五加科",
    "行政區":"士林區",
    "河濱公園":"雙溪",
    "數量":5
    }
  },
  {
    "type": "Feature",
    "geometry": {
       "type": "Point",
       "coordinates":  [ 121.309753,23.349091 ]
    },
    "properties": {
    "物種":"灌木類",
    "樹種":"鵝掌藤",
    "學名":"Schefflera odorata",
    "科別":"五加科",
    "行政區":"中正區",
    "河濱公園":"中正",
    "數量":3
    }
  },
  {
    "type": "Feature",
    "geometry": {
       "type": "Point",
       "coordinates":  [ 121.4998912,25.0348867 ]
    },
    "properties": {
    "物種":"灌木類",
    "樹種":"鵝掌藤",
    "學名":"Schefflera odorata",
    "科別":"五加科",
    "行政區":"萬華區",
    "河濱公園":"華中",
    "數量":18
    }
  },
  {
    "type": "Feature",
    "geometry": {
       "type": "Point",
       "coordinates":  [ 121.4998912,25.0348867 ]
    },
    "properties": {
    "物種":"灌木類",
    "樹種":"鵝掌藤",
    "學名":"Schefflera odorata",
    "科別":"五加科",
    "行政區":"萬華區",
    "河濱公園":"雙園",
    "數量":1
    }
  },
  {
    "type": "Feature",
    "geometry": {
       "type": "Point",
       "coordinates":  [ 121.5198273,25.0928568 ]
    },
    "properties": {
    "物種":"灌木類",
    "樹種":"瓊麻",
    "學名":"Agave sisalana",
    "科別":"龍舌蘭科",
    "行政區":"士林區",
    "河濱公園":"富州",
    "數量":1
    }
  },
  {
    "type": "Feature",
    "geometry": {
       "type": "Point",
       "coordinates":  [ 121.4998912,25.0348867 ]
    },
    "properties": {
    "物種":"灌木類",
    "樹種":"羅漢松",
    "學名":"Podocarpus macrophyllus",
    "科別":"羅漢松科",
    "行政區":"萬華區",
    "河濱公園":"雁鴨",
    "數量":24
    }
  },
  {
    "type": "Feature",
    "geometry": {
       "type": "Point",
       "coordinates":  [ 121.6068286,25.0546698 ]
    },
    "properties": {
    "物種":"灌木類",
    "樹種":"麒麟花",
    "學名":"Euphorbia milii",
    "科別":"大戟科",
    "行政區":"南港區",
    "河濱公園":"成美左岸",
    "數量":1
    }
  },
  {
    "type": "Feature",
    "geometry": {
       "type": "Point",
       "coordinates":  [ 121.5198273,25.0928568 ]
    },
    "properties": {
    "物種":"灌木類",
    "樹種":"鐵蘇",
    "學名":"Cycas revoluta",
    "科別":"蘇鐵科",
    "行政區":"士林區",
    "河濱公園":"雙溪",
    "數量":4
    }
  },
  {
    "type": "Feature",
    "geometry": {
       "type": "Point",
       "coordinates":  [ 121.5198273,25.0928568 ]
    },
    "properties": {
    "物種":"灌木類",
    "樹種":"變葉木",
    "學名":"Codiaeum variegatum",
    "科別":"大戟科",
    "行政區":"士林區",
    "河濱公園":"福安",
    "數量":1
    }
  },
  {
    "type": "Feature",
    "geometry": {
       "type": "Point",
       "coordinates":  [ 121.5655,24.9827 ]
    },
    "properties": {
    "物種":"灌木類",
    "樹種":"變葉木",
    "學名":"Codiaeum variegatum",
    "科別":"大戟科",
    "行政區":"文山區",
    "河濱公園":"木柵",
    "數量":7
    }
  },
  {
    "type": "Feature",
    "geometry": {
       "type": "Point",
       "coordinates":  [ 121.5702959,24.9894668 ]
    },
    "properties": {
    "物種":"灌木類",
    "樹種":"變葉木",
    "學名":"Codiaeum variegatum",
    "科別":"大戟科",
    "行政區":"文山區",
    "河濱公園":"道南",
    "數量":7
    }
  },
  {
    "type": "Feature",
    "geometry": {
       "type": "Point",
       "coordinates":  [ 121.6068286,25.0546698 ]
    },
    "properties": {
    "物種":"灌木類",
    "樹種":"變葉木",
    "學名":"Codiaeum variegatum",
    "科別":"大戟科",
    "行政區":"南港區",
    "河濱公園":"成美左岸",
    "數量":1
    }
  },
  {
    "type": "Feature",
    "geometry": {
       "type": "Point",
       "coordinates":  [ 121.5768018,25.0497252 ]
    },
    "properties": {
    "物種":"灌木類",
    "樹種":"變葉木",
    "學名":"Codiaeum variegatum",
    "科別":"大戟科",
    "行政區":"松山區",
    "河濱公園":"觀山",
    "數量":1
    }
  },
  {
    "type": "Feature",
    "geometry": {
       "type": "Point",
       "coordinates":  [ 121.5336277,25.0642508 ]
    },
    "properties": {
    "物種":"灌木類",
    "樹種":"變葉木",
    "學名":"Codiaeum variegatum",
    "科別":"大戟科",
    "行政區":"中山區",
    "河濱公園":"大佳",
    "數量":14
    }
  },
  {
    "type": "Feature",
    "geometry": {
       "type": "Point",
       "coordinates":  [ 121.5198273,25.0928568 ]
    },
    "properties": {
    "物種":"灌木類",
    "樹種":"變葉木",
    "學名":"Codiaeum variegatum",
    "科別":"大戟科",
    "行政區":"士林區",
    "河濱公園":"百齡左岸",
    "數量":13
    }
  },
  {
    "type": "Feature",
    "geometry": {
       "type": "Point",
       "coordinates":  [ 121.507192,25.090625 ]
    },
    "properties": {
    "物種":"灌木類",
    "樹種":"變葉木",
    "學名":"Codiaeum variegatum",
    "科別":"大戟科",
    "行政區":"士林區",
    "河濱公園":"社子島沿線",
    "數量":5
    }
  },
  {
    "type": "Feature",
    "geometry": {
       "type": "Point",
       "coordinates":  [ 121.5198273,25.0928568 ]
    },
    "properties": {
    "物種":"灌木類",
    "樹種":"變葉木",
    "學名":"Codiaeum variegatum",
    "科別":"大戟科",
    "行政區":"士林區",
    "河濱公園":"雙溪",
    "數量":6
    }
  },
  {
    "type": "Feature",
    "geometry": {
       "type": "Point",
       "coordinates":  [ 121.4998912,25.0348867 ]
    },
    "properties": {
    "物種":"灌木類",
    "樹種":"變葉木",
    "學名":"Codiaeum variegatum",
    "科別":"大戟科",
    "行政區":"萬華區",
    "河濱公園":"華中",
    "數量":1
    }
  },
  {
    "type": "Feature",
    "geometry": {
       "type": "Point",
       "coordinates":  [ 121.5153661,25.0660564 ]
    },
    "properties": {
    "物種":"灌木類",
    "樹種":"觀音棕竹",
    "學名":"Rhapis excelsa",
    "科別":"棕櫚科",
    "行政區":"大同區",
    "河濱公園":"延平",
    "數量":2
    }
  },
  {
    "type": "Feature",
    "geometry": {
       "type": "Point",
       "coordinates":  [ 121.4998912,25.0348867 ]
    },
    "properties": {
    "物種":"灌木類",
    "樹種":"觀音棕竹",
    "學名":"Rhapis excelsa",
    "科別":"棕櫚科",
    "行政區":"萬華區",
    "河濱公園":"龍山",
    "數量":1
    }
  },
  {
    "type": "Feature",
    "geometry": {
       "type": "Point",
       "coordinates":  [ 121.4998912,25.0348867 ]
    },
    "properties": {
    "物種":"灌木類",
    "樹種":"觀音棕竹",
    "學名":"Rhapis excelsa",
    "科別":"棕櫚科",
    "行政區":"萬華區",
    "河濱公園":"華中",
    "數量":2
    }
  },
  {
    "type": "Feature",
    "geometry": {
       "type": "Point",
       "coordinates":  [ 121.520331,25.020664 ]
    },
    "properties": {
    "物種":"棕櫚類",
    "樹種":"蒲葵",
    "學名":"Livistona chinensis",
    "科別":"棕櫚科",
    "行政區":"中正區",
    "河濱公園":"古亭",
    "數量":1
    }
  },
  {
    "type": "Feature",
    "geometry": {
       "type": "Point",
       "coordinates":  [ 121.519786,25.020396 ]
    },
    "properties": {
    "物種":"棕櫚類",
    "樹種":"蒲葵",
    "學名":"Livistona chinensis",
    "科別":"棕櫚科",
    "行政區":"中正區",
    "河濱公園":"古亭",
    "數量":1
    }
  },
  {
    "type": "Feature",
    "geometry": {
       "type": "Point",
       "coordinates":  [ 121.519802,25.020393 ]
    },
    "properties": {
    "物種":"棕櫚類",
    "樹種":"蒲葵",
    "學名":"Livistona chinensis",
    "科別":"棕櫚科",
    "行政區":"中正區",
    "河濱公園":"古亭",
    "數量":1
    }
  },
  {
    "type": "Feature",
    "geometry": {
       "type": "Point",
       "coordinates":  [ 121.522108,25.019827 ]
    },
    "properties": {
    "物種":"棕櫚類",
    "樹種":"蒲葵",
    "學名":"Livistona chinensis",
    "科別":"棕櫚科",
    "行政區":"中正區",
    "河濱公園":"古亭",
    "數量":1
    }
  },
  {
    "type": "Feature",
    "geometry": {
       "type": "Point",
       "coordinates":  [ 121.522123,25.019874 ]
    },
    "properties": {
    "物種":"棕櫚類",
    "樹種":"蒲葵",
    "學名":"Livistona chinensis",
    "科別":"棕櫚科",
    "行政區":"中正區",
    "河濱公園":"古亭",
    "數量":1
    }
  },
  {
    "type": "Feature",
    "geometry": {
       "type": "Point",
       "coordinates":  [ 121.522137,25.019911 ]
    },
    "properties": {
    "物種":"棕櫚類",
    "樹種":"蒲葵",
    "學名":"Livistona chinensis",
    "科別":"棕櫚科",
    "行政區":"中正區",
    "河濱公園":"古亭",
    "數量":1
    }
  },
  {
    "type": "Feature",
    "geometry": {
       "type": "Point",
       "coordinates":  [ 121.522786,25.019633 ]
    },
    "properties": {
    "物種":"棕櫚類",
    "樹種":"黃椰子",
    "學名":"Chrysalidocarpus",
    "科別":"棕櫚科",
    "行政區":"中正區",
    "河濱公園":"古亭",
    "數量":1
    }
  },
  {
    "type": "Feature",
    "geometry": {
       "type": "Point",
       "coordinates":  [ 121.522635,25.018483 ]
    },
    "properties": {
    "物種":"棕櫚類",
    "樹種":"黃椰子",
    "學名":"Chrysalidocarpus",
    "科別":"棕櫚科",
    "行政區":"中正區",
    "河濱公園":"古亭",
    "數量":1
    }
  },
  {
    "type": "Feature",
    "geometry": {
       "type": "Point",
       "coordinates":  [ 121.512521,25.023594 ]
    },
    "properties": {
    "物種":"棕櫚類",
    "樹種":"酒瓶椰子",
    "學名":"Mascarena lagenicaulis",
    "科別":"棕櫚科",
    "行政區":"中正區",
    "河濱公園":"中正",
    "數量":1
    }
  },
  {
    "type": "Feature",
    "geometry": {
       "type": "Point",
       "coordinates":  [ 121.512565,25.02368 ]
    },
    "properties": {
    "物種":"棕櫚類",
    "樹種":"棍棒椰子",
    "學名":"Mascarena verschaffeltii",
    "科別":"棕櫚科",
    "行政區":"中正區",
    "河濱公園":"中正",
    "數量":1
    }
  },
  {
    "type": "Feature",
    "geometry": {
       "type": "Point",
       "coordinates":  [ 121.504493,25.019381 ]
    },
    "properties": {
    "物種":"棕櫚類",
    "樹種":"蒲葵",
    "學名":"Livistona chinensis",
    "科別":"棕櫚科",
    "行政區":"中正區",
    "河濱公園":"馬場町紀念公園",
    "數量":1
    }
  },
  {
    "type": "Feature",
    "geometry": {
       "type": "Point",
       "coordinates":  [ 121.504457,25.019414 ]
    },
    "properties": {
    "物種":"棕櫚類",
    "樹種":"蒲葵",
    "學名":"Livistona chinensis",
    "科別":"棕櫚科",
    "行政區":"中正區",
    "河濱公園":"馬場町紀念公園",
    "數量":1
    }
  },
  {
    "type": "Feature",
    "geometry": {
       "type": "Point",
       "coordinates":  [ 121.504423,25.019452 ]
    },
    "properties": {
    "物種":"棕櫚類",
    "樹種":"蒲葵",
    "學名":"Livistona chinensis",
    "科別":"棕櫚科",
    "行政區":"中正區",
    "河濱公園":"馬場町紀念公園",
    "數量":1
    }
  },
  {
    "type": "Feature",
    "geometry": {
       "type": "Point",
       "coordinates":  [ 121.504398,25.019488 ]
    },
    "properties": {
    "物種":"棕櫚類",
    "樹種":"蒲葵",
    "學名":"Livistona chinensis",
    "科別":"棕櫚科",
    "行政區":"中正區",
    "河濱公園":"馬場町紀念公園",
    "數量":1
    }
  },
  {
    "type": "Feature",
    "geometry": {
       "type": "Point",
       "coordinates":  [ 121.504369,25.019528 ]
    },
    "properties": {
    "物種":"棕櫚類",
    "樹種":"蒲葵",
    "學名":"Livistona chinensis",
    "科別":"棕櫚科",
    "行政區":"中正區",
    "河濱公園":"馬場町紀念公園",
    "數量":1
    }
  },
  {
    "type": "Feature",
    "geometry": {
       "type": "Point",
       "coordinates":  [ 121.504405,25.019552 ]
    },
    "properties": {
    "物種":"棕櫚類",
    "樹種":"蒲葵",
    "學名":"Livistona chinensis",
    "科別":"棕櫚科",
    "行政區":"中正區",
    "河濱公園":"馬場町紀念公園",
    "數量":1
    }
  },
  {
    "type": "Feature",
    "geometry": {
       "type": "Point",
       "coordinates":  [ 121.504426,25.019515 ]
    },
    "properties": {
    "物種":"棕櫚類",
    "樹種":"蒲葵",
    "學名":"Livistona chinensis",
    "科別":"棕櫚科",
    "行政區":"中正區",
    "河濱公園":"馬場町紀念公園",
    "數量":1
    }
  },
  {
    "type": "Feature",
    "geometry": {
       "type": "Point",
       "coordinates":  [ 121.504454,25.019477 ]
    },
    "properties": {
    "物種":"棕櫚類",
    "樹種":"蒲葵",
    "學名":"Livistona chinensis",
    "科別":"棕櫚科",
    "行政區":"中正區",
    "河濱公園":"馬場町紀念公園",
    "數量":1
    }
  },
  {
    "type": "Feature",
    "geometry": {
       "type": "Point",
       "coordinates":  [ 121.504486,25.01944 ]
    },
    "properties": {
    "物種":"棕櫚類",
    "樹種":"蒲葵",
    "學名":"Livistona chinensis",
    "科別":"棕櫚科",
    "行政區":"中正區",
    "河濱公園":"馬場町紀念公園",
    "數量":1
    }
  },
  {
    "type": "Feature",
    "geometry": {
       "type": "Point",
       "coordinates":  [ 121.504511,25.019395 ]
    },
    "properties": {
    "物種":"棕櫚類",
    "樹種":"蒲葵",
    "學名":"Livistona chinensis",
    "科別":"棕櫚科",
    "行政區":"中正區",
    "河濱公園":"馬場町紀念公園",
    "數量":1
    }
  },
  {
    "type": "Feature",
    "geometry": {
       "type": "Point",
       "coordinates":  [ 121.50456,25.019429 ]
    },
    "properties": {
    "物種":"棕櫚類",
    "樹種":"蒲葵",
    "學名":"Livistona chinensis",
    "科別":"棕櫚科",
    "行政區":"中正區",
    "河濱公園":"馬場町紀念公園",
    "數量":1
    }
  },
  {
    "type": "Feature",
    "geometry": {
       "type": "Point",
       "coordinates":  [ 121.504528,25.019461 ]
    },
    "properties": {
    "物種":"棕櫚類",
    "樹種":"蒲葵",
    "學名":"Livistona chinensis",
    "科別":"棕櫚科",
    "行政區":"中正區",
    "河濱公園":"馬場町紀念公園",
    "數量":1
    }
  },
  {
    "type": "Feature",
    "geometry": {
       "type": "Point",
       "coordinates":  [ 121.5045,25.019504 ]
    },
    "properties": {
    "物種":"棕櫚類",
    "樹種":"蒲葵",
    "學名":"Livistona chinensis",
    "科別":"棕櫚科",
    "行政區":"中正區",
    "河濱公園":"馬場町紀念公園",
    "數量":1
    }
  },
  {
    "type": "Feature",
    "geometry": {
       "type": "Point",
       "coordinates":  [ 121.504465,25.019542 ]
    },
    "properties": {
    "物種":"棕櫚類",
    "樹種":"蒲葵",
    "學名":"Livistona chinensis",
    "科別":"棕櫚科",
    "行政區":"中正區",
    "河濱公園":"馬場町紀念公園",
    "數量":1
    }
  },
  {
    "type": "Feature",
    "geometry": {
       "type": "Point",
       "coordinates":  [ 121.504439,25.019573 ]
    },
    "properties": {
    "物種":"棕櫚類",
    "樹種":"蒲葵",
    "學名":"Livistona chinensis",
    "科別":"棕櫚科",
    "行政區":"中正區",
    "河濱公園":"馬場町紀念公園",
    "數量":1
    }
  },
  {
    "type": "Feature",
    "geometry": {
       "type": "Point",
       "coordinates":  [ 121.504551,25.019645 ]
    },
    "properties": {
    "物種":"棕櫚類",
    "樹種":"蒲葵",
    "學名":"Livistona chinensis",
    "科別":"棕櫚科",
    "行政區":"中正區",
    "河濱公園":"馬場町紀念公園",
    "數量":1
    }
  },
  {
    "type": "Feature",
    "geometry": {
       "type": "Point",
       "coordinates":  [ 121.504575,25.019617 ]
    },
    "properties": {
    "物種":"棕櫚類",
    "樹種":"蒲葵",
    "學名":"Livistona chinensis",
    "科別":"棕櫚科",
    "行政區":"中正區",
    "河濱公園":"馬場町紀念公園",
    "數量":1
    }
  },
  {
    "type": "Feature",
    "geometry": {
       "type": "Point",
       "coordinates":  [ 121.504601,25.019587 ]
    },
    "properties": {
    "物種":"棕櫚類",
    "樹種":"蒲葵",
    "學名":"Livistona chinensis",
    "科別":"棕櫚科",
    "行政區":"中正區",
    "河濱公園":"馬場町紀念公園",
    "數量":1
    }
  },
  {
    "type": "Feature",
    "geometry": {
       "type": "Point",
       "coordinates":  [ 121.504628,25.01955 ]
    },
    "properties": {
    "物種":"棕櫚類",
    "樹種":"蒲葵",
    "學名":"Livistona chinensis",
    "科別":"棕櫚科",
    "行政區":"中正區",
    "河濱公園":"馬場町紀念公園",
    "數量":1
    }
  },
  {
    "type": "Feature",
    "geometry": {
       "type": "Point",
       "coordinates":  [ 121.504653,25.019521 ]
    },
    "properties": {
    "物種":"棕櫚類",
    "樹種":"蒲葵",
    "學名":"Livistona chinensis",
    "科別":"棕櫚科",
    "行政區":"中正區",
    "河濱公園":"馬場町紀念公園",
    "數量":1
    }
  },
  {
    "type": "Feature",
    "geometry": {
       "type": "Point",
       "coordinates":  [ 121.504694,25.019541 ]
    },
    "properties": {
    "物種":"棕櫚類",
    "樹種":"蒲葵",
    "學名":"Livistona chinensis",
    "科別":"棕櫚科",
    "行政區":"中正區",
    "河濱公園":"馬場町紀念公園",
    "數量":1
    }
  },
  {
    "type": "Feature",
    "geometry": {
       "type": "Point",
       "coordinates":  [ 121.504674,25.019568 ]
    },
    "properties": {
    "物種":"棕櫚類",
    "樹種":"蒲葵",
    "學名":"Livistona chinensis",
    "科別":"棕櫚科",
    "行政區":"中正區",
    "河濱公園":"馬場町紀念公園",
    "數量":1
    }
  },
  {
    "type": "Feature",
    "geometry": {
       "type": "Point",
       "coordinates":  [ 121.504646,25.019601 ]
    },
    "properties": {
    "物種":"棕櫚類",
    "樹種":"蒲葵",
    "學名":"Livistona chinensis",
    "科別":"棕櫚科",
    "行政區":"中正區",
    "河濱公園":"馬場町紀念公園",
    "數量":1
    }
  },
  {
    "type": "Feature",
    "geometry": {
       "type": "Point",
       "coordinates":  [ 121.504609,25.019645 ]
    },
    "properties": {
    "物種":"棕櫚類",
    "樹種":"蒲葵",
    "學名":"Livistona chinensis",
    "科別":"棕櫚科",
    "行政區":"中正區",
    "河濱公園":"馬場町紀念公園",
    "數量":1
    }
  },
  {
    "type": "Feature",
    "geometry": {
       "type": "Point",
       "coordinates":  [ 121.504583,25.019683 ]
    },
    "properties": {
    "物種":"棕櫚類",
    "樹種":"蒲葵",
    "學名":"Livistona chinensis",
    "科別":"棕櫚科",
    "行政區":"中正區",
    "河濱公園":"馬場町紀念公園",
    "數量":1
    }
  },
  {
    "type": "Feature",
    "geometry": {
       "type": "Point",
       "coordinates":  [ 121.504617,25.019705 ]
    },
    "properties": {
    "物種":"棕櫚類",
    "樹種":"蒲葵",
    "學名":"Livistona chinensis",
    "科別":"棕櫚科",
    "行政區":"中正區",
    "河濱公園":"馬場町紀念公園",
    "數量":1
    }
  },
  {
    "type": "Feature",
    "geometry": {
       "type": "Point",
       "coordinates":  [ 121.504648,25.019671 ]
    },
    "properties": {
    "物種":"棕櫚類",
    "樹種":"蒲葵",
    "學名":"Livistona chinensis",
    "科別":"棕櫚科",
    "行政區":"中正區",
    "河濱公園":"馬場町紀念公園",
    "數量":1
    }
  },
  {
    "type": "Feature",
    "geometry": {
       "type": "Point",
       "coordinates":  [ 121.504678,25.019638 ]
    },
    "properties": {
    "物種":"棕櫚類",
    "樹種":"蒲葵",
    "學名":"Livistona chinensis",
    "科別":"棕櫚科",
    "行政區":"中正區",
    "河濱公園":"馬場町紀念公園",
    "數量":1
    }
  },
  {
    "type": "Feature",
    "geometry": {
       "type": "Point",
       "coordinates":  [ 121.504704,25.019604 ]
    },
    "properties": {
    "物種":"棕櫚類",
    "樹種":"蒲葵",
    "學名":"Livistona chinensis",
    "科別":"棕櫚科",
    "行政區":"中正區",
    "河濱公園":"馬場町紀念公園",
    "數量":1
    }
  },
  {
    "type": "Feature",
    "geometry": {
       "type": "Point",
       "coordinates":  [ 121.504732,25.01957 ]
    },
    "properties": {
    "物種":"棕櫚類",
    "樹種":"蒲葵",
    "學名":"Livistona chinensis",
    "科別":"棕櫚科",
    "行政區":"中正區",
    "河濱公園":"馬場町紀念公園",
    "數量":1
    }
  },
  {
    "type": "Feature",
    "geometry": {
       "type": "Point",
       "coordinates":  [ 121.534913,24.998787 ]
    },
    "properties": {
    "物種":"棕櫚類",
    "樹種":"蒲葵",
    "學名":"Livistona chinensis",
    "科別":"棕櫚科",
    "行政區":"文山區",
    "河濱公園":"福和",
    "數量":1
    }
  },
  {
    "type": "Feature",
    "geometry": {
       "type": "Point",
       "coordinates":  [ 121.534897,24.998791 ]
    },
    "properties": {
    "物種":"棕櫚類",
    "樹種":"蒲葵",
    "學名":"Livistona chinensis",
    "科別":"棕櫚科",
    "行政區":"文山區",
    "河濱公園":"福和",
    "數量":1
    }
  },
  {
    "type": "Feature",
    "geometry": {
       "type": "Point",
       "coordinates":  [ 121.534874,24.998792 ]
    },
    "properties": {
    "物種":"棕櫚類",
    "樹種":"蒲葵",
    "學名":"Livistona chinensis",
    "科別":"棕櫚科",
    "行政區":"文山區",
    "河濱公園":"福和",
    "數量":1
    }
  },
  {
    "type": "Feature",
    "geometry": {
       "type": "Point",
       "coordinates":  [ 121.534848,24.998794 ]
    },
    "properties": {
    "物種":"棕櫚類",
    "樹種":"蒲葵",
    "學名":"Livistona chinensis",
    "科別":"棕櫚科",
    "行政區":"文山區",
    "河濱公園":"福和",
    "數量":1
    }
  },
  {
    "type": "Feature",
    "geometry": {
       "type": "Point",
       "coordinates":  [ 121.534823,24.9988 ]
    },
    "properties": {
    "物種":"棕櫚類",
    "樹種":"蒲葵",
    "學名":"Livistona chinensis",
    "科別":"棕櫚科",
    "行政區":"文山區",
    "河濱公園":"福和",
    "數量":1
    }
  },
  {
    "type": "Feature",
    "geometry": {
       "type": "Point",
       "coordinates":  [ 121.534803,24.998797 ]
    },
    "properties": {
    "物種":"棕櫚類",
    "樹種":"蒲葵",
    "學名":"Livistona chinensis",
    "科別":"棕櫚科",
    "行政區":"文山區",
    "河濱公園":"福和",
    "數量":1
    }
  },
  {
    "type": "Feature",
    "geometry": {
       "type": "Point",
       "coordinates":  [ 121.534772,24.998797 ]
    },
    "properties": {
    "物種":"棕櫚類",
    "樹種":"蒲葵",
    "學名":"Livistona chinensis",
    "科別":"棕櫚科",
    "行政區":"文山區",
    "河濱公園":"福和",
    "數量":1
    }
  },
  {
    "type": "Feature",
    "geometry": {
       "type": "Point",
       "coordinates":  [ 121.534723,24.998791 ]
    },
    "properties": {
    "物種":"棕櫚類",
    "樹種":"蒲葵",
    "學名":"Livistona chinensis",
    "科別":"棕櫚科",
    "行政區":"文山區",
    "河濱公園":"福和",
    "數量":1
    }
  },
  {
    "type": "Feature",
    "geometry": {
       "type": "Point",
       "coordinates":  [ 121.534722,24.998821 ]
    },
    "properties": {
    "物種":"棕櫚類",
    "樹種":"蒲葵",
    "學名":"Livistona chinensis",
    "科別":"棕櫚科",
    "行政區":"文山區",
    "河濱公園":"福和",
    "數量":1
    }
  },
  {
    "type": "Feature",
    "geometry": {
       "type": "Point",
       "coordinates":  [ 121.534607,24.998825 ]
    },
    "properties": {
    "物種":"棕櫚類",
    "樹種":"蒲葵",
    "學名":"Livistona chinensis",
    "科別":"棕櫚科",
    "行政區":"文山區",
    "河濱公園":"福和",
    "數量":1
    }
  },
  {
    "type": "Feature",
    "geometry": {
       "type": "Point",
       "coordinates":  [ 121.534585,24.998827 ]
    },
    "properties": {
    "物種":"棕櫚類",
    "樹種":"蒲葵",
    "學名":"Livistona chinensis",
    "科別":"棕櫚科",
    "行政區":"文山區",
    "河濱公園":"福和",
    "數量":1
    }
  },
  {
    "type": "Feature",
    "geometry": {
       "type": "Point",
       "coordinates":  [ 121.533014,25.007351 ]
    },
    "properties": {
    "物種":"棕櫚類",
    "樹種":"大王椰子",
    "學名":"Roystonea regia",
    "科別":"棕櫚科",
    "行政區":"文山區",
    "河濱公園":"福和",
    "數量":1
    }
  },
  {
    "type": "Feature",
    "geometry": {
       "type": "Point",
       "coordinates":  [ 121.532971,25.007398 ]
    },
    "properties": {
    "物種":"棕櫚類",
    "樹種":"大王椰子",
    "學名":"Roystonea regia",
    "科別":"棕櫚科",
    "行政區":"文山區",
    "河濱公園":"福和",
    "數量":1
    }
  },
  {
    "type": "Feature",
    "geometry": {
       "type": "Point",
       "coordinates":  [ 121.53293,25.007492 ]
    },
    "properties": {
    "物種":"棕櫚類",
    "樹種":"大王椰子",
    "學名":"Roystonea regia",
    "科別":"棕櫚科",
    "行政區":"文山區",
    "河濱公園":"福和",
    "數量":1
    }
  },
  {
    "type": "Feature",
    "geometry": {
       "type": "Point",
       "coordinates":  [ 121.532928,25.007518 ]
    },
    "properties": {
    "物種":"棕櫚類",
    "樹種":"大王椰子",
    "學名":"Roystonea regia",
    "科別":"棕櫚科",
    "行政區":"文山區",
    "河濱公園":"福和",
    "數量":1
    }
  },
  {
    "type": "Feature",
    "geometry": {
       "type": "Point",
       "coordinates":  [ 121.532849,25.007933 ]
    },
    "properties": {
    "物種":"棕櫚類",
    "樹種":"大王椰子",
    "學名":"Roystonea regia",
    "科別":"棕櫚科",
    "行政區":"文山區",
    "河濱公園":"福和",
    "數量":1
    }
  },
  {
    "type": "Feature",
    "geometry": {
       "type": "Point",
       "coordinates":  [ 121.532817,25.007977 ]
    },
    "properties": {
    "物種":"棕櫚類",
    "樹種":"大王椰子",
    "學名":"Roystonea regia",
    "科別":"棕櫚科",
    "行政區":"文山區",
    "河濱公園":"福和",
    "數量":1
    }
  },
  {
    "type": "Feature",
    "geometry": {
       "type": "Point",
       "coordinates":  [ 121.532814,25.008063 ]
    },
    "properties": {
    "物種":"棕櫚類",
    "樹種":"大王椰子",
    "學名":"Roystonea regia",
    "科別":"棕櫚科",
    "行政區":"文山區",
    "河濱公園":"福和",
    "數量":1
    }
  },
  {
    "type": "Feature",
    "geometry": {
       "type": "Point",
       "coordinates":  [ 121.532817,25.008138 ]
    },
    "properties": {
    "物種":"棕櫚類",
    "樹種":"大王椰子",
    "學名":"Roystonea regia",
    "科別":"棕櫚科",
    "行政區":"文山區",
    "河濱公園":"福和",
    "數量":1
    }
  },
  {
    "type": "Feature",
    "geometry": {
       "type": "Point",
       "coordinates":  [ 121.532817,25.008166 ]
    },
    "properties": {
    "物種":"棕櫚類",
    "樹種":"大王椰子",
    "學名":"Roystonea regia",
    "科別":"棕櫚科",
    "行政區":"文山區",
    "河濱公園":"福和",
    "數量":1
    }
  },
  {
    "type": "Feature",
    "geometry": {
       "type": "Point",
       "coordinates":  [ 121.532794,25.008141 ]
    },
    "properties": {
    "物種":"棕櫚類",
    "樹種":"大王椰子",
    "學名":"Roystonea regia",
    "科別":"棕櫚科",
    "行政區":"文山區",
    "河濱公園":"福和",
    "數量":1
    }
  },
  {
    "type": "Feature",
    "geometry": {
       "type": "Point",
       "coordinates":  [ 121.534911,24.998805 ]
    },
    "properties": {
    "物種":"棕櫚類",
    "樹種":"蒲葵",
    "學名":"Livistona chinensis",
    "科別":"棕櫚科",
    "行政區":"文山區",
    "河濱公園":"福和",
    "數量":1
    }
  },
  {
    "type": "Feature",
    "geometry": {
       "type": "Point",
       "coordinates":  [ 121.490586,25.02406 ]
    },
    "properties": {
    "物種":"棕櫚類",
    "樹種":"蒲葵",
    "學名":"Livistona chinensis",
    "科別":"棕櫚科",
    "行政區":"萬華區",
    "河濱公園":"華中",
    "數量":1
    }
  },
  {
    "type": "Feature",
    "geometry": {
       "type": "Point",
       "coordinates":  [ 121.490603,25.024035 ]
    },
    "properties": {
    "物種":"棕櫚類",
    "樹種":"蒲葵",
    "學名":"Livistona chinensis",
    "科別":"棕櫚科",
    "行政區":"萬華區",
    "河濱公園":"華中",
    "數量":1
    }
  },
  {
    "type": "Feature",
    "geometry": {
       "type": "Point",
       "coordinates":  [ 121.490624,25.024005 ]
    },
    "properties": {
    "物種":"棕櫚類",
    "樹種":"蒲葵",
    "學名":"Livistona chinensis",
    "科別":"棕櫚科",
    "行政區":"萬華區",
    "河濱公園":"華中",
    "數量":1
    }
  },
  {
    "type": "Feature",
    "geometry": {
       "type": "Point",
       "coordinates":  [ 121.490638,25.023974 ]
    },
    "properties": {
    "物種":"棕櫚類",
    "樹種":"蒲葵",
    "學名":"Livistona chinensis",
    "科別":"棕櫚科",
    "行政區":"萬華區",
    "河濱公園":"華中",
    "數量":1
    }
  },
  {
    "type": "Feature",
    "geometry": {
       "type": "Point",
       "coordinates":  [ 121.490649,25.023948 ]
    },
    "properties": {
    "物種":"棕櫚類",
    "樹種":"蒲葵",
    "學名":"Livistona chinensis",
    "科別":"棕櫚科",
    "行政區":"萬華區",
    "河濱公園":"華中",
    "數量":1
    }
  },
  {
    "type": "Feature",
    "geometry": {
       "type": "Point",
       "coordinates":  [ 121.49066,25.023929 ]
    },
    "properties": {
    "物種":"棕櫚類",
    "樹種":"蒲葵",
    "學名":"Livistona chinensis",
    "科別":"棕櫚科",
    "行政區":"萬華區",
    "河濱公園":"華中",
    "數量":1
    }
  },
  {
    "type": "Feature",
    "geometry": {
       "type": "Point",
       "coordinates":  [ 121.490672,25.023899 ]
    },
    "properties": {
    "物種":"棕櫚類",
    "樹種":"蒲葵",
    "學名":"Livistona chinensis",
    "科別":"棕櫚科",
    "行政區":"萬華區",
    "河濱公園":"華中",
    "數量":1
    }
  },
  {
    "type": "Feature",
    "geometry": {
       "type": "Point",
       "coordinates":  [ 121.490692,25.023855 ]
    },
    "properties": {
    "物種":"棕櫚類",
    "樹種":"蒲葵",
    "學名":"Livistona chinensis",
    "科別":"棕櫚科",
    "行政區":"萬華區",
    "河濱公園":"華中",
    "數量":1
    }
  },
  {
    "type": "Feature",
    "geometry": {
       "type": "Point",
       "coordinates":  [ 121.490705,25.023824 ]
    },
    "properties": {
    "物種":"棕櫚類",
    "樹種":"蒲葵",
    "學名":"Livistona chinensis",
    "科別":"棕櫚科",
    "行政區":"萬華區",
    "河濱公園":"華中",
    "數量":1
    }
  },
  {
    "type": "Feature",
    "geometry": {
       "type": "Point",
       "coordinates":  [ 121.490715,25.023797 ]
    },
    "properties": {
    "物種":"棕櫚類",
    "樹種":"蒲葵",
    "學名":"Livistona chinensis",
    "科別":"棕櫚科",
    "行政區":"萬華區",
    "河濱公園":"華中",
    "數量":1
    }
  },
  {
    "type": "Feature",
    "geometry": {
       "type": "Point",
       "coordinates":  [ 121.490728,25.023771 ]
    },
    "properties": {
    "物種":"棕櫚類",
    "樹種":"蒲葵",
    "學名":"Livistona chinensis",
    "科別":"棕櫚科",
    "行政區":"萬華區",
    "河濱公園":"華中",
    "數量":1
    }
  },
  {
    "type": "Feature",
    "geometry": {
       "type": "Point",
       "coordinates":  [ 121.490736,25.023745 ]
    },
    "properties": {
    "物種":"棕櫚類",
    "樹種":"蒲葵",
    "學名":"Livistona chinensis",
    "科別":"棕櫚科",
    "行政區":"萬華區",
    "河濱公園":"華中",
    "數量":1
    }
  },
  {
    "type": "Feature",
    "geometry": {
       "type": "Point",
       "coordinates":  [ 121.490747,25.02372 ]
    },
    "properties": {
    "物種":"棕櫚類",
    "樹種":"蒲葵",
    "學名":"Livistona chinensis",
    "科別":"棕櫚科",
    "行政區":"萬華區",
    "河濱公園":"華中",
    "數量":1
    }
  },
  {
    "type": "Feature",
    "geometry": {
       "type": "Point",
       "coordinates":  [ 121.490761,25.023695 ]
    },
    "properties": {
    "物種":"棕櫚類",
    "樹種":"蒲葵",
    "學名":"Livistona chinensis",
    "科別":"棕櫚科",
    "行政區":"萬華區",
    "河濱公園":"華中",
    "數量":1
    }
  },
  {
    "type": "Feature",
    "geometry": {
       "type": "Point",
       "coordinates":  [ 121.49077,25.023665 ]
    },
    "properties": {
    "物種":"棕櫚類",
    "樹種":"蒲葵",
    "學名":"Livistona chinensis",
    "科別":"棕櫚科",
    "行政區":"萬華區",
    "河濱公園":"華中",
    "數量":1
    }
  },
  {
    "type": "Feature",
    "geometry": {
       "type": "Point",
       "coordinates":  [ 121.490783,25.023637 ]
    },
    "properties": {
    "物種":"棕櫚類",
    "樹種":"蒲葵",
    "學名":"Livistona chinensis",
    "科別":"棕櫚科",
    "行政區":"萬華區",
    "河濱公園":"華中",
    "數量":1
    }
  },
  {
    "type": "Feature",
    "geometry": {
       "type": "Point",
       "coordinates":  [ 121.490775,25.023618 ]
    },
    "properties": {
    "物種":"棕櫚類",
    "樹種":"蒲葵",
    "學名":"Livistona chinensis",
    "科別":"棕櫚科",
    "行政區":"萬華區",
    "河濱公園":"華中",
    "數量":1
    }
  },
  {
    "type": "Feature",
    "geometry": {
       "type": "Point",
       "coordinates":  [ 121.490736,25.023535 ]
    },
    "properties": {
    "物種":"棕櫚類",
    "樹種":"棕櫚",
    "學名":"Trachycarpus fortunei",
    "科別":"棕櫚科",
    "行政區":"萬華區",
    "河濱公園":"華中",
    "數量":1
    }
  },
  {
    "type": "Feature",
    "geometry": {
       "type": "Point",
       "coordinates":  [ 121.490825,25.023573 ]
    },
    "properties": {
    "物種":"棕櫚類",
    "樹種":"蒲葵",
    "學名":"Livistona chinensis",
    "科別":"棕櫚科",
    "行政區":"萬華區",
    "河濱公園":"華中",
    "數量":1
    }
  },
  {
    "type": "Feature",
    "geometry": {
       "type": "Point",
       "coordinates":  [ 121.490839,25.023513 ]
    },
    "properties": {
    "物種":"棕櫚類",
    "樹種":"蒲葵",
    "學名":"Livistona chinensis",
    "科別":"棕櫚科",
    "行政區":"萬華區",
    "河濱公園":"華中",
    "數量":1
    }
  },
  {
    "type": "Feature",
    "geometry": {
       "type": "Point",
       "coordinates":  [ 121.49086,25.023464 ]
    },
    "properties": {
    "物種":"棕櫚類",
    "樹種":"蒲葵",
    "學名":"Livistona chinensis",
    "科別":"棕櫚科",
    "行政區":"萬華區",
    "河濱公園":"華中",
    "數量":1
    }
  },
  {
    "type": "Feature",
    "geometry": {
       "type": "Point",
       "coordinates":  [ 121.490867,25.023424 ]
    },
    "properties": {
    "物種":"棕櫚類",
    "樹種":"蒲葵",
    "學名":"Livistona chinensis",
    "科別":"棕櫚科",
    "行政區":"萬華區",
    "河濱公園":"華中",
    "數量":1
    }
  },
  {
    "type": "Feature",
    "geometry": {
       "type": "Point",
       "coordinates":  [ 121.490878,25.023396 ]
    },
    "properties": {
    "物種":"棕櫚類",
    "樹種":"蒲葵",
    "學名":"Livistona chinensis",
    "科別":"棕櫚科",
    "行政區":"萬華區",
    "河濱公園":"華中",
    "數量":1
    }
  },
  {
    "type": "Feature",
    "geometry": {
       "type": "Point",
       "coordinates":  [ 121.490881,25.023362 ]
    },
    "properties": {
    "物種":"棕櫚類",
    "樹種":"蒲葵",
    "學名":"Livistona chinensis",
    "科別":"棕櫚科",
    "行政區":"萬華區",
    "河濱公園":"華中",
    "數量":1
    }
  },
  {
    "type": "Feature",
    "geometry": {
       "type": "Point",
       "coordinates":  [ 121.490888,25.023334 ]
    },
    "properties": {
    "物種":"棕櫚類",
    "樹種":"蒲葵",
    "學名":"Livistona chinensis",
    "科別":"棕櫚科",
    "行政區":"萬華區",
    "河濱公園":"華中",
    "數量":1
    }
  },
  {
    "type": "Feature",
    "geometry": {
       "type": "Point",
       "coordinates":  [ 121.490899,25.023305 ]
    },
    "properties": {
    "物種":"棕櫚類",
    "樹種":"蒲葵",
    "學名":"Livistona chinensis",
    "科別":"棕櫚科",
    "行政區":"萬華區",
    "河濱公園":"華中",
    "數量":1
    }
  },
  {
    "type": "Feature",
    "geometry": {
       "type": "Point",
       "coordinates":  [ 121.490916,25.023275 ]
    },
    "properties": {
    "物種":"棕櫚類",
    "樹種":"蒲葵",
    "學名":"Livistona chinensis",
    "科別":"棕櫚科",
    "行政區":"萬華區",
    "河濱公園":"華中",
    "數量":1
    }
  },
  {
    "type": "Feature",
    "geometry": {
       "type": "Point",
       "coordinates":  [ 121.490927,25.023234 ]
    },
    "properties": {
    "物種":"棕櫚類",
    "樹種":"蒲葵",
    "學名":"Livistona chinensis",
    "科別":"棕櫚科",
    "行政區":"萬華區",
    "河濱公園":"華中",
    "數量":1
    }
  },
  {
    "type": "Feature",
    "geometry": {
       "type": "Point",
       "coordinates":  [ 121.49094,25.023202 ]
    },
    "properties": {
    "物種":"棕櫚類",
    "樹種":"蒲葵",
    "學名":"Livistona chinensis",
    "科別":"棕櫚科",
    "行政區":"萬華區",
    "河濱公園":"華中",
    "數量":1
    }
  },
  {
    "type": "Feature",
    "geometry": {
       "type": "Point",
       "coordinates":  [ 121.49096,25.023162 ]
    },
    "properties": {
    "物種":"棕櫚類",
    "樹種":"蒲葵",
    "學名":"Livistona chinensis",
    "科別":"棕櫚科",
    "行政區":"萬華區",
    "河濱公園":"華中",
    "數量":1
    }
  },
  {
    "type": "Feature",
    "geometry": {
       "type": "Point",
       "coordinates":  [ 121.490981,25.02312 ]
    },
    "properties": {
    "物種":"棕櫚類",
    "樹種":"蒲葵",
    "學名":"Livistona chinensis",
    "科別":"棕櫚科",
    "行政區":"萬華區",
    "河濱公園":"華中",
    "數量":1
    }
  },
  {
    "type": "Feature",
    "geometry": {
       "type": "Point",
       "coordinates":  [ 121.491002,25.023081 ]
    },
    "properties": {
    "物種":"棕櫚類",
    "樹種":"蒲葵",
    "學名":"Livistona chinensis",
    "科別":"棕櫚科",
    "行政區":"萬華區",
    "河濱公園":"華中",
    "數量":1
    }
  },
  {
    "type": "Feature",
    "geometry": {
       "type": "Point",
       "coordinates":  [ 121.491029,25.023044 ]
    },
    "properties": {
    "物種":"棕櫚類",
    "樹種":"蒲葵",
    "學名":"Livistona chinensis",
    "科別":"棕櫚科",
    "行政區":"萬華區",
    "河濱公園":"華中",
    "數量":1
    }
  },
  {
    "type": "Feature",
    "geometry": {
       "type": "Point",
       "coordinates":  [ 121.491051,25.023006 ]
    },
    "properties": {
    "物種":"棕櫚類",
    "樹種":"蒲葵",
    "學名":"Livistona chinensis",
    "科別":"棕櫚科",
    "行政區":"萬華區",
    "河濱公園":"華中",
    "數量":1
    }
  },
  {
    "type": "Feature",
    "geometry": {
       "type": "Point",
       "coordinates":  [ 121.491063,25.022976 ]
    },
    "properties": {
    "物種":"棕櫚類",
    "樹種":"蒲葵",
    "學名":"Livistona chinensis",
    "科別":"棕櫚科",
    "行政區":"萬華區",
    "河濱公園":"華中",
    "數量":1
    }
  },
  {
    "type": "Feature",
    "geometry": {
       "type": "Point",
       "coordinates":  [ 121.491071,25.022946 ]
    },
    "properties": {
    "物種":"棕櫚類",
    "樹種":"蒲葵",
    "學名":"Livistona chinensis",
    "科別":"棕櫚科",
    "行政區":"萬華區",
    "河濱公園":"華中",
    "數量":1
    }
  },
  {
    "type": "Feature",
    "geometry": {
       "type": "Point",
       "coordinates":  [ 121.491076,25.022924 ]
    },
    "properties": {
    "物種":"棕櫚類",
    "樹種":"蒲葵",
    "學名":"Livistona chinensis",
    "科別":"棕櫚科",
    "行政區":"萬華區",
    "河濱公園":"華中",
    "數量":1
    }
  },
  {
    "type": "Feature",
    "geometry": {
       "type": "Point",
       "coordinates":  [ 121.491071,25.022904 ]
    },
    "properties": {
    "物種":"棕櫚類",
    "樹種":"蒲葵",
    "學名":"Livistona chinensis",
    "科別":"棕櫚科",
    "行政區":"萬華區",
    "河濱公園":"華中",
    "數量":1
    }
  },
  {
    "type": "Feature",
    "geometry": {
       "type": "Point",
       "coordinates":  [ 121.491086,25.022885 ]
    },
    "properties": {
    "物種":"棕櫚類",
    "樹種":"蒲葵",
    "學名":"Livistona chinensis",
    "科別":"棕櫚科",
    "行政區":"萬華區",
    "河濱公園":"華中",
    "數量":1
    }
  },
  {
    "type": "Feature",
    "geometry": {
       "type": "Point",
       "coordinates":  [ 121.4911,25.02285 ]
    },
    "properties": {
    "物種":"棕櫚類",
    "樹種":"蒲葵",
    "學名":"Livistona chinensis",
    "科別":"棕櫚科",
    "行政區":"萬華區",
    "河濱公園":"華中",
    "數量":1
    }
  },
  {
    "type": "Feature",
    "geometry": {
       "type": "Point",
       "coordinates":  [ 121.491109,25.022828 ]
    },
    "properties": {
    "物種":"棕櫚類",
    "樹種":"蒲葵",
    "學名":"Livistona chinensis",
    "科別":"棕櫚科",
    "行政區":"萬華區",
    "河濱公園":"華中",
    "數量":1
    }
  },
  {
    "type": "Feature",
    "geometry": {
       "type": "Point",
       "coordinates":  [ 121.491125,25.022799 ]
    },
    "properties": {
    "物種":"棕櫚類",
    "樹種":"蒲葵",
    "學名":"Livistona chinensis",
    "科別":"棕櫚科",
    "行政區":"萬華區",
    "河濱公園":"華中",
    "數量":1
    }
  },
  {
    "type": "Feature",
    "geometry": {
       "type": "Point",
       "coordinates":  [ 121.491142,25.02276 ]
    },
    "properties": {
    "物種":"棕櫚類",
    "樹種":"蒲葵",
    "學名":"Livistona chinensis",
    "科別":"棕櫚科",
    "行政區":"萬華區",
    "河濱公園":"華中",
    "數量":1
    }
  },
  {
    "type": "Feature",
    "geometry": {
       "type": "Point",
       "coordinates":  [ 121.491162,25.022726 ]
    },
    "properties": {
    "物種":"棕櫚類",
    "樹種":"蒲葵",
    "學名":"Livistona chinensis",
    "科別":"棕櫚科",
    "行政區":"萬華區",
    "河濱公園":"華中",
    "數量":1
    }
  },
  {
    "type": "Feature",
    "geometry": {
       "type": "Point",
       "coordinates":  [ 121.491185,25.022693 ]
    },
    "properties": {
    "物種":"棕櫚類",
    "樹種":"蒲葵",
    "學名":"Livistona chinensis",
    "科別":"棕櫚科",
    "行政區":"萬華區",
    "河濱公園":"華中",
    "數量":1
    }
  },
  {
    "type": "Feature",
    "geometry": {
       "type": "Point",
       "coordinates":  [ 121.491201,25.022654 ]
    },
    "properties": {
    "物種":"棕櫚類",
    "樹種":"蒲葵",
    "學名":"Livistona chinensis",
    "科別":"棕櫚科",
    "行政區":"萬華區",
    "河濱公園":"華中",
    "數量":1
    }
  },
  {
    "type": "Feature",
    "geometry": {
       "type": "Point",
       "coordinates":  [ 121.491212,25.022618 ]
    },
    "properties": {
    "物種":"棕櫚類",
    "樹種":"蒲葵",
    "學名":"Livistona chinensis",
    "科別":"棕櫚科",
    "行政區":"萬華區",
    "河濱公園":"華中",
    "數量":1
    }
  },
  {
    "type": "Feature",
    "geometry": {
       "type": "Point",
       "coordinates":  [ 121.491226,25.022585 ]
    },
    "properties": {
    "物種":"棕櫚類",
    "樹種":"蒲葵",
    "學名":"Livistona chinensis",
    "科別":"棕櫚科",
    "行政區":"萬華區",
    "河濱公園":"華中",
    "數量":1
    }
  },
  {
    "type": "Feature",
    "geometry": {
       "type": "Point",
       "coordinates":  [ 121.491236,25.022554 ]
    },
    "properties": {
    "物種":"棕櫚類",
    "樹種":"蒲葵",
    "學名":"Livistona chinensis",
    "科別":"棕櫚科",
    "行政區":"萬華區",
    "河濱公園":"華中",
    "數量":1
    }
  },
  {
    "type": "Feature",
    "geometry": {
       "type": "Point",
       "coordinates":  [ 121.491252,25.022525 ]
    },
    "properties": {
    "物種":"棕櫚類",
    "樹種":"蒲葵",
    "學名":"Livistona chinensis",
    "科別":"棕櫚科",
    "行政區":"萬華區",
    "河濱公園":"華中",
    "數量":1
    }
  },
  {
    "type": "Feature",
    "geometry": {
       "type": "Point",
       "coordinates":  [ 121.491289,25.022454 ]
    },
    "properties": {
    "物種":"棕櫚類",
    "樹種":"蒲葵",
    "學名":"Livistona chinensis",
    "科別":"棕櫚科",
    "行政區":"萬華區",
    "河濱公園":"華中",
    "數量":1
    }
  },
  {
    "type": "Feature",
    "geometry": {
       "type": "Point",
       "coordinates":  [ 121.491302,25.022426 ]
    },
    "properties": {
    "物種":"棕櫚類",
    "樹種":"蒲葵",
    "學名":"Livistona chinensis",
    "科別":"棕櫚科",
    "行政區":"萬華區",
    "河濱公園":"華中",
    "數量":1
    }
  },
  {
    "type": "Feature",
    "geometry": {
       "type": "Point",
       "coordinates":  [ 121.491323,25.02238 ]
    },
    "properties": {
    "物種":"棕櫚類",
    "樹種":"蒲葵",
    "學名":"Livistona chinensis",
    "科別":"棕櫚科",
    "行政區":"萬華區",
    "河濱公園":"華中",
    "數量":1
    }
  },
  {
    "type": "Feature",
    "geometry": {
       "type": "Point",
       "coordinates":  [ 121.491349,25.022303 ]
    },
    "properties": {
    "物種":"棕櫚類",
    "樹種":"蒲葵",
    "學名":"Livistona chinensis",
    "科別":"棕櫚科",
    "行政區":"萬華區",
    "河濱公園":"華中",
    "數量":1
    }
  },
  {
    "type": "Feature",
    "geometry": {
       "type": "Point",
       "coordinates":  [ 121.491374,25.02227 ]
    },
    "properties": {
    "物種":"棕櫚類",
    "樹種":"蒲葵",
    "學名":"Livistona chinensis",
    "科別":"棕櫚科",
    "行政區":"萬華區",
    "河濱公園":"華中",
    "數量":1
    }
  },
  {
    "type": "Feature",
    "geometry": {
       "type": "Point",
       "coordinates":  [ 121.491386,25.022239 ]
    },
    "properties": {
    "物種":"棕櫚類",
    "樹種":"蒲葵",
    "學名":"Livistona chinensis",
    "科別":"棕櫚科",
    "行政區":"萬華區",
    "河濱公園":"華中",
    "數量":1
    }
  },
  {
    "type": "Feature",
    "geometry": {
       "type": "Point",
       "coordinates":  [ 121.491401,25.022199 ]
    },
    "properties": {
    "物種":"棕櫚類",
    "樹種":"蒲葵",
    "學名":"Livistona chinensis",
    "科別":"棕櫚科",
    "行政區":"萬華區",
    "河濱公園":"華中",
    "數量":1
    }
  },
  {
    "type": "Feature",
    "geometry": {
       "type": "Point",
       "coordinates":  [ 121.491419,25.022166 ]
    },
    "properties": {
    "物種":"棕櫚類",
    "樹種":"蒲葵",
    "學名":"Livistona chinensis",
    "科別":"棕櫚科",
    "行政區":"萬華區",
    "河濱公園":"華中",
    "數量":1
    }
  },
  {
    "type": "Feature",
    "geometry": {
       "type": "Point",
       "coordinates":  [ 121.491435,25.022138 ]
    },
    "properties": {
    "物種":"棕櫚類",
    "樹種":"蒲葵",
    "學名":"Livistona chinensis",
    "科別":"棕櫚科",
    "行政區":"萬華區",
    "河濱公園":"華中",
    "數量":1
    }
  },
  {
    "type": "Feature",
    "geometry": {
       "type": "Point",
       "coordinates":  [ 121.491454,25.022095 ]
    },
    "properties": {
    "物種":"棕櫚類",
    "樹種":"蒲葵",
    "學名":"Livistona chinensis",
    "科別":"棕櫚科",
    "行政區":"萬華區",
    "河濱公園":"華中",
    "數量":1
    }
  },
  {
    "type": "Feature",
    "geometry": {
       "type": "Point",
       "coordinates":  [ 121.491483,25.02203 ]
    },
    "properties": {
    "物種":"棕櫚類",
    "樹種":"蒲葵",
    "學名":"Livistona chinensis",
    "科別":"棕櫚科",
    "行政區":"萬華區",
    "河濱公園":"華中",
    "數量":1
    }
  },
  {
    "type": "Feature",
    "geometry": {
       "type": "Point",
       "coordinates":  [ 121.491505,25.021994 ]
    },
    "properties": {
    "物種":"棕櫚類",
    "樹種":"蒲葵",
    "學名":"Livistona chinensis",
    "科別":"棕櫚科",
    "行政區":"萬華區",
    "河濱公園":"華中",
    "數量":1
    }
  },
  {
    "type": "Feature",
    "geometry": {
       "type": "Point",
       "coordinates":  [ 121.49152,25.02196 ]
    },
    "properties": {
    "物種":"棕櫚類",
    "樹種":"蒲葵",
    "學名":"Livistona chinensis",
    "科別":"棕櫚科",
    "行政區":"萬華區",
    "河濱公園":"華中",
    "數量":1
    }
  },
  {
    "type": "Feature",
    "geometry": {
       "type": "Point",
       "coordinates":  [ 121.491533,25.021926 ]
    },
    "properties": {
    "物種":"棕櫚類",
    "樹種":"蒲葵",
    "學名":"Livistona chinensis",
    "科別":"棕櫚科",
    "行政區":"萬華區",
    "河濱公園":"華中",
    "數量":1
    }
  },
  {
    "type": "Feature",
    "geometry": {
       "type": "Point",
       "coordinates":  [ 121.491547,25.021874 ]
    },
    "properties": {
    "物種":"棕櫚類",
    "樹種":"蒲葵",
    "學名":"Livistona chinensis",
    "科別":"棕櫚科",
    "行政區":"萬華區",
    "河濱公園":"華中",
    "數量":1
    }
  },
  {
    "type": "Feature",
    "geometry": {
       "type": "Point",
       "coordinates":  [ 121.49157,25.021837 ]
    },
    "properties": {
    "物種":"棕櫚類",
    "樹種":"蒲葵",
    "學名":"Livistona chinensis",
    "科別":"棕櫚科",
    "行政區":"萬華區",
    "河濱公園":"華中",
    "數量":1
    }
  },
  {
    "type": "Feature",
    "geometry": {
       "type": "Point",
       "coordinates":  [ 121.491707,25.021561 ]
    },
    "properties": {
    "物種":"棕櫚類",
    "樹種":"蒲葵",
    "學名":"Livistona chinensis",
    "科別":"棕櫚科",
    "行政區":"萬華區",
    "河濱公園":"華中",
    "數量":1
    }
  },
  {
    "type": "Feature",
    "geometry": {
       "type": "Point",
       "coordinates":  [ 121.491729,25.021446 ]
    },
    "properties": {
    "物種":"棕櫚類",
    "樹種":"蒲葵",
    "學名":"Livistona chinensis",
    "科別":"棕櫚科",
    "行政區":"萬華區",
    "河濱公園":"華中",
    "數量":1
    }
  },
  {
    "type": "Feature",
    "geometry": {
       "type": "Point",
       "coordinates":  [ 121.491752,25.021414 ]
    },
    "properties": {
    "物種":"棕櫚類",
    "樹種":"蒲葵",
    "學名":"Livistona chinensis",
    "科別":"棕櫚科",
    "行政區":"萬華區",
    "河濱公園":"華中",
    "數量":1
    }
  },
  {
    "type": "Feature",
    "geometry": {
       "type": "Point",
       "coordinates":  [ 121.491765,25.021391 ]
    },
    "properties": {
    "物種":"棕櫚類",
    "樹種":"蒲葵",
    "學名":"Livistona chinensis",
    "科別":"棕櫚科",
    "行政區":"萬華區",
    "河濱公園":"華中",
    "數量":1
    }
  },
  {
    "type": "Feature",
    "geometry": {
       "type": "Point",
       "coordinates":  [ 121.491779,25.021362 ]
    },
    "properties": {
    "物種":"棕櫚類",
    "樹種":"蒲葵",
    "學名":"Livistona chinensis",
    "科別":"棕櫚科",
    "行政區":"萬華區",
    "河濱公園":"華中",
    "數量":1
    }
  },
  {
    "type": "Feature",
    "geometry": {
       "type": "Point",
       "coordinates":  [ 121.491793,25.021325 ]
    },
    "properties": {
    "物種":"棕櫚類",
    "樹種":"蒲葵",
    "學名":"Livistona chinensis",
    "科別":"棕櫚科",
    "行政區":"萬華區",
    "河濱公園":"華中",
    "數量":1
    }
  },
  {
    "type": "Feature",
    "geometry": {
       "type": "Point",
       "coordinates":  [ 121.491814,25.021304 ]
    },
    "properties": {
    "物種":"棕櫚類",
    "樹種":"蒲葵",
    "學名":"Livistona chinensis",
    "科別":"棕櫚科",
    "行政區":"萬華區",
    "河濱公園":"華中",
    "數量":1
    }
  },
  {
    "type": "Feature",
    "geometry": {
       "type": "Point",
       "coordinates":  [ 121.491814,25.021279 ]
    },
    "properties": {
    "物種":"棕櫚類",
    "樹種":"蒲葵",
    "學名":"Livistona chinensis",
    "科別":"棕櫚科",
    "行政區":"萬華區",
    "河濱公園":"華中",
    "數量":1
    }
  },
  {
    "type": "Feature",
    "geometry": {
       "type": "Point",
       "coordinates":  [ 121.49183,25.021247 ]
    },
    "properties": {
    "物種":"棕櫚類",
    "樹種":"蒲葵",
    "學名":"Livistona chinensis",
    "科別":"棕櫚科",
    "行政區":"萬華區",
    "河濱公園":"華中",
    "數量":1
    }
  },
  {
    "type": "Feature",
    "geometry": {
       "type": "Point",
       "coordinates":  [ 121.491843,25.02122 ]
    },
    "properties": {
    "物種":"棕櫚類",
    "樹種":"蒲葵",
    "學名":"Livistona chinensis",
    "科別":"棕櫚科",
    "行政區":"萬華區",
    "河濱公園":"華中",
    "數量":1
    }
  },
  {
    "type": "Feature",
    "geometry": {
       "type": "Point",
       "coordinates":  [ 121.491867,25.021147 ]
    },
    "properties": {
    "物種":"棕櫚類",
    "樹種":"蒲葵",
    "學名":"Livistona chinensis",
    "科別":"棕櫚科",
    "行政區":"萬華區",
    "河濱公園":"華中",
    "數量":1
    }
  },
  {
    "type": "Feature",
    "geometry": {
       "type": "Point",
       "coordinates":  [ 121.491878,25.021118 ]
    },
    "properties": {
    "物種":"棕櫚類",
    "樹種":"蒲葵",
    "學名":"Livistona chinensis",
    "科別":"棕櫚科",
    "行政區":"萬華區",
    "河濱公園":"華中",
    "數量":1
    }
  },
  {
    "type": "Feature",
    "geometry": {
       "type": "Point",
       "coordinates":  [ 121.491889,25.021084 ]
    },
    "properties": {
    "物種":"棕櫚類",
    "樹種":"蒲葵",
    "學名":"Livistona chinensis",
    "科別":"棕櫚科",
    "行政區":"萬華區",
    "河濱公園":"華中",
    "數量":1
    }
  },
  {
    "type": "Feature",
    "geometry": {
       "type": "Point",
       "coordinates":  [ 121.491916,25.021029 ]
    },
    "properties": {
    "物種":"棕櫚類",
    "樹種":"蒲葵",
    "學名":"Livistona chinensis",
    "科別":"棕櫚科",
    "行政區":"萬華區",
    "河濱公園":"華中",
    "數量":1
    }
  },
  {
    "type": "Feature",
    "geometry": {
       "type": "Point",
       "coordinates":  [ 121.491961,25.020987 ]
    },
    "properties": {
    "物種":"棕櫚類",
    "樹種":"蒲葵",
    "學名":"Livistona chinensis",
    "科別":"棕櫚科",
    "行政區":"萬華區",
    "河濱公園":"華中",
    "數量":1
    }
  },
  {
    "type": "Feature",
    "geometry": {
       "type": "Point",
       "coordinates":  [ 121.491967,25.020958 ]
    },
    "properties": {
    "物種":"棕櫚類",
    "樹種":"蒲葵",
    "學名":"Livistona chinensis",
    "科別":"棕櫚科",
    "行政區":"萬華區",
    "河濱公園":"華中",
    "數量":1
    }
  },
  {
    "type": "Feature",
    "geometry": {
       "type": "Point",
       "coordinates":  [ 121.491979,25.020924 ]
    },
    "properties": {
    "物種":"棕櫚類",
    "樹種":"蒲葵",
    "學名":"Livistona chinensis",
    "科別":"棕櫚科",
    "行政區":"萬華區",
    "河濱公園":"華中",
    "數量":1
    }
  },
  {
    "type": "Feature",
    "geometry": {
       "type": "Point",
       "coordinates":  [ 121.491994,25.020889 ]
    },
    "properties": {
    "物種":"棕櫚類",
    "樹種":"蒲葵",
    "學名":"Livistona chinensis",
    "科別":"棕櫚科",
    "行政區":"萬華區",
    "河濱公園":"華中",
    "數量":1
    }
  },
  {
    "type": "Feature",
    "geometry": {
       "type": "Point",
       "coordinates":  [ 121.492008,25.020851 ]
    },
    "properties": {
    "物種":"棕櫚類",
    "樹種":"蒲葵",
    "學名":"Livistona chinensis",
    "科別":"棕櫚科",
    "行政區":"萬華區",
    "河濱公園":"華中",
    "數量":1
    }
  },
  {
    "type": "Feature",
    "geometry": {
       "type": "Point",
       "coordinates":  [ 121.492037,25.020806 ]
    },
    "properties": {
    "物種":"棕櫚類",
    "樹種":"蒲葵",
    "學名":"Livistona chinensis",
    "科別":"棕櫚科",
    "行政區":"萬華區",
    "河濱公園":"華中",
    "數量":1
    }
  },
  {
    "type": "Feature",
    "geometry": {
       "type": "Point",
       "coordinates":  [ 121.492059,25.020708 ]
    },
    "properties": {
    "物種":"棕櫚類",
    "樹種":"蒲葵",
    "學名":"Livistona chinensis",
    "科別":"棕櫚科",
    "行政區":"萬華區",
    "河濱公園":"華中",
    "數量":1
    }
  },
  {
    "type": "Feature",
    "geometry": {
       "type": "Point",
       "coordinates":  [ 121.492125,25.020632 ]
    },
    "properties": {
    "物種":"棕櫚類",
    "樹種":"蒲葵",
    "學名":"Livistona chinensis",
    "科別":"棕櫚科",
    "行政區":"萬華區",
    "河濱公園":"華中",
    "數量":1
    }
  },
  {
    "type": "Feature",
    "geometry": {
       "type": "Point",
       "coordinates":  [ 121.49214,25.020593 ]
    },
    "properties": {
    "物種":"棕櫚類",
    "樹種":"蒲葵",
    "學名":"Livistona chinensis",
    "科別":"棕櫚科",
    "行政區":"萬華區",
    "河濱公園":"華中",
    "數量":1
    }
  },
  {
    "type": "Feature",
    "geometry": {
       "type": "Point",
       "coordinates":  [ 121.492145,25.02056 ]
    },
    "properties": {
    "物種":"棕櫚類",
    "樹種":"蒲葵",
    "學名":"Livistona chinensis",
    "科別":"棕櫚科",
    "行政區":"萬華區",
    "河濱公園":"華中",
    "數量":1
    }
  },
  {
    "type": "Feature",
    "geometry": {
       "type": "Point",
       "coordinates":  [ 121.492165,25.020471 ]
    },
    "properties": {
    "物種":"棕櫚類",
    "樹種":"蒲葵",
    "學名":"Livistona chinensis",
    "科別":"棕櫚科",
    "行政區":"萬華區",
    "河濱公園":"華中",
    "數量":1
    }
  },
  {
    "type": "Feature",
    "geometry": {
       "type": "Point",
       "coordinates":  [ 121.492189,25.020436 ]
    },
    "properties": {
    "物種":"棕櫚類",
    "樹種":"蒲葵",
    "學名":"Livistona chinensis",
    "科別":"棕櫚科",
    "行政區":"萬華區",
    "河濱公園":"華中",
    "數量":1
    }
  },
  {
    "type": "Feature",
    "geometry": {
       "type": "Point",
       "coordinates":  [ 121.492229,25.020316 ]
    },
    "properties": {
    "物種":"棕櫚類",
    "樹種":"蒲葵",
    "學名":"Livistona chinensis",
    "科別":"棕櫚科",
    "行政區":"萬華區",
    "河濱公園":"華中",
    "數量":1
    }
  },
  {
    "type": "Feature",
    "geometry": {
       "type": "Point",
       "coordinates":  [ 121.492274,25.020268 ]
    },
    "properties": {
    "物種":"棕櫚類",
    "樹種":"蒲葵",
    "學名":"Livistona chinensis",
    "科別":"棕櫚科",
    "行政區":"萬華區",
    "河濱公園":"華中",
    "數量":1
    }
  },
  {
    "type": "Feature",
    "geometry": {
       "type": "Point",
       "coordinates":  [ 121.492049,25.020765 ]
    },
    "properties": {
    "物種":"棕櫚類",
    "樹種":"蒲葵",
    "學名":"Livistona chinensis",
    "科別":"棕櫚科",
    "行政區":"萬華區",
    "河濱公園":"華中",
    "數量":1
    }
  },
  {
    "type": "Feature",
    "geometry": {
       "type": "Point",
       "coordinates":  [ 121.495384,25.015946 ]
    },
    "properties": {
    "物種":"棕櫚類",
    "樹種":"黃椰子",
    "學名":"Chrysalidocarpus",
    "科別":"棕櫚科",
    "行政區":"萬華區",
    "河濱公園":"華中",
    "數量":1
    }
  },
  {
    "type": "Feature",
    "geometry": {
       "type": "Point",
       "coordinates":  [ 121.495378,25.015916 ]
    },
    "properties": {
    "物種":"棕櫚類",
    "樹種":"黃椰子",
    "學名":"Chrysalidocarpus",
    "科別":"棕櫚科",
    "行政區":"萬華區",
    "河濱公園":"華中",
    "數量":1
    }
  },
  {
    "type": "Feature",
    "geometry": {
       "type": "Point",
       "coordinates":  [ 121.49533,25.015787 ]
    },
    "properties": {
    "物種":"棕櫚類",
    "樹種":"黃椰子",
    "學名":"Chrysalidocarpus",
    "科別":"棕櫚科",
    "行政區":"萬華區",
    "河濱公園":"華中",
    "數量":1
    }
  },
  {
    "type": "Feature",
    "geometry": {
       "type": "Point",
       "coordinates":  [ 121.495339,25.014843 ]
    },
    "properties": {
    "物種":"棕櫚類",
    "樹種":"黃椰子",
    "學名":"Chrysalidocarpus",
    "科別":"棕櫚科",
    "行政區":"萬華區",
    "河濱公園":"華中",
    "數量":1
    }
  },
  {
    "type": "Feature",
    "geometry": {
       "type": "Point",
       "coordinates":  [ 121.495337,25.014843 ]
    },
    "properties": {
    "物種":"棕櫚類",
    "樹種":"黃椰子",
    "學名":"Chrysalidocarpus",
    "科別":"棕櫚科",
    "行政區":"萬華區",
    "河濱公園":"華中",
    "數量":1
    }
  },
  {
    "type": "Feature",
    "geometry": {
       "type": "Point",
       "coordinates":  [ 121.495339,25.014841 ]
    },
    "properties": {
    "物種":"棕櫚類",
    "樹種":"黃椰子",
    "學名":"Chrysalidocarpus",
    "科別":"棕櫚科",
    "行政區":"萬華區",
    "河濱公園":"華中",
    "數量":1
    }
  },
  {
    "type": "Feature",
    "geometry": {
       "type": "Point",
       "coordinates":  [ 121.49534,25.014834 ]
    },
    "properties": {
    "物種":"棕櫚類",
    "樹種":"黃椰子",
    "學名":"Chrysalidocarpus",
    "科別":"棕櫚科",
    "行政區":"萬華區",
    "河濱公園":"華中",
    "數量":1
    }
  },
  {
    "type": "Feature",
    "geometry": {
       "type": "Point",
       "coordinates":  [ 121.495332,25.014796 ]
    },
    "properties": {
    "物種":"棕櫚類",
    "樹種":"黃椰子",
    "學名":"Chrysalidocarpus",
    "科別":"棕櫚科",
    "行政區":"萬華區",
    "河濱公園":"華中",
    "數量":1
    }
  },
  {
    "type": "Feature",
    "geometry": {
       "type": "Point",
       "coordinates":  [ 121.495334,25.014779 ]
    },
    "properties": {
    "物種":"棕櫚類",
    "樹種":"黃椰子",
    "學名":"Chrysalidocarpus",
    "科別":"棕櫚科",
    "行政區":"萬華區",
    "河濱公園":"華中",
    "數量":1
    }
  },
  {
    "type": "Feature",
    "geometry": {
       "type": "Point",
       "coordinates":  [ 121.495349,25.014756 ]
    },
    "properties": {
    "物種":"棕櫚類",
    "樹種":"黃椰子",
    "學名":"Chrysalidocarpus",
    "科別":"棕櫚科",
    "行政區":"萬華區",
    "河濱公園":"華中",
    "數量":1
    }
  },
  {
    "type": "Feature",
    "geometry": {
       "type": "Point",
       "coordinates":  [ 121.495345,25.014735 ]
    },
    "properties": {
    "物種":"棕櫚類",
    "樹種":"黃椰子",
    "學名":"Chrysalidocarpus",
    "科別":"棕櫚科",
    "行政區":"萬華區",
    "河濱公園":"華中",
    "數量":1
    }
  },
  {
    "type": "Feature",
    "geometry": {
       "type": "Point",
       "coordinates":  [ 121.495351,25.014728 ]
    },
    "properties": {
    "物種":"棕櫚類",
    "樹種":"黃椰子",
    "學名":"Chrysalidocarpus",
    "科別":"棕櫚科",
    "行政區":"萬華區",
    "河濱公園":"華中",
    "數量":1
    }
  },
  {
    "type": "Feature",
    "geometry": {
       "type": "Point",
       "coordinates":  [ 121.49536,25.014726 ]
    },
    "properties": {
    "物種":"棕櫚類",
    "樹種":"黃椰子",
    "學名":"Chrysalidocarpus",
    "科別":"棕櫚科",
    "行政區":"萬華區",
    "河濱公園":"華中",
    "數量":1
    }
  },
  {
    "type": "Feature",
    "geometry": {
       "type": "Point",
       "coordinates":  [ 121.495352,25.014719 ]
    },
    "properties": {
    "物種":"棕櫚類",
    "樹種":"黃椰子",
    "學名":"Chrysalidocarpus",
    "科別":"棕櫚科",
    "行政區":"萬華區",
    "河濱公園":"華中",
    "數量":1
    }
  },
  {
    "type": "Feature",
    "geometry": {
       "type": "Point",
       "coordinates":  [ 121.495352,25.014712 ]
    },
    "properties": {
    "物種":"棕櫚類",
    "樹種":"黃椰子",
    "學名":"Chrysalidocarpus",
    "科別":"棕櫚科",
    "行政區":"萬華區",
    "河濱公園":"華中",
    "數量":1
    }
  },
  {
    "type": "Feature",
    "geometry": {
       "type": "Point",
       "coordinates":  [ 121.495346,25.014691 ]
    },
    "properties": {
    "物種":"棕櫚類",
    "樹種":"黃椰子",
    "學名":"Chrysalidocarpus",
    "科別":"棕櫚科",
    "行政區":"萬華區",
    "河濱公園":"華中",
    "數量":1
    }
  },
  {
    "type": "Feature",
    "geometry": {
       "type": "Point",
       "coordinates":  [ 121.495342,25.014664 ]
    },
    "properties": {
    "物種":"棕櫚類",
    "樹種":"黃椰子",
    "學名":"Chrysalidocarpus",
    "科別":"棕櫚科",
    "行政區":"萬華區",
    "河濱公園":"華中",
    "數量":1
    }
  },
  {
    "type": "Feature",
    "geometry": {
       "type": "Point",
       "coordinates":  [ 121.495329,25.014573 ]
    },
    "properties": {
    "物種":"棕櫚類",
    "樹種":"黃椰子",
    "學名":"Chrysalidocarpus",
    "科別":"棕櫚科",
    "行政區":"萬華區",
    "河濱公園":"華中",
    "數量":1
    }
  },
  {
    "type": "Feature",
    "geometry": {
       "type": "Point",
       "coordinates":  [ 121.49533,25.01454 ]
    },
    "properties": {
    "物種":"棕櫚類",
    "樹種":"黃椰子",
    "學名":"Chrysalidocarpus",
    "科別":"棕櫚科",
    "行政區":"萬華區",
    "河濱公園":"華中",
    "數量":1
    }
  },
  {
    "type": "Feature",
    "geometry": {
       "type": "Point",
       "coordinates":  [ 121.495333,25.014515 ]
    },
    "properties": {
    "物種":"棕櫚類",
    "樹種":"黃椰子",
    "學名":"Chrysalidocarpus",
    "科別":"棕櫚科",
    "行政區":"萬華區",
    "河濱公園":"華中",
    "數量":1
    }
  },
  {
    "type": "Feature",
    "geometry": {
       "type": "Point",
       "coordinates":  [ 121.495332,25.014491 ]
    },
    "properties": {
    "物種":"棕櫚類",
    "樹種":"黃椰子",
    "學名":"Chrysalidocarpus",
    "科別":"棕櫚科",
    "行政區":"萬華區",
    "河濱公園":"華中",
    "數量":1
    }
  },
  {
    "type": "Feature",
    "geometry": {
       "type": "Point",
       "coordinates":  [ 121.49534,25.014468 ]
    },
    "properties": {
    "物種":"棕櫚類",
    "樹種":"黃椰子",
    "學名":"Chrysalidocarpus",
    "科別":"棕櫚科",
    "行政區":"萬華區",
    "河濱公園":"華中",
    "數量":1
    }
  },
  {
    "type": "Feature",
    "geometry": {
       "type": "Point",
       "coordinates":  [ 121.495341,25.014453 ]
    },
    "properties": {
    "物種":"棕櫚類",
    "樹種":"黃椰子",
    "學名":"Chrysalidocarpus",
    "科別":"棕櫚科",
    "行政區":"萬華區",
    "河濱公園":"華中",
    "數量":1
    }
  },
  {
    "type": "Feature",
    "geometry": {
       "type": "Point",
       "coordinates":  [ 121.495339,25.014449 ]
    },
    "properties": {
    "物種":"棕櫚類",
    "樹種":"黃椰子",
    "學名":"Chrysalidocarpus",
    "科別":"棕櫚科",
    "行政區":"萬華區",
    "河濱公園":"華中",
    "數量":1
    }
  },
  {
    "type": "Feature",
    "geometry": {
       "type": "Point",
       "coordinates":  [ 121.495337,25.014434 ]
    },
    "properties": {
    "物種":"棕櫚類",
    "樹種":"黃椰子",
    "學名":"Chrysalidocarpus",
    "科別":"棕櫚科",
    "行政區":"萬華區",
    "河濱公園":"華中",
    "數量":1
    }
  },
  {
    "type": "Feature",
    "geometry": {
       "type": "Point",
       "coordinates":  [ 121.495338,25.014423 ]
    },
    "properties": {
    "物種":"棕櫚類",
    "樹種":"黃椰子",
    "學名":"Chrysalidocarpus",
    "科別":"棕櫚科",
    "行政區":"萬華區",
    "河濱公園":"華中",
    "數量":1
    }
  },
  {
    "type": "Feature",
    "geometry": {
       "type": "Point",
       "coordinates":  [ 121.495341,25.014408 ]
    },
    "properties": {
    "物種":"棕櫚類",
    "樹種":"黃椰子",
    "學名":"Chrysalidocarpus",
    "科別":"棕櫚科",
    "行政區":"萬華區",
    "河濱公園":"華中",
    "數量":1
    }
  },
  {
    "type": "Feature",
    "geometry": {
       "type": "Point",
       "coordinates":  [ 121.495342,25.014386 ]
    },
    "properties": {
    "物種":"棕櫚類",
    "樹種":"黃椰子",
    "學名":"Chrysalidocarpus",
    "科別":"棕櫚科",
    "行政區":"萬華區",
    "河濱公園":"華中",
    "數量":1
    }
  },
  {
    "type": "Feature",
    "geometry": {
       "type": "Point",
       "coordinates":  [ 121.495324,25.014334 ]
    },
    "properties": {
    "物種":"棕櫚類",
    "樹種":"黃椰子",
    "學名":"Chrysalidocarpus",
    "科別":"棕櫚科",
    "行政區":"萬華區",
    "河濱公園":"華中",
    "數量":1
    }
  },
  {
    "type": "Feature",
    "geometry": {
       "type": "Point",
       "coordinates":  [ 121.495326,25.014314 ]
    },
    "properties": {
    "物種":"棕櫚類",
    "樹種":"黃椰子",
    "學名":"Chrysalidocarpus",
    "科別":"棕櫚科",
    "行政區":"萬華區",
    "河濱公園":"華中",
    "數量":1
    }
  },
  {
    "type": "Feature",
    "geometry": {
       "type": "Point",
       "coordinates":  [ 121.495325,25.014289 ]
    },
    "properties": {
    "物種":"棕櫚類",
    "樹種":"黃椰子",
    "學名":"Chrysalidocarpus",
    "科別":"棕櫚科",
    "行政區":"萬華區",
    "河濱公園":"華中",
    "數量":1
    }
  },
  {
    "type": "Feature",
    "geometry": {
       "type": "Point",
       "coordinates":  [ 121.495317,25.014261 ]
    },
    "properties": {
    "物種":"棕櫚類",
    "樹種":"黃椰子",
    "學名":"Chrysalidocarpus",
    "科別":"棕櫚科",
    "行政區":"萬華區",
    "河濱公園":"華中",
    "數量":1
    }
  },
  {
    "type": "Feature",
    "geometry": {
       "type": "Point",
       "coordinates":  [ 121.495319,25.014215 ]
    },
    "properties": {
    "物種":"棕櫚類",
    "樹種":"黃椰子",
    "學名":"Chrysalidocarpus",
    "科別":"棕櫚科",
    "行政區":"萬華區",
    "河濱公園":"華中",
    "數量":1
    }
  },
  {
    "type": "Feature",
    "geometry": {
       "type": "Point",
       "coordinates":  [ 121.495325,25.014196 ]
    },
    "properties": {
    "物種":"棕櫚類",
    "樹種":"黃椰子",
    "學名":"Chrysalidocarpus",
    "科別":"棕櫚科",
    "行政區":"萬華區",
    "河濱公園":"華中",
    "數量":1
    }
  },
  {
    "type": "Feature",
    "geometry": {
       "type": "Point",
       "coordinates":  [ 121.495323,25.014185 ]
    },
    "properties": {
    "物種":"棕櫚類",
    "樹種":"黃椰子",
    "學名":"Chrysalidocarpus",
    "科別":"棕櫚科",
    "行政區":"萬華區",
    "河濱公園":"華中",
    "數量":1
    }
  },
  {
    "type": "Feature",
    "geometry": {
       "type": "Point",
       "coordinates":  [ 121.49532,25.014173 ]
    },
    "properties": {
    "物種":"棕櫚類",
    "樹種":"黃椰子",
    "學名":"Chrysalidocarpus",
    "科別":"棕櫚科",
    "行政區":"萬華區",
    "河濱公園":"華中",
    "數量":1
    }
  },
  {
    "type": "Feature",
    "geometry": {
       "type": "Point",
       "coordinates":  [ 121.495319,25.014119 ]
    },
    "properties": {
    "物種":"棕櫚類",
    "樹種":"黃椰子",
    "學名":"Chrysalidocarpus",
    "科別":"棕櫚科",
    "行政區":"萬華區",
    "河濱公園":"華中",
    "數量":1
    }
  },
  {
    "type": "Feature",
    "geometry": {
       "type": "Point",
       "coordinates":  [ 121.495313,25.014046 ]
    },
    "properties": {
    "物種":"棕櫚類",
    "樹種":"黃椰子",
    "學名":"Chrysalidocarpus",
    "科別":"棕櫚科",
    "行政區":"萬華區",
    "河濱公園":"華中",
    "數量":1
    }
  },
  {
    "type": "Feature",
    "geometry": {
       "type": "Point",
       "coordinates":  [ 121.495328,25.014028 ]
    },
    "properties": {
    "物種":"棕櫚類",
    "樹種":"黃椰子",
    "學名":"Chrysalidocarpus",
    "科別":"棕櫚科",
    "行政區":"萬華區",
    "河濱公園":"華中",
    "數量":1
    }
  },
  {
    "type": "Feature",
    "geometry": {
       "type": "Point",
       "coordinates":  [ 121.495324,25.014014 ]
    },
    "properties": {
    "物種":"棕櫚類",
    "樹種":"黃椰子",
    "學名":"Chrysalidocarpus",
    "科別":"棕櫚科",
    "行政區":"萬華區",
    "河濱公園":"華中",
    "數量":1
    }
  },
  {
    "type": "Feature",
    "geometry": {
       "type": "Point",
       "coordinates":  [ 121.495309,25.01397 ]
    },
    "properties": {
    "物種":"棕櫚類",
    "樹種":"黃椰子",
    "學名":"Chrysalidocarpus",
    "科別":"棕櫚科",
    "行政區":"萬華區",
    "河濱公園":"華中",
    "數量":1
    }
  },
  {
    "type": "Feature",
    "geometry": {
       "type": "Point",
       "coordinates":  [ 121.495315,25.013864 ]
    },
    "properties": {
    "物種":"棕櫚類",
    "樹種":"黃椰子",
    "學名":"Chrysalidocarpus",
    "科別":"棕櫚科",
    "行政區":"萬華區",
    "河濱公園":"華中",
    "數量":1
    }
  },
  {
    "type": "Feature",
    "geometry": {
       "type": "Point",
       "coordinates":  [ 121.49532,25.013829 ]
    },
    "properties": {
    "物種":"棕櫚類",
    "樹種":"黃椰子",
    "學名":"Chrysalidocarpus",
    "科別":"棕櫚科",
    "行政區":"萬華區",
    "河濱公園":"華中",
    "數量":1
    }
  },
  {
    "type": "Feature",
    "geometry": {
       "type": "Point",
       "coordinates":  [ 121.495313,25.013754 ]
    },
    "properties": {
    "物種":"棕櫚類",
    "樹種":"黃椰子",
    "學名":"Chrysalidocarpus",
    "科別":"棕櫚科",
    "行政區":"萬華區",
    "河濱公園":"華中",
    "數量":1
    }
  },
  {
    "type": "Feature",
    "geometry": {
       "type": "Point",
       "coordinates":  [ 121.495312,25.013725 ]
    },
    "properties": {
    "物種":"棕櫚類",
    "樹種":"黃椰子",
    "學名":"Chrysalidocarpus",
    "科別":"棕櫚科",
    "行政區":"萬華區",
    "河濱公園":"華中",
    "數量":1
    }
  },
  {
    "type": "Feature",
    "geometry": {
       "type": "Point",
       "coordinates":  [ 121.495311,25.013702 ]
    },
    "properties": {
    "物種":"棕櫚類",
    "樹種":"黃椰子",
    "學名":"Chrysalidocarpus",
    "科別":"棕櫚科",
    "行政區":"萬華區",
    "河濱公園":"華中",
    "數量":1
    }
  },
  {
    "type": "Feature",
    "geometry": {
       "type": "Point",
       "coordinates":  [ 121.495301,25.013685 ]
    },
    "properties": {
    "物種":"棕櫚類",
    "樹種":"黃椰子",
    "學名":"Chrysalidocarpus",
    "科別":"棕櫚科",
    "行政區":"萬華區",
    "河濱公園":"華中",
    "數量":1
    }
  },
  {
    "type": "Feature",
    "geometry": {
       "type": "Point",
       "coordinates":  [ 121.495298,25.013668 ]
    },
    "properties": {
    "物種":"棕櫚類",
    "樹種":"黃椰子",
    "學名":"Chrysalidocarpus",
    "科別":"棕櫚科",
    "行政區":"萬華區",
    "河濱公園":"華中",
    "數量":1
    }
  },
  {
    "type": "Feature",
    "geometry": {
       "type": "Point",
       "coordinates":  [ 121.495319,25.013649 ]
    },
    "properties": {
    "物種":"棕櫚類",
    "樹種":"黃椰子",
    "學名":"Chrysalidocarpus",
    "科別":"棕櫚科",
    "行政區":"萬華區",
    "河濱公園":"華中",
    "數量":1
    }
  },
  {
    "type": "Feature",
    "geometry": {
       "type": "Point",
       "coordinates":  [ 121.495319,25.013632 ]
    },
    "properties": {
    "物種":"棕櫚類",
    "樹種":"黃椰子",
    "學名":"Chrysalidocarpus",
    "科別":"棕櫚科",
    "行政區":"萬華區",
    "河濱公園":"華中",
    "數量":1
    }
  },
  {
    "type": "Feature",
    "geometry": {
       "type": "Point",
       "coordinates":  [ 121.495651,25.013617 ]
    },
    "properties": {
    "物種":"棕櫚類",
    "樹種":"黃椰子",
    "學名":"Chrysalidocarpus",
    "科別":"棕櫚科",
    "行政區":"萬華區",
    "河濱公園":"華中",
    "數量":1
    }
  },
  {
    "type": "Feature",
    "geometry": {
       "type": "Point",
       "coordinates":  [ 121.495659,25.013643 ]
    },
    "properties": {
    "物種":"棕櫚類",
    "樹種":"黃椰子",
    "學名":"Chrysalidocarpus",
    "科別":"棕櫚科",
    "行政區":"萬華區",
    "河濱公園":"華中",
    "數量":1
    }
  },
  {
    "type": "Feature",
    "geometry": {
       "type": "Point",
       "coordinates":  [ 121.495672,25.013698 ]
    },
    "properties": {
    "物種":"棕櫚類",
    "樹種":"黃椰子",
    "學名":"Chrysalidocarpus",
    "科別":"棕櫚科",
    "行政區":"萬華區",
    "河濱公園":"華中",
    "數量":1
    }
  },
  {
    "type": "Feature",
    "geometry": {
       "type": "Point",
       "coordinates":  [ 121.495669,25.013717 ]
    },
    "properties": {
    "物種":"棕櫚類",
    "樹種":"黃椰子",
    "學名":"Chrysalidocarpus",
    "科別":"棕櫚科",
    "行政區":"萬華區",
    "河濱公園":"華中",
    "數量":1
    }
  },
  {
    "type": "Feature",
    "geometry": {
       "type": "Point",
       "coordinates":  [ 121.495661,25.013792 ]
    },
    "properties": {
    "物種":"棕櫚類",
    "樹種":"黃椰子",
    "學名":"Chrysalidocarpus",
    "科別":"棕櫚科",
    "行政區":"萬華區",
    "河濱公園":"華中",
    "數量":1
    }
  },
  {
    "type": "Feature",
    "geometry": {
       "type": "Point",
       "coordinates":  [ 121.495657,25.013825 ]
    },
    "properties": {
    "物種":"棕櫚類",
    "樹種":"黃椰子",
    "學名":"Chrysalidocarpus",
    "科別":"棕櫚科",
    "行政區":"萬華區",
    "河濱公園":"華中",
    "數量":1
    }
  },
  {
    "type": "Feature",
    "geometry": {
       "type": "Point",
       "coordinates":  [ 121.495677,25.013862 ]
    },
    "properties": {
    "物種":"棕櫚類",
    "樹種":"黃椰子",
    "學名":"Chrysalidocarpus",
    "科別":"棕櫚科",
    "行政區":"萬華區",
    "河濱公園":"華中",
    "數量":1
    }
  },
  {
    "type": "Feature",
    "geometry": {
       "type": "Point",
       "coordinates":  [ 121.49567,25.013892 ]
    },
    "properties": {
    "物種":"棕櫚類",
    "樹種":"黃椰子",
    "學名":"Chrysalidocarpus",
    "科別":"棕櫚科",
    "行政區":"萬華區",
    "河濱公園":"華中",
    "數量":1
    }
  },
  {
    "type": "Feature",
    "geometry": {
       "type": "Point",
       "coordinates":  [ 121.495685,25.013934 ]
    },
    "properties": {
    "物種":"棕櫚類",
    "樹種":"黃椰子",
    "學名":"Chrysalidocarpus",
    "科別":"棕櫚科",
    "行政區":"萬華區",
    "河濱公園":"華中",
    "數量":1
    }
  },
  {
    "type": "Feature",
    "geometry": {
       "type": "Point",
       "coordinates":  [ 121.495672,25.013963 ]
    },
    "properties": {
    "物種":"棕櫚類",
    "樹種":"黃椰子",
    "學名":"Chrysalidocarpus",
    "科別":"棕櫚科",
    "行政區":"萬華區",
    "河濱公園":"華中",
    "數量":1
    }
  },
  {
    "type": "Feature",
    "geometry": {
       "type": "Point",
       "coordinates":  [ 121.495674,25.013984 ]
    },
    "properties": {
    "物種":"棕櫚類",
    "樹種":"黃椰子",
    "學名":"Chrysalidocarpus",
    "科別":"棕櫚科",
    "行政區":"萬華區",
    "河濱公園":"華中",
    "數量":1
    }
  },
  {
    "type": "Feature",
    "geometry": {
       "type": "Point",
       "coordinates":  [ 121.495682,25.0141 ]
    },
    "properties": {
    "物種":"棕櫚類",
    "樹種":"黃椰子",
    "學名":"Chrysalidocarpus",
    "科別":"棕櫚科",
    "行政區":"萬華區",
    "河濱公園":"華中",
    "數量":1
    }
  },
  {
    "type": "Feature",
    "geometry": {
       "type": "Point",
       "coordinates":  [ 121.495682,25.014135 ]
    },
    "properties": {
    "物種":"棕櫚類",
    "樹種":"黃椰子",
    "學名":"Chrysalidocarpus",
    "科別":"棕櫚科",
    "行政區":"萬華區",
    "河濱公園":"華中",
    "數量":1
    }
  },
  {
    "type": "Feature",
    "geometry": {
       "type": "Point",
       "coordinates":  [ 121.495669,25.014155 ]
    },
    "properties": {
    "物種":"棕櫚類",
    "樹種":"黃椰子",
    "學名":"Chrysalidocarpus",
    "科別":"棕櫚科",
    "行政區":"萬華區",
    "河濱公園":"華中",
    "數量":1
    }
  },
  {
    "type": "Feature",
    "geometry": {
       "type": "Point",
       "coordinates":  [ 121.495677,25.014189 ]
    },
    "properties": {
    "物種":"棕櫚類",
    "樹種":"黃椰子",
    "學名":"Chrysalidocarpus",
    "科別":"棕櫚科",
    "行政區":"萬華區",
    "河濱公園":"華中",
    "數量":1
    }
  },
  {
    "type": "Feature",
    "geometry": {
       "type": "Point",
       "coordinates":  [ 121.495676,25.014263 ]
    },
    "properties": {
    "物種":"棕櫚類",
    "樹種":"黃椰子",
    "學名":"Chrysalidocarpus",
    "科別":"棕櫚科",
    "行政區":"萬華區",
    "河濱公園":"華中",
    "數量":1
    }
  },
  {
    "type": "Feature",
    "geometry": {
       "type": "Point",
       "coordinates":  [ 121.495665,25.014273 ]
    },
    "properties": {
    "物種":"棕櫚類",
    "樹種":"黃椰子",
    "學名":"Chrysalidocarpus",
    "科別":"棕櫚科",
    "行政區":"萬華區",
    "河濱公園":"華中",
    "數量":1
    }
  },
  {
    "type": "Feature",
    "geometry": {
       "type": "Point",
       "coordinates":  [ 121.495676,25.014301 ]
    },
    "properties": {
    "物種":"棕櫚類",
    "樹種":"黃椰子",
    "學名":"Chrysalidocarpus",
    "科別":"棕櫚科",
    "行政區":"萬華區",
    "河濱公園":"華中",
    "數量":1
    }
  },
  {
    "type": "Feature",
    "geometry": {
       "type": "Point",
       "coordinates":  [ 121.495678,25.014368 ]
    },
    "properties": {
    "物種":"棕櫚類",
    "樹種":"黃椰子",
    "學名":"Chrysalidocarpus",
    "科別":"棕櫚科",
    "行政區":"萬華區",
    "河濱公園":"華中",
    "數量":1
    }
  },
  {
    "type": "Feature",
    "geometry": {
       "type": "Point",
       "coordinates":  [ 121.495681,25.014395 ]
    },
    "properties": {
    "物種":"棕櫚類",
    "樹種":"黃椰子",
    "學名":"Chrysalidocarpus",
    "科別":"棕櫚科",
    "行政區":"萬華區",
    "河濱公園":"華中",
    "數量":1
    }
  },
  {
    "type": "Feature",
    "geometry": {
       "type": "Point",
       "coordinates":  [ 121.495677,25.014406 ]
    },
    "properties": {
    "物種":"棕櫚類",
    "樹種":"黃椰子",
    "學名":"Chrysalidocarpus",
    "科別":"棕櫚科",
    "行政區":"萬華區",
    "河濱公園":"華中",
    "數量":1
    }
  },
  {
    "type": "Feature",
    "geometry": {
       "type": "Point",
       "coordinates":  [ 121.495673,25.014428 ]
    },
    "properties": {
    "物種":"棕櫚類",
    "樹種":"黃椰子",
    "學名":"Chrysalidocarpus",
    "科別":"棕櫚科",
    "行政區":"萬華區",
    "河濱公園":"華中",
    "數量":1
    }
  },
  {
    "type": "Feature",
    "geometry": {
       "type": "Point",
       "coordinates":  [ 121.4957,25.014476 ]
    },
    "properties": {
    "物種":"棕櫚類",
    "樹種":"黃椰子",
    "學名":"Chrysalidocarpus",
    "科別":"棕櫚科",
    "行政區":"萬華區",
    "河濱公園":"華中",
    "數量":1
    }
  },
  {
    "type": "Feature",
    "geometry": {
       "type": "Point",
       "coordinates":  [ 121.495684,25.014786 ]
    },
    "properties": {
    "物種":"棕櫚類",
    "樹種":"黃椰子",
    "學名":"Chrysalidocarpus",
    "科別":"棕櫚科",
    "行政區":"萬華區",
    "河濱公園":"華中",
    "數量":1
    }
  },
  {
    "type": "Feature",
    "geometry": {
       "type": "Point",
       "coordinates":  [ 121.495668,25.014791 ]
    },
    "properties": {
    "物種":"棕櫚類",
    "樹種":"黃椰子",
    "學名":"Chrysalidocarpus",
    "科別":"棕櫚科",
    "行政區":"萬華區",
    "河濱公園":"華中",
    "數量":1
    }
  },
  {
    "type": "Feature",
    "geometry": {
       "type": "Point",
       "coordinates":  [ 121.495649,25.014789 ]
    },
    "properties": {
    "物種":"棕櫚類",
    "樹種":"黃椰子",
    "學名":"Chrysalidocarpus",
    "科別":"棕櫚科",
    "行政區":"萬華區",
    "河濱公園":"華中",
    "數量":1
    }
  },
  {
    "type": "Feature",
    "geometry": {
       "type": "Point",
       "coordinates":  [ 121.495651,25.014802 ]
    },
    "properties": {
    "物種":"棕櫚類",
    "樹種":"黃椰子",
    "學名":"Chrysalidocarpus",
    "科別":"棕櫚科",
    "行政區":"萬華區",
    "河濱公園":"華中",
    "數量":1
    }
  },
  {
    "type": "Feature",
    "geometry": {
       "type": "Point",
       "coordinates":  [ 121.495685,25.014858 ]
    },
    "properties": {
    "物種":"棕櫚類",
    "樹種":"黃椰子",
    "學名":"Chrysalidocarpus",
    "科別":"棕櫚科",
    "行政區":"萬華區",
    "河濱公園":"華中",
    "數量":1
    }
  },
  {
    "type": "Feature",
    "geometry": {
       "type": "Point",
       "coordinates":  [ 121.495943,25.015942 ]
    },
    "properties": {
    "物種":"棕櫚類",
    "樹種":"蒲葵",
    "學名":"Livistona chinensis",
    "科別":"棕櫚科",
    "行政區":"萬華區",
    "河濱公園":"華中",
    "數量":1
    }
  },
  {
    "type": "Feature",
    "geometry": {
       "type": "Point",
       "coordinates":  [ 121.495939,25.015984 ]
    },
    "properties": {
    "物種":"棕櫚類",
    "樹種":"蒲葵",
    "學名":"Livistona chinensis",
    "科別":"棕櫚科",
    "行政區":"萬華區",
    "河濱公園":"華中",
    "數量":1
    }
  },
  {
    "type": "Feature",
    "geometry": {
       "type": "Point",
       "coordinates":  [ 121.495978,25.015972 ]
    },
    "properties": {
    "物種":"棕櫚類",
    "樹種":"蒲葵",
    "學名":"Livistona chinensis",
    "科別":"棕櫚科",
    "行政區":"萬華區",
    "河濱公園":"華中",
    "數量":1
    }
  },
  {
    "type": "Feature",
    "geometry": {
       "type": "Point",
       "coordinates":  [ 121.498461,25.016095 ]
    },
    "properties": {
    "物種":"棕櫚類",
    "樹種":"棍棒椰子",
    "學名":"Mascarena verschaffeltii",
    "科別":"棕櫚科",
    "行政區":"萬華區",
    "河濱公園":"華中",
    "數量":1
    }
  },
  {
    "type": "Feature",
    "geometry": {
       "type": "Point",
       "coordinates":  [ 121.498443,25.0161 ]
    },
    "properties": {
    "物種":"棕櫚類",
    "樹種":"棍棒椰子",
    "學名":"Mascarena verschaffeltii",
    "科別":"棕櫚科",
    "行政區":"萬華區",
    "河濱公園":"華中",
    "數量":1
    }
  },
  {
    "type": "Feature",
    "geometry": {
       "type": "Point",
       "coordinates":  [ 121.498425,25.016101 ]
    },
    "properties": {
    "物種":"棕櫚類",
    "樹種":"棍棒椰子",
    "學名":"Mascarena verschaffeltii",
    "科別":"棕櫚科",
    "行政區":"萬華區",
    "河濱公園":"華中",
    "數量":1
    }
  },
  {
    "type": "Feature",
    "geometry": {
       "type": "Point",
       "coordinates":  [ 121.498402,25.016095 ]
    },
    "properties": {
    "物種":"棕櫚類",
    "樹種":"棍棒椰子",
    "學名":"Mascarena verschaffeltii",
    "科別":"棕櫚科",
    "行政區":"萬華區",
    "河濱公園":"華中",
    "數量":1
    }
  },
  {
    "type": "Feature",
    "geometry": {
       "type": "Point",
       "coordinates":  [ 121.498386,25.016098 ]
    },
    "properties": {
    "物種":"棕櫚類",
    "樹種":"棍棒椰子",
    "學名":"Mascarena verschaffeltii",
    "科別":"棕櫚科",
    "行政區":"萬華區",
    "河濱公園":"華中",
    "數量":1
    }
  },
  {
    "type": "Feature",
    "geometry": {
       "type": "Point",
       "coordinates":  [ 121.498371,25.0161 ]
    },
    "properties": {
    "物種":"棕櫚類",
    "樹種":"棍棒椰子",
    "學名":"Mascarena verschaffeltii",
    "科別":"棕櫚科",
    "行政區":"萬華區",
    "河濱公園":"華中",
    "數量":1
    }
  },
  {
    "type": "Feature",
    "geometry": {
       "type": "Point",
       "coordinates":  [ 121.498371,25.016097 ]
    },
    "properties": {
    "物種":"棕櫚類",
    "樹種":"棍棒椰子",
    "學名":"Mascarena verschaffeltii",
    "科別":"棕櫚科",
    "行政區":"萬華區",
    "河濱公園":"華中",
    "數量":1
    }
  },
  {
    "type": "Feature",
    "geometry": {
       "type": "Point",
       "coordinates":  [ 121.498382,25.016076 ]
    },
    "properties": {
    "物種":"棕櫚類",
    "樹種":"棍棒椰子",
    "學名":"Mascarena verschaffeltii",
    "科別":"棕櫚科",
    "行政區":"萬華區",
    "河濱公園":"華中",
    "數量":1
    }
  },
  {
    "type": "Feature",
    "geometry": {
       "type": "Point",
       "coordinates":  [ 121.498322,25.016068 ]
    },
    "properties": {
    "物種":"棕櫚類",
    "樹種":"棍棒椰子",
    "學名":"Mascarena verschaffeltii",
    "科別":"棕櫚科",
    "行政區":"萬華區",
    "河濱公園":"華中",
    "數量":1
    }
  },
  {
    "type": "Feature",
    "geometry": {
       "type": "Point",
       "coordinates":  [ 121.498333,25.016055 ]
    },
    "properties": {
    "物種":"棕櫚類",
    "樹種":"棍棒椰子",
    "學名":"Mascarena verschaffeltii",
    "科別":"棕櫚科",
    "行政區":"萬華區",
    "河濱公園":"華中",
    "數量":1
    }
  },
  {
    "type": "Feature",
    "geometry": {
       "type": "Point",
       "coordinates":  [ 121.498337,25.016045 ]
    },
    "properties": {
    "物種":"棕櫚類",
    "樹種":"棍棒椰子",
    "學名":"Mascarena verschaffeltii",
    "科別":"棕櫚科",
    "行政區":"萬華區",
    "河濱公園":"華中",
    "數量":1
    }
  },
  {
    "type": "Feature",
    "geometry": {
       "type": "Point",
       "coordinates":  [ 121.498343,25.016017 ]
    },
    "properties": {
    "物種":"棕櫚類",
    "樹種":"棍棒椰子",
    "學名":"Mascarena verschaffeltii",
    "科別":"棕櫚科",
    "行政區":"萬華區",
    "河濱公園":"華中",
    "數量":1
    }
  },
  {
    "type": "Feature",
    "geometry": {
       "type": "Point",
       "coordinates":  [ 121.498345,25.016011 ]
    },
    "properties": {
    "物種":"棕櫚類",
    "樹種":"棍棒椰子",
    "學名":"Mascarena verschaffeltii",
    "科別":"棕櫚科",
    "行政區":"萬華區",
    "河濱公園":"華中",
    "數量":1
    }
  },
  {
    "type": "Feature",
    "geometry": {
       "type": "Point",
       "coordinates":  [ 121.498353,25.015997 ]
    },
    "properties": {
    "物種":"棕櫚類",
    "樹種":"棍棒椰子",
    "學名":"Mascarena verschaffeltii",
    "科別":"棕櫚科",
    "行政區":"萬華區",
    "河濱公園":"華中",
    "數量":1
    }
  },
  {
    "type": "Feature",
    "geometry": {
       "type": "Point",
       "coordinates":  [ 121.498355,25.015992 ]
    },
    "properties": {
    "物種":"棕櫚類",
    "樹種":"棍棒椰子",
    "學名":"Mascarena verschaffeltii",
    "科別":"棕櫚科",
    "行政區":"萬華區",
    "河濱公園":"華中",
    "數量":1
    }
  },
  {
    "type": "Feature",
    "geometry": {
       "type": "Point",
       "coordinates":  [ 121.502045,25.016652 ]
    },
    "properties": {
    "物種":"棕櫚類",
    "樹種":"蒲葵",
    "學名":"Livistona chinensis",
    "科別":"棕櫚科",
    "行政區":"萬華區",
    "河濱公園":"華中",
    "數量":1
    }
  },
  {
    "type": "Feature",
    "geometry": {
       "type": "Point",
       "coordinates":  [ 121.502087,25.016673 ]
    },
    "properties": {
    "物種":"棕櫚類",
    "樹種":"蒲葵",
    "學名":"Livistona chinensis",
    "科別":"棕櫚科",
    "行政區":"萬華區",
    "河濱公園":"華中",
    "數量":1
    }
  },
  {
    "type": "Feature",
    "geometry": {
       "type": "Point",
       "coordinates":  [ 121.502136,25.016693 ]
    },
    "properties": {
    "物種":"棕櫚類",
    "樹種":"蒲葵",
    "學名":"Livistona chinensis",
    "科別":"棕櫚科",
    "行政區":"萬華區",
    "河濱公園":"華中",
    "數量":1
    }
  },
  {
    "type": "Feature",
    "geometry": {
       "type": "Point",
       "coordinates":  [ 121.502158,25.01671 ]
    },
    "properties": {
    "物種":"棕櫚類",
    "樹種":"蒲葵",
    "學名":"Livistona chinensis",
    "科別":"棕櫚科",
    "行政區":"萬華區",
    "河濱公園":"華中",
    "數量":1
    }
  },
  {
    "type": "Feature",
    "geometry": {
       "type": "Point",
       "coordinates":  [ 121.502546,25.017361 ]
    },
    "properties": {
    "物種":"棕櫚類",
    "樹種":"蒲葵",
    "學名":"Livistona chinensis",
    "科別":"棕櫚科",
    "行政區":"萬華區",
    "河濱公園":"華中",
    "數量":1
    }
  },
  {
    "type": "Feature",
    "geometry": {
       "type": "Point",
       "coordinates":  [ 121.499001,25.013815 ]
    },
    "properties": {
    "物種":"棕櫚類",
    "樹種":"蒲葵",
    "學名":"Livistona chinensis",
    "科別":"棕櫚科",
    "行政區":"萬華區",
    "河濱公園":"華中",
    "數量":1
    }
  },
  {
    "type": "Feature",
    "geometry": {
       "type": "Point",
       "coordinates":  [ 121.498701,25.013674 ]
    },
    "properties": {
    "物種":"棕櫚類",
    "樹種":"蒲葵",
    "學名":"Livistona chinensis",
    "科別":"棕櫚科",
    "行政區":"萬華區",
    "河濱公園":"華中",
    "數量":1
    }
  },
  {
    "type": "Feature",
    "geometry": {
       "type": "Point",
       "coordinates":  [ 121.498702,25.013601 ]
    },
    "properties": {
    "物種":"棕櫚類",
    "樹種":"蒲葵",
    "學名":"Livistona chinensis",
    "科別":"棕櫚科",
    "行政區":"萬華區",
    "河濱公園":"華中",
    "數量":1
    }
  },
  {
    "type": "Feature",
    "geometry": {
       "type": "Point",
       "coordinates":  [ 121.498674,25.013919 ]
    },
    "properties": {
    "物種":"棕櫚類",
    "樹種":"蒲葵",
    "學名":"Livistona chinensis",
    "科別":"棕櫚科",
    "行政區":"萬華區",
    "河濱公園":"華中",
    "數量":1
    }
  },
  {
    "type": "Feature",
    "geometry": {
       "type": "Point",
       "coordinates":  [ 121.49873,25.013909 ]
    },
    "properties": {
    "物種":"棕櫚類",
    "樹種":"蒲葵",
    "學名":"Livistona chinensis",
    "科別":"棕櫚科",
    "行政區":"萬華區",
    "河濱公園":"華中",
    "數量":1
    }
  },
  {
    "type": "Feature",
    "geometry": {
       "type": "Point",
       "coordinates":  [ 121.498729,25.015238 ]
    },
    "properties": {
    "物種":"棕櫚類",
    "樹種":"羅比親王海棗",
    "學名":"Phoenix humilis",
    "科別":"棕櫚科",
    "行政區":"萬華區",
    "河濱公園":"華中",
    "數量":1
    }
  },
  {
    "type": "Feature",
    "geometry": {
       "type": "Point",
       "coordinates":  [ 121.498344,25.014986 ]
    },
    "properties": {
    "物種":"棕櫚類",
    "樹種":"蒲葵",
    "學名":"Livistona chinensis",
    "科別":"棕櫚科",
    "行政區":"萬華區",
    "河濱公園":"華中",
    "數量":1
    }
  },
  {
    "type": "Feature",
    "geometry": {
       "type": "Point",
       "coordinates":  [ 121.49845,25.015016 ]
    },
    "properties": {
    "物種":"棕櫚類",
    "樹種":"蒲葵",
    "學名":"Livistona chinensis",
    "科別":"棕櫚科",
    "行政區":"萬華區",
    "河濱公園":"華中",
    "數量":1
    }
  },
  {
    "type": "Feature",
    "geometry": {
       "type": "Point",
       "coordinates":  [ 121.498581,25.015172 ]
    },
    "properties": {
    "物種":"棕櫚類",
    "樹種":"黃椰子",
    "學名":"Chrysalidocarpus",
    "科別":"棕櫚科",
    "行政區":"萬華區",
    "河濱公園":"華中",
    "數量":1
    }
  },
  {
    "type": "Feature",
    "geometry": {
       "type": "Point",
       "coordinates":  [ 121.521335,25.098861 ]
    },
    "properties": {
    "物種":"棕櫚類",
    "樹種":"黃椰子",
    "學名":"Chrysalidocarpus",
    "科別":"棕櫚科",
    "行政區":"士林區",
    "河濱公園":"雙溪",
    "數量":1
    }
  },
  {
    "type": "Feature",
    "geometry": {
       "type": "Point",
       "coordinates":  [ 121.539331,25.098928 ]
    },
    "properties": {
    "物種":"棕櫚類",
    "樹種":"檳榔",
    "學名":"Areca catechu",
    "科別":"棕櫚科",
    "行政區":"士林區",
    "河濱公園":"雙溪",
    "數量":1
    }
  },
  {
    "type": "Feature",
    "geometry": {
       "type": "Point",
       "coordinates":  [ 121.523721,25.098843 ]
    },
    "properties": {
    "物種":"棕櫚類",
    "樹種":"黃椰子",
    "學名":"Chrysalidocarpus",
    "科別":"棕櫚科",
    "行政區":"士林區",
    "河濱公園":"雙溪",
    "數量":1
    }
  },
  {
    "type": "Feature",
    "geometry": {
       "type": "Point",
       "coordinates":  [ 121.523745,25.098862 ]
    },
    "properties": {
    "物種":"棕櫚類",
    "樹種":"黃椰子",
    "學名":"Chrysalidocarpus",
    "科別":"棕櫚科",
    "行政區":"士林區",
    "河濱公園":"雙溪",
    "數量":1
    }
  },
  {
    "type": "Feature",
    "geometry": {
       "type": "Point",
       "coordinates":  [ 121.523954,25.098908 ]
    },
    "properties": {
    "物種":"棕櫚類",
    "樹種":"黃椰子",
    "學名":"Chrysalidocarpus",
    "科別":"棕櫚科",
    "行政區":"士林區",
    "河濱公園":"雙溪",
    "數量":1
    }
  },
  {
    "type": "Feature",
    "geometry": {
       "type": "Point",
       "coordinates":  [ 121.523971,25.098907 ]
    },
    "properties": {
    "物種":"棕櫚類",
    "樹種":"黃椰子",
    "學名":"Chrysalidocarpus",
    "科別":"棕櫚科",
    "行政區":"士林區",
    "河濱公園":"雙溪",
    "數量":1
    }
  },
  {
    "type": "Feature",
    "geometry": {
       "type": "Point",
       "coordinates":  [ 121.523988,25.098919 ]
    },
    "properties": {
    "物種":"棕櫚類",
    "樹種":"黃椰子",
    "學名":"Chrysalidocarpus",
    "科別":"棕櫚科",
    "行政區":"士林區",
    "河濱公園":"雙溪",
    "數量":1
    }
  },
  {
    "type": "Feature",
    "geometry": {
       "type": "Point",
       "coordinates":  [ 121.523718,25.098781 ]
    },
    "properties": {
    "物種":"棕櫚類",
    "樹種":"黃椰子",
    "學名":"Chrysalidocarpus",
    "科別":"棕櫚科",
    "行政區":"士林區",
    "河濱公園":"雙溪",
    "數量":1
    }
  },
  {
    "type": "Feature",
    "geometry": {
       "type": "Point",
       "coordinates":  [ 121.524997,25.099667 ]
    },
    "properties": {
    "物種":"棕櫚類",
    "樹種":"大王椰子",
    "學名":"Roystonea regia",
    "科別":"棕櫚科",
    "行政區":"士林區",
    "河濱公園":"雙溪",
    "數量":1
    }
  },
  {
    "type": "Feature",
    "geometry": {
       "type": "Point",
       "coordinates":  [ 121.526,25.099814 ]
    },
    "properties": {
    "物種":"棕櫚類",
    "樹種":"黃椰子",
    "學名":"Chrysalidocarpus",
    "科別":"棕櫚科",
    "行政區":"士林區",
    "河濱公園":"雙溪",
    "數量":1
    }
  },
  {
    "type": "Feature",
    "geometry": {
       "type": "Point",
       "coordinates":  [ 121.53206,25.100154 ]
    },
    "properties": {
    "物種":"棕櫚類",
    "樹種":"黃椰子",
    "學名":"Chrysalidocarpus",
    "科別":"棕櫚科",
    "行政區":"士林區",
    "河濱公園":"雙溪",
    "數量":1
    }
  },
  {
    "type": "Feature",
    "geometry": {
       "type": "Point",
       "coordinates":  [ 121.583459,25.053172 ]
    },
    "properties": {
    "物種":"棕櫚類",
    "樹種":"臺灣海棗",
    "學名":"Phoenix hanceana",
    "科別":"棕櫚科",
    "行政區":"南港區",
    "河濱公園":"成美左岸",
    "數量":1
    }
  },
  {
    "type": "Feature",
    "geometry": {
       "type": "Point",
       "coordinates":  [ 121.583829,25.053194 ]
    },
    "properties": {
    "物種":"棕櫚類",
    "樹種":"臺灣海棗",
    "學名":"Phoenix hanceana",
    "科別":"棕櫚科",
    "行政區":"南港區",
    "河濱公園":"成美左岸",
    "數量":1
    }
  },
  {
    "type": "Feature",
    "geometry": {
       "type": "Point",
       "coordinates":  [ 121.583901,25.053215 ]
    },
    "properties": {
    "物種":"棕櫚類",
    "樹種":"臺灣海棗",
    "學名":"Phoenix hanceana",
    "科別":"棕櫚科",
    "行政區":"南港區",
    "河濱公園":"成美左岸",
    "數量":1
    }
  },
  {
    "type": "Feature",
    "geometry": {
       "type": "Point",
       "coordinates":  [ 121.583963,25.053236 ]
    },
    "properties": {
    "物種":"棕櫚類",
    "樹種":"臺灣海棗",
    "學名":"Phoenix hanceana",
    "科別":"棕櫚科",
    "行政區":"南港區",
    "河濱公園":"成美左岸",
    "數量":1
    }
  },
  {
    "type": "Feature",
    "geometry": {
       "type": "Point",
       "coordinates":  [ 121.584323,25.053337 ]
    },
    "properties": {
    "物種":"棕櫚類",
    "樹種":"臺灣海棗",
    "學名":"Phoenix hanceana",
    "科別":"棕櫚科",
    "行政區":"南港區",
    "河濱公園":"成美左岸",
    "數量":1
    }
  },
  {
    "type": "Feature",
    "geometry": {
       "type": "Point",
       "coordinates":  [ 121.584547,25.053405 ]
    },
    "properties": {
    "物種":"棕櫚類",
    "樹種":"臺灣海棗",
    "學名":"Phoenix hanceana",
    "科別":"棕櫚科",
    "行政區":"南港區",
    "河濱公園":"成美左岸",
    "數量":1
    }
  },
  {
    "type": "Feature",
    "geometry": {
       "type": "Point",
       "coordinates":  [ 121.584629,25.053435 ]
    },
    "properties": {
    "物種":"棕櫚類",
    "樹種":"臺灣海棗",
    "學名":"Phoenix hanceana",
    "科別":"棕櫚科",
    "行政區":"南港區",
    "河濱公園":"成美左岸",
    "數量":1
    }
  },
  {
    "type": "Feature",
    "geometry": {
       "type": "Point",
       "coordinates":  [ 121.584648,25.053441 ]
    },
    "properties": {
    "物種":"棕櫚類",
    "樹種":"臺灣海棗",
    "學名":"Phoenix hanceana",
    "科別":"棕櫚科",
    "行政區":"南港區",
    "河濱公園":"成美左岸",
    "數量":1
    }
  },
  {
    "type": "Feature",
    "geometry": {
       "type": "Point",
       "coordinates":  [ 121.584639,25.053454 ]
    },
    "properties": {
    "物種":"棕櫚類",
    "樹種":"臺灣海棗",
    "學名":"Phoenix hanceana",
    "科別":"棕櫚科",
    "行政區":"南港區",
    "河濱公園":"成美左岸",
    "數量":1
    }
  },
  {
    "type": "Feature",
    "geometry": {
       "type": "Point",
       "coordinates":  [ 121.584737,25.053463 ]
    },
    "properties": {
    "物種":"棕櫚類",
    "樹種":"臺灣海棗",
    "學名":"Phoenix hanceana",
    "科別":"棕櫚科",
    "行政區":"南港區",
    "河濱公園":"成美左岸",
    "數量":1
    }
  },
  {
    "type": "Feature",
    "geometry": {
       "type": "Point",
       "coordinates":  [ 121.584766,25.053472 ]
    },
    "properties": {
    "物種":"棕櫚類",
    "樹種":"臺灣海棗",
    "學名":"Phoenix hanceana",
    "科別":"棕櫚科",
    "行政區":"南港區",
    "河濱公園":"成美左岸",
    "數量":1
    }
  },
  {
    "type": "Feature",
    "geometry": {
       "type": "Point",
       "coordinates":  [ 121.584849,25.053504 ]
    },
    "properties": {
    "物種":"棕櫚類",
    "樹種":"臺灣海棗",
    "學名":"Phoenix hanceana",
    "科別":"棕櫚科",
    "行政區":"南港區",
    "河濱公園":"成美左岸",
    "數量":1
    }
  },
  {
    "type": "Feature",
    "geometry": {
       "type": "Point",
       "coordinates":  [ 121.58491,25.053521 ]
    },
    "properties": {
    "物種":"棕櫚類",
    "樹種":"臺灣海棗",
    "學名":"Phoenix hanceana",
    "科別":"棕櫚科",
    "行政區":"南港區",
    "河濱公園":"成美左岸",
    "數量":1
    }
  },
  {
    "type": "Feature",
    "geometry": {
       "type": "Point",
       "coordinates":  [ 121.585023,25.053562 ]
    },
    "properties": {
    "物種":"棕櫚類",
    "樹種":"臺灣海棗",
    "學名":"Phoenix hanceana",
    "科別":"棕櫚科",
    "行政區":"南港區",
    "河濱公園":"成美左岸",
    "數量":1
    }
  },
  {
    "type": "Feature",
    "geometry": {
       "type": "Point",
       "coordinates":  [ 121.585044,25.053556 ]
    },
    "properties": {
    "物種":"棕櫚類",
    "樹種":"臺灣海棗",
    "學名":"Phoenix hanceana",
    "科別":"棕櫚科",
    "行政區":"南港區",
    "河濱公園":"成美左岸",
    "數量":1
    }
  },
  {
    "type": "Feature",
    "geometry": {
       "type": "Point",
       "coordinates":  [ 121.585114,25.053572 ]
    },
    "properties": {
    "物種":"棕櫚類",
    "樹種":"臺灣海棗",
    "學名":"Phoenix hanceana",
    "科別":"棕櫚科",
    "行政區":"南港區",
    "河濱公園":"成美左岸",
    "數量":1
    }
  },
  {
    "type": "Feature",
    "geometry": {
       "type": "Point",
       "coordinates":  [ 121.585665,25.053733 ]
    },
    "properties": {
    "物種":"棕櫚類",
    "樹種":"臺灣海棗",
    "學名":"Phoenix hanceana",
    "科別":"棕櫚科",
    "行政區":"南港區",
    "河濱公園":"成美左岸",
    "數量":1
    }
  },
  {
    "type": "Feature",
    "geometry": {
       "type": "Point",
       "coordinates":  [ 121.585949,25.053815 ]
    },
    "properties": {
    "物種":"棕櫚類",
    "樹種":"臺灣海棗",
    "學名":"Phoenix hanceana",
    "科別":"棕櫚科",
    "行政區":"南港區",
    "河濱公園":"成美左岸",
    "數量":1
    }
  },
  {
    "type": "Feature",
    "geometry": {
       "type": "Point",
       "coordinates":  [ 121.585964,25.053819 ]
    },
    "properties": {
    "物種":"棕櫚類",
    "樹種":"臺灣海棗",
    "學名":"Phoenix hanceana",
    "科別":"棕櫚科",
    "行政區":"南港區",
    "河濱公園":"成美左岸",
    "數量":1
    }
  },
  {
    "type": "Feature",
    "geometry": {
       "type": "Point",
       "coordinates":  [ 121.586046,25.053834 ]
    },
    "properties": {
    "物種":"棕櫚類",
    "樹種":"臺灣海棗",
    "學名":"Phoenix hanceana",
    "科別":"棕櫚科",
    "行政區":"南港區",
    "河濱公園":"成美左岸",
    "數量":1
    }
  },
  {
    "type": "Feature",
    "geometry": {
       "type": "Point",
       "coordinates":  [ 121.586514,25.053977 ]
    },
    "properties": {
    "物種":"棕櫚類",
    "樹種":"臺灣海棗",
    "學名":"Phoenix hanceana",
    "科別":"棕櫚科",
    "行政區":"南港區",
    "河濱公園":"成美左岸",
    "數量":1
    }
  },
  {
    "type": "Feature",
    "geometry": {
       "type": "Point",
       "coordinates":  [ 121.586516,25.053998 ]
    },
    "properties": {
    "物種":"棕櫚類",
    "樹種":"臺灣海棗",
    "學名":"Phoenix hanceana",
    "科別":"棕櫚科",
    "行政區":"南港區",
    "河濱公園":"成美左岸",
    "數量":1
    }
  },
  {
    "type": "Feature",
    "geometry": {
       "type": "Point",
       "coordinates":  [ 121.586483,25.054037 ]
    },
    "properties": {
    "物種":"棕櫚類",
    "樹種":"黃椰子",
    "學名":"Chrysalidocarpus",
    "科別":"棕櫚科",
    "行政區":"南港區",
    "河濱公園":"成美左岸",
    "數量":1
    }
  },
  {
    "type": "Feature",
    "geometry": {
       "type": "Point",
       "coordinates":  [ 121.586525,25.054078 ]
    },
    "properties": {
    "物種":"棕櫚類",
    "樹種":"黃椰子",
    "學名":"Chrysalidocarpus",
    "科別":"棕櫚科",
    "行政區":"南港區",
    "河濱公園":"成美左岸",
    "數量":1
    }
  },
  {
    "type": "Feature",
    "geometry": {
       "type": "Point",
       "coordinates":  [ 121.586552,25.054041 ]
    },
    "properties": {
    "物種":"棕櫚類",
    "樹種":"黃椰子",
    "學名":"Chrysalidocarpus",
    "科別":"棕櫚科",
    "行政區":"南港區",
    "河濱公園":"成美左岸",
    "數量":1
    }
  },
  {
    "type": "Feature",
    "geometry": {
       "type": "Point",
       "coordinates":  [ 121.586581,25.054063 ]
    },
    "properties": {
    "物種":"棕櫚類",
    "樹種":"黃椰子",
    "學名":"Chrysalidocarpus",
    "科別":"棕櫚科",
    "行政區":"南港區",
    "河濱公園":"成美左岸",
    "數量":1
    }
  },
  {
    "type": "Feature",
    "geometry": {
       "type": "Point",
       "coordinates":  [ 121.586774,25.054126 ]
    },
    "properties": {
    "物種":"棕櫚類",
    "樹種":"臺灣海棗",
    "學名":"Phoenix hanceana",
    "科別":"棕櫚科",
    "行政區":"南港區",
    "河濱公園":"成美左岸",
    "數量":1
    }
  },
  {
    "type": "Feature",
    "geometry": {
       "type": "Point",
       "coordinates":  [ 121.586815,25.05414 ]
    },
    "properties": {
    "物種":"棕櫚類",
    "樹種":"臺灣海棗",
    "學名":"Phoenix hanceana",
    "科別":"棕櫚科",
    "行政區":"南港區",
    "河濱公園":"成美左岸",
    "數量":1
    }
  },
  {
    "type": "Feature",
    "geometry": {
       "type": "Point",
       "coordinates":  [ 121.58684,25.054154 ]
    },
    "properties": {
    "物種":"棕櫚類",
    "樹種":"臺灣海棗",
    "學名":"Phoenix hanceana",
    "科別":"棕櫚科",
    "行政區":"南港區",
    "河濱公園":"成美左岸",
    "數量":1
    }
  },
  {
    "type": "Feature",
    "geometry": {
       "type": "Point",
       "coordinates":  [ 121.587034,25.054283 ]
    },
    "properties": {
    "物種":"棕櫚類",
    "樹種":"臺灣海棗",
    "學名":"Phoenix hanceana",
    "科別":"棕櫚科",
    "行政區":"南港區",
    "河濱公園":"成美左岸",
    "數量":1
    }
  },
  {
    "type": "Feature",
    "geometry": {
       "type": "Point",
       "coordinates":  [ 121.587188,25.054366 ]
    },
    "properties": {
    "物種":"棕櫚類",
    "樹種":"臺灣海棗",
    "學名":"Phoenix hanceana",
    "科別":"棕櫚科",
    "行政區":"南港區",
    "河濱公園":"成美左岸",
    "數量":1
    }
  },
  {
    "type": "Feature",
    "geometry": {
       "type": "Point",
       "coordinates":  [ 121.5872,25.054391 ]
    },
    "properties": {
    "物種":"棕櫚類",
    "樹種":"臺灣海棗",
    "學名":"Phoenix hanceana",
    "科別":"棕櫚科",
    "行政區":"南港區",
    "河濱公園":"成美左岸",
    "數量":1
    }
  },
  {
    "type": "Feature",
    "geometry": {
       "type": "Point",
       "coordinates":  [ 121.587234,25.054384 ]
    },
    "properties": {
    "物種":"棕櫚類",
    "樹種":"臺灣海棗",
    "學名":"Phoenix hanceana",
    "科別":"棕櫚科",
    "行政區":"南港區",
    "河濱公園":"成美左岸",
    "數量":1
    }
  },
  {
    "type": "Feature",
    "geometry": {
       "type": "Point",
       "coordinates":  [ 121.587285,25.054411 ]
    },
    "properties": {
    "物種":"棕櫚類",
    "樹種":"臺灣海棗",
    "學名":"Phoenix hanceana",
    "科別":"棕櫚科",
    "行政區":"南港區",
    "河濱公園":"成美左岸",
    "數量":1
    }
  },
  {
    "type": "Feature",
    "geometry": {
       "type": "Point",
       "coordinates":  [ 121.587318,25.054427 ]
    },
    "properties": {
    "物種":"棕櫚類",
    "樹種":"臺灣海棗",
    "學名":"Phoenix hanceana",
    "科別":"棕櫚科",
    "行政區":"南港區",
    "河濱公園":"成美左岸",
    "數量":1
    }
  },
  {
    "type": "Feature",
    "geometry": {
       "type": "Point",
       "coordinates":  [ 121.587387,25.054468 ]
    },
    "properties": {
    "物種":"棕櫚類",
    "樹種":"臺灣海棗",
    "學名":"Phoenix hanceana",
    "科別":"棕櫚科",
    "行政區":"南港區",
    "河濱公園":"成美左岸",
    "數量":1
    }
  },
  {
    "type": "Feature",
    "geometry": {
       "type": "Point",
       "coordinates":  [ 121.587409,25.054486 ]
    },
    "properties": {
    "物種":"棕櫚類",
    "樹種":"臺灣海棗",
    "學名":"Phoenix hanceana",
    "科別":"棕櫚科",
    "行政區":"南港區",
    "河濱公園":"成美左岸",
    "數量":1
    }
  },
  {
    "type": "Feature",
    "geometry": {
       "type": "Point",
       "coordinates":  [ 121.587465,25.054513 ]
    },
    "properties": {
    "物種":"棕櫚類",
    "樹種":"臺灣海棗",
    "學名":"Phoenix hanceana",
    "科別":"棕櫚科",
    "行政區":"南港區",
    "河濱公園":"成美左岸",
    "數量":1
    }
  },
  {
    "type": "Feature",
    "geometry": {
       "type": "Point",
       "coordinates":  [ 121.58747,25.054535 ]
    },
    "properties": {
    "物種":"棕櫚類",
    "樹種":"臺灣海棗",
    "學名":"Phoenix hanceana",
    "科別":"棕櫚科",
    "行政區":"南港區",
    "河濱公園":"成美左岸",
    "數量":1
    }
  },
  {
    "type": "Feature",
    "geometry": {
       "type": "Point",
       "coordinates":  [ 121.587499,25.054525 ]
    },
    "properties": {
    "物種":"棕櫚類",
    "樹種":"臺灣海棗",
    "學名":"Phoenix hanceana",
    "科別":"棕櫚科",
    "行政區":"南港區",
    "河濱公園":"成美左岸",
    "數量":1
    }
  },
  {
    "type": "Feature",
    "geometry": {
       "type": "Point",
       "coordinates":  [ 121.587544,25.054563 ]
    },
    "properties": {
    "物種":"棕櫚類",
    "樹種":"臺灣海棗",
    "學名":"Phoenix hanceana",
    "科別":"棕櫚科",
    "行政區":"南港區",
    "河濱公園":"成美左岸",
    "數量":1
    }
  },
  {
    "type": "Feature",
    "geometry": {
       "type": "Point",
       "coordinates":  [ 121.58757,25.05458 ]
    },
    "properties": {
    "物種":"棕櫚類",
    "樹種":"臺灣海棗",
    "學名":"Phoenix hanceana",
    "科別":"棕櫚科",
    "行政區":"南港區",
    "河濱公園":"成美左岸",
    "數量":1
    }
  },
  {
    "type": "Feature",
    "geometry": {
       "type": "Point",
       "coordinates":  [ 121.587611,25.0546 ]
    },
    "properties": {
    "物種":"棕櫚類",
    "樹種":"臺灣海棗",
    "學名":"Phoenix hanceana",
    "科別":"棕櫚科",
    "行政區":"南港區",
    "河濱公園":"成美左岸",
    "數量":1
    }
  },
  {
    "type": "Feature",
    "geometry": {
       "type": "Point",
       "coordinates":  [ 121.587628,25.05461 ]
    },
    "properties": {
    "物種":"棕櫚類",
    "樹種":"臺灣海棗",
    "學名":"Phoenix hanceana",
    "科別":"棕櫚科",
    "行政區":"南港區",
    "河濱公園":"成美左岸",
    "數量":1
    }
  },
  {
    "type": "Feature",
    "geometry": {
       "type": "Point",
       "coordinates":  [ 121.587705,25.054657 ]
    },
    "properties": {
    "物種":"棕櫚類",
    "樹種":"臺灣海棗",
    "學名":"Phoenix hanceana",
    "科別":"棕櫚科",
    "行政區":"南港區",
    "河濱公園":"成美左岸",
    "數量":1
    }
  },
  {
    "type": "Feature",
    "geometry": {
       "type": "Point",
       "coordinates":  [ 121.587714,25.054663 ]
    },
    "properties": {
    "物種":"棕櫚類",
    "樹種":"臺灣海棗",
    "學名":"Phoenix hanceana",
    "科別":"棕櫚科",
    "行政區":"南港區",
    "河濱公園":"成美左岸",
    "數量":1
    }
  },
  {
    "type": "Feature",
    "geometry": {
       "type": "Point",
       "coordinates":  [ 121.587746,25.054742 ]
    },
    "properties": {
    "物種":"棕櫚類",
    "樹種":"臺灣海棗",
    "學名":"Phoenix hanceana",
    "科別":"棕櫚科",
    "行政區":"南港區",
    "河濱公園":"成美左岸",
    "數量":1
    }
  },
  {
    "type": "Feature",
    "geometry": {
       "type": "Point",
       "coordinates":  [ 121.58779,25.054768 ]
    },
    "properties": {
    "物種":"棕櫚類",
    "樹種":"臺灣海棗",
    "學名":"Phoenix hanceana",
    "科別":"棕櫚科",
    "行政區":"南港區",
    "河濱公園":"成美左岸",
    "數量":1
    }
  },
  {
    "type": "Feature",
    "geometry": {
       "type": "Point",
       "coordinates":  [ 121.587829,25.054727 ]
    },
    "properties": {
    "物種":"棕櫚類",
    "樹種":"臺灣海棗",
    "學名":"Phoenix hanceana",
    "科別":"棕櫚科",
    "行政區":"南港區",
    "河濱公園":"成美左岸",
    "數量":1
    }
  },
  {
    "type": "Feature",
    "geometry": {
       "type": "Point",
       "coordinates":  [ 121.588306,25.055077 ]
    },
    "properties": {
    "物種":"棕櫚類",
    "樹種":"臺灣海棗",
    "學名":"Phoenix hanceana",
    "科別":"棕櫚科",
    "行政區":"南港區",
    "河濱公園":"成美左岸",
    "數量":1
    }
  },
  {
    "type": "Feature",
    "geometry": {
       "type": "Point",
       "coordinates":  [ 121.588412,25.055047 ]
    },
    "properties": {
    "物種":"棕櫚類",
    "樹種":"臺灣海棗",
    "學名":"Phoenix hanceana",
    "科別":"棕櫚科",
    "行政區":"南港區",
    "河濱公園":"成美左岸",
    "數量":1
    }
  },
  {
    "type": "Feature",
    "geometry": {
       "type": "Point",
       "coordinates":  [ 121.588418,25.055056 ]
    },
    "properties": {
    "物種":"棕櫚類",
    "樹種":"臺灣海棗",
    "學名":"Phoenix hanceana",
    "科別":"棕櫚科",
    "行政區":"南港區",
    "河濱公園":"成美左岸",
    "數量":1
    }
  },
  {
    "type": "Feature",
    "geometry": {
       "type": "Point",
       "coordinates":  [ 121.588452,25.055082 ]
    },
    "properties": {
    "物種":"棕櫚類",
    "樹種":"臺灣海棗",
    "學名":"Phoenix hanceana",
    "科別":"棕櫚科",
    "行政區":"南港區",
    "河濱公園":"成美左岸",
    "數量":1
    }
  },
  {
    "type": "Feature",
    "geometry": {
       "type": "Point",
       "coordinates":  [ 121.588543,25.055117 ]
    },
    "properties": {
    "物種":"棕櫚類",
    "樹種":"臺灣海棗",
    "學名":"Phoenix hanceana",
    "科別":"棕櫚科",
    "行政區":"南港區",
    "河濱公園":"成美左岸",
    "數量":1
    }
  },
  {
    "type": "Feature",
    "geometry": {
       "type": "Point",
       "coordinates":  [ 121.588564,25.055137 ]
    },
    "properties": {
    "物種":"棕櫚類",
    "樹種":"臺灣海棗",
    "學名":"Phoenix hanceana",
    "科別":"棕櫚科",
    "行政區":"南港區",
    "河濱公園":"成美左岸",
    "數量":1
    }
  },
  {
    "type": "Feature",
    "geometry": {
       "type": "Point",
       "coordinates":  [ 121.589295,25.055699 ]
    },
    "properties": {
    "物種":"棕櫚類",
    "樹種":"臺灣海棗",
    "學名":"Phoenix hanceana",
    "科別":"棕櫚科",
    "行政區":"南港區",
    "河濱公園":"成美左岸",
    "數量":1
    }
  },
  {
    "type": "Feature",
    "geometry": {
       "type": "Point",
       "coordinates":  [ 121.589357,25.055726 ]
    },
    "properties": {
    "物種":"棕櫚類",
    "樹種":"臺灣海棗",
    "學名":"Phoenix hanceana",
    "科別":"棕櫚科",
    "行政區":"南港區",
    "河濱公園":"成美左岸",
    "數量":1
    }
  },
  {
    "type": "Feature",
    "geometry": {
       "type": "Point",
       "coordinates":  [ 121.589371,25.055732 ]
    },
    "properties": {
    "物種":"棕櫚類",
    "樹種":"臺灣海棗",
    "學名":"Phoenix hanceana",
    "科別":"棕櫚科",
    "行政區":"南港區",
    "河濱公園":"成美左岸",
    "數量":1
    }
  },
  {
    "type": "Feature",
    "geometry": {
       "type": "Point",
       "coordinates":  [ 121.589403,25.055724 ]
    },
    "properties": {
    "物種":"棕櫚類",
    "樹種":"臺灣海棗",
    "學名":"Phoenix hanceana",
    "科別":"棕櫚科",
    "行政區":"南港區",
    "河濱公園":"成美左岸",
    "數量":1
    }
  },
  {
    "type": "Feature",
    "geometry": {
       "type": "Point",
       "coordinates":  [ 121.589409,25.055752 ]
    },
    "properties": {
    "物種":"棕櫚類",
    "樹種":"臺灣海棗",
    "學名":"Phoenix hanceana",
    "科別":"棕櫚科",
    "行政區":"南港區",
    "河濱公園":"成美左岸",
    "數量":1
    }
  },
  {
    "type": "Feature",
    "geometry": {
       "type": "Point",
       "coordinates":  [ 121.589441,25.055747 ]
    },
    "properties": {
    "物種":"棕櫚類",
    "樹種":"臺灣海棗",
    "學名":"Phoenix hanceana",
    "科別":"棕櫚科",
    "行政區":"南港區",
    "河濱公園":"成美左岸",
    "數量":1
    }
  },
  {
    "type": "Feature",
    "geometry": {
       "type": "Point",
       "coordinates":  [ 121.589596,25.055873 ]
    },
    "properties": {
    "物種":"棕櫚類",
    "樹種":"臺灣海棗",
    "學名":"Phoenix hanceana",
    "科別":"棕櫚科",
    "行政區":"南港區",
    "河濱公園":"成美左岸",
    "數量":1
    }
  },
  {
    "type": "Feature",
    "geometry": {
       "type": "Point",
       "coordinates":  [ 121.589623,25.055899 ]
    },
    "properties": {
    "物種":"棕櫚類",
    "樹種":"臺灣海棗",
    "學名":"Phoenix hanceana",
    "科別":"棕櫚科",
    "行政區":"南港區",
    "河濱公園":"成美左岸",
    "數量":1
    }
  },
  {
    "type": "Feature",
    "geometry": {
       "type": "Point",
       "coordinates":  [ 121.589668,25.055942 ]
    },
    "properties": {
    "物種":"棕櫚類",
    "樹種":"臺灣海棗",
    "學名":"Phoenix hanceana",
    "科別":"棕櫚科",
    "行政區":"南港區",
    "河濱公園":"成美左岸",
    "數量":1
    }
  },
  {
    "type": "Feature",
    "geometry": {
       "type": "Point",
       "coordinates":  [ 121.589735,25.055982 ]
    },
    "properties": {
    "物種":"棕櫚類",
    "樹種":"臺灣海棗",
    "學名":"Phoenix hanceana",
    "科別":"棕櫚科",
    "行政區":"南港區",
    "河濱公園":"成美左岸",
    "數量":1
    }
  },
  {
    "type": "Feature",
    "geometry": {
       "type": "Point",
       "coordinates":  [ 121.589758,25.056005 ]
    },
    "properties": {
    "物種":"棕櫚類",
    "樹種":"臺灣海棗",
    "學名":"Phoenix hanceana",
    "科別":"棕櫚科",
    "行政區":"南港區",
    "河濱公園":"成美左岸",
    "數量":1
    }
  },
  {
    "type": "Feature",
    "geometry": {
       "type": "Point",
       "coordinates":  [ 121.589803,25.056038 ]
    },
    "properties": {
    "物種":"棕櫚類",
    "樹種":"臺灣海棗",
    "學名":"Phoenix hanceana",
    "科別":"棕櫚科",
    "行政區":"南港區",
    "河濱公園":"成美左岸",
    "數量":1
    }
  },
  {
    "type": "Feature",
    "geometry": {
       "type": "Point",
       "coordinates":  [ 121.589822,25.056055 ]
    },
    "properties": {
    "物種":"棕櫚類",
    "樹種":"臺灣海棗",
    "學名":"Phoenix hanceana",
    "科別":"棕櫚科",
    "行政區":"南港區",
    "河濱公園":"成美左岸",
    "數量":1
    }
  },
  {
    "type": "Feature",
    "geometry": {
       "type": "Point",
       "coordinates":  [ 121.589874,25.056097 ]
    },
    "properties": {
    "物種":"棕櫚類",
    "樹種":"臺灣海棗",
    "學名":"Phoenix hanceana",
    "科別":"棕櫚科",
    "行政區":"南港區",
    "河濱公園":"成美左岸",
    "數量":1
    }
  },
  {
    "type": "Feature",
    "geometry": {
       "type": "Point",
       "coordinates":  [ 121.589941,25.056143 ]
    },
    "properties": {
    "物種":"棕櫚類",
    "樹種":"臺灣海棗",
    "學名":"Phoenix hanceana",
    "科別":"棕櫚科",
    "行政區":"南港區",
    "河濱公園":"成美左岸",
    "數量":1
    }
  },
  {
    "type": "Feature",
    "geometry": {
       "type": "Point",
       "coordinates":  [ 121.589928,25.056172 ]
    },
    "properties": {
    "物種":"棕櫚類",
    "樹種":"臺灣海棗",
    "學名":"Phoenix hanceana",
    "科別":"棕櫚科",
    "行政區":"南港區",
    "河濱公園":"成美左岸",
    "數量":1
    }
  },
  {
    "type": "Feature",
    "geometry": {
       "type": "Point",
       "coordinates":  [ 121.589963,25.056166 ]
    },
    "properties": {
    "物種":"棕櫚類",
    "樹種":"臺灣海棗",
    "學名":"Phoenix hanceana",
    "科別":"棕櫚科",
    "行政區":"南港區",
    "河濱公園":"成美左岸",
    "數量":1
    }
  },
  {
    "type": "Feature",
    "geometry": {
       "type": "Point",
       "coordinates":  [ 121.59001,25.056194 ]
    },
    "properties": {
    "物種":"棕櫚類",
    "樹種":"臺灣海棗",
    "學名":"Phoenix hanceana",
    "科別":"棕櫚科",
    "行政區":"南港區",
    "河濱公園":"成美左岸",
    "數量":1
    }
  },
  {
    "type": "Feature",
    "geometry": {
       "type": "Point",
       "coordinates":  [ 121.589994,25.056216 ]
    },
    "properties": {
    "物種":"棕櫚類",
    "樹種":"臺灣海棗",
    "學名":"Phoenix hanceana",
    "科別":"棕櫚科",
    "行政區":"南港區",
    "河濱公園":"成美左岸",
    "數量":1
    }
  },
  {
    "type": "Feature",
    "geometry": {
       "type": "Point",
       "coordinates":  [ 121.590017,25.056214 ]
    },
    "properties": {
    "物種":"棕櫚類",
    "樹種":"臺灣海棗",
    "學名":"Phoenix hanceana",
    "科別":"棕櫚科",
    "行政區":"南港區",
    "河濱公園":"成美左岸",
    "數量":1
    }
  },
  {
    "type": "Feature",
    "geometry": {
       "type": "Point",
       "coordinates":  [ 121.590066,25.056254 ]
    },
    "properties": {
    "物種":"棕櫚類",
    "樹種":"蒲葵",
    "學名":"Livistona chinensis",
    "科別":"棕櫚科",
    "行政區":"南港區",
    "河濱公園":"成美左岸",
    "數量":1
    }
  },
  {
    "type": "Feature",
    "geometry": {
       "type": "Point",
       "coordinates":  [ 121.590052,25.056277 ]
    },
    "properties": {
    "物種":"棕櫚類",
    "樹種":"蒲葵",
    "學名":"Livistona chinensis",
    "科別":"棕櫚科",
    "行政區":"南港區",
    "河濱公園":"成美左岸",
    "數量":1
    }
  },
  {
    "type": "Feature",
    "geometry": {
       "type": "Point",
       "coordinates":  [ 121.590081,25.056274 ]
    },
    "properties": {
    "物種":"棕櫚類",
    "樹種":"蒲葵",
    "學名":"Livistona chinensis",
    "科別":"棕櫚科",
    "行政區":"南港區",
    "河濱公園":"成美左岸",
    "數量":1
    }
  },
  {
    "type": "Feature",
    "geometry": {
       "type": "Point",
       "coordinates":  [ 121.590103,25.056317 ]
    },
    "properties": {
    "物種":"棕櫚類",
    "樹種":"臺灣海棗",
    "學名":"Phoenix hanceana",
    "科別":"棕櫚科",
    "行政區":"南港區",
    "河濱公園":"成美左岸",
    "數量":1
    }
  },
  {
    "type": "Feature",
    "geometry": {
       "type": "Point",
       "coordinates":  [ 121.590361,25.056629 ]
    },
    "properties": {
    "物種":"棕櫚類",
    "樹種":"臺灣海棗",
    "學名":"Phoenix hanceana",
    "科別":"棕櫚科",
    "行政區":"南港區",
    "河濱公園":"成美左岸",
    "數量":1
    }
  },
  {
    "type": "Feature",
    "geometry": {
       "type": "Point",
       "coordinates":  [ 121.590423,25.056689 ]
    },
    "properties": {
    "物種":"棕櫚類",
    "樹種":"臺灣海棗",
    "學名":"Phoenix hanceana",
    "科別":"棕櫚科",
    "行政區":"南港區",
    "河濱公園":"成美左岸",
    "數量":1
    }
  },
  {
    "type": "Feature",
    "geometry": {
       "type": "Point",
       "coordinates":  [ 121.568744,25.063252 ]
    },
    "properties": {
    "物種":"棕櫚類",
    "樹種":"大王椰子",
    "學名":"Roystonea regia",
    "科別":"棕櫚科",
    "行政區":"松山區",
    "河濱公園":"觀山",
    "數量":1
    }
  },
  {
    "type": "Feature",
    "geometry": {
       "type": "Point",
       "coordinates":  [ 121.568715,25.063373 ]
    },
    "properties": {
    "物種":"棕櫚類",
    "樹種":"大王椰子",
    "學名":"Roystonea regia",
    "科別":"棕櫚科",
    "行政區":"松山區",
    "河濱公園":"觀山",
    "數量":1
    }
  },
  {
    "type": "Feature",
    "geometry": {
       "type": "Point",
       "coordinates":  [ 121.547551,25.07398 ]
    },
    "properties": {
    "物種":"棕櫚類",
    "樹種":"蒲葵",
    "學名":"Livistona chinensis",
    "科別":"棕櫚科",
    "行政區":"中山區",
    "河濱公園":"迎風",
    "數量":1
    }
  },
  {
    "type": "Feature",
    "geometry": {
       "type": "Point",
       "coordinates":  [ 121.548032,25.073818 ]
    },
    "properties": {
    "物種":"棕櫚類",
    "樹種":"蒲葵",
    "學名":"Livistona chinensis",
    "科別":"棕櫚科",
    "行政區":"中山區",
    "河濱公園":"迎風",
    "數量":1
    }
  },
  {
    "type": "Feature",
    "geometry": {
       "type": "Point",
       "coordinates":  [ 121.556155,25.076033 ]
    },
    "properties": {
    "物種":"棕櫚類",
    "樹種":"蒲葵",
    "學名":"Livistona chinensis",
    "科別":"棕櫚科",
    "行政區":"中山區",
    "河濱公園":"美堤",
    "數量":1
    }
  },
  {
    "type": "Feature",
    "geometry": {
       "type": "Point",
       "coordinates":  [ 121.556176,25.076067 ]
    },
    "properties": {
    "物種":"棕櫚類",
    "樹種":"蒲葵",
    "學名":"Livistona chinensis",
    "科別":"棕櫚科",
    "行政區":"中山區",
    "河濱公園":"美堤",
    "數量":1
    }
  },
  {
    "type": "Feature",
    "geometry": {
       "type": "Point",
       "coordinates":  [ 121.556132,25.076067 ]
    },
    "properties": {
    "物種":"棕櫚類",
    "樹種":"蒲葵",
    "學名":"Livistona chinensis",
    "科別":"棕櫚科",
    "行政區":"中山區",
    "河濱公園":"美堤",
    "數量":1
    }
  },
  {
    "type": "Feature",
    "geometry": {
       "type": "Point",
       "coordinates":  [ 121.556383,25.075917 ]
    },
    "properties": {
    "物種":"棕櫚類",
    "樹種":"蒲葵",
    "學名":"Livistona chinensis",
    "科別":"棕櫚科",
    "行政區":"中山區",
    "河濱公園":"美堤",
    "數量":1
    }
  },
  {
    "type": "Feature",
    "geometry": {
       "type": "Point",
       "coordinates":  [ 121.556394,25.075952 ]
    },
    "properties": {
    "物種":"棕櫚類",
    "樹種":"蒲葵",
    "學名":"Livistona chinensis",
    "科別":"棕櫚科",
    "行政區":"中山區",
    "河濱公園":"美堤",
    "數量":1
    }
  },
  {
    "type": "Feature",
    "geometry": {
       "type": "Point",
       "coordinates":  [ 121.556356,25.07594 ]
    },
    "properties": {
    "物種":"棕櫚類",
    "樹種":"蒲葵",
    "學名":"Livistona chinensis",
    "科別":"棕櫚科",
    "行政區":"中山區",
    "河濱公園":"美堤",
    "數量":1
    }
  },
  {
    "type": "Feature",
    "geometry": {
       "type": "Point",
       "coordinates":  [ 121.556387,25.076229 ]
    },
    "properties": {
    "物種":"棕櫚類",
    "樹種":"蒲葵",
    "學名":"Livistona chinensis",
    "科別":"棕櫚科",
    "行政區":"中山區",
    "河濱公園":"美堤",
    "數量":1
    }
  },
  {
    "type": "Feature",
    "geometry": {
       "type": "Point",
       "coordinates":  [ 121.556412,25.076263 ]
    },
    "properties": {
    "物種":"棕櫚類",
    "樹種":"蒲葵",
    "學名":"Livistona chinensis",
    "科別":"棕櫚科",
    "行政區":"中山區",
    "河濱公園":"美堤",
    "數量":1
    }
  },
  {
    "type": "Feature",
    "geometry": {
       "type": "Point",
       "coordinates":  [ 121.556433,25.07623 ]
    },
    "properties": {
    "物種":"棕櫚類",
    "樹種":"蒲葵",
    "學名":"Livistona chinensis",
    "科別":"棕櫚科",
    "行政區":"中山區",
    "河濱公園":"美堤",
    "數量":1
    }
  },
  {
    "type": "Feature",
    "geometry": {
       "type": "Point",
       "coordinates":  [ 121.557009,25.076417 ]
    },
    "properties": {
    "物種":"棕櫚類",
    "樹種":"蒲葵",
    "學名":"Livistona chinensis",
    "科別":"棕櫚科",
    "行政區":"中山區",
    "河濱公園":"美堤",
    "數量":1
    }
  },
  {
    "type": "Feature",
    "geometry": {
       "type": "Point",
       "coordinates":  [ 121.557034,25.076393 ]
    },
    "properties": {
    "物種":"棕櫚類",
    "樹種":"蒲葵",
    "學名":"Livistona chinensis",
    "科別":"棕櫚科",
    "行政區":"中山區",
    "河濱公園":"美堤",
    "數量":1
    }
  },
  {
    "type": "Feature",
    "geometry": {
       "type": "Point",
       "coordinates":  [ 121.557045,25.076431 ]
    },
    "properties": {
    "物種":"棕櫚類",
    "樹種":"蒲葵",
    "學名":"Livistona chinensis",
    "科別":"棕櫚科",
    "行政區":"中山區",
    "河濱公園":"美堤",
    "數量":1
    }
  },
  {
    "type": "Feature",
    "geometry": {
       "type": "Point",
       "coordinates":  [ 121.557244,25.076529 ]
    },
    "properties": {
    "物種":"棕櫚類",
    "樹種":"蒲葵",
    "學名":"Livistona chinensis",
    "科別":"棕櫚科",
    "行政區":"中山區",
    "河濱公園":"美堤",
    "數量":1
    }
  },
  {
    "type": "Feature",
    "geometry": {
       "type": "Point",
       "coordinates":  [ 121.557202,25.076529 ]
    },
    "properties": {
    "物種":"棕櫚類",
    "樹種":"蒲葵",
    "學名":"Livistona chinensis",
    "科別":"棕櫚科",
    "行政區":"中山區",
    "河濱公園":"美堤",
    "數量":1
    }
  },
  {
    "type": "Feature",
    "geometry": {
       "type": "Point",
       "coordinates":  [ 121.557221,25.076505 ]
    },
    "properties": {
    "物種":"棕櫚類",
    "樹種":"蒲葵",
    "學名":"Livistona chinensis",
    "科別":"棕櫚科",
    "行政區":"中山區",
    "河濱公園":"美堤",
    "數量":1
    }
  },
  {
    "type": "Feature",
    "geometry": {
       "type": "Point",
       "coordinates":  [ 121.557214,25.076264 ]
    },
    "properties": {
    "物種":"棕櫚類",
    "樹種":"蒲葵",
    "學名":"Livistona chinensis",
    "科別":"棕櫚科",
    "行政區":"中山區",
    "河濱公園":"美堤",
    "數量":1
    }
  },
  {
    "type": "Feature",
    "geometry": {
       "type": "Point",
       "coordinates":  [ 121.557182,25.076281 ]
    },
    "properties": {
    "物種":"棕櫚類",
    "樹種":"蒲葵",
    "學名":"Livistona chinensis",
    "科別":"棕櫚科",
    "行政區":"中山區",
    "河濱公園":"美堤",
    "數量":1
    }
  },
  {
    "type": "Feature",
    "geometry": {
       "type": "Point",
       "coordinates":  [ 121.557182,25.076237 ]
    },
    "properties": {
    "物種":"棕櫚類",
    "樹種":"蒲葵",
    "學名":"Livistona chinensis",
    "科別":"棕櫚科",
    "行政區":"中山區",
    "河濱公園":"美堤",
    "數量":1
    }
  },
  {
    "type": "Feature",
    "geometry": {
       "type": "Point",
       "coordinates":  [ 121.560048,25.076227 ]
    },
    "properties": {
    "物種":"棕櫚類",
    "樹種":"大王椰子",
    "學名":"Roystonea regia",
    "科別":"棕櫚科",
    "行政區":"中山區",
    "河濱公園":"美堤",
    "數量":1
    }
  },
  {
    "type": "Feature",
    "geometry": {
       "type": "Point",
       "coordinates":  [ 121.560063,25.076224 ]
    },
    "properties": {
    "物種":"棕櫚類",
    "樹種":"大王椰子",
    "學名":"Roystonea regia",
    "科別":"棕櫚科",
    "行政區":"中山區",
    "河濱公園":"美堤",
    "數量":1
    }
  },
  {
    "type": "Feature",
    "geometry": {
       "type": "Point",
       "coordinates":  [ 121.539434,25.074648 ]
    },
    "properties": {
    "物種":"棕櫚類",
    "樹種":"臺灣海棗",
    "學名":"Phoenix hanceana",
    "科別":"棕櫚科",
    "行政區":"中山區",
    "河濱公園":"大佳",
    "數量":1
    }
  },
  {
    "type": "Feature",
    "geometry": {
       "type": "Point",
       "coordinates":  [ 121.539454,25.07468 ]
    },
    "properties": {
    "物種":"棕櫚類",
    "樹種":"臺灣海棗",
    "學名":"Phoenix hanceana",
    "科別":"棕櫚科",
    "行政區":"中山區",
    "河濱公園":"大佳",
    "數量":1
    }
  },
  {
    "type": "Feature",
    "geometry": {
       "type": "Point",
       "coordinates":  [ 121.539479,25.074703 ]
    },
    "properties": {
    "物種":"棕櫚類",
    "樹種":"臺灣海棗",
    "學名":"Phoenix hanceana",
    "科別":"棕櫚科",
    "行政區":"中山區",
    "河濱公園":"大佳",
    "數量":1
    }
  },
  {
    "type": "Feature",
    "geometry": {
       "type": "Point",
       "coordinates":  [ 121.539501,25.074719 ]
    },
    "properties": {
    "物種":"棕櫚類",
    "樹種":"臺灣海棗",
    "學名":"Phoenix hanceana",
    "科別":"棕櫚科",
    "行政區":"中山區",
    "河濱公園":"大佳",
    "數量":1
    }
  },
  {
    "type": "Feature",
    "geometry": {
       "type": "Point",
       "coordinates":  [ 121.539522,25.074731 ]
    },
    "properties": {
    "物種":"棕櫚類",
    "樹種":"臺灣海棗",
    "學名":"Phoenix hanceana",
    "科別":"棕櫚科",
    "行政區":"中山區",
    "河濱公園":"大佳",
    "數量":1
    }
  },
  {
    "type": "Feature",
    "geometry": {
       "type": "Point",
       "coordinates":  [ 121.539577,25.07476 ]
    },
    "properties": {
    "物種":"棕櫚類",
    "樹種":"臺灣海棗",
    "學名":"Phoenix hanceana",
    "科別":"棕櫚科",
    "行政區":"中山區",
    "河濱公園":"大佳",
    "數量":1
    }
  },
  {
    "type": "Feature",
    "geometry": {
       "type": "Point",
       "coordinates":  [ 121.539578,25.07478 ]
    },
    "properties": {
    "物種":"棕櫚類",
    "樹種":"臺灣海棗",
    "學名":"Phoenix hanceana",
    "科別":"棕櫚科",
    "行政區":"中山區",
    "河濱公園":"大佳",
    "數量":1
    }
  },
  {
    "type": "Feature",
    "geometry": {
       "type": "Point",
       "coordinates":  [ 121.53958,25.074802 ]
    },
    "properties": {
    "物種":"棕櫚類",
    "樹種":"臺灣海棗",
    "學名":"Phoenix hanceana",
    "科別":"棕櫚科",
    "行政區":"中山區",
    "河濱公園":"大佳",
    "數量":1
    }
  },
  {
    "type": "Feature",
    "geometry": {
       "type": "Point",
       "coordinates":  [ 121.539609,25.074913 ]
    },
    "properties": {
    "物種":"棕櫚類",
    "樹種":"臺灣海棗",
    "學名":"Phoenix hanceana",
    "科別":"棕櫚科",
    "行政區":"中山區",
    "河濱公園":"大佳",
    "數量":1
    }
  },
  {
    "type": "Feature",
    "geometry": {
       "type": "Point",
       "coordinates":  [ 121.539623,25.074943 ]
    },
    "properties": {
    "物種":"棕櫚類",
    "樹種":"臺灣海棗",
    "學名":"Phoenix hanceana",
    "科別":"棕櫚科",
    "行政區":"中山區",
    "河濱公園":"大佳",
    "數量":1
    }
  },
  {
    "type": "Feature",
    "geometry": {
       "type": "Point",
       "coordinates":  [ 121.539633,25.074964 ]
    },
    "properties": {
    "物種":"棕櫚類",
    "樹種":"臺灣海棗",
    "學名":"Phoenix hanceana",
    "科別":"棕櫚科",
    "行政區":"中山區",
    "河濱公園":"大佳",
    "數量":1
    }
  },
  {
    "type": "Feature",
    "geometry": {
       "type": "Point",
       "coordinates":  [ 121.539647,25.074979 ]
    },
    "properties": {
    "物種":"棕櫚類",
    "樹種":"臺灣海棗",
    "學名":"Phoenix hanceana",
    "科別":"棕櫚科",
    "行政區":"中山區",
    "河濱公園":"大佳",
    "數量":1
    }
  },
  {
    "type": "Feature",
    "geometry": {
       "type": "Point",
       "coordinates":  [ 121.539695,25.075014 ]
    },
    "properties": {
    "物種":"棕櫚類",
    "樹種":"蒲葵",
    "學名":"Livistona chinensis",
    "科別":"棕櫚科",
    "行政區":"中山區",
    "河濱公園":"大佳",
    "數量":1
    }
  },
  {
    "type": "Feature",
    "geometry": {
       "type": "Point",
       "coordinates":  [ 121.539694,25.075049 ]
    },
    "properties": {
    "物種":"棕櫚類",
    "樹種":"蒲葵",
    "學名":"Livistona chinensis",
    "科別":"棕櫚科",
    "行政區":"中山區",
    "河濱公園":"大佳",
    "數量":1
    }
  },
  {
    "type": "Feature",
    "geometry": {
       "type": "Point",
       "coordinates":  [ 121.539697,25.075079 ]
    },
    "properties": {
    "物種":"棕櫚類",
    "樹種":"蒲葵",
    "學名":"Livistona chinensis",
    "科別":"棕櫚科",
    "行政區":"中山區",
    "河濱公園":"大佳",
    "數量":1
    }
  },
  {
    "type": "Feature",
    "geometry": {
       "type": "Point",
       "coordinates":  [ 121.539696,25.075111 ]
    },
    "properties": {
    "物種":"棕櫚類",
    "樹種":"蒲葵",
    "學名":"Livistona chinensis",
    "科別":"棕櫚科",
    "行政區":"中山區",
    "河濱公園":"大佳",
    "數量":1
    }
  },
  {
    "type": "Feature",
    "geometry": {
       "type": "Point",
       "coordinates":  [ 121.539698,25.075142 ]
    },
    "properties": {
    "物種":"棕櫚類",
    "樹種":"蒲葵",
    "學名":"Livistona chinensis",
    "科別":"棕櫚科",
    "行政區":"中山區",
    "河濱公園":"大佳",
    "數量":1
    }
  },
  {
    "type": "Feature",
    "geometry": {
       "type": "Point",
       "coordinates":  [ 121.539591,25.074856 ]
    },
    "properties": {
    "物種":"棕櫚類",
    "樹種":"臺灣海棗",
    "學名":"Phoenix hanceana",
    "科別":"棕櫚科",
    "行政區":"中山區",
    "河濱公園":"大佳",
    "數量":1
    }
  },
  {
    "type": "Feature",
    "geometry": {
       "type": "Point",
       "coordinates":  [ 121.5396,25.074888 ]
    },
    "properties": {
    "物種":"棕櫚類",
    "樹種":"臺灣海棗",
    "學名":"Phoenix hanceana",
    "科別":"棕櫚科",
    "行政區":"中山區",
    "河濱公園":"大佳",
    "數量":1
    }
  },
  {
    "type": "Feature",
    "geometry": {
       "type": "Point",
       "coordinates":  [ 121.539586,25.074832 ]
    },
    "properties": {
    "物種":"棕櫚類",
    "樹種":"臺灣海棗",
    "學名":"Phoenix hanceana",
    "科別":"棕櫚科",
    "行政區":"中山區",
    "河濱公園":"大佳",
    "數量":1
    }
  },
  {
    "type": "Feature",
    "geometry": {
       "type": "Point",
       "coordinates":  [ 121.53963,25.075191 ]
    },
    "properties": {
    "物種":"棕櫚類",
    "樹種":"蒲葵",
    "學名":"Livistona chinensis",
    "科別":"棕櫚科",
    "行政區":"中山區",
    "河濱公園":"大佳",
    "數量":1
    }
  },
  {
    "type": "Feature",
    "geometry": {
       "type": "Point",
       "coordinates":  [ 121.539633,25.07522 ]
    },
    "properties": {
    "物種":"棕櫚類",
    "樹種":"蒲葵",
    "學名":"Livistona chinensis",
    "科別":"棕櫚科",
    "行政區":"中山區",
    "河濱公園":"大佳",
    "數量":1
    }
  },
  {
    "type": "Feature",
    "geometry": {
       "type": "Point",
       "coordinates":  [ 121.539633,25.075252 ]
    },
    "properties": {
    "物種":"棕櫚類",
    "樹種":"蒲葵",
    "學名":"Livistona chinensis",
    "科別":"棕櫚科",
    "行政區":"中山區",
    "河濱公園":"大佳",
    "數量":1
    }
  },
  {
    "type": "Feature",
    "geometry": {
       "type": "Point",
       "coordinates":  [ 121.539633,25.075283 ]
    },
    "properties": {
    "物種":"棕櫚類",
    "樹種":"蒲葵",
    "學名":"Livistona chinensis",
    "科別":"棕櫚科",
    "行政區":"中山區",
    "河濱公園":"大佳",
    "數量":1
    }
  },
  {
    "type": "Feature",
    "geometry": {
       "type": "Point",
       "coordinates":  [ 121.539639,25.075402 ]
    },
    "properties": {
    "物種":"棕櫚類",
    "樹種":"棍棒椰子",
    "學名":"Mascarena verschaffeltii",
    "科別":"棕櫚科",
    "行政區":"中山區",
    "河濱公園":"大佳",
    "數量":1
    }
  },
  {
    "type": "Feature",
    "geometry": {
       "type": "Point",
       "coordinates":  [ 121.539633,25.075317 ]
    },
    "properties": {
    "物種":"棕櫚類",
    "樹種":"蒲葵",
    "學名":"Livistona chinensis",
    "科別":"棕櫚科",
    "行政區":"中山區",
    "河濱公園":"大佳",
    "數量":1
    }
  },
  {
    "type": "Feature",
    "geometry": {
       "type": "Point",
       "coordinates":  [ 121.539636,25.07537 ]
    },
    "properties": {
    "物種":"棕櫚類",
    "樹種":"棍棒椰子",
    "學名":"Mascarena verschaffeltii",
    "科別":"棕櫚科",
    "行政區":"中山區",
    "河濱公園":"大佳",
    "數量":1
    }
  },
  {
    "type": "Feature",
    "geometry": {
       "type": "Point",
       "coordinates":  [ 121.539635,25.075342 ]
    },
    "properties": {
    "物種":"棕櫚類",
    "樹種":"棍棒椰子",
    "學名":"Mascarena verschaffeltii",
    "科別":"棕櫚科",
    "行政區":"中山區",
    "河濱公園":"大佳",
    "數量":1
    }
  },
  {
    "type": "Feature",
    "geometry": {
       "type": "Point",
       "coordinates":  [ 121.539639,25.075436 ]
    },
    "properties": {
    "物種":"棕櫚類",
    "樹種":"棍棒椰子",
    "學名":"Mascarena verschaffeltii",
    "科別":"棕櫚科",
    "行政區":"中山區",
    "河濱公園":"大佳",
    "數量":1
    }
  },
  {
    "type": "Feature",
    "geometry": {
       "type": "Point",
       "coordinates":  [ 121.531898,25.074604 ]
    },
    "properties": {
    "物種":"棕櫚類",
    "樹種":"黃椰子",
    "學名":"Chrysalidocarpus",
    "科別":"棕櫚科",
    "行政區":"中山區",
    "河濱公園":"大佳",
    "數量":1
    }
  },
  {
    "type": "Feature",
    "geometry": {
       "type": "Point",
       "coordinates":  [ 121.532055,25.074585 ]
    },
    "properties": {
    "物種":"棕櫚類",
    "樹種":"黃椰子",
    "學名":"Chrysalidocarpus",
    "科別":"棕櫚科",
    "行政區":"中山區",
    "河濱公園":"大佳",
    "數量":1
    }
  },
  {
    "type": "Feature",
    "geometry": {
       "type": "Point",
       "coordinates":  [ 121.531335,25.07459 ]
    },
    "properties": {
    "物種":"棕櫚類",
    "樹種":"蒲葵",
    "學名":"Livistona chinensis",
    "科別":"棕櫚科",
    "行政區":"中山區",
    "河濱公園":"大佳",
    "數量":1
    }
  },
  {
    "type": "Feature",
    "geometry": {
       "type": "Point",
       "coordinates":  [ 121.531377,25.074589 ]
    },
    "properties": {
    "物種":"棕櫚類",
    "樹種":"蒲葵",
    "學名":"Livistona chinensis",
    "科別":"棕櫚科",
    "行政區":"中山區",
    "河濱公園":"大佳",
    "數量":1
    }
  },
  {
    "type": "Feature",
    "geometry": {
       "type": "Point",
       "coordinates":  [ 121.530481,25.075162 ]
    },
    "properties": {
    "物種":"棕櫚類",
    "樹種":"蒲葵",
    "學名":"Livistona chinensis",
    "科別":"棕櫚科",
    "行政區":"中山區",
    "河濱公園":"大佳",
    "數量":1
    }
  },
  {
    "type": "Feature",
    "geometry": {
       "type": "Point",
       "coordinates":  [ 121.530454,25.075158 ]
    },
    "properties": {
    "物種":"棕櫚類",
    "樹種":"蒲葵",
    "學名":"Livistona chinensis",
    "科別":"棕櫚科",
    "行政區":"中山區",
    "河濱公園":"大佳",
    "數量":1
    }
  },
  {
    "type": "Feature",
    "geometry": {
       "type": "Point",
       "coordinates":  [ 121.530188,25.075027 ]
    },
    "properties": {
    "物種":"棕櫚類",
    "樹種":"蒲葵",
    "學名":"Livistona chinensis",
    "科別":"棕櫚科",
    "行政區":"中山區",
    "河濱公園":"大佳",
    "數量":1
    }
  },
  {
    "type": "Feature",
    "geometry": {
       "type": "Point",
       "coordinates":  [ 121.530157,25.075004 ]
    },
    "properties": {
    "物種":"棕櫚類",
    "樹種":"蒲葵",
    "學名":"Livistona chinensis",
    "科別":"棕櫚科",
    "行政區":"中山區",
    "河濱公園":"大佳",
    "數量":1
    }
  },
  {
    "type": "Feature",
    "geometry": {
       "type": "Point",
       "coordinates":  [ 121.53012,25.074975 ]
    },
    "properties": {
    "物種":"棕櫚類",
    "樹種":"蒲葵",
    "學名":"Livistona chinensis",
    "科別":"棕櫚科",
    "行政區":"中山區",
    "河濱公園":"大佳",
    "數量":1
    }
  },
  {
    "type": "Feature",
    "geometry": {
       "type": "Point",
       "coordinates":  [ 121.53008,25.074946 ]
    },
    "properties": {
    "物種":"棕櫚類",
    "樹種":"蒲葵",
    "學名":"Livistona chinensis",
    "科別":"棕櫚科",
    "行政區":"中山區",
    "河濱公園":"大佳",
    "數量":1
    }
  },
  {
    "type": "Feature",
    "geometry": {
       "type": "Point",
       "coordinates":  [ 121.530042,25.074913 ]
    },
    "properties": {
    "物種":"棕櫚類",
    "樹種":"蒲葵",
    "學名":"Livistona chinensis",
    "科別":"棕櫚科",
    "行政區":"中山區",
    "河濱公園":"大佳",
    "數量":1
    }
  },
  {
    "type": "Feature",
    "geometry": {
       "type": "Point",
       "coordinates":  [ 121.529964,25.074857 ]
    },
    "properties": {
    "物種":"棕櫚類",
    "樹種":"蒲葵",
    "學名":"Livistona chinensis",
    "科別":"棕櫚科",
    "行政區":"中山區",
    "河濱公園":"大佳",
    "數量":1
    }
  },
  {
    "type": "Feature",
    "geometry": {
       "type": "Point",
       "coordinates":  [ 121.530028,25.074848 ]
    },
    "properties": {
    "物種":"棕櫚類",
    "樹種":"蒲葵",
    "學名":"Livistona chinensis",
    "科別":"棕櫚科",
    "行政區":"中山區",
    "河濱公園":"大佳",
    "數量":1
    }
  },
  {
    "type": "Feature",
    "geometry": {
       "type": "Point",
       "coordinates":  [ 121.530086,25.074876 ]
    },
    "properties": {
    "物種":"棕櫚類",
    "樹種":"蒲葵",
    "學名":"Livistona chinensis",
    "科別":"棕櫚科",
    "行政區":"中山區",
    "河濱公園":"大佳",
    "數量":1
    }
  },
  {
    "type": "Feature",
    "geometry": {
       "type": "Point",
       "coordinates":  [ 121.530161,25.074893 ]
    },
    "properties": {
    "物種":"棕櫚類",
    "樹種":"蒲葵",
    "學名":"Livistona chinensis",
    "科別":"棕櫚科",
    "行政區":"中山區",
    "河濱公園":"大佳",
    "數量":1
    }
  },
  {
    "type": "Feature",
    "geometry": {
       "type": "Point",
       "coordinates":  [ 121.530215,25.074924 ]
    },
    "properties": {
    "物種":"棕櫚類",
    "樹種":"蒲葵",
    "學名":"Livistona chinensis",
    "科別":"棕櫚科",
    "行政區":"中山區",
    "河濱公園":"大佳",
    "數量":1
    }
  },
  {
    "type": "Feature",
    "geometry": {
       "type": "Point",
       "coordinates":  [ 121.530224,25.074949 ]
    },
    "properties": {
    "物種":"棕櫚類",
    "樹種":"蒲葵",
    "學名":"Livistona chinensis",
    "科別":"棕櫚科",
    "行政區":"中山區",
    "河濱公園":"大佳",
    "數量":1
    }
  },
  {
    "type": "Feature",
    "geometry": {
       "type": "Point",
       "coordinates":  [ 121.530229,25.074982 ]
    },
    "properties": {
    "物種":"棕櫚類",
    "樹種":"蒲葵",
    "學名":"Livistona chinensis",
    "科別":"棕櫚科",
    "行政區":"中山區",
    "河濱公園":"大佳",
    "數量":1
    }
  },
  {
    "type": "Feature",
    "geometry": {
       "type": "Point",
       "coordinates":  [ 121.532235,25.074582 ]
    },
    "properties": {
    "物種":"棕櫚類",
    "樹種":"大王椰子",
    "學名":"Roystonea regia",
    "科別":"棕櫚科",
    "行政區":"中山區",
    "河濱公園":"大佳",
    "數量":1
    }
  },
  {
    "type": "Feature",
    "geometry": {
       "type": "Point",
       "coordinates":  [ 121.532228,25.074989 ]
    },
    "properties": {
    "物種":"棕櫚類",
    "樹種":"大王椰子",
    "學名":"Roystonea regia",
    "科別":"棕櫚科",
    "行政區":"中山區",
    "河濱公園":"大佳",
    "數量":1
    }
  },
  {
    "type": "Feature",
    "geometry": {
       "type": "Point",
       "coordinates":  [ 121.517593,25.080264 ]
    },
    "properties": {
    "物種":"棕櫚類",
    "樹種":"大王椰子",
    "學名":"Roystonea regia",
    "科別":"棕櫚科",
    "行政區":"士林區",
    "河濱公園":"百齡右岸",
    "數量":1
    }
  },
  {
    "type": "Feature",
    "geometry": {
       "type": "Point",
       "coordinates":  [ 121.515079,25.0863 ]
    },
    "properties": {
    "物種":"棕櫚類",
    "樹種":"蒲葵",
    "學名":"Livistona chinensis",
    "科別":"棕櫚科",
    "行政區":"士林區",
    "河濱公園":"百齡右岸",
    "數量":1
    }
  },
  {
    "type": "Feature",
    "geometry": {
       "type": "Point",
       "coordinates":  [ 121.517494,25.080368 ]
    },
    "properties": {
    "物種":"棕櫚類",
    "樹種":"臺灣海棗",
    "學名":"Phoenix hanceana",
    "科別":"棕櫚科",
    "行政區":"士林區",
    "河濱公園":"百齡右岸",
    "數量":1
    }
  },
  {
    "type": "Feature",
    "geometry": {
       "type": "Point",
       "coordinates":  [ 121.509115,25.093294 ]
    },
    "properties": {
    "物種":"棕櫚類",
    "樹種":"黃椰子",
    "學名":"Chrysalidocarpus",
    "科別":"棕櫚科",
    "行政區":"士林區",
    "河濱公園":"百齡左岸",
    "數量":1
    }
  },
  {
    "type": "Feature",
    "geometry": {
       "type": "Point",
       "coordinates":  [ 121.507727,25.055906 ]
    },
    "properties": {
    "物種":"棕櫚類",
    "樹種":"蒲葵",
    "學名":"Livistona chinensis",
    "科別":"棕櫚科",
    "行政區":"大同區",
    "河濱公園":"延平",
    "數量":1
    }
  },
  {
    "type": "Feature",
    "geometry": {
       "type": "Point",
       "coordinates":  [ 121.507689,25.055724 ]
    },
    "properties": {
    "物種":"棕櫚類",
    "樹種":"大王椰子",
    "學名":"Roystonea regia",
    "科別":"棕櫚科",
    "行政區":"大同區",
    "河濱公園":"延平",
    "數量":1
    }
  },
  {
    "type": "Feature",
    "geometry": {
       "type": "Point",
       "coordinates":  [ 121.507682,25.055702 ]
    },
    "properties": {
    "物種":"棕櫚類",
    "樹種":"大王椰子",
    "學名":"Roystonea regia",
    "科別":"棕櫚科",
    "行政區":"大同區",
    "河濱公園":"延平",
    "數量":1
    }
  },
  {
    "type": "Feature",
    "geometry": {
       "type": "Point",
       "coordinates":  [ 121.507677,25.055681 ]
    },
    "properties": {
    "物種":"棕櫚類",
    "樹種":"大王椰子",
    "學名":"Roystonea regia",
    "科別":"棕櫚科",
    "行政區":"大同區",
    "河濱公園":"延平",
    "數量":1
    }
  },
  {
    "type": "Feature",
    "geometry": {
       "type": "Point",
       "coordinates":  [ 121.50732,25.054848 ]
    },
    "properties": {
    "物種":"棕櫚類",
    "樹種":"黃椰子",
    "學名":"Chrysalidocarpus",
    "科別":"棕櫚科",
    "行政區":"大同區",
    "河濱公園":"延平",
    "數量":1
    }
  },
  {
    "type": "Feature",
    "geometry": {
       "type": "Point",
       "coordinates":  [ 121.507312,25.054904 ]
    },
    "properties": {
    "物種":"棕櫚類",
    "樹種":"蒲葵",
    "學名":"Livistona chinensis",
    "科別":"棕櫚科",
    "行政區":"大同區",
    "河濱公園":"延平",
    "數量":1
    }
  },
  {
    "type": "Feature",
    "geometry": {
       "type": "Point",
       "coordinates":  [ 121.507334,25.054921 ]
    },
    "properties": {
    "物種":"棕櫚類",
    "樹種":"黃椰子",
    "學名":"Chrysalidocarpus",
    "科別":"棕櫚科",
    "行政區":"大同區",
    "河濱公園":"延平",
    "數量":1
    }
  },
  {
    "type": "Feature",
    "geometry": {
       "type": "Point",
       "coordinates":  [ 121.507103,25.05466 ]
    },
    "properties": {
    "物種":"棕櫚類",
    "樹種":"黃椰子",
    "學名":"Chrysalidocarpus",
    "科別":"棕櫚科",
    "行政區":"大同區",
    "河濱公園":"延平",
    "數量":1
    }
  },
  {
    "type": "Feature",
    "geometry": {
       "type": "Point",
       "coordinates":  [ 121.507041,25.05453 ]
    },
    "properties": {
    "物種":"棕櫚類",
    "樹種":"孔雀椰子",
    "學名":"Caryota urens",
    "科別":"棕櫚科",
    "行政區":"大同區",
    "河濱公園":"延平",
    "數量":1
    }
  },
  {
    "type": "Feature",
    "geometry": {
       "type": "Point",
       "coordinates":  [ 121.507331,25.054552 ]
    },
    "properties": {
    "物種":"棕櫚類",
    "樹種":"孔雀椰子",
    "學名":"Caryota urens",
    "科別":"棕櫚科",
    "行政區":"大同區",
    "河濱公園":"延平",
    "數量":1
    }
  },
  {
    "type": "Feature",
    "geometry": {
       "type": "Point",
       "coordinates":  [ 121.507148,25.053955 ]
    },
    "properties": {
    "物種":"棕櫚類",
    "樹種":"大王椰子",
    "學名":"Roystonea regia",
    "科別":"棕櫚科",
    "行政區":"大同區",
    "河濱公園":"延平",
    "數量":1
    }
  },
  {
    "type": "Feature",
    "geometry": {
       "type": "Point",
       "coordinates":  [ 121.50707,25.053969 ]
    },
    "properties": {
    "物種":"棕櫚類",
    "樹種":"叢立孔雀椰子",
    "學名":"Caryota mitis",
    "科別":"棕櫚科",
    "行政區":"大同區",
    "河濱公園":"延平",
    "數量":1
    }
  },
  {
    "type": "Feature",
    "geometry": {
       "type": "Point",
       "coordinates":  [ 121.507034,25.053979 ]
    },
    "properties": {
    "物種":"棕櫚類",
    "樹種":"大王椰子",
    "學名":"Roystonea regia",
    "科別":"棕櫚科",
    "行政區":"大同區",
    "河濱公園":"延平",
    "數量":1
    }
  },
  {
    "type": "Feature",
    "geometry": {
       "type": "Point",
       "coordinates":  [ 121.507019,25.05399 ]
    },
    "properties": {
    "物種":"棕櫚類",
    "樹種":"叢立孔雀椰子",
    "學名":"Caryota mitis",
    "科別":"棕櫚科",
    "行政區":"大同區",
    "河濱公園":"延平",
    "數量":1
    }
  },
  {
    "type": "Feature",
    "geometry": {
       "type": "Point",
       "coordinates":  [ 121.506951,25.053553 ]
    },
    "properties": {
    "物種":"棕櫚類",
    "樹種":"酒瓶椰子",
    "學名":"Mascarena lagenicaulis",
    "科別":"棕櫚科",
    "行政區":"大同區",
    "河濱公園":"延平",
    "數量":1
    }
  },
  {
    "type": "Feature",
    "geometry": {
       "type": "Point",
       "coordinates":  [ 121.506977,25.05355 ]
    },
    "properties": {
    "物種":"棕櫚類",
    "樹種":"酒瓶椰子",
    "學名":"Mascarena lagenicaulis",
    "科別":"棕櫚科",
    "行政區":"大同區",
    "河濱公園":"延平",
    "數量":1
    }
  },
  {
    "type": "Feature",
    "geometry": {
       "type": "Point",
       "coordinates":  [ 121.507011,25.053542 ]
    },
    "properties": {
    "物種":"棕櫚類",
    "樹種":"酒瓶椰子",
    "學名":"Mascarena lagenicaulis",
    "科別":"棕櫚科",
    "行政區":"大同區",
    "河濱公園":"延平",
    "數量":1
    }
  },
  {
    "type": "Feature",
    "geometry": {
       "type": "Point",
       "coordinates":  [ 121.506967,25.053374 ]
    },
    "properties": {
    "物種":"棕櫚類",
    "樹種":"黃椰子",
    "學名":"Chrysalidocarpus",
    "科別":"棕櫚科",
    "行政區":"大同區",
    "河濱公園":"延平",
    "數量":1
    }
  },
  {
    "type": "Feature",
    "geometry": {
       "type": "Point",
       "coordinates":  [ 121.495443,25.039222 ]
    },
    "properties": {
    "物種":"棕櫚類",
    "樹種":"大王椰子",
    "學名":"Roystonea regia",
    "科別":"棕櫚科",
    "行政區":"萬華區",
    "河濱公園":"龍山",
    "數量":1
    }
  },
  {
    "type": "Feature",
    "geometry": {
       "type": "Point",
       "coordinates":  [ 121.499376,25.042109 ]
    },
    "properties": {
    "物種":"棕櫚類",
    "樹種":"羅比親王海棗",
    "學名":"Phoenix humilis",
    "科別":"棕櫚科",
    "行政區":"萬華區",
    "河濱公園":"龍山",
    "數量":1
    }
  },
  {
    "type": "Feature",
    "geometry": {
       "type": "Point",
       "coordinates":  [ 121.491706,25.037059 ]
    },
    "properties": {
    "物種":"棕櫚類",
    "樹種":"蒲葵",
    "學名":"Livistona chinensis",
    "科別":"棕櫚科",
    "行政區":"萬華區",
    "河濱公園":"雁鴨",
    "數量":1
    }
  },
  {
    "type": "Feature",
    "geometry": {
       "type": "Point",
       "coordinates":  [ 121.491646,25.037023 ]
    },
    "properties": {
    "物種":"棕櫚類",
    "樹種":"蒲葵",
    "學名":"Livistona chinensis",
    "科別":"棕櫚科",
    "行政區":"萬華區",
    "河濱公園":"雁鴨",
    "數量":1
    }
  },
  {
    "type": "Feature",
    "geometry": {
       "type": "Point",
       "coordinates":  [ 121.49163,25.036957 ]
    },
    "properties": {
    "物種":"棕櫚類",
    "樹種":"蒲葵",
    "學名":"Livistona chinensis",
    "科別":"棕櫚科",
    "行政區":"萬華區",
    "河濱公園":"雁鴨",
    "數量":1
    }
  },
  {
    "type": "Feature",
    "geometry": {
       "type": "Point",
       "coordinates":  [ 121.491612,25.036935 ]
    },
    "properties": {
    "物種":"棕櫚類",
    "樹種":"蒲葵",
    "學名":"Livistona chinensis",
    "科別":"棕櫚科",
    "行政區":"萬華區",
    "河濱公園":"雁鴨",
    "數量":1
    }
  },
  {
    "type": "Feature",
    "geometry": {
       "type": "Point",
       "coordinates":  [ 121.491587,25.037007 ]
    },
    "properties": {
    "物種":"棕櫚類",
    "樹種":"蒲葵",
    "學名":"Livistona chinensis",
    "科別":"棕櫚科",
    "行政區":"萬華區",
    "河濱公園":"雁鴨",
    "數量":1
    }
  },
  {
    "type": "Feature",
    "geometry": {
       "type": "Point",
       "coordinates":  [ 121.491556,25.037017 ]
    },
    "properties": {
    "物種":"棕櫚類",
    "樹種":"蒲葵",
    "學名":"Livistona chinensis",
    "科別":"棕櫚科",
    "行政區":"萬華區",
    "河濱公園":"雁鴨",
    "數量":1
    }
  },
  {
    "type": "Feature",
    "geometry": {
       "type": "Point",
       "coordinates":  [ 121.491582,25.037038 ]
    },
    "properties": {
    "物種":"棕櫚類",
    "樹種":"蒲葵",
    "學名":"Livistona chinensis",
    "科別":"棕櫚科",
    "行政區":"萬華區",
    "河濱公園":"雁鴨",
    "數量":1
    }
  },
  {
    "type": "Feature",
    "geometry": {
       "type": "Point",
       "coordinates":  [ 121.491517,25.037074 ]
    },
    "properties": {
    "物種":"棕櫚類",
    "樹種":"蒲葵",
    "學名":"Livistona chinensis",
    "科別":"棕櫚科",
    "行政區":"萬華區",
    "河濱公園":"雁鴨",
    "數量":1
    }
  },
  {
    "type": "Feature",
    "geometry": {
       "type": "Point",
       "coordinates":  [ 121.49148,25.037092 ]
    },
    "properties": {
    "物種":"棕櫚類",
    "樹種":"蒲葵",
    "學名":"Livistona chinensis",
    "科別":"棕櫚科",
    "行政區":"萬華區",
    "河濱公園":"雁鴨",
    "數量":1
    }
  },
  {
    "type": "Feature",
    "geometry": {
       "type": "Point",
       "coordinates":  [ 121.536507,24.99017 ]
    },
    "properties": {
    "物種":"棕櫚類",
    "樹種":"臺灣海棗",
    "學名":"Phoenix hanceana",
    "科別":"棕櫚科",
    "行政區":"文山區",
    "河濱公園":"景美",
    "數量":1
    }
  },
  {
    "type": "Feature",
    "geometry": {
       "type": "Point",
       "coordinates":  [ 121.536461,24.990104 ]
    },
    "properties": {
    "物種":"棕櫚類",
    "樹種":"臺灣海棗",
    "學名":"Phoenix hanceana",
    "科別":"棕櫚科",
    "行政區":"文山區",
    "河濱公園":"景美",
    "數量":1
    }
  },
  {
    "type": "Feature",
    "geometry": {
       "type": "Point",
       "coordinates":  [ 121.536459,24.990094 ]
    },
    "properties": {
    "物種":"棕櫚類",
    "樹種":"臺灣海棗",
    "學名":"Phoenix hanceana",
    "科別":"棕櫚科",
    "行政區":"文山區",
    "河濱公園":"景美",
    "數量":1
    }
  },
  {
    "type": "Feature",
    "geometry": {
       "type": "Point",
       "coordinates":  [ 121.536466,24.990078 ]
    },
    "properties": {
    "物種":"棕櫚類",
    "樹種":"臺灣海棗",
    "學名":"Phoenix hanceana",
    "科別":"棕櫚科",
    "行政區":"文山區",
    "河濱公園":"景美",
    "數量":1
    }
  },
  {
    "type": "Feature",
    "geometry": {
       "type": "Point",
       "coordinates":  [ 121.536455,24.990067 ]
    },
    "properties": {
    "物種":"棕櫚類",
    "樹種":"臺灣海棗",
    "學名":"Phoenix hanceana",
    "科別":"棕櫚科",
    "行政區":"文山區",
    "河濱公園":"景美",
    "數量":1
    }
  },
  {
    "type": "Feature",
    "geometry": {
       "type": "Point",
       "coordinates":  [ 121.536456,24.990081 ]
    },
    "properties": {
    "物種":"棕櫚類",
    "樹種":"臺灣海棗",
    "學名":"Phoenix hanceana",
    "科別":"棕櫚科",
    "行政區":"文山區",
    "河濱公園":"景美",
    "數量":1
    }
  },
  {
    "type": "Feature",
    "geometry": {
       "type": "Point",
       "coordinates":  [ 121.536449,24.990051 ]
    },
    "properties": {
    "物種":"棕櫚類",
    "樹種":"臺灣海棗",
    "學名":"Phoenix hanceana",
    "科別":"棕櫚科",
    "行政區":"文山區",
    "河濱公園":"景美",
    "數量":1
    }
  },
  {
    "type": "Feature",
    "geometry": {
       "type": "Point",
       "coordinates":  [ 121.53645,24.990038 ]
    },
    "properties": {
    "物種":"棕櫚類",
    "樹種":"臺灣海棗",
    "學名":"Phoenix hanceana",
    "科別":"棕櫚科",
    "行政區":"文山區",
    "河濱公園":"景美",
    "數量":1
    }
  },
  {
    "type": "Feature",
    "geometry": {
       "type": "Point",
       "coordinates":  [ 121.536458,24.990032 ]
    },
    "properties": {
    "物種":"棕櫚類",
    "樹種":"臺灣海棗",
    "學名":"Phoenix hanceana",
    "科別":"棕櫚科",
    "行政區":"文山區",
    "河濱公園":"景美",
    "數量":1
    }
  },
  {
    "type": "Feature",
    "geometry": {
       "type": "Point",
       "coordinates":  [ 121.536455,24.99001 ]
    },
    "properties": {
    "物種":"棕櫚類",
    "樹種":"臺灣海棗",
    "學名":"Phoenix hanceana",
    "科別":"棕櫚科",
    "行政區":"文山區",
    "河濱公園":"景美",
    "數量":1
    }
  },
  {
    "type": "Feature",
    "geometry": {
       "type": "Point",
       "coordinates":  [ 121.536458,24.99 ]
    },
    "properties": {
    "物種":"棕櫚類",
    "樹種":"臺灣海棗",
    "學名":"Phoenix hanceana",
    "科別":"棕櫚科",
    "行政區":"文山區",
    "河濱公園":"景美",
    "數量":1
    }
  },
  {
    "type": "Feature",
    "geometry": {
       "type": "Point",
       "coordinates":  [ 121.536441,24.989995 ]
    },
    "properties": {
    "物種":"棕櫚類",
    "樹種":"臺灣海棗",
    "學名":"Phoenix hanceana",
    "科別":"棕櫚科",
    "行政區":"文山區",
    "河濱公園":"景美",
    "數量":1
    }
  },
  {
    "type": "Feature",
    "geometry": {
       "type": "Point",
       "coordinates":  [ 121.53645,24.989958 ]
    },
    "properties": {
    "物種":"棕櫚類",
    "樹種":"臺灣海棗",
    "學名":"Phoenix hanceana",
    "科別":"棕櫚科",
    "行政區":"文山區",
    "河濱公園":"景美",
    "數量":1
    }
  },
  {
    "type": "Feature",
    "geometry": {
       "type": "Point",
       "coordinates":  [ 121.536429,24.98994 ]
    },
    "properties": {
    "物種":"棕櫚類",
    "樹種":"臺灣海棗",
    "學名":"Phoenix hanceana",
    "科別":"棕櫚科",
    "行政區":"文山區",
    "河濱公園":"景美",
    "數量":1
    }
  },
  {
    "type": "Feature",
    "geometry": {
       "type": "Point",
       "coordinates":  [ 121.536443,24.989935 ]
    },
    "properties": {
    "物種":"棕櫚類",
    "樹種":"臺灣海棗",
    "學名":"Phoenix hanceana",
    "科別":"棕櫚科",
    "行政區":"文山區",
    "河濱公園":"景美",
    "數量":1
    }
  },
  {
    "type": "Feature",
    "geometry": {
       "type": "Point",
       "coordinates":  [ 121.536429,24.989923 ]
    },
    "properties": {
    "物種":"棕櫚類",
    "樹種":"臺灣海棗",
    "學名":"Phoenix hanceana",
    "科別":"棕櫚科",
    "行政區":"文山區",
    "河濱公園":"景美",
    "數量":1
    }
  },
  {
    "type": "Feature",
    "geometry": {
       "type": "Point",
       "coordinates":  [ 121.536923,24.988947 ]
    },
    "properties": {
    "物種":"棕櫚類",
    "樹種":"黃椰子",
    "學名":"Chrysalidocarpus",
    "科別":"棕櫚科",
    "行政區":"文山區",
    "河濱公園":"景美",
    "數量":1
    }
  },
  {
    "type": "Feature",
    "geometry": {
       "type": "Point",
       "coordinates":  [ 121.544927,24.9846 ]
    },
    "properties": {
    "物種":"棕櫚類",
    "樹種":"黃椰子",
    "學名":"Chrysalidocarpus",
    "科別":"棕櫚科",
    "行政區":"文山區",
    "河濱公園":"木柵",
    "數量":1
    }
  },
  {
    "type": "Feature",
    "geometry": {
       "type": "Point",
       "coordinates":  [ 121.545148,24.984231 ]
    },
    "properties": {
    "物種":"棕櫚類",
    "樹種":"檳榔",
    "學名":"Areca catechu",
    "科別":"棕櫚科",
    "行政區":"文山區",
    "河濱公園":"木柵",
    "數量":1
    }
  },
  {
    "type": "Feature",
    "geometry": {
       "type": "Point",
       "coordinates":  [ 121.554604,24.977397 ]
    },
    "properties": {
    "物種":"棕櫚類",
    "樹種":"大王椰子",
    "學名":"Roystonea regia",
    "科別":"棕櫚科",
    "行政區":"文山區",
    "河濱公園":"道南",
    "數量":1
    }
  },
  {
    "type": "Feature",
    "geometry": {
       "type": "Point",
       "coordinates":  [ 121.580408,24.999184 ]
    },
    "properties": {
    "物種":"棕櫚類",
    "樹種":"羅比親王海棗",
    "學名":"Phoenix humilis",
    "科別":"棕櫚科",
    "行政區":"文山區",
    "河濱公園":"道南",
    "數量":1
    }
  },
  {
    "type": "Feature",
    "geometry": {
       "type": "Point",
       "coordinates":  [ 121.580387,24.999166 ]
    },
    "properties": {
    "物種":"棕櫚類",
    "樹種":"羅比親王海棗",
    "學名":"Phoenix humilis",
    "科別":"棕櫚科",
    "行政區":"文山區",
    "河濱公園":"道南",
    "數量":1
    }
  },
  {
    "type": "Feature",
    "geometry": {
       "type": "Point",
       "coordinates":  [ 121.580369,24.99915 ]
    },
    "properties": {
    "物種":"棕櫚類",
    "樹種":"羅比親王海棗",
    "學名":"Phoenix humilis",
    "科別":"棕櫚科",
    "行政區":"文山區",
    "河濱公園":"道南",
    "數量":1
    }
  },
  {
    "type": "Feature",
    "geometry": {
       "type": "Point",
       "coordinates":  [ 121.580347,24.999134 ]
    },
    "properties": {
    "物種":"棕櫚類",
    "樹種":"羅比親王海棗",
    "學名":"Phoenix humilis",
    "科別":"棕櫚科",
    "行政區":"文山區",
    "河濱公園":"道南",
    "數量":1
    }
  },
  {
    "type": "Feature",
    "geometry": {
       "type": "Point",
       "coordinates":  [ 121.580332,24.999123 ]
    },
    "properties": {
    "物種":"棕櫚類",
    "樹種":"羅比親王海棗",
    "學名":"Phoenix humilis",
    "科別":"棕櫚科",
    "行政區":"文山區",
    "河濱公園":"道南",
    "數量":1
    }
  },
  {
    "type": "Feature",
    "geometry": {
       "type": "Point",
       "coordinates":  [ 121.580311,24.999116 ]
    },
    "properties": {
    "物種":"棕櫚類",
    "樹種":"羅比親王海棗",
    "學名":"Phoenix humilis",
    "科別":"棕櫚科",
    "行政區":"文山區",
    "河濱公園":"道南",
    "數量":1
    }
  },
  {
    "type": "Feature",
    "geometry": {
       "type": "Point",
       "coordinates":  [ 121.58029,24.999109 ]
    },
    "properties": {
    "物種":"棕櫚類",
    "樹種":"羅比親王海棗",
    "學名":"Phoenix humilis",
    "科別":"棕櫚科",
    "行政區":"文山區",
    "河濱公園":"道南",
    "數量":1
    }
  },
  {
    "type": "Feature",
    "geometry": {
       "type": "Point",
       "coordinates":  [ 121.580269,24.999099 ]
    },
    "properties": {
    "物種":"棕櫚類",
    "樹種":"羅比親王海棗",
    "學名":"Phoenix humilis",
    "科別":"棕櫚科",
    "行政區":"文山區",
    "河濱公園":"道南",
    "數量":1
    }
  },
  {
    "type": "Feature",
    "geometry": {
       "type": "Point",
       "coordinates":  [ 121.580244,24.999087 ]
    },
    "properties": {
    "物種":"棕櫚類",
    "樹種":"羅比親王海棗",
    "學名":"Phoenix humilis",
    "科別":"棕櫚科",
    "行政區":"文山區",
    "河濱公園":"道南",
    "數量":1
    }
  },
  {
    "type": "Feature",
    "geometry": {
       "type": "Point",
       "coordinates":  [ 121.580223,24.999076 ]
    },
    "properties": {
    "物種":"棕櫚類",
    "樹種":"羅比親王海棗",
    "學名":"Phoenix humilis",
    "科別":"棕櫚科",
    "行政區":"文山區",
    "河濱公園":"道南",
    "數量":1
    }
  },
  {
    "type": "Feature",
    "geometry": {
       "type": "Point",
       "coordinates":  [ 121.580206,24.999071 ]
    },
    "properties": {
    "物種":"棕櫚類",
    "樹種":"羅比親王海棗",
    "學名":"Phoenix humilis",
    "科別":"棕櫚科",
    "行政區":"文山區",
    "河濱公園":"道南",
    "數量":1
    }
  },
  {
    "type": "Feature",
    "geometry": {
       "type": "Point",
       "coordinates":  [ 121.580182,24.99906 ]
    },
    "properties": {
    "物種":"棕櫚類",
    "樹種":"羅比親王海棗",
    "學名":"Phoenix humilis",
    "科別":"棕櫚科",
    "行政區":"文山區",
    "河濱公園":"道南",
    "數量":1
    }
  },
  {
    "type": "Feature",
    "geometry": {
       "type": "Point",
       "coordinates":  [ 121.580167,24.999047 ]
    },
    "properties": {
    "物種":"棕櫚類",
    "樹種":"羅比親王海棗",
    "學名":"Phoenix humilis",
    "科別":"棕櫚科",
    "行政區":"文山區",
    "河濱公園":"道南",
    "數量":1
    }
  },
  {
    "type": "Feature",
    "geometry": {
       "type": "Point",
       "coordinates":  [ 121.579759,24.998833 ]
    },
    "properties": {
    "物種":"棕櫚類",
    "樹種":"羅比親王海棗",
    "學名":"Phoenix humilis",
    "科別":"棕櫚科",
    "行政區":"文山區",
    "河濱公園":"道南",
    "數量":1
    }
  },
  {
    "type": "Feature",
    "geometry": {
       "type": "Point",
       "coordinates":  [ 121.57968,24.998792 ]
    },
    "properties": {
    "物種":"棕櫚類",
    "樹種":"羅比親王海棗",
    "學名":"Phoenix humilis",
    "科別":"棕櫚科",
    "行政區":"文山區",
    "河濱公園":"道南",
    "數量":1
    }
  },
  {
    "type": "Feature",
    "geometry": {
       "type": "Point",
       "coordinates":  [ 121.579641,24.998768 ]
    },
    "properties": {
    "物種":"棕櫚類",
    "樹種":"羅比親王海棗",
    "學名":"Phoenix humilis",
    "科別":"棕櫚科",
    "行政區":"文山區",
    "河濱公園":"道南",
    "數量":1
    }
  },
  {
    "type": "Feature",
    "geometry": {
       "type": "Point",
       "coordinates":  [ 121.579623,24.99876 ]
    },
    "properties": {
    "物種":"棕櫚類",
    "樹種":"羅比親王海棗",
    "學名":"Phoenix humilis",
    "科別":"棕櫚科",
    "行政區":"文山區",
    "河濱公園":"道南",
    "數量":1
    }
  },
  {
    "type": "Feature",
    "geometry": {
       "type": "Point",
       "coordinates":  [ 121.579602,24.998751 ]
    },
    "properties": {
    "物種":"棕櫚類",
    "樹種":"羅比親王海棗",
    "學名":"Phoenix humilis",
    "科別":"棕櫚科",
    "行政區":"文山區",
    "河濱公園":"道南",
    "數量":1
    }
  },
  {
    "type": "Feature",
    "geometry": {
       "type": "Point",
       "coordinates":  [ 121.579578,24.998736 ]
    },
    "properties": {
    "物種":"棕櫚類",
    "樹種":"羅比親王海棗",
    "學名":"Phoenix humilis",
    "科別":"棕櫚科",
    "行政區":"文山區",
    "河濱公園":"道南",
    "數量":1
    }
  },
  {
    "type": "Feature",
    "geometry": {
       "type": "Point",
       "coordinates":  [ 121.579515,24.998694 ]
    },
    "properties": {
    "物種":"棕櫚類",
    "樹種":"羅比親王海棗",
    "學名":"Phoenix humilis",
    "科別":"棕櫚科",
    "行政區":"文山區",
    "河濱公園":"道南",
    "數量":1
    }
  },
  {
    "type": "Feature",
    "geometry": {
       "type": "Point",
       "coordinates":  [ 121.579497,24.998686 ]
    },
    "properties": {
    "物種":"棕櫚類",
    "樹種":"羅比親王海棗",
    "學名":"Phoenix humilis",
    "科別":"棕櫚科",
    "行政區":"文山區",
    "河濱公園":"道南",
    "數量":1
    }
  },
  {
    "type": "Feature",
    "geometry": {
       "type": "Point",
       "coordinates":  [ 121.579476,24.998674 ]
    },
    "properties": {
    "物種":"棕櫚類",
    "樹種":"羅比親王海棗",
    "學名":"Phoenix humilis",
    "科別":"棕櫚科",
    "行政區":"文山區",
    "河濱公園":"道南",
    "數量":1
    }
  },
  {
    "type": "Feature",
    "geometry": {
       "type": "Point",
       "coordinates":  [ 121.579454,24.998657 ]
    },
    "properties": {
    "物種":"棕櫚類",
    "樹種":"羅比親王海棗",
    "學名":"Phoenix humilis",
    "科別":"棕櫚科",
    "行政區":"文山區",
    "河濱公園":"道南",
    "數量":1
    }
  },
  {
    "type": "Feature",
    "geometry": {
       "type": "Point",
       "coordinates":  [ 121.579435,24.998648 ]
    },
    "properties": {
    "物種":"棕櫚類",
    "樹種":"羅比親王海棗",
    "學名":"Phoenix humilis",
    "科別":"棕櫚科",
    "行政區":"文山區",
    "河濱公園":"道南",
    "數量":1
    }
  },
  {
    "type": "Feature",
    "geometry": {
       "type": "Point",
       "coordinates":  [ 121.57941,24.998635 ]
    },
    "properties": {
    "物種":"棕櫚類",
    "樹種":"羅比親王海棗",
    "學名":"Phoenix humilis",
    "科別":"棕櫚科",
    "行政區":"文山區",
    "河濱公園":"道南",
    "數量":1
    }
  },
  {
    "type": "Feature",
    "geometry": {
       "type": "Point",
       "coordinates":  [ 121.579392,24.998622 ]
    },
    "properties": {
    "物種":"棕櫚類",
    "樹種":"羅比親王海棗",
    "學名":"Phoenix humilis",
    "科別":"棕櫚科",
    "行政區":"文山區",
    "河濱公園":"道南",
    "數量":1
    }
  },
  {
    "type": "Feature",
    "geometry": {
       "type": "Point",
       "coordinates":  [ 121.579372,24.998611 ]
    },
    "properties": {
    "物種":"棕櫚類",
    "樹種":"羅比親王海棗",
    "學名":"Phoenix humilis",
    "科別":"棕櫚科",
    "行政區":"文山區",
    "河濱公園":"道南",
    "數量":1
    }
  },
  {
    "type": "Feature",
    "geometry": {
       "type": "Point",
       "coordinates":  [ 121.579349,24.9986 ]
    },
    "properties": {
    "物種":"棕櫚類",
    "樹種":"羅比親王海棗",
    "學名":"Phoenix humilis",
    "科別":"棕櫚科",
    "行政區":"文山區",
    "河濱公園":"道南",
    "數量":1
    }
  },
  {
    "type": "Feature",
    "geometry": {
       "type": "Point",
       "coordinates":  [ 121.579327,24.998582 ]
    },
    "properties": {
    "物種":"棕櫚類",
    "樹種":"羅比親王海棗",
    "學名":"Phoenix humilis",
    "科別":"棕櫚科",
    "行政區":"文山區",
    "河濱公園":"道南",
    "數量":1
    }
  },
  {
    "type": "Feature",
    "geometry": {
       "type": "Point",
       "coordinates":  [ 121.579306,24.998573 ]
    },
    "properties": {
    "物種":"棕櫚類",
    "樹種":"羅比親王海棗",
    "學名":"Phoenix humilis",
    "科別":"棕櫚科",
    "行政區":"文山區",
    "河濱公園":"道南",
    "數量":1
    }
  },
  {
    "type": "Feature",
    "geometry": {
       "type": "Point",
       "coordinates":  [ 121.57928,24.998568 ]
    },
    "properties": {
    "物種":"棕櫚類",
    "樹種":"羅比親王海棗",
    "學名":"Phoenix humilis",
    "科別":"棕櫚科",
    "行政區":"文山區",
    "河濱公園":"道南",
    "數量":1
    }
  },
  {
    "type": "Feature",
    "geometry": {
       "type": "Point",
       "coordinates":  [ 121.579264,24.998556 ]
    },
    "properties": {
    "物種":"棕櫚類",
    "樹種":"羅比親王海棗",
    "學名":"Phoenix humilis",
    "科別":"棕櫚科",
    "行政區":"文山區",
    "河濱公園":"道南",
    "數量":1
    }
  },
  {
    "type": "Feature",
    "geometry": {
       "type": "Point",
       "coordinates":  [ 121.579248,24.998542 ]
    },
    "properties": {
    "物種":"棕櫚類",
    "樹種":"羅比親王海棗",
    "學名":"Phoenix humilis",
    "科別":"棕櫚科",
    "行政區":"文山區",
    "河濱公園":"道南",
    "數量":1
    }
  },
  {
    "type": "Feature",
    "geometry": {
       "type": "Point",
       "coordinates":  [ 121.579228,24.998528 ]
    },
    "properties": {
    "物種":"棕櫚類",
    "樹種":"羅比親王海棗",
    "學名":"Phoenix humilis",
    "科別":"棕櫚科",
    "行政區":"文山區",
    "河濱公園":"道南",
    "數量":1
    }
  },
  {
    "type": "Feature",
    "geometry": {
       "type": "Point",
       "coordinates":  [ 121.575975,24.996915 ]
    },
    "properties": {
    "物種":"棕櫚類",
    "樹種":"羅比親王海棗",
    "學名":"Phoenix humilis",
    "科別":"棕櫚科",
    "行政區":"文山區",
    "河濱公園":"道南",
    "數量":1
    }
  },
  {
    "type": "Feature",
    "geometry": {
       "type": "Point",
       "coordinates":  [ 121.575957,24.996892 ]
    },
    "properties": {
    "物種":"棕櫚類",
    "樹種":"羅比親王海棗",
    "學名":"Phoenix humilis",
    "科別":"棕櫚科",
    "行政區":"文山區",
    "河濱公園":"道南",
    "數量":1
    }
  },
  {
    "type": "Feature",
    "geometry": {
       "type": "Point",
       "coordinates":  [ 121.575928,24.99688 ]
    },
    "properties": {
    "物種":"棕櫚類",
    "樹種":"羅比親王海棗",
    "學名":"Phoenix humilis",
    "科別":"棕櫚科",
    "行政區":"文山區",
    "河濱公園":"道南",
    "數量":1
    }
  },
  {
    "type": "Feature",
    "geometry": {
       "type": "Point",
       "coordinates":  [ 121.575742,24.996986 ]
    },
    "properties": {
    "物種":"棕櫚類",
    "樹種":"臺灣海棗",
    "學名":"Phoenix hanceana",
    "科別":"棕櫚科",
    "行政區":"文山區",
    "河濱公園":"道南",
    "數量":1
    }
  },
  {
    "type": "Feature",
    "geometry": {
       "type": "Point",
       "coordinates":  [ 121.575605,24.996937 ]
    },
    "properties": {
    "物種":"棕櫚類",
    "樹種":"臺灣海棗",
    "學名":"Phoenix hanceana",
    "科別":"棕櫚科",
    "行政區":"文山區",
    "河濱公園":"道南",
    "數量":1
    }
  },
  {
    "type": "Feature",
    "geometry": {
       "type": "Point",
       "coordinates":  [ 121.515433,25.02306 ]
    },
    "properties": {
    "物種":"棕櫚類",
    "樹種":"華盛頓椰子",
    "學名":"Washingtonia filifera",
    "科別":"棕櫚科",
    "行政區":"中正區",
    "河濱公園":"中正",
    "數量":1
    }
  },
  {
    "type": "Feature",
    "geometry": {
       "type": "Point",
       "coordinates":  [ 121.490829,25.023335 ]
    },
    "properties": {
    "物種":"棕櫚類",
    "樹種":"華盛頓椰子",
    "學名":"Washingtonia filifera",
    "科別":"棕櫚科",
    "行政區":"萬華區",
    "河濱公園":"華中",
    "數量":1
    }
  },
  {
    "type": "Feature",
    "geometry": {
       "type": "Point",
       "coordinates":  [ 121.491026,25.022879 ]
    },
    "properties": {
    "物種":"棕櫚類",
    "樹種":"華盛頓椰子",
    "學名":"Washingtonia filifera",
    "科別":"棕櫚科",
    "行政區":"萬華區",
    "河濱公園":"華中",
    "數量":1
    }
  },
  {
    "type": "Feature",
    "geometry": {
       "type": "Point",
       "coordinates":  [ 121.491165,25.022596 ]
    },
    "properties": {
    "物種":"棕櫚類",
    "樹種":"華盛頓椰子",
    "學名":"Washingtonia filifera",
    "科別":"棕櫚科",
    "行政區":"萬華區",
    "河濱公園":"華中",
    "數量":1
    }
  },
  {
    "type": "Feature",
    "geometry": {
       "type": "Point",
       "coordinates":  [ 121.532539,25.100426 ]
    },
    "properties": {
    "物種":"棕櫚類",
    "樹種":"孔雀椰子",
    "學名":"Caryota urens",
    "科別":"棕櫚科",
    "行政區":"士林區",
    "河濱公園":"雙溪",
    "數量":1
    }
  },
  {
    "type": "Feature",
    "geometry": {
       "type": "Point",
       "coordinates":  [ 121.511914,25.095432 ]
    },
    "properties": {
    "物種":"棕櫚類",
    "樹種":"蒲葵",
    "學名":"Livistona chinensis",
    "科別":"棕櫚科",
    "行政區":"士林區",
    "河濱公園":"百齡右岸河濱公園",
    "數量":1
    }
  },
  {
    "type": "Feature",
    "geometry": {
       "type": "Point",
       "coordinates":  [ 121.51423,25.09279 ]
    },
    "properties": {
    "物種":"棕櫚類",
    "樹種":"宗竹",
    "學名":"Rhapis excelsa",
    "科別":"棕櫚科",
    "行政區":"士林區",
    "河濱公園":"百齡右岸河濱公園",
    "數量":1
    }
  },
  {
    "type": "Feature",
    "geometry": {
       "type": "Point",
       "coordinates":  [ 121.515597,25.087823 ]
    },
    "properties": {
    "物種":"棕櫚類",
    "樹種":"黃椰子",
    "學名":"Chrysalidocarpus",
    "科別":"棕櫚科",
    "行政區":"士林區",
    "河濱公園":"百齡右岸河濱公園",
    "數量":1
    }
  },
  {
    "type": "Feature",
    "geometry": {
       "type": "Point",
       "coordinates":  [ 121.545362,24.984376 ]
    },
    "properties": {
    "物種":"棕櫚類",
    "樹種":"大王椰子",
    "學名":"Roystonea regia",
    "科別":"棕櫚科",
    "行政區":"文山區",
    "河濱公園":"木柵河濱公園",
    "數量":1
    }
  },
  {
    "type": "Feature",
    "geometry": {
       "type": "Point",
       "coordinates":  [ 121.545387,24.98433 ]
    },
    "properties": {
    "物種":"棕櫚類",
    "樹種":"大王椰子",
    "學名":"Roystonea regia",
    "科別":"棕櫚科",
    "行政區":"文山區",
    "河濱公園":"木柵河濱公園",
    "數量":1
    }
  },
  {
    "type": "Feature",
    "geometry": {
       "type": "Point",
       "coordinates":  [ 121.545396,24.984321 ]
    },
    "properties": {
    "物種":"棕櫚類",
    "樹種":"大王椰子",
    "學名":"Roystonea regia",
    "科別":"棕櫚科",
    "行政區":"文山區",
    "河濱公園":"木柵河濱公園",
    "數量":1
    }
  },
  {
    "type": "Feature",
    "geometry": {
       "type": "Point",
       "coordinates":  [ 121.547939,24.98396 ]
    },
    "properties": {
    "物種":"棕櫚類",
    "樹種":"酒瓶椰子",
    "學名":"Mascarena lagenicaulis",
    "科別":"棕櫚科",
    "行政區":"文山區",
    "河濱公園":"木柵河濱公園",
    "數量":1
    }
  },
  {
    "type": "Feature",
    "geometry": {
       "type": "Point",
       "coordinates":  [ 121.548097,24.984002 ]
    },
    "properties": {
    "物種":"棕櫚類",
    "樹種":"袖珍椰子",
    "學名":"Chamaedorea elegans",
    "科別":"棕櫚科",
    "行政區":"文山區",
    "河濱公園":"木柵河濱公園",
    "數量":1
    }
  },
  {
    "type": "Feature",
    "geometry": {
       "type": "Point",
       "coordinates":  [ 121.54813,24.98401 ]
    },
    "properties": {
    "物種":"棕櫚類",
    "樹種":"黃椰子",
    "學名":"Chrysalidocarpus",
    "科別":"棕櫚科",
    "行政區":"文山區",
    "河濱公園":"木柵河濱公園",
    "數量":1
    }
  },
  {
    "type": "Feature",
    "geometry": {
       "type": "Point",
       "coordinates":  [ 121.550471,24.985891 ]
    },
    "properties": {
    "物種":"棕櫚類",
    "樹種":"黃椰子",
    "學名":"Chrysalidocarpus",
    "科別":"棕櫚科",
    "行政區":"文山區",
    "河濱公園":"木柵河濱公園",
    "數量":1
    }
  },
  {
    "type": "Feature",
    "geometry": {
       "type": "Point",
       "coordinates":  [ 121.554376,24.978223 ]
    },
    "properties": {
    "物種":"棕櫚類",
    "樹種":"黃椰子",
    "學名":"Chrysalidocarpus",
    "科別":"棕櫚科",
    "行政區":"文山區",
    "河濱公園":"道南河濱公園",
    "數量":1
    }
  },
  {
    "type": "Feature",
    "geometry": {
       "type": "Point",
       "coordinates":  [ 121.55529,24.97697 ]
    },
    "properties": {
    "物種":"棕櫚類",
    "樹種":"華盛頓椰子",
    "學名":"Washingtonia filifera",
    "科別":"棕櫚科",
    "行政區":"文山區",
    "河濱公園":"道南河濱公園",
    "數量":1
    }
  },
  {
    "type": "Feature",
    "geometry": {
       "type": "Point",
       "coordinates":  [ 121.556125,24.976988 ]
    },
    "properties": {
    "物種":"棕櫚類",
    "樹種":"黃椰子",
    "學名":"Chrysalidocarpus",
    "科別":"棕櫚科",
    "行政區":"文山區",
    "河濱公園":"道南河濱公園",
    "數量":1
    }
  },
  {
    "type": "Feature",
    "geometry": {
       "type": "Point",
       "coordinates":  [ 121.554339,24.978397 ]
    },
    "properties": {
    "物種":"棕櫚類",
    "樹種":"黃椰子",
    "學名":"Chrysalidocarpus",
    "科別":"棕櫚科",
    "行政區":"文山區",
    "河濱公園":"道南河濱公園",
    "數量":1
    }
  },
  {
    "type": "Feature",
    "geometry": {
       "type": "Point",
       "coordinates":  [ 121.555939,24.976866 ]
    },
    "properties": {
    "物種":"棕櫚類",
    "樹種":"宗竹",
    "學名":"Rhapis excelsa",
    "科別":"棕櫚科",
    "行政區":"文山區",
    "河濱公園":"道南河濱公園",
    "數量":1
    }
  },
  {
    "type": "Feature",
    "geometry": {
       "type": "Point",
       "coordinates":  [ 121.560046,24.980262 ]
    },
    "properties": {
    "物種":"棕櫚類",
    "樹種":"黃椰子",
    "學名":"Chrysalidocarpus",
    "科別":"棕櫚科",
    "行政區":"文山區",
    "河濱公園":"道南河濱公園",
    "數量":1
    }
  },
  {
    "type": "Feature",
    "geometry": {
       "type": "Point",
       "coordinates":  [ 121.560868,24.98008 ]
    },
    "properties": {
    "物種":"棕櫚類",
    "樹種":"蒲葵",
    "學名":"Livistona chinensis",
    "科別":"棕櫚科",
    "行政區":"文山區",
    "河濱公園":"道南河濱公園",
    "數量":1
    }
  },
  {
    "type": "Feature",
    "geometry": {
       "type": "Point",
       "coordinates":  [ 121.560887,24.980097 ]
    },
    "properties": {
    "物種":"棕櫚類",
    "樹種":"蒲葵",
    "學名":"Livistona chinensis",
    "科別":"棕櫚科",
    "行政區":"文山區",
    "河濱公園":"道南河濱公園",
    "數量":1
    }
  },
  {
    "type": "Feature",
    "geometry": {
       "type": "Point",
       "coordinates":  [ 121.560896,24.980107 ]
    },
    "properties": {
    "物種":"棕櫚類",
    "樹種":"蒲葵",
    "學名":"Livistona chinensis",
    "科別":"棕櫚科",
    "行政區":"文山區",
    "河濱公園":"道南河濱公園",
    "數量":1
    }
  },
  {
    "type": "Feature",
    "geometry": {
       "type": "Point",
       "coordinates":  [ 121.561966,24.980255 ]
    },
    "properties": {
    "物種":"棕櫚類",
    "樹種":"黃椰子",
    "學名":"Chrysalidocarpus",
    "科別":"棕櫚科",
    "行政區":"文山區",
    "河濱公園":"道南河濱公園",
    "數量":1
    }
  },
  {
    "type": "Feature",
    "geometry": {
       "type": "Point",
       "coordinates":  [ 121.562039,24.980287 ]
    },
    "properties": {
    "物種":"棕櫚類",
    "樹種":"黃椰子",
    "學名":"Chrysalidocarpus",
    "科別":"棕櫚科",
    "行政區":"文山區",
    "河濱公園":"道南河濱公園",
    "數量":1
    }
  },
  {
    "type": "Feature",
    "geometry": {
       "type": "Point",
       "coordinates":  [ 121.569554,24.982597 ]
    },
    "properties": {
    "物種":"棕櫚類",
    "樹種":"蒲葵",
    "學名":"Livistona chinensis",
    "科別":"棕櫚科",
    "行政區":"文山區",
    "河濱公園":"道南河濱公園",
    "數量":1
    }
  },
  {
    "type": "Feature",
    "geometry": {
       "type": "Point",
       "coordinates":  [ 121.570213,24.983045 ]
    },
    "properties": {
    "物種":"棕櫚類",
    "樹種":"黃椰子",
    "學名":"Chrysalidocarpus",
    "科別":"棕櫚科",
    "行政區":"文山區",
    "河濱公園":"道南河濱公園",
    "數量":1
    }
  },
  {
    "type": "Feature",
    "geometry": {
       "type": "Point",
       "coordinates":  [ 121.571626,24.986866 ]
    },
    "properties": {
    "物種":"棕櫚類",
    "樹種":"檳榔",
    "學名":"Areca catechu",
    "科別":"棕櫚科",
    "行政區":"文山區",
    "河濱公園":"道南河濱公園",
    "數量":1
    }
  },
  {
    "type": "Feature",
    "geometry": {
       "type": "Point",
       "coordinates":  [ 121.57154,24.987883 ]
    },
    "properties": {
    "物種":"棕櫚類",
    "樹種":"大王椰子",
    "學名":"Roystonea regia",
    "科別":"棕櫚科",
    "行政區":"文山區",
    "河濱公園":"道南河濱公園",
    "數量":1
    }
  },
  {
    "type": "Feature",
    "geometry": {
       "type": "Point",
       "coordinates":  [ 121.52988,25.099247 ]
    },
    "properties": {
    "物種":"棕櫚類",
    "樹種":"大王椰子",
    "學名":"Roystonea regia",
    "科別":"棕櫚科",
    "行政區":"士林區",
    "河濱公園":"雙溪河濱公園",
    "數量":1
    }
  },
  {
    "type": "Feature",
    "geometry": {
       "type": "Point",
       "coordinates":  [ 121.523534,25.099691 ]
    },
    "properties": {
    "物種":"棕櫚類",
    "樹種":"黃椰子",
    "學名":"Chrysalidocarpus",
    "科別":"棕櫚科",
    "行政區":"士林區",
    "河濱公園":"雙溪河濱公園",
    "數量":1
    }
  },
  {
    "type": "Feature",
    "geometry": {
       "type": "Point",
       "coordinates":  [ 121.524713,25.100454 ]
    },
    "properties": {
    "物種":"棕櫚類",
    "樹種":"黃椰子",
    "學名":"Chrysalidocarpus",
    "科別":"棕櫚科",
    "行政區":"士林區",
    "河濱公園":"雙溪河濱公園",
    "數量":1
    }
  },
  {
    "type": "Feature",
    "geometry": {
       "type": "Point",
       "coordinates":  [ 121.527274,25.100838 ]
    },
    "properties": {
    "物種":"棕櫚類",
    "樹種":"叢立孔雀椰子 ",
    "學名":"Caryota mitis",
    "科別":"棕櫚科",
    "行政區":"士林區",
    "河濱公園":"雙溪河濱公園",
    "數量":1
    }
  },
  {
    "type": "Feature",
    "geometry": {
       "type": "Point",
       "coordinates":  [ 121.527274,25.10084 ]
    },
    "properties": {
    "物種":"棕櫚類",
    "樹種":"叢立孔雀椰子 ",
    "學名":"Caryota mitis",
    "科別":"棕櫚科",
    "行政區":"士林區",
    "河濱公園":"雙溪河濱公園",
    "數量":1
    }
  },
  {
    "type": "Feature",
    "geometry": {
       "type": "Point",
       "coordinates":  [ 121.501309,25.137592 ]
    },
    "properties": {
    "物種":"棕櫚類",
    "樹種":"黃椰子",
    "學名":"Chrysalidocarpus",
    "科別":"棕櫚科",
    "行政區":"北投區",
    "河濱公園":"中庸二號公園",
    "數量":1
    }
  },
  {
    "type": "Feature",
    "geometry": {
       "type": "Point",
       "coordinates":  [ 121.501328,25.137519 ]
    },
    "properties": {
    "物種":"棕櫚類",
    "樹種":"蒲葵",
    "學名":"Livistona chinensis",
    "科別":"棕櫚科",
    "行政區":"北投區",
    "河濱公園":"中庸二號公園",
    "數量":1
    }
  },
  {
    "type": "Feature",
    "geometry": {
       "type": "Point",
       "coordinates":  [ 121.501401,25.137476 ]
    },
    "properties": {
    "物種":"棕櫚類",
    "樹種":"蒲葵",
    "學名":"Livistona chinensis",
    "科別":"棕櫚科",
    "行政區":"北投區",
    "河濱公園":"中庸二號公園",
    "數量":1
    }
  },
  {
    "type": "Feature",
    "geometry": {
       "type": "Point",
       "coordinates":  [ 121.501421,25.137447 ]
    },
    "properties": {
    "物種":"棕櫚類",
    "樹種":"蒲葵",
    "學名":"Livistona chinensis",
    "科別":"棕櫚科",
    "行政區":"北投區",
    "河濱公園":"中庸二號公園",
    "數量":1
    }
  },
  {
    "type": "Feature",
    "geometry": {
       "type": "Point",
       "coordinates":  [ 121.501355,25.137434 ]
    },
    "properties": {
    "物種":"棕櫚類",
    "樹種":"蒲葵",
    "學名":"Livistona chinensis",
    "科別":"棕櫚科",
    "行政區":"北投區",
    "河濱公園":"中庸二號公園",
    "數量":1
    }
  },
  {
    "type": "Feature",
    "geometry": {
       "type": "Point",
       "coordinates":  [ 121.501452,25.137303 ]
    },
    "properties": {
    "物種":"棕櫚類",
    "樹種":"蒲葵",
    "學名":"Livistona chinensis",
    "科別":"棕櫚科",
    "行政區":"北投區",
    "河濱公園":"中庸二號公園",
    "數量":1
    }
  },
  {
    "type": "Feature",
    "geometry": {
       "type": "Point",
       "coordinates":  [ 121.501107,25.137551 ]
    },
    "properties": {
    "物種":"棕櫚類",
    "樹種":"蒲葵",
    "學名":"Livistona chinensis",
    "科別":"棕櫚科",
    "行政區":"北投區",
    "河濱公園":"中庸二號公園",
    "數量":1
    }
  },
  {
    "type": "Feature",
    "geometry": {
       "type": "Point",
       "coordinates":  [ 121.501118,25.137562 ]
    },
    "properties": {
    "物種":"棕櫚類",
    "樹種":"黃椰子",
    "學名":"Chrysalidocarpus",
    "科別":"棕櫚科",
    "行政區":"北投區",
    "河濱公園":"中庸二號公園",
    "數量":1
    }
  },
  {
    "type": "Feature",
    "geometry": {
       "type": "Point",
       "coordinates":  [ 121.501127,25.137572 ]
    },
    "properties": {
    "物種":"棕櫚類",
    "樹種":"蒲葵",
    "學名":"Livistona chinensis",
    "科別":"棕櫚科",
    "行政區":"北投區",
    "河濱公園":"中庸二號公園",
    "數量":1
    }
  },
  {
    "type": "Feature",
    "geometry": {
       "type": "Point",
       "coordinates":  [ 121.534777,24.996489 ]
    },
    "properties": {
    "物種":"喬木類",
    "樹種":"山黃麻",
    "學名":"Trema orientalis",
    "科別":"榆科",
    "行政區":"文山區",
    "河濱公園":"福和",
    "數量":1
    }
  },
  {
    "type": "Feature",
    "geometry": {
       "type": "Point",
       "coordinates":  [ 121.534808,24.996494 ]
    },
    "properties": {
    "物種":"喬木類",
    "樹種":"山黃麻",
    "學名":"Trema orientalis",
    "科別":"榆科",
    "行政區":"文山區",
    "河濱公園":"福和",
    "數量":1
    }
  },
  {
    "type": "Feature",
    "geometry": {
       "type": "Point",
       "coordinates":  [ 121.532801,25.009293 ]
    },
    "properties": {
    "物種":"喬木類",
    "樹種":"水柳",
    "學名":"Salix warburgii",
    "科別":"楊柳科",
    "行政區":"文山區",
    "河濱公園":"福和",
    "數量":1
    }
  },
  {
    "type": "Feature",
    "geometry": {
       "type": "Point",
       "coordinates":  [ 121.532888,25.009519 ]
    },
    "properties": {
    "物種":"喬木類",
    "樹種":"水柳",
    "學名":"Salix warburgii",
    "科別":"楊柳科",
    "行政區":"文山區",
    "河濱公園":"福和",
    "數量":1
    }
  },
  {
    "type": "Feature",
    "geometry": {
       "type": "Point",
       "coordinates":  [ 121.532941,25.009502 ]
    },
    "properties": {
    "物種":"喬木類",
    "樹種":"水柳",
    "學名":"Salix warburgii",
    "科別":"楊柳科",
    "行政區":"文山區",
    "河濱公園":"福和",
    "數量":1
    }
  },
  {
    "type": "Feature",
    "geometry": {
       "type": "Point",
       "coordinates":  [ 121.533195,25.009742 ]
    },
    "properties": {
    "物種":"喬木類",
    "樹種":"水柳",
    "學名":"Salix warburgii",
    "科別":"楊柳科",
    "行政區":"文山區",
    "河濱公園":"福和",
    "數量":1
    }
  },
  {
    "type": "Feature",
    "geometry": {
       "type": "Point",
       "coordinates":  [ 121.533215,25.009717 ]
    },
    "properties": {
    "物種":"喬木類",
    "樹種":"水柳",
    "學名":"Salix warburgii",
    "科別":"楊柳科",
    "行政區":"文山區",
    "河濱公園":"福和",
    "數量":1
    }
  },
  {
    "type": "Feature",
    "geometry": {
       "type": "Point",
       "coordinates":  [ 121.533216,25.009647 ]
    },
    "properties": {
    "物種":"喬木類",
    "樹種":"水柳",
    "學名":"Salix warburgii",
    "科別":"楊柳科",
    "行政區":"文山區",
    "河濱公園":"福和",
    "數量":1
    }
  },
  {
    "type": "Feature",
    "geometry": {
       "type": "Point",
       "coordinates":  [ 121.533193,25.009595 ]
    },
    "properties": {
    "物種":"喬木類",
    "樹種":"水柳",
    "學名":"Salix warburgii",
    "科別":"楊柳科",
    "行政區":"文山區",
    "河濱公園":"福和",
    "數量":1
    }
  },
  {
    "type": "Feature",
    "geometry": {
       "type": "Point",
       "coordinates":  [ 121.533157,25.009544 ]
    },
    "properties": {
    "物種":"喬木類",
    "樹種":"水柳",
    "學名":"Salix warburgii",
    "科別":"楊柳科",
    "行政區":"文山區",
    "河濱公園":"福和",
    "數量":1
    }
  },
  {
    "type": "Feature",
    "geometry": {
       "type": "Point",
       "coordinates":  [ 121.532355,25.009398 ]
    },
    "properties": {
    "物種":"喬木類",
    "樹種":"水柳",
    "學名":"Salix warburgii",
    "科別":"楊柳科",
    "行政區":"文山區",
    "河濱公園":"福和",
    "數量":1
    }
  },
  {
    "type": "Feature",
    "geometry": {
       "type": "Point",
       "coordinates":  [ 121.532342,25.00939 ]
    },
    "properties": {
    "物種":"喬木類",
    "樹種":"水柳",
    "學名":"Salix warburgii",
    "科別":"楊柳科",
    "行政區":"文山區",
    "河濱公園":"福和",
    "數量":1
    }
  },
  {
    "type": "Feature",
    "geometry": {
       "type": "Point",
       "coordinates":  [ 121.532328,25.009393 ]
    },
    "properties": {
    "物種":"喬木類",
    "樹種":"水柳",
    "學名":"Salix warburgii",
    "科別":"楊柳科",
    "行政區":"文山區",
    "河濱公園":"福和",
    "數量":1
    }
  },
  {
    "type": "Feature",
    "geometry": {
       "type": "Point",
       "coordinates":  [ 121.532336,25.009409 ]
    },
    "properties": {
    "物種":"喬木類",
    "樹種":"水柳",
    "學名":"Salix warburgii",
    "科別":"楊柳科",
    "行政區":"文山區",
    "河濱公園":"福和",
    "數量":1
    }
  },
  {
    "type": "Feature",
    "geometry": {
       "type": "Point",
       "coordinates":  [ 121.532342,25.009417 ]
    },
    "properties": {
    "物種":"喬木類",
    "樹種":"水柳",
    "學名":"Salix warburgii",
    "科別":"楊柳科",
    "行政區":"文山區",
    "河濱公園":"福和",
    "數量":1
    }
  },
  {
    "type": "Feature",
    "geometry": {
       "type": "Point",
       "coordinates":  [ 121.532353,25.009436 ]
    },
    "properties": {
    "物種":"喬木類",
    "樹種":"水柳",
    "學名":"Salix warburgii",
    "科別":"楊柳科",
    "行政區":"文山區",
    "河濱公園":"福和",
    "數量":1
    }
  },
  {
    "type": "Feature",
    "geometry": {
       "type": "Point",
       "coordinates":  [ 121.532371,25.00946 ]
    },
    "properties": {
    "物種":"喬木類",
    "樹種":"水柳",
    "學名":"Salix warburgii",
    "科別":"楊柳科",
    "行政區":"文山區",
    "河濱公園":"福和",
    "數量":1
    }
  },
  {
    "type": "Feature",
    "geometry": {
       "type": "Point",
       "coordinates":  [ 121.50519,25.050718 ]
    },
    "properties": {
    "物種":"喬木類",
    "樹種":"水黃皮",
    "學名":"Pongamia pinnata",
    "科別":"豆科",
    "行政區":"大同區",
    "河濱公園":"延平",
    "數量":1
    }
  },
  {
    "type": "Feature",
    "geometry": {
       "type": "Point",
       "coordinates":  [ 121.532914,25.00971 ]
    },
    "properties": {
    "物種":"喬木類",
    "樹種":"水黃皮",
    "學名":"Pongamia pinnata",
    "科別":"豆科",
    "行政區":"文山區",
    "河濱公園":"福和",
    "數量":1
    }
  },
  {
    "type": "Feature",
    "geometry": {
       "type": "Point",
       "coordinates":  [ 121.532962,25.009738 ]
    },
    "properties": {
    "物種":"喬木類",
    "樹種":"水黃皮",
    "學名":"Pongamia pinnata",
    "科別":"豆科",
    "行政區":"文山區",
    "河濱公園":"福和",
    "數量":1
    }
  },
  {
    "type": "Feature",
    "geometry": {
       "type": "Point",
       "coordinates":  [ 121.532973,25.009644 ]
    },
    "properties": {
    "物種":"喬木類",
    "樹種":"水黃皮",
    "學名":"Pongamia pinnata",
    "科別":"豆科",
    "行政區":"文山區",
    "河濱公園":"福和",
    "數量":1
    }
  },
  {
    "type": "Feature",
    "geometry": {
       "type": "Point",
       "coordinates":  [ 121.533005,25.009565 ]
    },
    "properties": {
    "物種":"喬木類",
    "樹種":"水黃皮",
    "學名":"Pongamia pinnata",
    "科別":"豆科",
    "行政區":"文山區",
    "河濱公園":"福和",
    "數量":1
    }
  },
  {
    "type": "Feature",
    "geometry": {
       "type": "Point",
       "coordinates":  [ 121.533033,25.009631 ]
    },
    "properties": {
    "物種":"喬木類",
    "樹種":"水黃皮",
    "學名":"Pongamia pinnata",
    "科別":"豆科",
    "行政區":"文山區",
    "河濱公園":"福和",
    "數量":1
    }
  },
  {
    "type": "Feature",
    "geometry": {
       "type": "Point",
       "coordinates":  [ 121.53306,25.009687 ]
    },
    "properties": {
    "物種":"喬木類",
    "樹種":"水黃皮",
    "學名":"Pongamia pinnata",
    "科別":"豆科",
    "行政區":"文山區",
    "河濱公園":"福和",
    "數量":1
    }
  },
  {
    "type": "Feature",
    "geometry": {
       "type": "Point",
       "coordinates":  [ 121.533046,25.009497 ]
    },
    "properties": {
    "物種":"喬木類",
    "樹種":"水黃皮",
    "學名":"Pongamia pinnata",
    "科別":"豆科",
    "行政區":"文山區",
    "河濱公園":"福和",
    "數量":1
    }
  },
  {
    "type": "Feature",
    "geometry": {
       "type": "Point",
       "coordinates":  [ 121.533241,25.009486 ]
    },
    "properties": {
    "物種":"喬木類",
    "樹種":"水黃皮",
    "學名":"Pongamia pinnata",
    "科別":"豆科",
    "行政區":"文山區",
    "河濱公園":"福和",
    "數量":1
    }
  },
  {
    "type": "Feature",
    "geometry": {
       "type": "Point",
       "coordinates":  [ 121.533278,25.009571 ]
    },
    "properties": {
    "物種":"喬木類",
    "樹種":"水黃皮",
    "學名":"Pongamia pinnata",
    "科別":"豆科",
    "行政區":"文山區",
    "河濱公園":"福和",
    "數量":1
    }
  },
  {
    "type": "Feature",
    "geometry": {
       "type": "Point",
       "coordinates":  [ 121.533114,25.00951 ]
    },
    "properties": {
    "物種":"喬木類",
    "樹種":"水黃皮",
    "學名":"Pongamia pinnata",
    "科別":"豆科",
    "行政區":"文山區",
    "河濱公園":"福和",
    "數量":1
    }
  },
  {
    "type": "Feature",
    "geometry": {
       "type": "Point",
       "coordinates":  [ 121.533212,25.00952 ]
    },
    "properties": {
    "物種":"喬木類",
    "樹種":"水黃皮",
    "學名":"Pongamia pinnata",
    "科別":"豆科",
    "行政區":"文山區",
    "河濱公園":"福和",
    "數量":1
    }
  },
  {
    "type": "Feature",
    "geometry": {
       "type": "Point",
       "coordinates":  [ 121.534939,24.996192 ]
    },
    "properties": {
    "物種":"喬木類",
    "樹種":"水黃皮",
    "學名":"Pongamia pinnata",
    "科別":"豆科",
    "行政區":"文山區",
    "河濱公園":"福和",
    "數量":1
    }
  },
  {
    "type": "Feature",
    "geometry": {
       "type": "Point",
       "coordinates":  [ 121.53378,25.005363 ]
    },
    "properties": {
    "物種":"喬木類",
    "樹種":"水黃皮",
    "學名":"Pongamia pinnata",
    "科別":"豆科",
    "行政區":"文山區",
    "河濱公園":"福和",
    "數量":1
    }
  },
  {
    "type": "Feature",
    "geometry": {
       "type": "Point",
       "coordinates":  [ 121.534357,25.004241 ]
    },
    "properties": {
    "物種":"喬木類",
    "樹種":"白千層",
    "學名":"Melaleuca leucadendra",
    "科別":"桃金孃科",
    "行政區":"文山區",
    "河濱公園":"福和",
    "數量":1
    }
  },
  {
    "type": "Feature",
    "geometry": {
       "type": "Point",
       "coordinates":  [ 121.533054,25.007262 ]
    },
    "properties": {
    "物種":"喬木類",
    "樹種":"白千層",
    "學名":"Melaleuca leucadendra",
    "科別":"桃金孃科",
    "行政區":"文山區",
    "河濱公園":"福和",
    "數量":1
    }
  },
  {
    "type": "Feature",
    "geometry": {
       "type": "Point",
       "coordinates":  [ 121.533032,25.007315 ]
    },
    "properties": {
    "物種":"喬木類",
    "樹種":"白千層",
    "學名":"Melaleuca leucadendra",
    "科別":"桃金孃科",
    "行政區":"文山區",
    "河濱公園":"福和",
    "數量":1
    }
  },
  {
    "type": "Feature",
    "geometry": {
       "type": "Point",
       "coordinates":  [ 121.525109,25.016008 ]
    },
    "properties": {
    "物種":"喬木類",
    "樹種":"光蠟樹",
    "學名":"Fraxinus griffithii",
    "科別":"木犀科",
    "行政區":"中正區",
    "河濱公園":"古亭",
    "數量":1
    }
  },
  {
    "type": "Feature",
    "geometry": {
       "type": "Point",
       "coordinates":  [ 121.527739,25.011892 ]
    },
    "properties": {
    "物種":"喬木類",
    "樹種":"光蠟樹",
    "學名":"Fraxinus griffithii",
    "科別":"木犀科",
    "行政區":"中正區",
    "河濱公園":"古亭",
    "數量":1
    }
  },
  {
    "type": "Feature",
    "geometry": {
       "type": "Point",
       "coordinates":  [ 121.527632,25.011944 ]
    },
    "properties": {
    "物種":"喬木類",
    "樹種":"光蠟樹",
    "學名":"Fraxinus griffithii",
    "科別":"木犀科",
    "行政區":"中正區",
    "河濱公園":"古亭",
    "數量":1
    }
  },
  {
    "type": "Feature",
    "geometry": {
       "type": "Point",
       "coordinates":  [ 121.528887,25.010702 ]
    },
    "properties": {
    "物種":"喬木類",
    "樹種":"光蠟樹",
    "學名":"Fraxinus griffithii",
    "科別":"木犀科",
    "行政區":"文山區",
    "河濱公園":"福和",
    "數量":1
    }
  },
  {
    "type": "Feature",
    "geometry": {
       "type": "Point",
       "coordinates":  [ 121.528832,25.010731 ]
    },
    "properties": {
    "物種":"喬木類",
    "樹種":"光蠟樹",
    "學名":"Fraxinus griffithii",
    "科別":"木犀科",
    "行政區":"文山區",
    "河濱公園":"福和",
    "數量":1
    }
  },
  {
    "type": "Feature",
    "geometry": {
       "type": "Point",
       "coordinates":  [ 121.528851,25.010707 ]
    },
    "properties": {
    "物種":"喬木類",
    "樹種":"光蠟樹",
    "學名":"Fraxinus griffithii",
    "科別":"木犀科",
    "行政區":"文山區",
    "河濱公園":"福和",
    "數量":1
    }
  },
  {
    "type": "Feature",
    "geometry": {
       "type": "Point",
       "coordinates":  [ 121.527124,25.013152 ]
    },
    "properties": {
    "物種":"喬木類",
    "樹種":"血桐",
    "學名":"Macaranga tanarius",
    "科別":"大戟科",
    "行政區":"中正區",
    "河濱公園":"古亭",
    "數量":1
    }
  },
  {
    "type": "Feature",
    "geometry": {
       "type": "Point",
       "coordinates":  [ 121.527366,25.012722 ]
    },
    "properties": {
    "物種":"喬木類",
    "樹種":"血桐",
    "學名":"Macaranga tanarius",
    "科別":"大戟科",
    "行政區":"中正區",
    "河濱公園":"古亭",
    "數量":1
    }
  },
  {
    "type": "Feature",
    "geometry": {
       "type": "Point",
       "coordinates":  [ 121.5274,25.012755 ]
    },
    "properties": {
    "物種":"喬木類",
    "樹種":"血桐",
    "學名":"Macaranga tanarius",
    "科別":"大戟科",
    "行政區":"中正區",
    "河濱公園":"古亭",
    "數量":1
    }
  },
  {
    "type": "Feature",
    "geometry": {
       "type": "Point",
       "coordinates":  [ 121.527931,25.011895 ]
    },
    "properties": {
    "物種":"喬木類",
    "樹種":"血桐",
    "學名":"Macaranga tanarius",
    "科別":"大戟科",
    "行政區":"中正區",
    "河濱公園":"古亭",
    "數量":1
    }
  },
  {
    "type": "Feature",
    "geometry": {
       "type": "Point",
       "coordinates":  [ 121.535243,25.003976 ]
    },
    "properties": {
    "物種":"喬木類",
    "樹種":"血桐",
    "學名":"Macaranga tanarius",
    "科別":"大戟科",
    "行政區":"文山區",
    "河濱公園":"福和",
    "數量":1
    }
  },
  {
    "type": "Feature",
    "geometry": {
       "type": "Point",
       "coordinates":  [ 121.53247,25.009416 ]
    },
    "properties": {
    "物種":"喬木類",
    "樹種":"血桐",
    "學名":"Macaranga tanarius",
    "科別":"大戟科",
    "行政區":"文山區",
    "河濱公園":"福和",
    "數量":1
    }
  },
  {
    "type": "Feature",
    "geometry": {
       "type": "Point",
       "coordinates":  [ 121.532571,25.009397 ]
    },
    "properties": {
    "物種":"喬木類",
    "樹種":"血桐",
    "學名":"Macaranga tanarius",
    "科別":"大戟科",
    "行政區":"文山區",
    "河濱公園":"福和",
    "數量":1
    }
  },
  {
    "type": "Feature",
    "geometry": {
       "type": "Point",
       "coordinates":  [ 121.534936,24.998612 ]
    },
    "properties": {
    "物種":"喬木類",
    "樹種":"咖啡",
    "學名":"Coffea arabica",
    "科別":"茜草科",
    "行政區":"文山區",
    "河濱公園":"福和",
    "數量":1
    }
  },
  {
    "type": "Feature",
    "geometry": {
       "type": "Point",
       "coordinates":  [ 121.534906,24.998609 ]
    },
    "properties": {
    "物種":"喬木類",
    "樹種":"咖啡",
    "學名":"Coffea arabica",
    "科別":"茜草科",
    "行政區":"文山區",
    "河濱公園":"福和",
    "數量":1
    }
  },
  {
    "type": "Feature",
    "geometry": {
       "type": "Point",
       "coordinates":  [ 121.505334,25.05093 ]
    },
    "properties": {
    "物種":"喬木類",
    "樹種":"垂榕",
    "學名":"Ficus benjamina",
    "科別":"桑科",
    "行政區":"大同區",
    "河濱公園":"延平",
    "數量":1
    }
  },
  {
    "type": "Feature",
    "geometry": {
       "type": "Point",
       "coordinates":  [ 121.505311,25.05086 ]
    },
    "properties": {
    "物種":"喬木類",
    "樹種":"垂榕",
    "學名":"Ficus benjamina",
    "科別":"桑科",
    "行政區":"大同區",
    "河濱公園":"延平",
    "數量":1
    }
  },
  {
    "type": "Feature",
    "geometry": {
       "type": "Point",
       "coordinates":  [ 121.532714,25.009376 ]
    },
    "properties": {
    "物種":"喬木類",
    "樹種":"垂榕",
    "學名":"Ficus benjamina",
    "科別":"桑科",
    "行政區":"文山區",
    "河濱公園":"福和",
    "數量":1
    }
  },
  {
    "type": "Feature",
    "geometry": {
       "type": "Point",
       "coordinates":  [ 121.534945,24.998208 ]
    },
    "properties": {
    "物種":"喬木類",
    "樹種":"垂榕",
    "學名":"Ficus benjamina",
    "科別":"桑科",
    "行政區":"文山區",
    "河濱公園":"福和",
    "數量":1
    }
  },
  {
    "type": "Feature",
    "geometry": {
       "type": "Point",
       "coordinates":  [ 121.534932,24.998268 ]
    },
    "properties": {
    "物種":"喬木類",
    "樹種":"垂榕",
    "學名":"Ficus benjamina",
    "科別":"桑科",
    "行政區":"文山區",
    "河濱公園":"福和",
    "數量":1
    }
  },
  {
    "type": "Feature",
    "geometry": {
       "type": "Point",
       "coordinates":  [ 121.534903,24.999784 ]
    },
    "properties": {
    "物種":"喬木類",
    "樹種":"垂榕",
    "學名":"Ficus benjamina",
    "科別":"桑科",
    "行政區":"文山區",
    "河濱公園":"福和",
    "數量":1
    }
  },
  {
    "type": "Feature",
    "geometry": {
       "type": "Point",
       "coordinates":  [ 121.534902,24.999799 ]
    },
    "properties": {
    "物種":"喬木類",
    "樹種":"垂榕",
    "學名":"Ficus benjamina",
    "科別":"桑科",
    "行政區":"文山區",
    "河濱公園":"福和",
    "數量":1
    }
  },
  {
    "type": "Feature",
    "geometry": {
       "type": "Point",
       "coordinates":  [ 121.534903,24.999811 ]
    },
    "properties": {
    "物種":"喬木類",
    "樹種":"垂榕",
    "學名":"Ficus benjamina",
    "科別":"桑科",
    "行政區":"文山區",
    "河濱公園":"福和",
    "數量":1
    }
  },
  {
    "type": "Feature",
    "geometry": {
       "type": "Point",
       "coordinates":  [ 121.534903,24.999824 ]
    },
    "properties": {
    "物種":"喬木類",
    "樹種":"垂榕",
    "學名":"Ficus benjamina",
    "科別":"桑科",
    "行政區":"文山區",
    "河濱公園":"福和",
    "數量":1
    }
  },
  {
    "type": "Feature",
    "geometry": {
       "type": "Point",
       "coordinates":  [ 121.5349,24.999836 ]
    },
    "properties": {
    "物種":"喬木類",
    "樹種":"垂榕",
    "學名":"Ficus benjamina",
    "科別":"桑科",
    "行政區":"文山區",
    "河濱公園":"福和",
    "數量":1
    }
  },
  {
    "type": "Feature",
    "geometry": {
       "type": "Point",
       "coordinates":  [ 121.534899,24.999842 ]
    },
    "properties": {
    "物種":"喬木類",
    "樹種":"垂榕",
    "學名":"Ficus benjamina",
    "科別":"桑科",
    "行政區":"文山區",
    "河濱公園":"福和",
    "數量":1
    }
  },
  {
    "type": "Feature",
    "geometry": {
       "type": "Point",
       "coordinates":  [ 121.534901,24.99985 ]
    },
    "properties": {
    "物種":"喬木類",
    "樹種":"垂榕",
    "學名":"Ficus benjamina",
    "科別":"桑科",
    "行政區":"文山區",
    "河濱公園":"福和",
    "數量":1
    }
  },
  {
    "type": "Feature",
    "geometry": {
       "type": "Point",
       "coordinates":  [ 121.534876,24.999934 ]
    },
    "properties": {
    "物種":"喬木類",
    "樹種":"垂榕",
    "學名":"Ficus benjamina",
    "科別":"桑科",
    "行政區":"文山區",
    "河濱公園":"福和",
    "數量":1
    }
  },
  {
    "type": "Feature",
    "geometry": {
       "type": "Point",
       "coordinates":  [ 121.534836,24.999961 ]
    },
    "properties": {
    "物種":"喬木類",
    "樹種":"垂榕",
    "學名":"Ficus benjamina",
    "科別":"桑科",
    "行政區":"文山區",
    "河濱公園":"福和",
    "數量":1
    }
  },
  {
    "type": "Feature",
    "geometry": {
       "type": "Point",
       "coordinates":  [ 121.534879,24.999984 ]
    },
    "properties": {
    "物種":"喬木類",
    "樹種":"垂榕",
    "學名":"Ficus benjamina",
    "科別":"桑科",
    "行政區":"文山區",
    "河濱公園":"福和",
    "數量":1
    }
  },
  {
    "type": "Feature",
    "geometry": {
       "type": "Point",
       "coordinates":  [ 121.534809,24.999996 ]
    },
    "properties": {
    "物種":"喬木類",
    "樹種":"垂榕",
    "學名":"Ficus benjamina",
    "科別":"桑科",
    "行政區":"文山區",
    "河濱公園":"福和",
    "數量":1
    }
  },
  {
    "type": "Feature",
    "geometry": {
       "type": "Point",
       "coordinates":  [ 121.534871,25.000009 ]
    },
    "properties": {
    "物種":"喬木類",
    "樹種":"垂榕",
    "學名":"Ficus benjamina",
    "科別":"桑科",
    "行政區":"文山區",
    "河濱公園":"福和",
    "數量":1
    }
  },
  {
    "type": "Feature",
    "geometry": {
       "type": "Point",
       "coordinates":  [ 121.534809,25.000021 ]
    },
    "properties": {
    "物種":"喬木類",
    "樹種":"垂榕",
    "學名":"Ficus benjamina",
    "科別":"桑科",
    "行政區":"文山區",
    "河濱公園":"福和",
    "數量":1
    }
  },
  {
    "type": "Feature",
    "geometry": {
       "type": "Point",
       "coordinates":  [ 121.534827,25.000046 ]
    },
    "properties": {
    "物種":"喬木類",
    "樹種":"垂榕",
    "學名":"Ficus benjamina",
    "科別":"桑科",
    "行政區":"文山區",
    "河濱公園":"福和",
    "數量":1
    }
  },
  {
    "type": "Feature",
    "geometry": {
       "type": "Point",
       "coordinates":  [ 121.534838,25.000068 ]
    },
    "properties": {
    "物種":"喬木類",
    "樹種":"垂榕",
    "學名":"Ficus benjamina",
    "科別":"桑科",
    "行政區":"文山區",
    "河濱公園":"福和",
    "數量":1
    }
  },
  {
    "type": "Feature",
    "geometry": {
       "type": "Point",
       "coordinates":  [ 121.534779,25.000077 ]
    },
    "properties": {
    "物種":"喬木類",
    "樹種":"垂榕",
    "學名":"Ficus benjamina",
    "科別":"桑科",
    "行政區":"文山區",
    "河濱公園":"福和",
    "數量":1
    }
  },
  {
    "type": "Feature",
    "geometry": {
       "type": "Point",
       "coordinates":  [ 121.534756,25.00012 ]
    },
    "properties": {
    "物種":"喬木類",
    "樹種":"垂榕",
    "學名":"Ficus benjamina",
    "科別":"桑科",
    "行政區":"文山區",
    "河濱公園":"福和",
    "數量":1
    }
  },
  {
    "type": "Feature",
    "geometry": {
       "type": "Point",
       "coordinates":  [ 121.533623,25.00619 ]
    },
    "properties": {
    "物種":"喬木類",
    "樹種":"垂榕",
    "學名":"Ficus benjamina",
    "科別":"桑科",
    "行政區":"文山區",
    "河濱公園":"福和",
    "數量":1
    }
  },
  {
    "type": "Feature",
    "geometry": {
       "type": "Point",
       "coordinates":  [ 121.533532,25.006392 ]
    },
    "properties": {
    "物種":"喬木類",
    "樹種":"垂榕",
    "學名":"Ficus benjamina",
    "科別":"桑科",
    "行政區":"文山區",
    "河濱公園":"福和",
    "數量":1
    }
  },
  {
    "type": "Feature",
    "geometry": {
       "type": "Point",
       "coordinates":  [ 121.533502,25.006471 ]
    },
    "properties": {
    "物種":"喬木類",
    "樹種":"垂榕",
    "學名":"Ficus benjamina",
    "科別":"桑科",
    "行政區":"文山區",
    "河濱公園":"福和",
    "數量":1
    }
  },
  {
    "type": "Feature",
    "geometry": {
       "type": "Point",
       "coordinates":  [ 121.533463,25.006483 ]
    },
    "properties": {
    "物種":"喬木類",
    "樹種":"垂榕",
    "學名":"Ficus benjamina",
    "科別":"桑科",
    "行政區":"文山區",
    "河濱公園":"福和",
    "數量":1
    }
  },
  {
    "type": "Feature",
    "geometry": {
       "type": "Point",
       "coordinates":  [ 121.533415,25.00654 ]
    },
    "properties": {
    "物種":"喬木類",
    "樹種":"垂榕",
    "學名":"Ficus benjamina",
    "科別":"桑科",
    "行政區":"文山區",
    "河濱公園":"福和",
    "數量":1
    }
  },
  {
    "type": "Feature",
    "geometry": {
       "type": "Point",
       "coordinates":  [ 121.533396,25.006534 ]
    },
    "properties": {
    "物種":"喬木類",
    "樹種":"垂榕",
    "學名":"Ficus benjamina",
    "科別":"桑科",
    "行政區":"文山區",
    "河濱公園":"福和",
    "數量":1
    }
  },
  {
    "type": "Feature",
    "geometry": {
       "type": "Point",
       "coordinates":  [ 121.533392,25.006549 ]
    },
    "properties": {
    "物種":"喬木類",
    "樹種":"垂榕",
    "學名":"Ficus benjamina",
    "科別":"桑科",
    "行政區":"文山區",
    "河濱公園":"福和",
    "數量":1
    }
  },
  {
    "type": "Feature",
    "geometry": {
       "type": "Point",
       "coordinates":  [ 121.533404,25.00659 ]
    },
    "properties": {
    "物種":"喬木類",
    "樹種":"垂榕",
    "學名":"Ficus benjamina",
    "科別":"桑科",
    "行政區":"文山區",
    "河濱公園":"福和",
    "數量":1
    }
  },
  {
    "type": "Feature",
    "geometry": {
       "type": "Point",
       "coordinates":  [ 121.533388,25.006593 ]
    },
    "properties": {
    "物種":"喬木類",
    "樹種":"垂榕",
    "學名":"Ficus benjamina",
    "科別":"桑科",
    "行政區":"文山區",
    "河濱公園":"福和",
    "數量":1
    }
  },
  {
    "type": "Feature",
    "geometry": {
       "type": "Point",
       "coordinates":  [ 121.533394,25.0066 ]
    },
    "properties": {
    "物種":"喬木類",
    "樹種":"垂榕",
    "學名":"Ficus benjamina",
    "科別":"桑科",
    "行政區":"文山區",
    "河濱公園":"福和",
    "數量":1
    }
  },
  {
    "type": "Feature",
    "geometry": {
       "type": "Point",
       "coordinates":  [ 121.533383,25.006596 ]
    },
    "properties": {
    "物種":"喬木類",
    "樹種":"垂榕",
    "學名":"Ficus benjamina",
    "科別":"桑科",
    "行政區":"文山區",
    "河濱公園":"福和",
    "數量":1
    }
  },
  {
    "type": "Feature",
    "geometry": {
       "type": "Point",
       "coordinates":  [ 121.533392,25.006606 ]
    },
    "properties": {
    "物種":"喬木類",
    "樹種":"垂榕",
    "學名":"Ficus benjamina",
    "科別":"桑科",
    "行政區":"文山區",
    "河濱公園":"福和",
    "數量":1
    }
  },
  {
    "type": "Feature",
    "geometry": {
       "type": "Point",
       "coordinates":  [ 121.533384,25.006611 ]
    },
    "properties": {
    "物種":"喬木類",
    "樹種":"垂榕",
    "學名":"Ficus benjamina",
    "科別":"桑科",
    "行政區":"文山區",
    "河濱公園":"福和",
    "數量":1
    }
  },
  {
    "type": "Feature",
    "geometry": {
       "type": "Point",
       "coordinates":  [ 121.533384,25.006624 ]
    },
    "properties": {
    "物種":"喬木類",
    "樹種":"垂榕",
    "學名":"Ficus benjamina",
    "科別":"桑科",
    "行政區":"文山區",
    "河濱公園":"福和",
    "數量":1
    }
  },
  {
    "type": "Feature",
    "geometry": {
       "type": "Point",
       "coordinates":  [ 121.533379,25.00663 ]
    },
    "properties": {
    "物種":"喬木類",
    "樹種":"垂榕",
    "學名":"Ficus benjamina",
    "科別":"桑科",
    "行政區":"文山區",
    "河濱公園":"福和",
    "數量":1
    }
  },
  {
    "type": "Feature",
    "geometry": {
       "type": "Point",
       "coordinates":  [ 121.533376,25.006636 ]
    },
    "properties": {
    "物種":"喬木類",
    "樹種":"垂榕",
    "學名":"Ficus benjamina",
    "科別":"桑科",
    "行政區":"文山區",
    "河濱公園":"福和",
    "數量":1
    }
  },
  {
    "type": "Feature",
    "geometry": {
       "type": "Point",
       "coordinates":  [ 121.533374,25.006643 ]
    },
    "properties": {
    "物種":"喬木類",
    "樹種":"垂榕",
    "學名":"Ficus benjamina",
    "科別":"桑科",
    "行政區":"文山區",
    "河濱公園":"福和",
    "數量":1
    }
  },
  {
    "type": "Feature",
    "geometry": {
       "type": "Point",
       "coordinates":  [ 121.533368,25.006646 ]
    },
    "properties": {
    "物種":"喬木類",
    "樹種":"垂榕",
    "學名":"Ficus benjamina",
    "科別":"桑科",
    "行政區":"文山區",
    "河濱公園":"福和",
    "數量":1
    }
  },
  {
    "type": "Feature",
    "geometry": {
       "type": "Point",
       "coordinates":  [ 121.533357,25.006642 ]
    },
    "properties": {
    "物種":"喬木類",
    "樹種":"垂榕",
    "學名":"Ficus benjamina",
    "科別":"桑科",
    "行政區":"文山區",
    "河濱公園":"福和",
    "數量":1
    }
  },
  {
    "type": "Feature",
    "geometry": {
       "type": "Point",
       "coordinates":  [ 121.533356,25.006662 ]
    },
    "properties": {
    "物種":"喬木類",
    "樹種":"垂榕",
    "學名":"Ficus benjamina",
    "科別":"桑科",
    "行政區":"文山區",
    "河濱公園":"福和",
    "數量":1
    }
  },
  {
    "type": "Feature",
    "geometry": {
       "type": "Point",
       "coordinates":  [ 121.533335,25.006671 ]
    },
    "properties": {
    "物種":"喬木類",
    "樹種":"垂榕",
    "學名":"Ficus benjamina",
    "科別":"桑科",
    "行政區":"文山區",
    "河濱公園":"福和",
    "數量":1
    }
  },
  {
    "type": "Feature",
    "geometry": {
       "type": "Point",
       "coordinates":  [ 121.533335,25.006676 ]
    },
    "properties": {
    "物種":"喬木類",
    "樹種":"垂榕",
    "學名":"Ficus benjamina",
    "科別":"桑科",
    "行政區":"文山區",
    "河濱公園":"福和",
    "數量":1
    }
  },
  {
    "type": "Feature",
    "geometry": {
       "type": "Point",
       "coordinates":  [ 121.53333,25.006693 ]
    },
    "properties": {
    "物種":"喬木類",
    "樹種":"垂榕",
    "學名":"Ficus benjamina",
    "科別":"桑科",
    "行政區":"文山區",
    "河濱公園":"福和",
    "數量":1
    }
  },
  {
    "type": "Feature",
    "geometry": {
       "type": "Point",
       "coordinates":  [ 121.533332,25.006697 ]
    },
    "properties": {
    "物種":"喬木類",
    "樹種":"垂榕",
    "學名":"Ficus benjamina",
    "科別":"桑科",
    "行政區":"文山區",
    "河濱公園":"福和",
    "數量":1
    }
  },
  {
    "type": "Feature",
    "geometry": {
       "type": "Point",
       "coordinates":  [ 121.533331,25.006697 ]
    },
    "properties": {
    "物種":"喬木類",
    "樹種":"垂榕",
    "學名":"Ficus benjamina",
    "科別":"桑科",
    "行政區":"文山區",
    "河濱公園":"福和",
    "數量":1
    }
  },
  {
    "type": "Feature",
    "geometry": {
       "type": "Point",
       "coordinates":  [ 121.533333,25.006703 ]
    },
    "properties": {
    "物種":"喬木類",
    "樹種":"垂榕",
    "學名":"Ficus benjamina",
    "科別":"桑科",
    "行政區":"文山區",
    "河濱公園":"福和",
    "數量":1
    }
  },
  {
    "type": "Feature",
    "geometry": {
       "type": "Point",
       "coordinates":  [ 121.533325,25.006743 ]
    },
    "properties": {
    "物種":"喬木類",
    "樹種":"垂榕",
    "學名":"Ficus benjamina",
    "科別":"桑科",
    "行政區":"文山區",
    "河濱公園":"福和",
    "數量":1
    }
  },
  {
    "type": "Feature",
    "geometry": {
       "type": "Point",
       "coordinates":  [ 121.533326,25.006749 ]
    },
    "properties": {
    "物種":"喬木類",
    "樹種":"垂榕",
    "學名":"Ficus benjamina",
    "科別":"桑科",
    "行政區":"文山區",
    "河濱公園":"福和",
    "數量":1
    }
  },
  {
    "type": "Feature",
    "geometry": {
       "type": "Point",
       "coordinates":  [ 121.533312,25.006743 ]
    },
    "properties": {
    "物種":"喬木類",
    "樹種":"垂榕",
    "學名":"Ficus benjamina",
    "科別":"桑科",
    "行政區":"文山區",
    "河濱公園":"福和",
    "數量":1
    }
  },
  {
    "type": "Feature",
    "geometry": {
       "type": "Point",
       "coordinates":  [ 121.533309,25.006764 ]
    },
    "properties": {
    "物種":"喬木類",
    "樹種":"垂榕",
    "學名":"Ficus benjamina",
    "科別":"桑科",
    "行政區":"文山區",
    "河濱公園":"福和",
    "數量":1
    }
  },
  {
    "type": "Feature",
    "geometry": {
       "type": "Point",
       "coordinates":  [ 121.533296,25.006799 ]
    },
    "properties": {
    "物種":"喬木類",
    "樹種":"垂榕",
    "學名":"Ficus benjamina",
    "科別":"桑科",
    "行政區":"文山區",
    "河濱公園":"福和",
    "數量":1
    }
  },
  {
    "type": "Feature",
    "geometry": {
       "type": "Point",
       "coordinates":  [ 121.533224,25.006916 ]
    },
    "properties": {
    "物種":"喬木類",
    "樹種":"垂榕",
    "學名":"Ficus benjamina",
    "科別":"桑科",
    "行政區":"文山區",
    "河濱公園":"福和",
    "數量":1
    }
  },
  {
    "type": "Feature",
    "geometry": {
       "type": "Point",
       "coordinates":  [ 121.532925,25.007787 ]
    },
    "properties": {
    "物種":"喬木類",
    "樹種":"垂榕",
    "學名":"Ficus benjamina",
    "科別":"桑科",
    "行政區":"文山區",
    "河濱公園":"福和",
    "數量":1
    }
  },
  {
    "type": "Feature",
    "geometry": {
       "type": "Point",
       "coordinates":  [ 121.532919,25.007798 ]
    },
    "properties": {
    "物種":"喬木類",
    "樹種":"垂榕",
    "學名":"Ficus benjamina",
    "科別":"桑科",
    "行政區":"文山區",
    "河濱公園":"福和",
    "數量":1
    }
  },
  {
    "type": "Feature",
    "geometry": {
       "type": "Point",
       "coordinates":  [ 121.532908,25.007806 ]
    },
    "properties": {
    "物種":"喬木類",
    "樹種":"垂榕",
    "學名":"Ficus benjamina",
    "科別":"桑科",
    "行政區":"文山區",
    "河濱公園":"福和",
    "數量":1
    }
  },
  {
    "type": "Feature",
    "geometry": {
       "type": "Point",
       "coordinates":  [ 121.532896,25.007824 ]
    },
    "properties": {
    "物種":"喬木類",
    "樹種":"垂榕",
    "學名":"Ficus benjamina",
    "科別":"桑科",
    "行政區":"文山區",
    "河濱公園":"福和",
    "數量":1
    }
  },
  {
    "type": "Feature",
    "geometry": {
       "type": "Point",
       "coordinates":  [ 121.532882,25.007835 ]
    },
    "properties": {
    "物種":"喬木類",
    "樹種":"垂榕",
    "學名":"Ficus benjamina",
    "科別":"桑科",
    "行政區":"文山區",
    "河濱公園":"福和",
    "數量":1
    }
  },
  {
    "type": "Feature",
    "geometry": {
       "type": "Point",
       "coordinates":  [ 121.53289,25.007837 ]
    },
    "properties": {
    "物種":"喬木類",
    "樹種":"垂榕",
    "學名":"Ficus benjamina",
    "科別":"桑科",
    "行政區":"文山區",
    "河濱公園":"福和",
    "數量":1
    }
  },
  {
    "type": "Feature",
    "geometry": {
       "type": "Point",
       "coordinates":  [ 121.532901,25.007843 ]
    },
    "properties": {
    "物種":"喬木類",
    "樹種":"垂榕",
    "學名":"Ficus benjamina",
    "科別":"桑科",
    "行政區":"文山區",
    "河濱公園":"福和",
    "數量":1
    }
  },
  {
    "type": "Feature",
    "geometry": {
       "type": "Point",
       "coordinates":  [ 121.532895,25.007852 ]
    },
    "properties": {
    "物種":"喬木類",
    "樹種":"垂榕",
    "學名":"Ficus benjamina",
    "科別":"桑科",
    "行政區":"文山區",
    "河濱公園":"福和",
    "數量":1
    }
  },
  {
    "type": "Feature",
    "geometry": {
       "type": "Point",
       "coordinates":  [ 121.532894,25.007857 ]
    },
    "properties": {
    "物種":"喬木類",
    "樹種":"垂榕",
    "學名":"Ficus benjamina",
    "科別":"桑科",
    "行政區":"文山區",
    "河濱公園":"福和",
    "數量":1
    }
  },
  {
    "type": "Feature",
    "geometry": {
       "type": "Point",
       "coordinates":  [ 121.532897,25.007861 ]
    },
    "properties": {
    "物種":"喬木類",
    "樹種":"垂榕",
    "學名":"Ficus benjamina",
    "科別":"桑科",
    "行政區":"文山區",
    "河濱公園":"福和",
    "數量":1
    }
  },
  {
    "type": "Feature",
    "geometry": {
       "type": "Point",
       "coordinates":  [ 121.532901,25.007866 ]
    },
    "properties": {
    "物種":"喬木類",
    "樹種":"垂榕",
    "學名":"Ficus benjamina",
    "科別":"桑科",
    "行政區":"文山區",
    "河濱公園":"福和",
    "數量":1
    }
  },
  {
    "type": "Feature",
    "geometry": {
       "type": "Point",
       "coordinates":  [ 121.532905,25.007868 ]
    },
    "properties": {
    "物種":"喬木類",
    "樹種":"垂榕",
    "學名":"Ficus benjamina",
    "科別":"桑科",
    "行政區":"文山區",
    "河濱公園":"福和",
    "數量":1
    }
  },
  {
    "type": "Feature",
    "geometry": {
       "type": "Point",
       "coordinates":  [ 121.5329,25.007891 ]
    },
    "properties": {
    "物種":"喬木類",
    "樹種":"垂榕",
    "學名":"Ficus benjamina",
    "科別":"桑科",
    "行政區":"文山區",
    "河濱公園":"福和",
    "數量":1
    }
  },
  {
    "type": "Feature",
    "geometry": {
       "type": "Point",
       "coordinates":  [ 121.532896,25.0079 ]
    },
    "properties": {
    "物種":"喬木類",
    "樹種":"垂榕",
    "學名":"Ficus benjamina",
    "科別":"桑科",
    "行政區":"文山區",
    "河濱公園":"福和",
    "數量":1
    }
  },
  {
    "type": "Feature",
    "geometry": {
       "type": "Point",
       "coordinates":  [ 121.532888,25.007918 ]
    },
    "properties": {
    "物種":"喬木類",
    "樹種":"垂榕",
    "學名":"Ficus benjamina",
    "科別":"桑科",
    "行政區":"文山區",
    "河濱公園":"福和",
    "數量":1
    }
  },
  {
    "type": "Feature",
    "geometry": {
       "type": "Point",
       "coordinates":  [ 121.532876,25.007928 ]
    },
    "properties": {
    "物種":"喬木類",
    "樹種":"垂榕",
    "學名":"Ficus benjamina",
    "科別":"桑科",
    "行政區":"文山區",
    "河濱公園":"福和",
    "數量":1
    }
  },
  {
    "type": "Feature",
    "geometry": {
       "type": "Point",
       "coordinates":  [ 121.532848,25.007958 ]
    },
    "properties": {
    "物種":"喬木類",
    "樹種":"垂榕",
    "學名":"Ficus benjamina",
    "科別":"桑科",
    "行政區":"文山區",
    "河濱公園":"福和",
    "數量":1
    }
  },
  {
    "type": "Feature",
    "geometry": {
       "type": "Point",
       "coordinates":  [ 121.532842,25.007971 ]
    },
    "properties": {
    "物種":"喬木類",
    "樹種":"垂榕",
    "學名":"Ficus benjamina",
    "科別":"桑科",
    "行政區":"文山區",
    "河濱公園":"福和",
    "數量":1
    }
  },
  {
    "type": "Feature",
    "geometry": {
       "type": "Point",
       "coordinates":  [ 121.53285,25.00798 ]
    },
    "properties": {
    "物種":"喬木類",
    "樹種":"垂榕",
    "學名":"Ficus benjamina",
    "科別":"桑科",
    "行政區":"文山區",
    "河濱公園":"福和",
    "數量":1
    }
  },
  {
    "type": "Feature",
    "geometry": {
       "type": "Point",
       "coordinates":  [ 121.532844,25.007995 ]
    },
    "properties": {
    "物種":"喬木類",
    "樹種":"垂榕",
    "學名":"Ficus benjamina",
    "科別":"桑科",
    "行政區":"文山區",
    "河濱公園":"福和",
    "數量":1
    }
  },
  {
    "type": "Feature",
    "geometry": {
       "type": "Point",
       "coordinates":  [ 121.532832,25.008005 ]
    },
    "properties": {
    "物種":"喬木類",
    "樹種":"垂榕",
    "學名":"Ficus benjamina",
    "科別":"桑科",
    "行政區":"文山區",
    "河濱公園":"福和",
    "數量":1
    }
  },
  {
    "type": "Feature",
    "geometry": {
       "type": "Point",
       "coordinates":  [ 121.532804,25.008189 ]
    },
    "properties": {
    "物種":"喬木類",
    "樹種":"垂榕",
    "學名":"Ficus benjamina",
    "科別":"桑科",
    "行政區":"文山區",
    "河濱公園":"福和",
    "數量":1
    }
  },
  {
    "type": "Feature",
    "geometry": {
       "type": "Point",
       "coordinates":  [ 121.532801,25.008198 ]
    },
    "properties": {
    "物種":"喬木類",
    "樹種":"垂榕",
    "學名":"Ficus benjamina",
    "科別":"桑科",
    "行政區":"文山區",
    "河濱公園":"福和",
    "數量":1
    }
  },
  {
    "type": "Feature",
    "geometry": {
       "type": "Point",
       "coordinates":  [ 121.532798,25.008205 ]
    },
    "properties": {
    "物種":"喬木類",
    "樹種":"垂榕",
    "學名":"Ficus benjamina",
    "科別":"桑科",
    "行政區":"文山區",
    "河濱公園":"福和",
    "數量":1
    }
  },
  {
    "type": "Feature",
    "geometry": {
       "type": "Point",
       "coordinates":  [ 121.532794,25.008214 ]
    },
    "properties": {
    "物種":"喬木類",
    "樹種":"垂榕",
    "學名":"Ficus benjamina",
    "科別":"桑科",
    "行政區":"文山區",
    "河濱公園":"福和",
    "數量":1
    }
  },
  {
    "type": "Feature",
    "geometry": {
       "type": "Point",
       "coordinates":  [ 121.53279,25.008224 ]
    },
    "properties": {
    "物種":"喬木類",
    "樹種":"垂榕",
    "學名":"Ficus benjamina",
    "科別":"桑科",
    "行政區":"文山區",
    "河濱公園":"福和",
    "數量":1
    }
  },
  {
    "type": "Feature",
    "geometry": {
       "type": "Point",
       "coordinates":  [ 121.532786,25.008234 ]
    },
    "properties": {
    "物種":"喬木類",
    "樹種":"垂榕",
    "學名":"Ficus benjamina",
    "科別":"桑科",
    "行政區":"文山區",
    "河濱公園":"福和",
    "數量":1
    }
  },
  {
    "type": "Feature",
    "geometry": {
       "type": "Point",
       "coordinates":  [ 121.532781,25.008245 ]
    },
    "properties": {
    "物種":"喬木類",
    "樹種":"垂榕",
    "學名":"Ficus benjamina",
    "科別":"桑科",
    "行政區":"文山區",
    "河濱公園":"福和",
    "數量":1
    }
  },
  {
    "type": "Feature",
    "geometry": {
       "type": "Point",
       "coordinates":  [ 121.532777,25.008253 ]
    },
    "properties": {
    "物種":"喬木類",
    "樹種":"垂榕",
    "學名":"Ficus benjamina",
    "科別":"桑科",
    "行政區":"文山區",
    "河濱公園":"福和",
    "數量":1
    }
  },
  {
    "type": "Feature",
    "geometry": {
       "type": "Point",
       "coordinates":  [ 121.532773,25.008261 ]
    },
    "properties": {
    "物種":"喬木類",
    "樹種":"垂榕",
    "學名":"Ficus benjamina",
    "科別":"桑科",
    "行政區":"文山區",
    "河濱公園":"福和",
    "數量":1
    }
  },
  {
    "type": "Feature",
    "geometry": {
       "type": "Point",
       "coordinates":  [ 121.532769,25.008271 ]
    },
    "properties": {
    "物種":"喬木類",
    "樹種":"垂榕",
    "學名":"Ficus benjamina",
    "科別":"桑科",
    "行政區":"文山區",
    "河濱公園":"福和",
    "數量":1
    }
  },
  {
    "type": "Feature",
    "geometry": {
       "type": "Point",
       "coordinates":  [ 121.53277,25.008278 ]
    },
    "properties": {
    "物種":"喬木類",
    "樹種":"垂榕",
    "學名":"Ficus benjamina",
    "科別":"桑科",
    "行政區":"文山區",
    "河濱公園":"福和",
    "數量":1
    }
  },
  {
    "type": "Feature",
    "geometry": {
       "type": "Point",
       "coordinates":  [ 121.532761,25.008275 ]
    },
    "properties": {
    "物種":"喬木類",
    "樹種":"垂榕",
    "學名":"Ficus benjamina",
    "科別":"桑科",
    "行政區":"文山區",
    "河濱公園":"福和",
    "數量":1
    }
  },
  {
    "type": "Feature",
    "geometry": {
       "type": "Point",
       "coordinates":  [ 121.532758,25.008282 ]
    },
    "properties": {
    "物種":"喬木類",
    "樹種":"垂榕",
    "學名":"Ficus benjamina",
    "科別":"桑科",
    "行政區":"文山區",
    "河濱公園":"福和",
    "數量":1
    }
  },
  {
    "type": "Feature",
    "geometry": {
       "type": "Point",
       "coordinates":  [ 121.532759,25.008288 ]
    },
    "properties": {
    "物種":"喬木類",
    "樹種":"垂榕",
    "學名":"Ficus benjamina",
    "科別":"桑科",
    "行政區":"文山區",
    "河濱公園":"福和",
    "數量":1
    }
  },
  {
    "type": "Feature",
    "geometry": {
       "type": "Point",
       "coordinates":  [ 121.532756,25.00834 ]
    },
    "properties": {
    "物種":"喬木類",
    "樹種":"垂榕",
    "學名":"Ficus benjamina",
    "科別":"桑科",
    "行政區":"文山區",
    "河濱公園":"福和",
    "數量":1
    }
  },
  {
    "type": "Feature",
    "geometry": {
       "type": "Point",
       "coordinates":  [ 121.532754,25.008344 ]
    },
    "properties": {
    "物種":"喬木類",
    "樹種":"垂榕",
    "學名":"Ficus benjamina",
    "科別":"桑科",
    "行政區":"文山區",
    "河濱公園":"福和",
    "數量":1
    }
  },
  {
    "type": "Feature",
    "geometry": {
       "type": "Point",
       "coordinates":  [ 121.532749,25.008349 ]
    },
    "properties": {
    "物種":"喬木類",
    "樹種":"垂榕",
    "學名":"Ficus benjamina",
    "科別":"桑科",
    "行政區":"文山區",
    "河濱公園":"福和",
    "數量":1
    }
  },
  {
    "type": "Feature",
    "geometry": {
       "type": "Point",
       "coordinates":  [ 121.532747,25.008353 ]
    },
    "properties": {
    "物種":"喬木類",
    "樹種":"垂榕",
    "學名":"Ficus benjamina",
    "科別":"桑科",
    "行政區":"文山區",
    "河濱公園":"福和",
    "數量":1
    }
  },
  {
    "type": "Feature",
    "geometry": {
       "type": "Point",
       "coordinates":  [ 121.532744,25.008358 ]
    },
    "properties": {
    "物種":"喬木類",
    "樹種":"垂榕",
    "學名":"Ficus benjamina",
    "科別":"桑科",
    "行政區":"文山區",
    "河濱公園":"福和",
    "數量":1
    }
  },
  {
    "type": "Feature",
    "geometry": {
       "type": "Point",
       "coordinates":  [ 121.532739,25.008362 ]
    },
    "properties": {
    "物種":"喬木類",
    "樹種":"垂榕",
    "學名":"Ficus benjamina",
    "科別":"桑科",
    "行政區":"文山區",
    "河濱公園":"福和",
    "數量":1
    }
  },
  {
    "type": "Feature",
    "geometry": {
       "type": "Point",
       "coordinates":  [ 121.532735,25.008367 ]
    },
    "properties": {
    "物種":"喬木類",
    "樹種":"垂榕",
    "學名":"Ficus benjamina",
    "科別":"桑科",
    "行政區":"文山區",
    "河濱公園":"福和",
    "數量":1
    }
  },
  {
    "type": "Feature",
    "geometry": {
       "type": "Point",
       "coordinates":  [ 121.532733,25.008372 ]
    },
    "properties": {
    "物種":"喬木類",
    "樹種":"垂榕",
    "學名":"Ficus benjamina",
    "科別":"桑科",
    "行政區":"文山區",
    "河濱公園":"福和",
    "數量":1
    }
  },
  {
    "type": "Feature",
    "geometry": {
       "type": "Point",
       "coordinates":  [ 121.532729,25.008375 ]
    },
    "properties": {
    "物種":"喬木類",
    "樹種":"垂榕",
    "學名":"Ficus benjamina",
    "科別":"桑科",
    "行政區":"文山區",
    "河濱公園":"福和",
    "數量":1
    }
  },
  {
    "type": "Feature",
    "geometry": {
       "type": "Point",
       "coordinates":  [ 121.532726,25.00838 ]
    },
    "properties": {
    "物種":"喬木類",
    "樹種":"垂榕",
    "學名":"Ficus benjamina",
    "科別":"桑科",
    "行政區":"文山區",
    "河濱公園":"福和",
    "數量":1
    }
  },
  {
    "type": "Feature",
    "geometry": {
       "type": "Point",
       "coordinates":  [ 121.532723,25.008383 ]
    },
    "properties": {
    "物種":"喬木類",
    "樹種":"垂榕",
    "學名":"Ficus benjamina",
    "科別":"桑科",
    "行政區":"文山區",
    "河濱公園":"福和",
    "數量":1
    }
  },
  {
    "type": "Feature",
    "geometry": {
       "type": "Point",
       "coordinates":  [ 121.532562,25.008565 ]
    },
    "properties": {
    "物種":"喬木類",
    "樹種":"垂榕",
    "學名":"Ficus benjamina",
    "科別":"桑科",
    "行政區":"文山區",
    "河濱公園":"福和",
    "數量":1
    }
  },
  {
    "type": "Feature",
    "geometry": {
       "type": "Point",
       "coordinates":  [ 121.533165,25.00886 ]
    },
    "properties": {
    "物種":"喬木類",
    "樹種":"垂榕",
    "學名":"Ficus benjamina",
    "科別":"桑科",
    "行政區":"文山區",
    "河濱公園":"福和",
    "數量":1
    }
  },
  {
    "type": "Feature",
    "geometry": {
       "type": "Point",
       "coordinates":  [ 121.533147,25.008853 ]
    },
    "properties": {
    "物種":"喬木類",
    "樹種":"垂榕",
    "學名":"Ficus benjamina",
    "科別":"桑科",
    "行政區":"文山區",
    "河濱公園":"福和",
    "數量":1
    }
  },
  {
    "type": "Feature",
    "geometry": {
       "type": "Point",
       "coordinates":  [ 121.533124,25.008845 ]
    },
    "properties": {
    "物種":"喬木類",
    "樹種":"垂榕",
    "學名":"Ficus benjamina",
    "科別":"桑科",
    "行政區":"文山區",
    "河濱公園":"福和",
    "數量":1
    }
  },
  {
    "type": "Feature",
    "geometry": {
       "type": "Point",
       "coordinates":  [ 121.533124,25.008831 ]
    },
    "properties": {
    "物種":"喬木類",
    "樹種":"垂榕",
    "學名":"Ficus benjamina",
    "科別":"桑科",
    "行政區":"文山區",
    "河濱公園":"福和",
    "數量":1
    }
  },
  {
    "type": "Feature",
    "geometry": {
       "type": "Point",
       "coordinates":  [ 121.533105,25.008826 ]
    },
    "properties": {
    "物種":"喬木類",
    "樹種":"垂榕",
    "學名":"Ficus benjamina",
    "科別":"桑科",
    "行政區":"文山區",
    "河濱公園":"福和",
    "數量":1
    }
  },
  {
    "type": "Feature",
    "geometry": {
       "type": "Point",
       "coordinates":  [ 121.533039,25.008805 ]
    },
    "properties": {
    "物種":"喬木類",
    "樹種":"垂榕",
    "學名":"Ficus benjamina",
    "科別":"桑科",
    "行政區":"文山區",
    "河濱公園":"福和",
    "數量":1
    }
  },
  {
    "type": "Feature",
    "geometry": {
       "type": "Point",
       "coordinates":  [ 121.533011,25.008794 ]
    },
    "properties": {
    "物種":"喬木類",
    "樹種":"垂榕",
    "學名":"Ficus benjamina",
    "科別":"桑科",
    "行政區":"文山區",
    "河濱公園":"福和",
    "數量":1
    }
  },
  {
    "type": "Feature",
    "geometry": {
       "type": "Point",
       "coordinates":  [ 121.533017,25.008775 ]
    },
    "properties": {
    "物種":"喬木類",
    "樹種":"垂榕",
    "學名":"Ficus benjamina",
    "科別":"桑科",
    "行政區":"文山區",
    "河濱公園":"福和",
    "數量":1
    }
  },
  {
    "type": "Feature",
    "geometry": {
       "type": "Point",
       "coordinates":  [ 121.533052,25.008783 ]
    },
    "properties": {
    "物種":"喬木類",
    "樹種":"垂榕",
    "學名":"Ficus benjamina",
    "科別":"桑科",
    "行政區":"文山區",
    "河濱公園":"福和",
    "數量":1
    }
  },
  {
    "type": "Feature",
    "geometry": {
       "type": "Point",
       "coordinates":  [ 121.533075,25.008788 ]
    },
    "properties": {
    "物種":"喬木類",
    "樹種":"垂榕",
    "學名":"Ficus benjamina",
    "科別":"桑科",
    "行政區":"文山區",
    "河濱公園":"福和",
    "數量":1
    }
  },
  {
    "type": "Feature",
    "geometry": {
       "type": "Point",
       "coordinates":  [ 121.533086,25.008797 ]
    },
    "properties": {
    "物種":"喬木類",
    "樹種":"垂榕",
    "學名":"Ficus benjamina",
    "科別":"桑科",
    "行政區":"文山區",
    "河濱公園":"福和",
    "數量":1
    }
  },
  {
    "type": "Feature",
    "geometry": {
       "type": "Point",
       "coordinates":  [ 121.533102,25.008809 ]
    },
    "properties": {
    "物種":"喬木類",
    "樹種":"垂榕",
    "學名":"Ficus benjamina",
    "科別":"桑科",
    "行政區":"文山區",
    "河濱公園":"福和",
    "數量":1
    }
  },
  {
    "type": "Feature",
    "geometry": {
       "type": "Point",
       "coordinates":  [ 121.533109,25.008793 ]
    },
    "properties": {
    "物種":"喬木類",
    "樹種":"垂榕",
    "學名":"Ficus benjamina",
    "科別":"桑科",
    "行政區":"文山區",
    "河濱公園":"福和",
    "數量":1
    }
  },
  {
    "type": "Feature",
    "geometry": {
       "type": "Point",
       "coordinates":  [ 121.533095,25.008786 ]
    },
    "properties": {
    "物種":"喬木類",
    "樹種":"垂榕",
    "學名":"Ficus benjamina",
    "科別":"桑科",
    "行政區":"文山區",
    "河濱公園":"福和",
    "數量":1
    }
  },
  {
    "type": "Feature",
    "geometry": {
       "type": "Point",
       "coordinates":  [ 121.533113,25.008779 ]
    },
    "properties": {
    "物種":"喬木類",
    "樹種":"垂榕",
    "學名":"Ficus benjamina",
    "科別":"桑科",
    "行政區":"文山區",
    "河濱公園":"福和",
    "數量":1
    }
  },
  {
    "type": "Feature",
    "geometry": {
       "type": "Point",
       "coordinates":  [ 121.533098,25.008771 ]
    },
    "properties": {
    "物種":"喬木類",
    "樹種":"垂榕",
    "學名":"Ficus benjamina",
    "科別":"桑科",
    "行政區":"文山區",
    "河濱公園":"福和",
    "數量":1
    }
  },
  {
    "type": "Feature",
    "geometry": {
       "type": "Point",
       "coordinates":  [ 121.53308,25.008763 ]
    },
    "properties": {
    "物種":"喬木類",
    "樹種":"垂榕",
    "學名":"Ficus benjamina",
    "科別":"桑科",
    "行政區":"文山區",
    "河濱公園":"福和",
    "數量":1
    }
  },
  {
    "type": "Feature",
    "geometry": {
       "type": "Point",
       "coordinates":  [ 121.533078,25.00875 ]
    },
    "properties": {
    "物種":"喬木類",
    "樹種":"垂榕",
    "學名":"Ficus benjamina",
    "科別":"桑科",
    "行政區":"文山區",
    "河濱公園":"福和",
    "數量":1
    }
  },
  {
    "type": "Feature",
    "geometry": {
       "type": "Point",
       "coordinates":  [ 121.533074,25.008735 ]
    },
    "properties": {
    "物種":"喬木類",
    "樹種":"垂榕",
    "學名":"Ficus benjamina",
    "科別":"桑科",
    "行政區":"文山區",
    "河濱公園":"福和",
    "數量":1
    }
  },
  {
    "type": "Feature",
    "geometry": {
       "type": "Point",
       "coordinates":  [ 121.533054,25.008763 ]
    },
    "properties": {
    "物種":"喬木類",
    "樹種":"垂榕",
    "學名":"Ficus benjamina",
    "科別":"桑科",
    "行政區":"文山區",
    "河濱公園":"福和",
    "數量":1
    }
  },
  {
    "type": "Feature",
    "geometry": {
       "type": "Point",
       "coordinates":  [ 121.533085,25.008681 ]
    },
    "properties": {
    "物種":"喬木類",
    "樹種":"垂榕",
    "學名":"Ficus benjamina",
    "科別":"桑科",
    "行政區":"文山區",
    "河濱公園":"福和",
    "數量":1
    }
  },
  {
    "type": "Feature",
    "geometry": {
       "type": "Point",
       "coordinates":  [ 121.533131,25.008697 ]
    },
    "properties": {
    "物種":"喬木類",
    "樹種":"垂榕",
    "學名":"Ficus benjamina",
    "科別":"桑科",
    "行政區":"文山區",
    "河濱公園":"福和",
    "數量":1
    }
  },
  {
    "type": "Feature",
    "geometry": {
       "type": "Point",
       "coordinates":  [ 121.533105,25.008703 ]
    },
    "properties": {
    "物種":"喬木類",
    "樹種":"垂榕",
    "學名":"Ficus benjamina",
    "科別":"桑科",
    "行政區":"文山區",
    "河濱公園":"福和",
    "數量":1
    }
  },
  {
    "type": "Feature",
    "geometry": {
       "type": "Point",
       "coordinates":  [ 121.533161,25.008717 ]
    },
    "properties": {
    "物種":"喬木類",
    "樹種":"垂榕",
    "學名":"Ficus benjamina",
    "科別":"桑科",
    "行政區":"文山區",
    "河濱公園":"福和",
    "數量":1
    }
  },
  {
    "type": "Feature",
    "geometry": {
       "type": "Point",
       "coordinates":  [ 121.533145,25.008724 ]
    },
    "properties": {
    "物種":"喬木類",
    "樹種":"垂榕",
    "學名":"Ficus benjamina",
    "科別":"桑科",
    "行政區":"文山區",
    "河濱公園":"福和",
    "數量":1
    }
  },
  {
    "type": "Feature",
    "geometry": {
       "type": "Point",
       "coordinates":  [ 121.533123,25.008729 ]
    },
    "properties": {
    "物種":"喬木類",
    "樹種":"垂榕",
    "學名":"Ficus benjamina",
    "科別":"桑科",
    "行政區":"文山區",
    "河濱公園":"福和",
    "數量":1
    }
  },
  {
    "type": "Feature",
    "geometry": {
       "type": "Point",
       "coordinates":  [ 121.533169,25.00874 ]
    },
    "properties": {
    "物種":"喬木類",
    "樹種":"垂榕",
    "學名":"Ficus benjamina",
    "科別":"桑科",
    "行政區":"文山區",
    "河濱公園":"福和",
    "數量":1
    }
  },
  {
    "type": "Feature",
    "geometry": {
       "type": "Point",
       "coordinates":  [ 121.53315,25.008743 ]
    },
    "properties": {
    "物種":"喬木類",
    "樹種":"垂榕",
    "學名":"Ficus benjamina",
    "科別":"桑科",
    "行政區":"文山區",
    "河濱公園":"福和",
    "數量":1
    }
  },
  {
    "type": "Feature",
    "geometry": {
       "type": "Point",
       "coordinates":  [ 121.533151,25.008757 ]
    },
    "properties": {
    "物種":"喬木類",
    "樹種":"垂榕",
    "學名":"Ficus benjamina",
    "科別":"桑科",
    "行政區":"文山區",
    "河濱公園":"福和",
    "數量":1
    }
  },
  {
    "type": "Feature",
    "geometry": {
       "type": "Point",
       "coordinates":  [ 121.533134,25.008762 ]
    },
    "properties": {
    "物種":"喬木類",
    "樹種":"垂榕",
    "學名":"Ficus benjamina",
    "科別":"桑科",
    "行政區":"文山區",
    "河濱公園":"福和",
    "數量":1
    }
  },
  {
    "type": "Feature",
    "geometry": {
       "type": "Point",
       "coordinates":  [ 121.533164,25.008768 ]
    },
    "properties": {
    "物種":"喬木類",
    "樹種":"垂榕",
    "學名":"Ficus benjamina",
    "科別":"桑科",
    "行政區":"文山區",
    "河濱公園":"福和",
    "數量":1
    }
  },
  {
    "type": "Feature",
    "geometry": {
       "type": "Point",
       "coordinates":  [ 121.533153,25.008777 ]
    },
    "properties": {
    "物種":"喬木類",
    "樹種":"垂榕",
    "學名":"Ficus benjamina",
    "科別":"桑科",
    "行政區":"文山區",
    "河濱公園":"福和",
    "數量":1
    }
  },
  {
    "type": "Feature",
    "geometry": {
       "type": "Point",
       "coordinates":  [ 121.533175,25.008784 ]
    },
    "properties": {
    "物種":"喬木類",
    "樹種":"垂榕",
    "學名":"Ficus benjamina",
    "科別":"桑科",
    "行政區":"文山區",
    "河濱公園":"福和",
    "數量":1
    }
  },
  {
    "type": "Feature",
    "geometry": {
       "type": "Point",
       "coordinates":  [ 121.533189,25.008777 ]
    },
    "properties": {
    "物種":"喬木類",
    "樹種":"垂榕",
    "學名":"Ficus benjamina",
    "科別":"桑科",
    "行政區":"文山區",
    "河濱公園":"福和",
    "數量":1
    }
  },
  {
    "type": "Feature",
    "geometry": {
       "type": "Point",
       "coordinates":  [ 121.533208,25.0088 ]
    },
    "properties": {
    "物種":"喬木類",
    "樹種":"垂榕",
    "學名":"Ficus benjamina",
    "科別":"桑科",
    "行政區":"文山區",
    "河濱公園":"福和",
    "數量":1
    }
  },
  {
    "type": "Feature",
    "geometry": {
       "type": "Point",
       "coordinates":  [ 121.533225,25.008788 ]
    },
    "properties": {
    "物種":"喬木類",
    "樹種":"垂榕",
    "學名":"Ficus benjamina",
    "科別":"桑科",
    "行政區":"文山區",
    "河濱公園":"福和",
    "數量":1
    }
  },
  {
    "type": "Feature",
    "geometry": {
       "type": "Point",
       "coordinates":  [ 121.53321,25.008775 ]
    },
    "properties": {
    "物種":"喬木類",
    "樹種":"垂榕",
    "學名":"Ficus benjamina",
    "科別":"桑科",
    "行政區":"文山區",
    "河濱公園":"福和",
    "數量":1
    }
  },
  {
    "type": "Feature",
    "geometry": {
       "type": "Point",
       "coordinates":  [ 121.533233,25.008771 ]
    },
    "properties": {
    "物種":"喬木類",
    "樹種":"垂榕",
    "學名":"Ficus benjamina",
    "科別":"桑科",
    "行政區":"文山區",
    "河濱公園":"福和",
    "數量":1
    }
  },
  {
    "type": "Feature",
    "geometry": {
       "type": "Point",
       "coordinates":  [ 121.533216,25.008758 ]
    },
    "properties": {
    "物種":"喬木類",
    "樹種":"垂榕",
    "學名":"Ficus benjamina",
    "科別":"桑科",
    "行政區":"文山區",
    "河濱公園":"福和",
    "數量":1
    }
  },
  {
    "type": "Feature",
    "geometry": {
       "type": "Point",
       "coordinates":  [ 121.533217,25.008737 ]
    },
    "properties": {
    "物種":"喬木類",
    "樹種":"垂榕",
    "學名":"Ficus benjamina",
    "科別":"桑科",
    "行政區":"文山區",
    "河濱公園":"福和",
    "數量":1
    }
  },
  {
    "type": "Feature",
    "geometry": {
       "type": "Point",
       "coordinates":  [ 121.533149,25.008221 ]
    },
    "properties": {
    "物種":"喬木類",
    "樹種":"垂榕",
    "學名":"Ficus benjamina",
    "科別":"桑科",
    "行政區":"文山區",
    "河濱公園":"福和",
    "數量":1
    }
  },
  {
    "type": "Feature",
    "geometry": {
       "type": "Point",
       "coordinates":  [ 121.533157,25.008209 ]
    },
    "properties": {
    "物種":"喬木類",
    "樹種":"垂榕",
    "學名":"Ficus benjamina",
    "科別":"桑科",
    "行政區":"文山區",
    "河濱公園":"福和",
    "數量":1
    }
  },
  {
    "type": "Feature",
    "geometry": {
       "type": "Point",
       "coordinates":  [ 121.533161,25.008201 ]
    },
    "properties": {
    "物種":"喬木類",
    "樹種":"垂榕",
    "學名":"Ficus benjamina",
    "科別":"桑科",
    "行政區":"文山區",
    "河濱公園":"福和",
    "數量":1
    }
  },
  {
    "type": "Feature",
    "geometry": {
       "type": "Point",
       "coordinates":  [ 121.533176,25.008184 ]
    },
    "properties": {
    "物種":"喬木類",
    "樹種":"垂榕",
    "學名":"Ficus benjamina",
    "科別":"桑科",
    "行政區":"文山區",
    "河濱公園":"福和",
    "數量":1
    }
  },
  {
    "type": "Feature",
    "geometry": {
       "type": "Point",
       "coordinates":  [ 121.533195,25.008186 ]
    },
    "properties": {
    "物種":"喬木類",
    "樹種":"垂榕",
    "學名":"Ficus benjamina",
    "科別":"桑科",
    "行政區":"文山區",
    "河濱公園":"福和",
    "數量":1
    }
  },
  {
    "type": "Feature",
    "geometry": {
       "type": "Point",
       "coordinates":  [ 121.533189,25.008197 ]
    },
    "properties": {
    "物種":"喬木類",
    "樹種":"垂榕",
    "學名":"Ficus benjamina",
    "科別":"桑科",
    "行政區":"文山區",
    "河濱公園":"福和",
    "數量":1
    }
  },
  {
    "type": "Feature",
    "geometry": {
       "type": "Point",
       "coordinates":  [ 121.533187,25.008208 ]
    },
    "properties": {
    "物種":"喬木類",
    "樹種":"垂榕",
    "學名":"Ficus benjamina",
    "科別":"桑科",
    "行政區":"文山區",
    "河濱公園":"福和",
    "數量":1
    }
  },
  {
    "type": "Feature",
    "geometry": {
       "type": "Point",
       "coordinates":  [ 121.533187,25.008222 ]
    },
    "properties": {
    "物種":"喬木類",
    "樹種":"垂榕",
    "學名":"Ficus benjamina",
    "科別":"桑科",
    "行政區":"文山區",
    "河濱公園":"福和",
    "數量":1
    }
  },
  {
    "type": "Feature",
    "geometry": {
       "type": "Point",
       "coordinates":  [ 121.533214,25.00822 ]
    },
    "properties": {
    "物種":"喬木類",
    "樹種":"垂榕",
    "學名":"Ficus benjamina",
    "科別":"桑科",
    "行政區":"文山區",
    "河濱公園":"福和",
    "數量":1
    }
  },
  {
    "type": "Feature",
    "geometry": {
       "type": "Point",
       "coordinates":  [ 121.533245,25.008215 ]
    },
    "properties": {
    "物種":"喬木類",
    "樹種":"垂榕",
    "學名":"Ficus benjamina",
    "科別":"桑科",
    "行政區":"文山區",
    "河濱公園":"福和",
    "數量":1
    }
  },
  {
    "type": "Feature",
    "geometry": {
       "type": "Point",
       "coordinates":  [ 121.533244,25.00819 ]
    },
    "properties": {
    "物種":"喬木類",
    "樹種":"垂榕",
    "學名":"Ficus benjamina",
    "科別":"桑科",
    "行政區":"文山區",
    "河濱公園":"福和",
    "數量":1
    }
  },
  {
    "type": "Feature",
    "geometry": {
       "type": "Point",
       "coordinates":  [ 121.533264,25.008202 ]
    },
    "properties": {
    "物種":"喬木類",
    "樹種":"垂榕",
    "學名":"Ficus benjamina",
    "科別":"桑科",
    "行政區":"文山區",
    "河濱公園":"福和",
    "數量":1
    }
  },
  {
    "type": "Feature",
    "geometry": {
       "type": "Point",
       "coordinates":  [ 121.533267,25.008193 ]
    },
    "properties": {
    "物種":"喬木類",
    "樹種":"垂榕",
    "學名":"Ficus benjamina",
    "科別":"桑科",
    "行政區":"文山區",
    "河濱公園":"福和",
    "數量":1
    }
  },
  {
    "type": "Feature",
    "geometry": {
       "type": "Point",
       "coordinates":  [ 121.533294,25.0082 ]
    },
    "properties": {
    "物種":"喬木類",
    "樹種":"垂榕",
    "學名":"Ficus benjamina",
    "科別":"桑科",
    "行政區":"文山區",
    "河濱公園":"福和",
    "數量":1
    }
  },
  {
    "type": "Feature",
    "geometry": {
       "type": "Point",
       "coordinates":  [ 121.533298,25.008191 ]
    },
    "properties": {
    "物種":"喬木類",
    "樹種":"垂榕",
    "學名":"Ficus benjamina",
    "科別":"桑科",
    "行政區":"文山區",
    "河濱公園":"福和",
    "數量":1
    }
  },
  {
    "type": "Feature",
    "geometry": {
       "type": "Point",
       "coordinates":  [ 121.533312,25.008186 ]
    },
    "properties": {
    "物種":"喬木類",
    "樹種":"垂榕",
    "學名":"Ficus benjamina",
    "科別":"桑科",
    "行政區":"文山區",
    "河濱公園":"福和",
    "數量":1
    }
  },
  {
    "type": "Feature",
    "geometry": {
       "type": "Point",
       "coordinates":  [ 121.533299,25.008166 ]
    },
    "properties": {
    "物種":"喬木類",
    "樹種":"垂榕",
    "學名":"Ficus benjamina",
    "科別":"桑科",
    "行政區":"文山區",
    "河濱公園":"福和",
    "數量":1
    }
  },
  {
    "type": "Feature",
    "geometry": {
       "type": "Point",
       "coordinates":  [ 121.533309,25.00815 ]
    },
    "properties": {
    "物種":"喬木類",
    "樹種":"垂榕",
    "學名":"Ficus benjamina",
    "科別":"桑科",
    "行政區":"文山區",
    "河濱公園":"福和",
    "數量":1
    }
  },
  {
    "type": "Feature",
    "geometry": {
       "type": "Point",
       "coordinates":  [ 121.533326,25.008137 ]
    },
    "properties": {
    "物種":"喬木類",
    "樹種":"垂榕",
    "學名":"Ficus benjamina",
    "科別":"桑科",
    "行政區":"文山區",
    "河濱公園":"福和",
    "數量":1
    }
  },
  {
    "type": "Feature",
    "geometry": {
       "type": "Point",
       "coordinates":  [ 121.533322,25.008122 ]
    },
    "properties": {
    "物種":"喬木類",
    "樹種":"垂榕",
    "學名":"Ficus benjamina",
    "科別":"桑科",
    "行政區":"文山區",
    "河濱公園":"福和",
    "數量":1
    }
  },
  {
    "type": "Feature",
    "geometry": {
       "type": "Point",
       "coordinates":  [ 121.533305,25.008114 ]
    },
    "properties": {
    "物種":"喬木類",
    "樹種":"垂榕",
    "學名":"Ficus benjamina",
    "科別":"桑科",
    "行政區":"文山區",
    "河濱公園":"福和",
    "數量":1
    }
  },
  {
    "type": "Feature",
    "geometry": {
       "type": "Point",
       "coordinates":  [ 121.533294,25.008107 ]
    },
    "properties": {
    "物種":"喬木類",
    "樹種":"垂榕",
    "學名":"Ficus benjamina",
    "科別":"桑科",
    "行政區":"文山區",
    "河濱公園":"福和",
    "數量":1
    }
  },
  {
    "type": "Feature",
    "geometry": {
       "type": "Point",
       "coordinates":  [ 121.533284,25.008101 ]
    },
    "properties": {
    "物種":"喬木類",
    "樹種":"垂榕",
    "學名":"Ficus benjamina",
    "科別":"桑科",
    "行政區":"文山區",
    "河濱公園":"福和",
    "數量":1
    }
  },
  {
    "type": "Feature",
    "geometry": {
       "type": "Point",
       "coordinates":  [ 121.533294,25.008083 ]
    },
    "properties": {
    "物種":"喬木類",
    "樹種":"垂榕",
    "學名":"Ficus benjamina",
    "科別":"桑科",
    "行政區":"文山區",
    "河濱公園":"福和",
    "數量":1
    }
  },
  {
    "type": "Feature",
    "geometry": {
       "type": "Point",
       "coordinates":  [ 121.533326,25.008098 ]
    },
    "properties": {
    "物種":"喬木類",
    "樹種":"垂榕",
    "學名":"Ficus benjamina",
    "科別":"桑科",
    "行政區":"文山區",
    "河濱公園":"福和",
    "數量":1
    }
  },
  {
    "type": "Feature",
    "geometry": {
       "type": "Point",
       "coordinates":  [ 121.533332,25.008105 ]
    },
    "properties": {
    "物種":"喬木類",
    "樹種":"垂榕",
    "學名":"Ficus benjamina",
    "科別":"桑科",
    "行政區":"文山區",
    "河濱公園":"福和",
    "數量":1
    }
  },
  {
    "type": "Feature",
    "geometry": {
       "type": "Point",
       "coordinates":  [ 121.533408,25.00752 ]
    },
    "properties": {
    "物種":"喬木類",
    "樹種":"垂榕",
    "學名":"Ficus benjamina",
    "科別":"桑科",
    "行政區":"文山區",
    "河濱公園":"福和",
    "數量":1
    }
  },
  {
    "type": "Feature",
    "geometry": {
       "type": "Point",
       "coordinates":  [ 121.533425,25.007507 ]
    },
    "properties": {
    "物種":"喬木類",
    "樹種":"垂榕",
    "學名":"Ficus benjamina",
    "科別":"桑科",
    "行政區":"文山區",
    "河濱公園":"福和",
    "數量":1
    }
  },
  {
    "type": "Feature",
    "geometry": {
       "type": "Point",
       "coordinates":  [ 121.533481,25.007487 ]
    },
    "properties": {
    "物種":"喬木類",
    "樹種":"垂榕",
    "學名":"Ficus benjamina",
    "科別":"桑科",
    "行政區":"文山區",
    "河濱公園":"福和",
    "數量":1
    }
  },
  {
    "type": "Feature",
    "geometry": {
       "type": "Point",
       "coordinates":  [ 121.533473,25.007501 ]
    },
    "properties": {
    "物種":"喬木類",
    "樹種":"垂榕",
    "學名":"Ficus benjamina",
    "科別":"桑科",
    "行政區":"文山區",
    "河濱公園":"福和",
    "數量":1
    }
  },
  {
    "type": "Feature",
    "geometry": {
       "type": "Point",
       "coordinates":  [ 121.533467,25.007517 ]
    },
    "properties": {
    "物種":"喬木類",
    "樹種":"垂榕",
    "學名":"Ficus benjamina",
    "科別":"桑科",
    "行政區":"文山區",
    "河濱公園":"福和",
    "數量":1
    }
  },
  {
    "type": "Feature",
    "geometry": {
       "type": "Point",
       "coordinates":  [ 121.533509,25.007488 ]
    },
    "properties": {
    "物種":"喬木類",
    "樹種":"垂榕",
    "學名":"Ficus benjamina",
    "科別":"桑科",
    "行政區":"文山區",
    "河濱公園":"福和",
    "數量":1
    }
  },
  {
    "type": "Feature",
    "geometry": {
       "type": "Point",
       "coordinates":  [ 121.533497,25.007512 ]
    },
    "properties": {
    "物種":"喬木類",
    "樹種":"垂榕",
    "學名":"Ficus benjamina",
    "科別":"桑科",
    "行政區":"文山區",
    "河濱公園":"福和",
    "數量":1
    }
  },
  {
    "type": "Feature",
    "geometry": {
       "type": "Point",
       "coordinates":  [ 121.533485,25.007526 ]
    },
    "properties": {
    "物種":"喬木類",
    "樹種":"垂榕",
    "學名":"Ficus benjamina",
    "科別":"桑科",
    "行政區":"文山區",
    "河濱公園":"福和",
    "數量":1
    }
  },
  {
    "type": "Feature",
    "geometry": {
       "type": "Point",
       "coordinates":  [ 121.533512,25.007535 ]
    },
    "properties": {
    "物種":"喬木類",
    "樹種":"垂榕",
    "學名":"Ficus benjamina",
    "科別":"桑科",
    "行政區":"文山區",
    "河濱公園":"福和",
    "數量":1
    }
  },
  {
    "type": "Feature",
    "geometry": {
       "type": "Point",
       "coordinates":  [ 121.533531,25.007541 ]
    },
    "properties": {
    "物種":"喬木類",
    "樹種":"垂榕",
    "學名":"Ficus benjamina",
    "科別":"桑科",
    "行政區":"文山區",
    "河濱公園":"福和",
    "數量":1
    }
  },
  {
    "type": "Feature",
    "geometry": {
       "type": "Point",
       "coordinates":  [ 121.533565,25.007552 ]
    },
    "properties": {
    "物種":"喬木類",
    "樹種":"垂榕",
    "學名":"Ficus benjamina",
    "科別":"桑科",
    "行政區":"文山區",
    "河濱公園":"福和",
    "數量":1
    }
  },
  {
    "type": "Feature",
    "geometry": {
       "type": "Point",
       "coordinates":  [ 121.533599,25.00757 ]
    },
    "properties": {
    "物種":"喬木類",
    "樹種":"垂榕",
    "學名":"Ficus benjamina",
    "科別":"桑科",
    "行政區":"文山區",
    "河濱公園":"福和",
    "數量":1
    }
  },
  {
    "type": "Feature",
    "geometry": {
       "type": "Point",
       "coordinates":  [ 121.533628,25.007582 ]
    },
    "properties": {
    "物種":"喬木類",
    "樹種":"垂榕",
    "學名":"Ficus benjamina",
    "科別":"桑科",
    "行政區":"文山區",
    "河濱公園":"福和",
    "數量":1
    }
  },
  {
    "type": "Feature",
    "geometry": {
       "type": "Point",
       "coordinates":  [ 121.533607,25.007557 ]
    },
    "properties": {
    "物種":"喬木類",
    "樹種":"垂榕",
    "學名":"Ficus benjamina",
    "科別":"桑科",
    "行政區":"文山區",
    "河濱公園":"福和",
    "數量":1
    }
  },
  {
    "type": "Feature",
    "geometry": {
       "type": "Point",
       "coordinates":  [ 121.53352,25.007523 ]
    },
    "properties": {
    "物種":"喬木類",
    "樹種":"垂榕",
    "學名":"Ficus benjamina",
    "科別":"桑科",
    "行政區":"文山區",
    "河濱公園":"福和",
    "數量":1
    }
  },
  {
    "type": "Feature",
    "geometry": {
       "type": "Point",
       "coordinates":  [ 121.533538,25.0075 ]
    },
    "properties": {
    "物種":"喬木類",
    "樹種":"垂榕",
    "學名":"Ficus benjamina",
    "科別":"桑科",
    "行政區":"文山區",
    "河濱公園":"福和",
    "數量":1
    }
  },
  {
    "type": "Feature",
    "geometry": {
       "type": "Point",
       "coordinates":  [ 121.533575,25.007516 ]
    },
    "properties": {
    "物種":"喬木類",
    "樹種":"垂榕",
    "學名":"Ficus benjamina",
    "科別":"桑科",
    "行政區":"文山區",
    "河濱公園":"福和",
    "數量":1
    }
  },
  {
    "type": "Feature",
    "geometry": {
       "type": "Point",
       "coordinates":  [ 121.533608,25.007532 ]
    },
    "properties": {
    "物種":"喬木類",
    "樹種":"垂榕",
    "學名":"Ficus benjamina",
    "科別":"桑科",
    "行政區":"文山區",
    "河濱公園":"福和",
    "數量":1
    }
  },
  {
    "type": "Feature",
    "geometry": {
       "type": "Point",
       "coordinates":  [ 121.533645,25.007611 ]
    },
    "properties": {
    "物種":"喬木類",
    "樹種":"垂榕",
    "學名":"Ficus benjamina",
    "科別":"桑科",
    "行政區":"文山區",
    "河濱公園":"福和",
    "數量":1
    }
  },
  {
    "type": "Feature",
    "geometry": {
       "type": "Point",
       "coordinates":  [ 121.533406,25.007736 ]
    },
    "properties": {
    "物種":"喬木類",
    "樹種":"垂榕",
    "學名":"Ficus benjamina",
    "科別":"桑科",
    "行政區":"文山區",
    "河濱公園":"福和",
    "數量":1
    }
  },
  {
    "type": "Feature",
    "geometry": {
       "type": "Point",
       "coordinates":  [ 121.533414,25.007719 ]
    },
    "properties": {
    "物種":"喬木類",
    "樹種":"垂榕",
    "學名":"Ficus benjamina",
    "科別":"桑科",
    "行政區":"文山區",
    "河濱公園":"福和",
    "數量":1
    }
  },
  {
    "type": "Feature",
    "geometry": {
       "type": "Point",
       "coordinates":  [ 121.533425,25.007702 ]
    },
    "properties": {
    "物種":"喬木類",
    "樹種":"垂榕",
    "學名":"Ficus benjamina",
    "科別":"桑科",
    "行政區":"文山區",
    "河濱公園":"福和",
    "數量":1
    }
  },
  {
    "type": "Feature",
    "geometry": {
       "type": "Point",
       "coordinates":  [ 121.533446,25.007668 ]
    },
    "properties": {
    "物種":"喬木類",
    "樹種":"垂榕",
    "學名":"Ficus benjamina",
    "科別":"桑科",
    "行政區":"文山區",
    "河濱公園":"福和",
    "數量":1
    }
  },
  {
    "type": "Feature",
    "geometry": {
       "type": "Point",
       "coordinates":  [ 121.533467,25.007628 ]
    },
    "properties": {
    "物種":"喬木類",
    "樹種":"垂榕",
    "學名":"Ficus benjamina",
    "科別":"桑科",
    "行政區":"文山區",
    "河濱公園":"福和",
    "數量":1
    }
  },
  {
    "type": "Feature",
    "geometry": {
       "type": "Point",
       "coordinates":  [ 121.533497,25.007624 ]
    },
    "properties": {
    "物種":"喬木類",
    "樹種":"垂榕",
    "學名":"Ficus benjamina",
    "科別":"桑科",
    "行政區":"文山區",
    "河濱公園":"福和",
    "數量":1
    }
  },
  {
    "type": "Feature",
    "geometry": {
       "type": "Point",
       "coordinates":  [ 121.533485,25.007611 ]
    },
    "properties": {
    "物種":"喬木類",
    "樹種":"垂榕",
    "學名":"Ficus benjamina",
    "科別":"桑科",
    "行政區":"文山區",
    "河濱公園":"福和",
    "數量":1
    }
  },
  {
    "type": "Feature",
    "geometry": {
       "type": "Point",
       "coordinates":  [ 121.533511,25.007612 ]
    },
    "properties": {
    "物種":"喬木類",
    "樹種":"垂榕",
    "學名":"Ficus benjamina",
    "科別":"桑科",
    "行政區":"文山區",
    "河濱公園":"福和",
    "數量":1
    }
  },
  {
    "type": "Feature",
    "geometry": {
       "type": "Point",
       "coordinates":  [ 121.533494,25.007593 ]
    },
    "properties": {
    "物種":"喬木類",
    "樹種":"垂榕",
    "學名":"Ficus benjamina",
    "科別":"桑科",
    "行政區":"文山區",
    "河濱公園":"福和",
    "數量":1
    }
  },
  {
    "type": "Feature",
    "geometry": {
       "type": "Point",
       "coordinates":  [ 121.533519,25.007587 ]
    },
    "properties": {
    "物種":"喬木類",
    "樹種":"垂榕",
    "學名":"Ficus benjamina",
    "科別":"桑科",
    "行政區":"文山區",
    "河濱公園":"福和",
    "數量":1
    }
  },
  {
    "type": "Feature",
    "geometry": {
       "type": "Point",
       "coordinates":  [ 121.53355,25.007596 ]
    },
    "properties": {
    "物種":"喬木類",
    "樹種":"垂榕",
    "學名":"Ficus benjamina",
    "科別":"桑科",
    "行政區":"文山區",
    "河濱公園":"福和",
    "數量":1
    }
  },
  {
    "type": "Feature",
    "geometry": {
       "type": "Point",
       "coordinates":  [ 121.533573,25.007602 ]
    },
    "properties": {
    "物種":"喬木類",
    "樹種":"垂榕",
    "學名":"Ficus benjamina",
    "科別":"桑科",
    "行政區":"文山區",
    "河濱公園":"福和",
    "數量":1
    }
  },
  {
    "type": "Feature",
    "geometry": {
       "type": "Point",
       "coordinates":  [ 121.533606,25.007614 ]
    },
    "properties": {
    "物種":"喬木類",
    "樹種":"垂榕",
    "學名":"Ficus benjamina",
    "科別":"桑科",
    "行政區":"文山區",
    "河濱公園":"福和",
    "數量":1
    }
  },
  {
    "type": "Feature",
    "geometry": {
       "type": "Point",
       "coordinates":  [ 121.533624,25.007618 ]
    },
    "properties": {
    "物種":"喬木類",
    "樹種":"垂榕",
    "學名":"Ficus benjamina",
    "科別":"桑科",
    "行政區":"文山區",
    "河濱公園":"福和",
    "數量":1
    }
  },
  {
    "type": "Feature",
    "geometry": {
       "type": "Point",
       "coordinates":  [ 121.533629,25.007624 ]
    },
    "properties": {
    "物種":"喬木類",
    "樹種":"垂榕",
    "學名":"Ficus benjamina",
    "科別":"桑科",
    "行政區":"文山區",
    "河濱公園":"福和",
    "數量":1
    }
  },
  {
    "type": "Feature",
    "geometry": {
       "type": "Point",
       "coordinates":  [ 121.533597,25.007623 ]
    },
    "properties": {
    "物種":"喬木類",
    "樹種":"垂榕",
    "學名":"Ficus benjamina",
    "科別":"桑科",
    "行政區":"文山區",
    "河濱公園":"福和",
    "數量":1
    }
  },
  {
    "type": "Feature",
    "geometry": {
       "type": "Point",
       "coordinates":  [ 121.533578,25.007625 ]
    },
    "properties": {
    "物種":"喬木類",
    "樹種":"垂榕",
    "學名":"Ficus benjamina",
    "科別":"桑科",
    "行政區":"文山區",
    "河濱公園":"福和",
    "數量":1
    }
  },
  {
    "type": "Feature",
    "geometry": {
       "type": "Point",
       "coordinates":  [ 121.533553,25.007631 ]
    },
    "properties": {
    "物種":"喬木類",
    "樹種":"垂榕",
    "學名":"Ficus benjamina",
    "科別":"桑科",
    "行政區":"文山區",
    "河濱公園":"福和",
    "數量":1
    }
  },
  {
    "type": "Feature",
    "geometry": {
       "type": "Point",
       "coordinates":  [ 121.533538,25.007643 ]
    },
    "properties": {
    "物種":"喬木類",
    "樹種":"垂榕",
    "學名":"Ficus benjamina",
    "科別":"桑科",
    "行政區":"文山區",
    "河濱公園":"福和",
    "數量":1
    }
  },
  {
    "type": "Feature",
    "geometry": {
       "type": "Point",
       "coordinates":  [ 121.533815,25.006387 ]
    },
    "properties": {
    "物種":"喬木類",
    "樹種":"垂榕",
    "學名":"Ficus benjamina",
    "科別":"桑科",
    "行政區":"文山區",
    "河濱公園":"福和",
    "數量":1
    }
  },
  {
    "type": "Feature",
    "geometry": {
       "type": "Point",
       "coordinates":  [ 121.53401,25.00882 ]
    },
    "properties": {
    "物種":"喬木類",
    "樹種":"垂榕",
    "學名":"Ficus benjamina",
    "科別":"桑科",
    "行政區":"文山區",
    "河濱公園":"福和",
    "數量":1
    }
  },
  {
    "type": "Feature",
    "geometry": {
       "type": "Point",
       "coordinates":  [ 121.534005,25.008838 ]
    },
    "properties": {
    "物種":"喬木類",
    "樹種":"垂榕",
    "學名":"Ficus benjamina",
    "科別":"桑科",
    "行政區":"文山區",
    "河濱公園":"福和",
    "數量":1
    }
  },
  {
    "type": "Feature",
    "geometry": {
       "type": "Point",
       "coordinates":  [ 121.53398,25.008871 ]
    },
    "properties": {
    "物種":"喬木類",
    "樹種":"垂榕",
    "學名":"Ficus benjamina",
    "科別":"桑科",
    "行政區":"文山區",
    "河濱公園":"福和",
    "數量":1
    }
  },
  {
    "type": "Feature",
    "geometry": {
       "type": "Point",
       "coordinates":  [ 121.533995,25.008879 ]
    },
    "properties": {
    "物種":"喬木類",
    "樹種":"垂榕",
    "學名":"Ficus benjamina",
    "科別":"桑科",
    "行政區":"文山區",
    "河濱公園":"福和",
    "數量":1
    }
  },
  {
    "type": "Feature",
    "geometry": {
       "type": "Point",
       "coordinates":  [ 121.533967,25.008912 ]
    },
    "properties": {
    "物種":"喬木類",
    "樹種":"垂榕",
    "學名":"Ficus benjamina",
    "科別":"桑科",
    "行政區":"文山區",
    "河濱公園":"福和",
    "數量":1
    }
  },
  {
    "type": "Feature",
    "geometry": {
       "type": "Point",
       "coordinates":  [ 121.53396,25.008923 ]
    },
    "properties": {
    "物種":"喬木類",
    "樹種":"垂榕",
    "學名":"Ficus benjamina",
    "科別":"桑科",
    "行政區":"文山區",
    "河濱公園":"福和",
    "數量":1
    }
  },
  {
    "type": "Feature",
    "geometry": {
       "type": "Point",
       "coordinates":  [ 121.533943,25.008929 ]
    },
    "properties": {
    "物種":"喬木類",
    "樹種":"垂榕",
    "學名":"Ficus benjamina",
    "科別":"桑科",
    "行政區":"文山區",
    "河濱公園":"福和",
    "數量":1
    }
  },
  {
    "type": "Feature",
    "geometry": {
       "type": "Point",
       "coordinates":  [ 121.533954,25.00894 ]
    },
    "properties": {
    "物種":"喬木類",
    "樹種":"垂榕",
    "學名":"Ficus benjamina",
    "科別":"桑科",
    "行政區":"文山區",
    "河濱公園":"福和",
    "數量":1
    }
  },
  {
    "type": "Feature",
    "geometry": {
       "type": "Point",
       "coordinates":  [ 121.533946,25.008968 ]
    },
    "properties": {
    "物種":"喬木類",
    "樹種":"垂榕",
    "學名":"Ficus benjamina",
    "科別":"桑科",
    "行政區":"文山區",
    "河濱公園":"福和",
    "數量":1
    }
  },
  {
    "type": "Feature",
    "geometry": {
       "type": "Point",
       "coordinates":  [ 121.533914,25.008966 ]
    },
    "properties": {
    "物種":"喬木類",
    "樹種":"垂榕",
    "學名":"Ficus benjamina",
    "科別":"桑科",
    "行政區":"文山區",
    "河濱公園":"福和",
    "數量":1
    }
  },
  {
    "type": "Feature",
    "geometry": {
       "type": "Point",
       "coordinates":  [ 121.533909,25.008985 ]
    },
    "properties": {
    "物種":"喬木類",
    "樹種":"垂榕",
    "學名":"Ficus benjamina",
    "科別":"桑科",
    "行政區":"文山區",
    "河濱公園":"福和",
    "數量":1
    }
  },
  {
    "type": "Feature",
    "geometry": {
       "type": "Point",
       "coordinates":  [ 121.53387,25.009015 ]
    },
    "properties": {
    "物種":"喬木類",
    "樹種":"垂榕",
    "學名":"Ficus benjamina",
    "科別":"桑科",
    "行政區":"文山區",
    "河濱公園":"福和",
    "數量":1
    }
  },
  {
    "type": "Feature",
    "geometry": {
       "type": "Point",
       "coordinates":  [ 121.533843,25.009029 ]
    },
    "properties": {
    "物種":"喬木類",
    "樹種":"垂榕",
    "學名":"Ficus benjamina",
    "科別":"桑科",
    "行政區":"文山區",
    "河濱公園":"福和",
    "數量":1
    }
  },
  {
    "type": "Feature",
    "geometry": {
       "type": "Point",
       "coordinates":  [ 121.533837,25.009053 ]
    },
    "properties": {
    "物種":"喬木類",
    "樹種":"垂榕",
    "學名":"Ficus benjamina",
    "科別":"桑科",
    "行政區":"文山區",
    "河濱公園":"福和",
    "數量":1
    }
  },
  {
    "type": "Feature",
    "geometry": {
       "type": "Point",
       "coordinates":  [ 121.533833,25.009056 ]
    },
    "properties": {
    "物種":"喬木類",
    "樹種":"垂榕",
    "學名":"Ficus benjamina",
    "科別":"桑科",
    "行政區":"文山區",
    "河濱公園":"福和",
    "數量":1
    }
  },
  {
    "type": "Feature",
    "geometry": {
       "type": "Point",
       "coordinates":  [ 121.533815,25.00906 ]
    },
    "properties": {
    "物種":"喬木類",
    "樹種":"垂榕",
    "學名":"Ficus benjamina",
    "科別":"桑科",
    "行政區":"文山區",
    "河濱公園":"福和",
    "數量":1
    }
  },
  {
    "type": "Feature",
    "geometry": {
       "type": "Point",
       "coordinates":  [ 121.533786,25.00911 ]
    },
    "properties": {
    "物種":"喬木類",
    "樹種":"垂榕",
    "學名":"Ficus benjamina",
    "科別":"桑科",
    "行政區":"文山區",
    "河濱公園":"福和",
    "數量":1
    }
  },
  {
    "type": "Feature",
    "geometry": {
       "type": "Point",
       "coordinates":  [ 121.533772,25.009147 ]
    },
    "properties": {
    "物種":"喬木類",
    "樹種":"垂榕",
    "學名":"Ficus benjamina",
    "科別":"桑科",
    "行政區":"文山區",
    "河濱公園":"福和",
    "數量":1
    }
  },
  {
    "type": "Feature",
    "geometry": {
       "type": "Point",
       "coordinates":  [ 121.533755,25.009137 ]
    },
    "properties": {
    "物種":"喬木類",
    "樹種":"垂榕",
    "學名":"Ficus benjamina",
    "科別":"桑科",
    "行政區":"文山區",
    "河濱公園":"福和",
    "數量":1
    }
  },
  {
    "type": "Feature",
    "geometry": {
       "type": "Point",
       "coordinates":  [ 121.533756,25.009123 ]
    },
    "properties": {
    "物種":"喬木類",
    "樹種":"垂榕",
    "學名":"Ficus benjamina",
    "科別":"桑科",
    "行政區":"文山區",
    "河濱公園":"福和",
    "數量":1
    }
  },
  {
    "type": "Feature",
    "geometry": {
       "type": "Point",
       "coordinates":  [ 121.533734,25.009103 ]
    },
    "properties": {
    "物種":"喬木類",
    "樹種":"垂榕",
    "學名":"Ficus benjamina",
    "科別":"桑科",
    "行政區":"文山區",
    "河濱公園":"福和",
    "數量":1
    }
  },
  {
    "type": "Feature",
    "geometry": {
       "type": "Point",
       "coordinates":  [ 121.533864,25.009033 ]
    },
    "properties": {
    "物種":"喬木類",
    "樹種":"垂榕",
    "學名":"Ficus benjamina",
    "科別":"桑科",
    "行政區":"文山區",
    "河濱公園":"福和",
    "數量":1
    }
  },
  {
    "type": "Feature",
    "geometry": {
       "type": "Point",
       "coordinates":  [ 121.533894,25.009035 ]
    },
    "properties": {
    "物種":"喬木類",
    "樹種":"垂榕",
    "學名":"Ficus benjamina",
    "科別":"桑科",
    "行政區":"文山區",
    "河濱公園":"福和",
    "數量":1
    }
  },
  {
    "type": "Feature",
    "geometry": {
       "type": "Point",
       "coordinates":  [ 121.533928,25.009034 ]
    },
    "properties": {
    "物種":"喬木類",
    "樹種":"垂榕",
    "學名":"Ficus benjamina",
    "科別":"桑科",
    "行政區":"文山區",
    "河濱公園":"福和",
    "數量":1
    }
  },
  {
    "type": "Feature",
    "geometry": {
       "type": "Point",
       "coordinates":  [ 121.533957,25.008992 ]
    },
    "properties": {
    "物種":"喬木類",
    "樹種":"垂榕",
    "學名":"Ficus benjamina",
    "科別":"桑科",
    "行政區":"文山區",
    "河濱公園":"福和",
    "數量":1
    }
  },
  {
    "type": "Feature",
    "geometry": {
       "type": "Point",
       "coordinates":  [ 121.533971,25.008998 ]
    },
    "properties": {
    "物種":"喬木類",
    "樹種":"垂榕",
    "學名":"Ficus benjamina",
    "科別":"桑科",
    "行政區":"文山區",
    "河濱公園":"福和",
    "數量":1
    }
  },
  {
    "type": "Feature",
    "geometry": {
       "type": "Point",
       "coordinates":  [ 121.533984,25.008987 ]
    },
    "properties": {
    "物種":"喬木類",
    "樹種":"垂榕",
    "學名":"Ficus benjamina",
    "科別":"桑科",
    "行政區":"文山區",
    "河濱公園":"福和",
    "數量":1
    }
  },
  {
    "type": "Feature",
    "geometry": {
       "type": "Point",
       "coordinates":  [ 121.533992,25.008976 ]
    },
    "properties": {
    "物種":"喬木類",
    "樹種":"垂榕",
    "學名":"Ficus benjamina",
    "科別":"桑科",
    "行政區":"文山區",
    "河濱公園":"福和",
    "數量":1
    }
  },
  {
    "type": "Feature",
    "geometry": {
       "type": "Point",
       "coordinates":  [ 121.533997,25.008961 ]
    },
    "properties": {
    "物種":"喬木類",
    "樹種":"垂榕",
    "學名":"Ficus benjamina",
    "科別":"桑科",
    "行政區":"文山區",
    "河濱公園":"福和",
    "數量":1
    }
  },
  {
    "type": "Feature",
    "geometry": {
       "type": "Point",
       "coordinates":  [ 121.534,25.008945 ]
    },
    "properties": {
    "物種":"喬木類",
    "樹種":"垂榕",
    "學名":"Ficus benjamina",
    "科別":"桑科",
    "行政區":"文山區",
    "河濱公園":"福和",
    "數量":1
    }
  },
  {
    "type": "Feature",
    "geometry": {
       "type": "Point",
       "coordinates":  [ 121.533994,25.008936 ]
    },
    "properties": {
    "物種":"喬木類",
    "樹種":"垂榕",
    "學名":"Ficus benjamina",
    "科別":"桑科",
    "行政區":"文山區",
    "河濱公園":"福和",
    "數量":1
    }
  },
  {
    "type": "Feature",
    "geometry": {
       "type": "Point",
       "coordinates":  [ 121.532902,25.009631 ]
    },
    "properties": {
    "物種":"喬木類",
    "樹種":"柚",
    "學名":"Citrus maxima",
    "科別":"芸香科",
    "行政區":"文山區",
    "河濱公園":"福和",
    "數量":1
    }
  },
  {
    "type": "Feature",
    "geometry": {
       "type": "Point",
       "coordinates":  [ 121.533294,25.009514 ]
    },
    "properties": {
    "物種":"喬木類",
    "樹種":"洋紫荊",
    "學名":"Bauhinia purpurea",
    "科別":"豆科",
    "行政區":"文山區",
    "河濱公園":"福和",
    "數量":1
    }
  },
  {
    "type": "Feature",
    "geometry": {
       "type": "Point",
       "coordinates":  [ 121.533316,25.009523 ]
    },
    "properties": {
    "物種":"喬木類",
    "樹種":"洋紫荊",
    "學名":"Bauhinia purpurea",
    "科別":"豆科",
    "行政區":"文山區",
    "河濱公園":"福和",
    "數量":1
    }
  },
  {
    "type": "Feature",
    "geometry": {
       "type": "Point",
       "coordinates":  [ 121.533336,25.009532 ]
    },
    "properties": {
    "物種":"喬木類",
    "樹種":"洋紫荊",
    "學名":"Bauhinia purpurea",
    "科別":"豆科",
    "行政區":"文山區",
    "河濱公園":"福和",
    "數量":1
    }
  },
  {
    "type": "Feature",
    "geometry": {
       "type": "Point",
       "coordinates":  [ 121.532944,25.009455 ]
    },
    "properties": {
    "物種":"喬木類",
    "樹種":"茄苳",
    "學名":"Bischofia javanica",
    "科別":"大戟科",
    "行政區":"文山區",
    "河濱公園":"福和",
    "數量":1
    }
  },
  {
    "type": "Feature",
    "geometry": {
       "type": "Point",
       "coordinates":  [ 121.525119,25.016119 ]
    },
    "properties": {
    "物種":"喬木類",
    "樹種":"茄苳",
    "學名":"Bischofia javanica",
    "科別":"大戟科",
    "行政區":"中正區",
    "河濱公園":"古亭",
    "數量":1
    }
  },
  {
    "type": "Feature",
    "geometry": {
       "type": "Point",
       "coordinates":  [ 121.52558,25.015305 ]
    },
    "properties": {
    "物種":"喬木類",
    "樹種":"茄苳",
    "學名":"Bischofia javanica",
    "科別":"大戟科",
    "行政區":"中正區",
    "河濱公園":"古亭",
    "數量":1
    }
  },
  {
    "type": "Feature",
    "geometry": {
       "type": "Point",
       "coordinates":  [ 121.527145,25.013146 ]
    },
    "properties": {
    "物種":"喬木類",
    "樹種":"茄苳",
    "學名":"Bischofia javanica",
    "科別":"大戟科",
    "行政區":"中正區",
    "河濱公園":"古亭",
    "數量":1
    }
  },
  {
    "type": "Feature",
    "geometry": {
       "type": "Point",
       "coordinates":  [ 121.5352,24.99705 ]
    },
    "properties": {
    "物種":"喬木類",
    "樹種":"茄苳",
    "學名":"Bischofia javanica",
    "科別":"大戟科",
    "行政區":"文山區",
    "河濱公園":"福和",
    "數量":1
    }
  },
  {
    "type": "Feature",
    "geometry": {
       "type": "Point",
       "coordinates":  [ 121.534915,24.998124 ]
    },
    "properties": {
    "物種":"喬木類",
    "樹種":"茄苳",
    "學名":"Bischofia javanica",
    "科別":"大戟科",
    "行政區":"文山區",
    "河濱公園":"福和",
    "數量":1
    }
  },
  {
    "type": "Feature",
    "geometry": {
       "type": "Point",
       "coordinates":  [ 121.534898,24.998166 ]
    },
    "properties": {
    "物種":"喬木類",
    "樹種":"茄苳",
    "學名":"Bischofia javanica",
    "科別":"大戟科",
    "行政區":"文山區",
    "河濱公園":"福和",
    "數量":1
    }
  },
  {
    "type": "Feature",
    "geometry": {
       "type": "Point",
       "coordinates":  [ 121.534885,24.998205 ]
    },
    "properties": {
    "物種":"喬木類",
    "樹種":"茄苳",
    "學名":"Bischofia javanica",
    "科別":"大戟科",
    "行政區":"文山區",
    "河濱公園":"福和",
    "數量":1
    }
  },
  {
    "type": "Feature",
    "geometry": {
       "type": "Point",
       "coordinates":  [ 121.534915,24.998276 ]
    },
    "properties": {
    "物種":"喬木類",
    "樹種":"茄苳",
    "學名":"Bischofia javanica",
    "科別":"大戟科",
    "行政區":"文山區",
    "河濱公園":"福和",
    "數量":1
    }
  },
  {
    "type": "Feature",
    "geometry": {
       "type": "Point",
       "coordinates":  [ 121.535036,24.998532 ]
    },
    "properties": {
    "物種":"喬木類",
    "樹種":"茄苳",
    "學名":"Bischofia javanica",
    "科別":"大戟科",
    "行政區":"文山區",
    "河濱公園":"福和",
    "數量":1
    }
  },
  {
    "type": "Feature",
    "geometry": {
       "type": "Point",
       "coordinates":  [ 121.534887,24.998607 ]
    },
    "properties": {
    "物種":"喬木類",
    "樹種":"茄苳",
    "學名":"Bischofia javanica",
    "科別":"大戟科",
    "行政區":"文山區",
    "河濱公園":"福和",
    "數量":1
    }
  },
  {
    "type": "Feature",
    "geometry": {
       "type": "Point",
       "coordinates":  [ 121.534898,24.998822 ]
    },
    "properties": {
    "物種":"喬木類",
    "樹種":"茄苳",
    "學名":"Bischofia javanica",
    "科別":"大戟科",
    "行政區":"文山區",
    "河濱公園":"福和",
    "數量":1
    }
  },
  {
    "type": "Feature",
    "geometry": {
       "type": "Point",
       "coordinates":  [ 121.53464,24.998988 ]
    },
    "properties": {
    "物種":"喬木類",
    "樹種":"茄苳",
    "學名":"Bischofia javanica",
    "科別":"大戟科",
    "行政區":"文山區",
    "河濱公園":"福和",
    "數量":1
    }
  },
  {
    "type": "Feature",
    "geometry": {
       "type": "Point",
       "coordinates":  [ 121.534647,24.99906 ]
    },
    "properties": {
    "物種":"喬木類",
    "樹種":"茄苳",
    "學名":"Bischofia javanica",
    "科別":"大戟科",
    "行政區":"文山區",
    "河濱公園":"福和",
    "數量":1
    }
  },
  {
    "type": "Feature",
    "geometry": {
       "type": "Point",
       "coordinates":  [ 121.534642,24.999126 ]
    },
    "properties": {
    "物種":"喬木類",
    "樹種":"茄苳",
    "學名":"Bischofia javanica",
    "科別":"大戟科",
    "行政區":"文山區",
    "河濱公園":"福和",
    "數量":1
    }
  },
  {
    "type": "Feature",
    "geometry": {
       "type": "Point",
       "coordinates":  [ 121.534628,24.999192 ]
    },
    "properties": {
    "物種":"喬木類",
    "樹種":"茄苳",
    "學名":"Bischofia javanica",
    "科別":"大戟科",
    "行政區":"文山區",
    "河濱公園":"福和",
    "數量":1
    }
  },
  {
    "type": "Feature",
    "geometry": {
       "type": "Point",
       "coordinates":  [ 121.534627,24.999277 ]
    },
    "properties": {
    "物種":"喬木類",
    "樹種":"茄苳",
    "學名":"Bischofia javanica",
    "科別":"大戟科",
    "行政區":"文山區",
    "河濱公園":"福和",
    "數量":1
    }
  },
  {
    "type": "Feature",
    "geometry": {
       "type": "Point",
       "coordinates":  [ 121.53461,24.999364 ]
    },
    "properties": {
    "物種":"喬木類",
    "樹種":"茄苳",
    "學名":"Bischofia javanica",
    "科別":"大戟科",
    "行政區":"文山區",
    "河濱公園":"福和",
    "數量":1
    }
  },
  {
    "type": "Feature",
    "geometry": {
       "type": "Point",
       "coordinates":  [ 121.534624,24.999463 ]
    },
    "properties": {
    "物種":"喬木類",
    "樹種":"茄苳",
    "學名":"Bischofia javanica",
    "科別":"大戟科",
    "行政區":"文山區",
    "河濱公園":"福和",
    "數量":1
    }
  },
  {
    "type": "Feature",
    "geometry": {
       "type": "Point",
       "coordinates":  [ 121.53491,24.999324 ]
    },
    "properties": {
    "物種":"喬木類",
    "樹種":"茄苳",
    "學名":"Bischofia javanica",
    "科別":"大戟科",
    "行政區":"文山區",
    "河濱公園":"福和",
    "數量":1
    }
  },
  {
    "type": "Feature",
    "geometry": {
       "type": "Point",
       "coordinates":  [ 121.534911,24.999543 ]
    },
    "properties": {
    "物種":"喬木類",
    "樹種":"茄苳",
    "學名":"Bischofia javanica",
    "科別":"大戟科",
    "行政區":"文山區",
    "河濱公園":"福和",
    "數量":1
    }
  },
  {
    "type": "Feature",
    "geometry": {
       "type": "Point",
       "coordinates":  [ 121.534683,24.999734 ]
    },
    "properties": {
    "物種":"喬木類",
    "樹種":"茄苳",
    "學名":"Bischofia javanica",
    "科別":"大戟科",
    "行政區":"文山區",
    "河濱公園":"福和",
    "數量":1
    }
  },
  {
    "type": "Feature",
    "geometry": {
       "type": "Point",
       "coordinates":  [ 121.534685,25.000205 ]
    },
    "properties": {
    "物種":"喬木類",
    "樹種":"茄苳",
    "學名":"Bischofia javanica",
    "科別":"大戟科",
    "行政區":"文山區",
    "河濱公園":"福和",
    "數量":1
    }
  },
  {
    "type": "Feature",
    "geometry": {
       "type": "Point",
       "coordinates":  [ 121.534717,25.000092 ]
    },
    "properties": {
    "物種":"喬木類",
    "樹種":"茄苳",
    "學名":"Bischofia javanica",
    "科別":"大戟科",
    "行政區":"文山區",
    "河濱公園":"福和",
    "數量":1
    }
  },
  {
    "type": "Feature",
    "geometry": {
       "type": "Point",
       "coordinates":  [ 121.534583,25.000103 ]
    },
    "properties": {
    "物種":"喬木類",
    "樹種":"茄苳",
    "學名":"Bischofia javanica",
    "科別":"大戟科",
    "行政區":"文山區",
    "河濱公園":"福和",
    "數量":1
    }
  },
  {
    "type": "Feature",
    "geometry": {
       "type": "Point",
       "coordinates":  [ 121.534565,25.000187 ]
    },
    "properties": {
    "物種":"喬木類",
    "樹種":"茄苳",
    "學名":"Bischofia javanica",
    "科別":"大戟科",
    "行政區":"文山區",
    "河濱公園":"福和",
    "數量":1
    }
  },
  {
    "type": "Feature",
    "geometry": {
       "type": "Point",
       "coordinates":  [ 121.534506,25.000241 ]
    },
    "properties": {
    "物種":"喬木類",
    "樹種":"茄苳",
    "學名":"Bischofia javanica",
    "科別":"大戟科",
    "行政區":"文山區",
    "河濱公園":"福和",
    "數量":1
    }
  },
  {
    "type": "Feature",
    "geometry": {
       "type": "Point",
       "coordinates":  [ 121.534507,25.000333 ]
    },
    "properties": {
    "物種":"喬木類",
    "樹種":"茄苳",
    "學名":"Bischofia javanica",
    "科別":"大戟科",
    "行政區":"文山區",
    "河濱公園":"福和",
    "數量":1
    }
  },
  {
    "type": "Feature",
    "geometry": {
       "type": "Point",
       "coordinates":  [ 121.534566,25.000389 ]
    },
    "properties": {
    "物種":"喬木類",
    "樹種":"茄苳",
    "學名":"Bischofia javanica",
    "科別":"大戟科",
    "行政區":"文山區",
    "河濱公園":"福和",
    "數量":1
    }
  },
  {
    "type": "Feature",
    "geometry": {
       "type": "Point",
       "coordinates":  [ 121.535094,25.000924 ]
    },
    "properties": {
    "物種":"喬木類",
    "樹種":"茄苳",
    "學名":"Bischofia javanica",
    "科別":"大戟科",
    "行政區":"文山區",
    "河濱公園":"福和",
    "數量":1
    }
  },
  {
    "type": "Feature",
    "geometry": {
       "type": "Point",
       "coordinates":  [ 121.535084,25.000979 ]
    },
    "properties": {
    "物種":"喬木類",
    "樹種":"茄苳",
    "學名":"Bischofia javanica",
    "科別":"大戟科",
    "行政區":"文山區",
    "河濱公園":"福和",
    "數量":1
    }
  },
  {
    "type": "Feature",
    "geometry": {
       "type": "Point",
       "coordinates":  [ 121.535136,25.001614 ]
    },
    "properties": {
    "物種":"喬木類",
    "樹種":"茄苳",
    "學名":"Bischofia javanica",
    "科別":"大戟科",
    "行政區":"文山區",
    "河濱公園":"福和",
    "數量":1
    }
  },
  {
    "type": "Feature",
    "geometry": {
       "type": "Point",
       "coordinates":  [ 121.535158,25.001826 ]
    },
    "properties": {
    "物種":"喬木類",
    "樹種":"茄苳",
    "學名":"Bischofia javanica",
    "科別":"大戟科",
    "行政區":"文山區",
    "河濱公園":"福和",
    "數量":1
    }
  },
  {
    "type": "Feature",
    "geometry": {
       "type": "Point",
       "coordinates":  [ 121.534927,25.003039 ]
    },
    "properties": {
    "物種":"喬木類",
    "樹種":"茄苳",
    "學名":"Bischofia javanica",
    "科別":"大戟科",
    "行政區":"文山區",
    "河濱公園":"福和",
    "數量":1
    }
  },
  {
    "type": "Feature",
    "geometry": {
       "type": "Point",
       "coordinates":  [ 121.534927,25.003062 ]
    },
    "properties": {
    "物種":"喬木類",
    "樹種":"茄苳",
    "學名":"Bischofia javanica",
    "科別":"大戟科",
    "行政區":"文山區",
    "河濱公園":"福和",
    "數量":1
    }
  },
  {
    "type": "Feature",
    "geometry": {
       "type": "Point",
       "coordinates":  [ 121.534949,25.003211 ]
    },
    "properties": {
    "物種":"喬木類",
    "樹種":"茄苳",
    "學名":"Bischofia javanica",
    "科別":"大戟科",
    "行政區":"文山區",
    "河濱公園":"福和",
    "數量":1
    }
  },
  {
    "type": "Feature",
    "geometry": {
       "type": "Point",
       "coordinates":  [ 121.534943,25.003539 ]
    },
    "properties": {
    "物種":"喬木類",
    "樹種":"茄苳",
    "學名":"Bischofia javanica",
    "科別":"大戟科",
    "行政區":"文山區",
    "河濱公園":"福和",
    "數量":1
    }
  },
  {
    "type": "Feature",
    "geometry": {
       "type": "Point",
       "coordinates":  [ 121.534812,25.003741 ]
    },
    "properties": {
    "物種":"喬木類",
    "樹種":"茄苳",
    "學名":"Bischofia javanica",
    "科別":"大戟科",
    "行政區":"文山區",
    "河濱公園":"福和",
    "數量":1
    }
  },
  {
    "type": "Feature",
    "geometry": {
       "type": "Point",
       "coordinates":  [ 121.534716,25.003976 ]
    },
    "properties": {
    "物種":"喬木類",
    "樹種":"茄苳",
    "學名":"Bischofia javanica",
    "科別":"大戟科",
    "行政區":"文山區",
    "河濱公園":"福和",
    "數量":1
    }
  },
  {
    "type": "Feature",
    "geometry": {
       "type": "Point",
       "coordinates":  [ 121.534824,25.004855 ]
    },
    "properties": {
    "物種":"喬木類",
    "樹種":"茄苳",
    "學名":"Bischofia javanica",
    "科別":"大戟科",
    "行政區":"文山區",
    "河濱公園":"福和",
    "數量":1
    }
  },
  {
    "type": "Feature",
    "geometry": {
       "type": "Point",
       "coordinates":  [ 121.534839,25.004846 ]
    },
    "properties": {
    "物種":"喬木類",
    "樹種":"茄苳",
    "學名":"Bischofia javanica",
    "科別":"大戟科",
    "行政區":"文山區",
    "河濱公園":"福和",
    "數量":1
    }
  },
  {
    "type": "Feature",
    "geometry": {
       "type": "Point",
       "coordinates":  [ 121.534851,25.004838 ]
    },
    "properties": {
    "物種":"喬木類",
    "樹種":"茄苳",
    "學名":"Bischofia javanica",
    "科別":"大戟科",
    "行政區":"文山區",
    "河濱公園":"福和",
    "數量":1
    }
  },
  {
    "type": "Feature",
    "geometry": {
       "type": "Point",
       "coordinates":  [ 121.534849,25.004819 ]
    },
    "properties": {
    "物種":"喬木類",
    "樹種":"茄苳",
    "學名":"Bischofia javanica",
    "科別":"大戟科",
    "行政區":"文山區",
    "河濱公園":"福和",
    "數量":1
    }
  },
  {
    "type": "Feature",
    "geometry": {
       "type": "Point",
       "coordinates":  [ 121.534916,25.004685 ]
    },
    "properties": {
    "物種":"喬木類",
    "樹種":"茄苳",
    "學名":"Bischofia javanica",
    "科別":"大戟科",
    "行政區":"文山區",
    "河濱公園":"福和",
    "數量":1
    }
  },
  {
    "type": "Feature",
    "geometry": {
       "type": "Point",
       "coordinates":  [ 121.534922,25.004676 ]
    },
    "properties": {
    "物種":"喬木類",
    "樹種":"茄苳",
    "學名":"Bischofia javanica",
    "科別":"大戟科",
    "行政區":"文山區",
    "河濱公園":"福和",
    "數量":1
    }
  },
  {
    "type": "Feature",
    "geometry": {
       "type": "Point",
       "coordinates":  [ 121.535034,25.004413 ]
    },
    "properties": {
    "物種":"喬木類",
    "樹種":"茄苳",
    "學名":"Bischofia javanica",
    "科別":"大戟科",
    "行政區":"文山區",
    "河濱公園":"福和",
    "數量":1
    }
  },
  {
    "type": "Feature",
    "geometry": {
       "type": "Point",
       "coordinates":  [ 121.535056,25.004416 ]
    },
    "properties": {
    "物種":"喬木類",
    "樹種":"茄苳",
    "學名":"Bischofia javanica",
    "科別":"大戟科",
    "行政區":"文山區",
    "河濱公園":"福和",
    "數量":1
    }
  },
  {
    "type": "Feature",
    "geometry": {
       "type": "Point",
       "coordinates":  [ 121.535244,25.003955 ]
    },
    "properties": {
    "物種":"喬木類",
    "樹種":"茄苳",
    "學名":"Bischofia javanica",
    "科別":"大戟科",
    "行政區":"文山區",
    "河濱公園":"福和",
    "數量":1
    }
  },
  {
    "type": "Feature",
    "geometry": {
       "type": "Point",
       "coordinates":  [ 121.524815,25.016443 ]
    },
    "properties": {
    "物種":"喬木類",
    "樹種":"桂花",
    "學名":"Osmanthus fragrans",
    "科別":"木犀科",
    "行政區":"中正區",
    "河濱公園":"古亭",
    "數量":1
    }
  },
  {
    "type": "Feature",
    "geometry": {
       "type": "Point",
       "coordinates":  [ 121.549966,25.073482 ]
    },
    "properties": {
    "物種":"喬木類",
    "樹種":"桑樹",
    "學名":"Morus australis",
    "科別":"桑科",
    "行政區":"松山區",
    "河濱公園":"迎風",
    "數量":1
    }
  },
  {
    "type": "Feature",
    "geometry": {
       "type": "Point",
       "coordinates":  [ 121.532684,25.009156 ]
    },
    "properties": {
    "物種":"喬木類",
    "樹種":"桑樹",
    "學名":"Morus australis",
    "科別":"桑科",
    "行政區":"文山區",
    "河濱公園":"福和",
    "數量":1
    }
  },
  {
    "type": "Feature",
    "geometry": {
       "type": "Point",
       "coordinates":  [ 121.532711,25.009451 ]
    },
    "properties": {
    "物種":"喬木類",
    "樹種":"桑樹",
    "學名":"Morus australis",
    "科別":"桑科",
    "行政區":"文山區",
    "河濱公園":"福和",
    "數量":1
    }
  },
  {
    "type": "Feature",
    "geometry": {
       "type": "Point",
       "coordinates":  [ 121.532788,25.009434 ]
    },
    "properties": {
    "物種":"喬木類",
    "樹種":"桑樹",
    "學名":"Morus australis",
    "科別":"桑科",
    "行政區":"文山區",
    "河濱公園":"福和",
    "數量":1
    }
  },
  {
    "type": "Feature",
    "geometry": {
       "type": "Point",
       "coordinates":  [ 121.533218,25.009817 ]
    },
    "properties": {
    "物種":"喬木類",
    "樹種":"桑樹",
    "學名":"Morus australis",
    "科別":"桑科",
    "行政區":"文山區",
    "河濱公園":"福和",
    "數量":1
    }
  },
  {
    "type": "Feature",
    "geometry": {
       "type": "Point",
       "coordinates":  [ 121.533275,25.009504 ]
    },
    "properties": {
    "物種":"喬木類",
    "樹種":"桑樹",
    "學名":"Morus australis",
    "科別":"桑科",
    "行政區":"文山區",
    "河濱公園":"福和",
    "數量":1
    }
  },
  {
    "type": "Feature",
    "geometry": {
       "type": "Point",
       "coordinates":  [ 121.53326,25.009496 ]
    },
    "properties": {
    "物種":"喬木類",
    "樹種":"桑樹",
    "學名":"Morus australis",
    "科別":"桑科",
    "行政區":"文山區",
    "河濱公園":"福和",
    "數量":1
    }
  },
  {
    "type": "Feature",
    "geometry": {
       "type": "Point",
       "coordinates":  [ 121.524801,25.016495 ]
    },
    "properties": {
    "物種":"喬木類",
    "樹種":"桑樹",
    "學名":"Morus australis",
    "科別":"桑科",
    "行政區":"中正區",
    "河濱公園":"古亭",
    "數量":1
    }
  },
  {
    "type": "Feature",
    "geometry": {
       "type": "Point",
       "coordinates":  [ 121.524856,25.016552 ]
    },
    "properties": {
    "物種":"喬木類",
    "樹種":"桑樹",
    "學名":"Morus australis",
    "科別":"桑科",
    "行政區":"中正區",
    "河濱公園":"古亭",
    "數量":1
    }
  },
  {
    "type": "Feature",
    "geometry": {
       "type": "Point",
       "coordinates":  [ 121.524966,25.016423 ]
    },
    "properties": {
    "物種":"喬木類",
    "樹種":"桑樹",
    "學名":"Morus australis",
    "科別":"桑科",
    "行政區":"中正區",
    "河濱公園":"古亭",
    "數量":1
    }
  },
  {
    "type": "Feature",
    "geometry": {
       "type": "Point",
       "coordinates":  [ 121.525217,25.016031 ]
    },
    "properties": {
    "物種":"喬木類",
    "樹種":"桑樹",
    "學名":"Morus australis",
    "科別":"桑科",
    "行政區":"中正區",
    "河濱公園":"古亭",
    "數量":1
    }
  },
  {
    "type": "Feature",
    "geometry": {
       "type": "Point",
       "coordinates":  [ 121.525449,25.015642 ]
    },
    "properties": {
    "物種":"喬木類",
    "樹種":"桑樹",
    "學名":"Morus australis",
    "科別":"桑科",
    "行政區":"中正區",
    "河濱公園":"古亭",
    "數量":1
    }
  },
  {
    "type": "Feature",
    "geometry": {
       "type": "Point",
       "coordinates":  [ 121.525463,25.015618 ]
    },
    "properties": {
    "物種":"喬木類",
    "樹種":"桑樹",
    "學名":"Morus australis",
    "科別":"桑科",
    "行政區":"中正區",
    "河濱公園":"古亭",
    "數量":1
    }
  },
  {
    "type": "Feature",
    "geometry": {
       "type": "Point",
       "coordinates":  [ 121.525616,25.01539 ]
    },
    "properties": {
    "物種":"喬木類",
    "樹種":"桑樹",
    "學名":"Morus australis",
    "科別":"桑科",
    "行政區":"中正區",
    "河濱公園":"古亭",
    "數量":1
    }
  },
  {
    "type": "Feature",
    "geometry": {
       "type": "Point",
       "coordinates":  [ 121.527964,25.011894 ]
    },
    "properties": {
    "物種":"喬木類",
    "樹種":"桑樹",
    "學名":"Morus australis",
    "科別":"桑科",
    "行政區":"中正區",
    "河濱公園":"古亭",
    "數量":1
    }
  },
  {
    "type": "Feature",
    "geometry": {
       "type": "Point",
       "coordinates":  [ 121.527963,25.011892 ]
    },
    "properties": {
    "物種":"喬木類",
    "樹種":"桑樹",
    "學名":"Morus australis",
    "科別":"桑科",
    "行政區":"中正區",
    "河濱公園":"古亭",
    "數量":1
    }
  },
  {
    "type": "Feature",
    "geometry": {
       "type": "Point",
       "coordinates":  [ 121.527944,25.011866 ]
    },
    "properties": {
    "物種":"喬木類",
    "樹種":"桑樹",
    "學名":"Morus australis",
    "科別":"桑科",
    "行政區":"中正區",
    "河濱公園":"古亭",
    "數量":1
    }
  },
  {
    "type": "Feature",
    "geometry": {
       "type": "Point",
       "coordinates":  [ 121.526538,25.013988 ]
    },
    "properties": {
    "物種":"喬木類",
    "樹種":"桑樹",
    "學名":"Morus australis",
    "科別":"桑科",
    "行政區":"中正區",
    "河濱公園":"古亭",
    "數量":1
    }
  },
  {
    "type": "Feature",
    "geometry": {
       "type": "Point",
       "coordinates":  [ 121.526544,25.014012 ]
    },
    "properties": {
    "物種":"喬木類",
    "樹種":"桑樹",
    "學名":"Morus australis",
    "科別":"桑科",
    "行政區":"中正區",
    "河濱公園":"古亭",
    "數量":1
    }
  },
  {
    "type": "Feature",
    "geometry": {
       "type": "Point",
       "coordinates":  [ 121.526315,25.014327 ]
    },
    "properties": {
    "物種":"喬木類",
    "樹種":"桑樹",
    "學名":"Morus australis",
    "科別":"桑科",
    "行政區":"中正區",
    "河濱公園":"古亭",
    "數量":1
    }
  },
  {
    "type": "Feature",
    "geometry": {
       "type": "Point",
       "coordinates":  [ 121.526298,25.01434 ]
    },
    "properties": {
    "物種":"喬木類",
    "樹種":"桑樹",
    "學名":"Morus australis",
    "科別":"桑科",
    "行政區":"中正區",
    "河濱公園":"古亭",
    "數量":1
    }
  },
  {
    "type": "Feature",
    "geometry": {
       "type": "Point",
       "coordinates":  [ 121.525819,25.015081 ]
    },
    "properties": {
    "物種":"喬木類",
    "樹種":"桑樹",
    "學名":"Morus australis",
    "科別":"桑科",
    "行政區":"中正區",
    "河濱公園":"古亭",
    "數量":1
    }
  },
  {
    "type": "Feature",
    "geometry": {
       "type": "Point",
       "coordinates":  [ 121.52564,25.015362 ]
    },
    "properties": {
    "物種":"喬木類",
    "樹種":"桑樹",
    "學名":"Morus australis",
    "科別":"桑科",
    "行政區":"中正區",
    "河濱公園":"古亭",
    "數量":1
    }
  },
  {
    "type": "Feature",
    "geometry": {
       "type": "Point",
       "coordinates":  [ 121.534773,24.998533 ]
    },
    "properties": {
    "物種":"喬木類",
    "樹種":"桑樹",
    "學名":"Morus australis",
    "科別":"桑科",
    "行政區":"文山區",
    "河濱公園":"福和",
    "數量":1
    }
  },
  {
    "type": "Feature",
    "geometry": {
       "type": "Point",
       "coordinates":  [ 121.534757,24.998587 ]
    },
    "properties": {
    "物種":"喬木類",
    "樹種":"桑樹",
    "學名":"Morus australis",
    "科別":"桑科",
    "行政區":"文山區",
    "河濱公園":"福和",
    "數量":1
    }
  },
  {
    "type": "Feature",
    "geometry": {
       "type": "Point",
       "coordinates":  [ 121.532729,25.008052 ]
    },
    "properties": {
    "物種":"喬木類",
    "樹種":"桑樹",
    "學名":"Morus australis",
    "科別":"桑科",
    "行政區":"文山區",
    "河濱公園":"福和",
    "數量":1
    }
  },
  {
    "type": "Feature",
    "geometry": {
       "type": "Point",
       "coordinates":  [ 121.533299,25.008195 ]
    },
    "properties": {
    "物種":"喬木類",
    "樹種":"桑樹",
    "學名":"Morus australis",
    "科別":"桑科",
    "行政區":"文山區",
    "河濱公園":"福和",
    "數量":1
    }
  },
  {
    "type": "Feature",
    "geometry": {
       "type": "Point",
       "coordinates":  [ 121.527314,25.01259 ]
    },
    "properties": {
    "物種":"喬木類",
    "樹種":"烏心石",
    "學名":"Michelia compressa",
    "科別":"木蘭科",
    "行政區":"中正區",
    "河濱公園":"古亭",
    "數量":1
    }
  },
  {
    "type": "Feature",
    "geometry": {
       "type": "Point",
       "coordinates":  [ 121.527441,25.012644 ]
    },
    "properties": {
    "物種":"喬木類",
    "樹種":"烏心石",
    "學名":"Michelia compressa",
    "科別":"木蘭科",
    "行政區":"中正區",
    "河濱公園":"古亭",
    "數量":1
    }
  },
  {
    "type": "Feature",
    "geometry": {
       "type": "Point",
       "coordinates":  [ 121.527474,25.012608 ]
    },
    "properties": {
    "物種":"喬木類",
    "樹種":"烏心石",
    "學名":"Michelia compressa",
    "科別":"木蘭科",
    "行政區":"中正區",
    "河濱公園":"古亭",
    "數量":1
    }
  },
  {
    "type": "Feature",
    "geometry": {
       "type": "Point",
       "coordinates":  [ 121.532447,25.009419 ]
    },
    "properties": {
    "物種":"喬木類",
    "樹種":"烏臼",
    "學名":"Triadica sebifera",
    "科別":"大戟科",
    "行政區":"文山區",
    "河濱公園":"福和",
    "數量":1
    }
  },
  {
    "type": "Feature",
    "geometry": {
       "type": "Point",
       "coordinates":  [ 121.529561,25.010404 ]
    },
    "properties": {
    "物種":"喬木類",
    "樹種":"烏臼",
    "學名":"Triadica sebifera",
    "科別":"大戟科",
    "行政區":"文山區",
    "河濱公園":"福和",
    "數量":1
    }
  },
  {
    "type": "Feature",
    "geometry": {
       "type": "Point",
       "coordinates":  [ 121.528766,25.010799 ]
    },
    "properties": {
    "物種":"喬木類",
    "樹種":"烏臼",
    "學名":"Triadica sebifera",
    "科別":"大戟科",
    "行政區":"文山區",
    "河濱公園":"福和",
    "數量":1
    }
  },
  {
    "type": "Feature",
    "geometry": {
       "type": "Point",
       "coordinates":  [ 121.528676,25.010853 ]
    },
    "properties": {
    "物種":"喬木類",
    "樹種":"烏臼",
    "學名":"Triadica sebifera",
    "科別":"大戟科",
    "行政區":"文山區",
    "河濱公園":"福和",
    "數量":1
    }
  },
  {
    "type": "Feature",
    "geometry": {
       "type": "Point",
       "coordinates":  [ 121.528165,25.011151 ]
    },
    "properties": {
    "物種":"喬木類",
    "樹種":"烏臼",
    "學名":"Triadica sebifera",
    "科別":"大戟科",
    "行政區":"文山區",
    "河濱公園":"福和",
    "數量":1
    }
  },
  {
    "type": "Feature",
    "geometry": {
       "type": "Point",
       "coordinates":  [ 121.528241,25.011214 ]
    },
    "properties": {
    "物種":"喬木類",
    "樹種":"烏臼",
    "學名":"Triadica sebifera",
    "科別":"大戟科",
    "行政區":"文山區",
    "河濱公園":"福和",
    "數量":1
    }
  },
  {
    "type": "Feature",
    "geometry": {
       "type": "Point",
       "coordinates":  [ 121.528154,25.011433 ]
    },
    "properties": {
    "物種":"喬木類",
    "樹種":"烏臼",
    "學名":"Triadica sebifera",
    "科別":"大戟科",
    "行政區":"文山區",
    "河濱公園":"福和",
    "數量":1
    }
  },
  {
    "type": "Feature",
    "geometry": {
       "type": "Point",
       "coordinates":  [ 121.524992,25.016288 ]
    },
    "properties": {
    "物種":"喬木類",
    "樹種":"馬拉巴栗",
    "學名":"Pachira macrocarpa",
    "科別":"木棉科",
    "行政區":"中正區",
    "河濱公園":"古亭",
    "數量":1
    }
  },
  {
    "type": "Feature",
    "geometry": {
       "type": "Point",
       "coordinates":  [ 121.532715,25.009351 ]
    },
    "properties": {
    "物種":"喬木類",
    "樹種":"第倫桃",
    "學名":"Dillenia indica",
    "科別":"第倫桃科",
    "行政區":"文山區",
    "河濱公園":"福和",
    "數量":1
    }
  },
  {
    "type": "Feature",
    "geometry": {
       "type": "Point",
       "coordinates":  [ 121.532757,25.00947 ]
    },
    "properties": {
    "物種":"喬木類",
    "樹種":"第倫桃",
    "學名":"Dillenia indica",
    "科別":"第倫桃科",
    "行政區":"文山區",
    "河濱公園":"福和",
    "數量":1
    }
  },
  {
    "type": "Feature",
    "geometry": {
       "type": "Point",
       "coordinates":  [ 121.532865,25.009371 ]
    },
    "properties": {
    "物種":"喬木類",
    "樹種":"第倫桃",
    "學名":"Dillenia indica",
    "科別":"第倫桃科",
    "行政區":"文山區",
    "河濱公園":"福和",
    "數量":1
    }
  },
  {
    "type": "Feature",
    "geometry": {
       "type": "Point",
       "coordinates":  [ 121.532822,25.009445 ]
    },
    "properties": {
    "物種":"喬木類",
    "樹種":"第倫桃",
    "學名":"Dillenia indica",
    "科別":"第倫桃科",
    "行政區":"文山區",
    "河濱公園":"福和",
    "數量":1
    }
  },
  {
    "type": "Feature",
    "geometry": {
       "type": "Point",
       "coordinates":  [ 121.532799,25.00949 ]
    },
    "properties": {
    "物種":"喬木類",
    "樹種":"第倫桃",
    "學名":"Dillenia indica",
    "科別":"第倫桃科",
    "行政區":"文山區",
    "河濱公園":"福和",
    "數量":1
    }
  },
  {
    "type": "Feature",
    "geometry": {
       "type": "Point",
       "coordinates":  [ 121.53291,25.009416 ]
    },
    "properties": {
    "物種":"喬木類",
    "樹種":"第倫桃",
    "學名":"Dillenia indica",
    "科別":"第倫桃科",
    "行政區":"文山區",
    "河濱公園":"福和",
    "數量":1
    }
  },
  {
    "type": "Feature",
    "geometry": {
       "type": "Point",
       "coordinates":  [ 121.532849,25.00943 ]
    },
    "properties": {
    "物種":"喬木類",
    "樹種":"第倫桃",
    "學名":"Dillenia indica",
    "科別":"第倫桃科",
    "行政區":"文山區",
    "河濱公園":"福和",
    "數量":1
    }
  },
  {
    "type": "Feature",
    "geometry": {
       "type": "Point",
       "coordinates":  [ 121.532858,25.0095 ]
    },
    "properties": {
    "物種":"喬木類",
    "樹種":"第倫桃",
    "學名":"Dillenia indica",
    "科別":"第倫桃科",
    "行政區":"文山區",
    "河濱公園":"福和",
    "數量":1
    }
  },
  {
    "type": "Feature",
    "geometry": {
       "type": "Point",
       "coordinates":  [ 121.505352,25.050975 ]
    },
    "properties": {
    "物種":"喬木類",
    "樹種":"雀榕",
    "學名":"Ficus subpisocarpa",
    "科別":"桑科",
    "行政區":"大同區",
    "河濱公園":"延平",
    "數量":1
    }
  },
  {
    "type": "Feature",
    "geometry": {
       "type": "Point",
       "coordinates":  [ 121.534916,24.999578 ]
    },
    "properties": {
    "物種":"喬木類",
    "樹種":"雀榕",
    "學名":"Ficus subpisocarpa",
    "科別":"桑科",
    "行政區":"文山區",
    "河濱公園":"福和",
    "數量":1
    }
  },
  {
    "type": "Feature",
    "geometry": {
       "type": "Point",
       "coordinates":  [ 121.534681,24.999668 ]
    },
    "properties": {
    "物種":"喬木類",
    "樹種":"雀榕",
    "學名":"Ficus subpisocarpa",
    "科別":"桑科",
    "行政區":"文山區",
    "河濱公園":"福和",
    "數量":1
    }
  },
  {
    "type": "Feature",
    "geometry": {
       "type": "Point",
       "coordinates":  [ 121.535203,24.996808 ]
    },
    "properties": {
    "物種":"喬木類",
    "樹種":"無患子",
    "學名":"Sapindus mukorossi",
    "科別":"無患子科",
    "行政區":"文山區",
    "河濱公園":"福和",
    "數量":1
    }
  },
  {
    "type": "Feature",
    "geometry": {
       "type": "Point",
       "coordinates":  [ 121.525071,25.016191 ]
    },
    "properties": {
    "物種":"喬木類",
    "樹種":"番石榴",
    "學名":"Psidium guajava",
    "科別":"桃金孃科",
    "行政區":"中正區",
    "河濱公園":"古亭",
    "數量":1
    }
  },
  {
    "type": "Feature",
    "geometry": {
       "type": "Point",
       "coordinates":  [ 121.53265,25.008183 ]
    },
    "properties": {
    "物種":"喬木類",
    "樹種":"番石榴",
    "學名":"Psidium guajava",
    "科別":"桃金孃科",
    "行政區":"文山區",
    "河濱公園":"福和",
    "數量":1
    }
  },
  {
    "type": "Feature",
    "geometry": {
       "type": "Point",
       "coordinates":  [ 121.505177,25.050881 ]
    },
    "properties": {
    "物種":"喬木類",
    "樹種":"菩提樹",
    "學名":"Ficus religiosa",
    "科別":"桑科",
    "行政區":"大同區",
    "河濱公園":"延平",
    "數量":1
    }
  },
  {
    "type": "Feature",
    "geometry": {
       "type": "Point",
       "coordinates":  [ 121.533743,25.006564 ]
    },
    "properties": {
    "物種":"喬木類",
    "樹種":"黑板樹",
    "學名":"Alstonia scholaris",
    "科別":"夾竹桃科",
    "行政區":"文山區",
    "河濱公園":"福和",
    "數量":1
    }
  },
  {
    "type": "Feature",
    "geometry": {
       "type": "Point",
       "coordinates":  [ 121.533756,25.006547 ]
    },
    "properties": {
    "物種":"喬木類",
    "樹種":"黑板樹",
    "學名":"Alstonia scholaris",
    "科別":"夾竹桃科",
    "行政區":"文山區",
    "河濱公園":"福和",
    "數量":1
    }
  },
  {
    "type": "Feature",
    "geometry": {
       "type": "Point",
       "coordinates":  [ 121.533771,25.006509 ]
    },
    "properties": {
    "物種":"喬木類",
    "樹種":"黑板樹",
    "學名":"Alstonia scholaris",
    "科別":"夾竹桃科",
    "行政區":"文山區",
    "河濱公園":"福和",
    "數量":1
    }
  },
  {
    "type": "Feature",
    "geometry": {
       "type": "Point",
       "coordinates":  [ 121.533788,25.006471 ]
    },
    "properties": {
    "物種":"喬木類",
    "樹種":"黑板樹",
    "學名":"Alstonia scholaris",
    "科別":"夾竹桃科",
    "行政區":"文山區",
    "河濱公園":"福和",
    "數量":1
    }
  },
  {
    "type": "Feature",
    "geometry": {
       "type": "Point",
       "coordinates":  [ 121.5338,25.006456 ]
    },
    "properties": {
    "物種":"喬木類",
    "樹種":"黑板樹",
    "學名":"Alstonia scholaris",
    "科別":"夾竹桃科",
    "行政區":"文山區",
    "河濱公園":"福和",
    "數量":1
    }
  },
  {
    "type": "Feature",
    "geometry": {
       "type": "Point",
       "coordinates":  [ 121.533812,25.006443 ]
    },
    "properties": {
    "物種":"喬木類",
    "樹種":"黑板樹",
    "學名":"Alstonia scholaris",
    "科別":"夾竹桃科",
    "行政區":"文山區",
    "河濱公園":"福和",
    "數量":1
    }
  },
  {
    "type": "Feature",
    "geometry": {
       "type": "Point",
       "coordinates":  [ 121.533826,25.006416 ]
    },
    "properties": {
    "物種":"喬木類",
    "樹種":"黑板樹",
    "學名":"Alstonia scholaris",
    "科別":"夾竹桃科",
    "行政區":"文山區",
    "河濱公園":"福和",
    "數量":1
    }
  },
  {
    "type": "Feature",
    "geometry": {
       "type": "Point",
       "coordinates":  [ 121.533838,25.006398 ]
    },
    "properties": {
    "物種":"喬木類",
    "樹種":"黑板樹",
    "學名":"Alstonia scholaris",
    "科別":"夾竹桃科",
    "行政區":"文山區",
    "河濱公園":"福和",
    "數量":1
    }
  },
  {
    "type": "Feature",
    "geometry": {
       "type": "Point",
       "coordinates":  [ 121.533845,25.006378 ]
    },
    "properties": {
    "物種":"喬木類",
    "樹種":"黑板樹",
    "學名":"Alstonia scholaris",
    "科別":"夾竹桃科",
    "行政區":"文山區",
    "河濱公園":"福和",
    "數量":1
    }
  },
  {
    "type": "Feature",
    "geometry": {
       "type": "Point",
       "coordinates":  [ 121.527383,25.012575 ]
    },
    "properties": {
    "物種":"喬木類",
    "樹種":"楓香",
    "學名":"Liquidambar formosana",
    "科別":"金縷梅科",
    "行政區":"中正區",
    "河濱公園":"古亭",
    "數量":1
    }
  },
  {
    "type": "Feature",
    "geometry": {
       "type": "Point",
       "coordinates":  [ 121.532439,25.009296 ]
    },
    "properties": {
    "物種":"喬木類",
    "樹種":"楓香",
    "學名":"Liquidambar formosana",
    "科別":"金縷梅科",
    "行政區":"文山區",
    "河濱公園":"福和",
    "數量":1
    }
  },
  {
    "type": "Feature",
    "geometry": {
       "type": "Point",
       "coordinates":  [ 121.532493,25.009246 ]
    },
    "properties": {
    "物種":"喬木類",
    "樹種":"楓香",
    "學名":"Liquidambar formosana",
    "科別":"金縷梅科",
    "行政區":"文山區",
    "河濱公園":"福和",
    "數量":1
    }
  },
  {
    "type": "Feature",
    "geometry": {
       "type": "Point",
       "coordinates":  [ 121.532403,25.009364 ]
    },
    "properties": {
    "物種":"喬木類",
    "樹種":"楓香",
    "學名":"Liquidambar formosana",
    "科別":"金縷梅科",
    "行政區":"文山區",
    "河濱公園":"福和",
    "數量":1
    }
  },
  {
    "type": "Feature",
    "geometry": {
       "type": "Point",
       "coordinates":  [ 121.532409,25.009453 ]
    },
    "properties": {
    "物種":"喬木類",
    "樹種":"楓香",
    "學名":"Liquidambar formosana",
    "科別":"金縷梅科",
    "行政區":"文山區",
    "河濱公園":"福和",
    "數量":1
    }
  },
  {
    "type": "Feature",
    "geometry": {
       "type": "Point",
       "coordinates":  [ 121.53252,25.009337 ]
    },
    "properties": {
    "物種":"喬木類",
    "樹種":"楓香",
    "學名":"Liquidambar formosana",
    "科別":"金縷梅科",
    "行政區":"文山區",
    "河濱公園":"福和",
    "數量":1
    }
  },
  {
    "type": "Feature",
    "geometry": {
       "type": "Point",
       "coordinates":  [ 121.529813,25.010465 ]
    },
    "properties": {
    "物種":"喬木類",
    "樹種":"楓香",
    "學名":"Liquidambar formosana",
    "科別":"金縷梅科",
    "行政區":"文山區",
    "河濱公園":"福和",
    "數量":1
    }
  },
  {
    "type": "Feature",
    "geometry": {
       "type": "Point",
       "coordinates":  [ 121.534776,24.998636 ]
    },
    "properties": {
    "物種":"喬木類",
    "樹種":"榔榆",
    "學名":"Ulmus parvifolia",
    "科別":"榆科",
    "行政區":"文山區",
    "河濱公園":"福和",
    "數量":1
    }
  },
  {
    "type": "Feature",
    "geometry": {
       "type": "Point",
       "coordinates":  [ 121.532682,25.009133 ]
    },
    "properties": {
    "物種":"喬木類",
    "樹種":"稜果榕",
    "學名":"Ficus septica",
    "科別":"桑科",
    "行政區":"文山區",
    "河濱公園":"福和",
    "數量":1
    }
  },
  {
    "type": "Feature",
    "geometry": {
       "type": "Point",
       "coordinates":  [ 121.532702,25.009169 ]
    },
    "properties": {
    "物種":"喬木類",
    "樹種":"稜果榕",
    "學名":"Ficus septica",
    "科別":"桑科",
    "行政區":"文山區",
    "河濱公園":"福和",
    "數量":1
    }
  },
  {
    "type": "Feature",
    "geometry": {
       "type": "Point",
       "coordinates":  [ 121.532749,25.009182 ]
    },
    "properties": {
    "物種":"喬木類",
    "樹種":"稜果榕",
    "學名":"Ficus septica",
    "科別":"桑科",
    "行政區":"文山區",
    "河濱公園":"福和",
    "數量":1
    }
  },
  {
    "type": "Feature",
    "geometry": {
       "type": "Point",
       "coordinates":  [ 121.534102,25.007829 ]
    },
    "properties": {
    "物種":"喬木類",
    "樹種":"稜果榕",
    "學名":"Ficus septica",
    "科別":"桑科",
    "行政區":"文山區",
    "河濱公園":"福和",
    "數量":1
    }
  },
  {
    "type": "Feature",
    "geometry": {
       "type": "Point",
       "coordinates":  [ 121.532834,25.009251 ]
    },
    "properties": {
    "物種":"喬木類",
    "樹種":"落羽松",
    "學名":"Taxodium distichum",
    "科別":"杉科",
    "行政區":"文山區",
    "河濱公園":"福和",
    "數量":1
    }
  },
  {
    "type": "Feature",
    "geometry": {
       "type": "Point",
       "coordinates":  [ 121.53279,25.009231 ]
    },
    "properties": {
    "物種":"喬木類",
    "樹種":"落羽松",
    "學名":"Taxodium distichum",
    "科別":"杉科",
    "行政區":"文山區",
    "河濱公園":"福和",
    "數量":1
    }
  },
  {
    "type": "Feature",
    "geometry": {
       "type": "Point",
       "coordinates":  [ 121.532988,25.009388 ]
    },
    "properties": {
    "物種":"喬木類",
    "樹種":"落羽松",
    "學名":"Taxodium distichum",
    "科別":"杉科",
    "行政區":"文山區",
    "河濱公園":"福和",
    "數量":1
    }
  },
  {
    "type": "Feature",
    "geometry": {
       "type": "Point",
       "coordinates":  [ 121.533044,25.009362 ]
    },
    "properties": {
    "物種":"喬木類",
    "樹種":"落羽松",
    "學名":"Taxodium distichum",
    "科別":"杉科",
    "行政區":"文山區",
    "河濱公園":"福和",
    "數量":1
    }
  },
  {
    "type": "Feature",
    "geometry": {
       "type": "Point",
       "coordinates":  [ 121.533102,25.009405 ]
    },
    "properties": {
    "物種":"喬木類",
    "樹種":"落羽松",
    "學名":"Taxodium distichum",
    "科別":"杉科",
    "行政區":"文山區",
    "河濱公園":"福和",
    "數量":1
    }
  },
  {
    "type": "Feature",
    "geometry": {
       "type": "Point",
       "coordinates":  [ 121.533113,25.009458 ]
    },
    "properties": {
    "物種":"喬木類",
    "樹種":"落羽松",
    "學名":"Taxodium distichum",
    "科別":"杉科",
    "行政區":"文山區",
    "河濱公園":"福和",
    "數量":1
    }
  },
  {
    "type": "Feature",
    "geometry": {
       "type": "Point",
       "coordinates":  [ 121.53298,25.009337 ]
    },
    "properties": {
    "物種":"喬木類",
    "樹種":"落羽松",
    "學名":"Taxodium distichum",
    "科別":"杉科",
    "行政區":"文山區",
    "河濱公園":"福和",
    "數量":1
    }
  },
  {
    "type": "Feature",
    "geometry": {
       "type": "Point",
       "coordinates":  [ 121.53484,24.998634 ]
    },
    "properties": {
    "物種":"喬木類",
    "樹種":"酪梨",
    "學名":"Persea americana",
    "科別":"樟科",
    "行政區":"文山區",
    "河濱公園":"福和",
    "數量":1
    }
  },
  {
    "type": "Feature",
    "geometry": {
       "type": "Point",
       "coordinates":  [ 121.505249,25.050627 ]
    },
    "properties": {
    "物種":"喬木類",
    "樹種":"榕樹",
    "學名":"Ficus microcarpa",
    "科別":"桑科",
    "行政區":"大同區",
    "河濱公園":"延平",
    "數量":1
    }
  },
  {
    "type": "Feature",
    "geometry": {
       "type": "Point",
       "coordinates":  [ 121.508819,25.097361 ]
    },
    "properties": {
    "物種":"喬木類",
    "樹種":"榕樹",
    "學名":"Ficus microcarpa",
    "科別":"桑科",
    "行政區":"北投區",
    "河濱公園":"河雙21號",
    "數量":1
    }
  },
  {
    "type": "Feature",
    "geometry": {
       "type": "Point",
       "coordinates":  [ 121.524695,25.016671 ]
    },
    "properties": {
    "物種":"喬木類",
    "樹種":"榕樹",
    "學名":"Ficus microcarpa",
    "科別":"桑科",
    "行政區":"中正區",
    "河濱公園":"古亭",
    "數量":1
    }
  },
  {
    "type": "Feature",
    "geometry": {
       "type": "Point",
       "coordinates":  [ 121.524736,25.01671 ]
    },
    "properties": {
    "物種":"喬木類",
    "樹種":"榕樹",
    "學名":"Ficus microcarpa",
    "科別":"桑科",
    "行政區":"中正區",
    "河濱公園":"古亭",
    "數量":1
    }
  },
  {
    "type": "Feature",
    "geometry": {
       "type": "Point",
       "coordinates":  [ 121.52473,25.016598 ]
    },
    "properties": {
    "物種":"喬木類",
    "樹種":"榕樹",
    "學名":"Ficus microcarpa",
    "科別":"桑科",
    "行政區":"中正區",
    "河濱公園":"古亭",
    "數量":1
    }
  },
  {
    "type": "Feature",
    "geometry": {
       "type": "Point",
       "coordinates":  [ 121.524799,25.016533 ]
    },
    "properties": {
    "物種":"喬木類",
    "樹種":"榕樹",
    "學名":"Ficus microcarpa",
    "科別":"桑科",
    "行政區":"中正區",
    "河濱公園":"古亭",
    "數量":1
    }
  },
  {
    "type": "Feature",
    "geometry": {
       "type": "Point",
       "coordinates":  [ 121.524864,25.016486 ]
    },
    "properties": {
    "物種":"喬木類",
    "樹種":"榕樹",
    "學名":"Ficus microcarpa",
    "科別":"桑科",
    "行政區":"中正區",
    "河濱公園":"古亭",
    "數量":1
    }
  },
  {
    "type": "Feature",
    "geometry": {
       "type": "Point",
       "coordinates":  [ 121.52496,25.016387 ]
    },
    "properties": {
    "物種":"喬木類",
    "樹種":"榕樹",
    "學名":"Ficus microcarpa",
    "科別":"桑科",
    "行政區":"中正區",
    "河濱公園":"古亭",
    "數量":1
    }
  },
  {
    "type": "Feature",
    "geometry": {
       "type": "Point",
       "coordinates":  [ 121.52499,25.016365 ]
    },
    "properties": {
    "物種":"喬木類",
    "樹種":"榕樹",
    "學名":"Ficus microcarpa",
    "科別":"桑科",
    "行政區":"中正區",
    "河濱公園":"古亭",
    "數量":1
    }
  },
  {
    "type": "Feature",
    "geometry": {
       "type": "Point",
       "coordinates":  [ 121.525112,25.016118 ]
    },
    "properties": {
    "物種":"喬木類",
    "樹種":"榕樹",
    "學名":"Ficus microcarpa",
    "科別":"桑科",
    "行政區":"中正區",
    "河濱公園":"古亭",
    "數量":1
    }
  },
  {
    "type": "Feature",
    "geometry": {
       "type": "Point",
       "coordinates":  [ 121.525142,25.016024 ]
    },
    "properties": {
    "物種":"喬木類",
    "樹種":"榕樹",
    "學名":"Ficus microcarpa",
    "科別":"桑科",
    "行政區":"中正區",
    "河濱公園":"古亭",
    "數量":1
    }
  },
  {
    "type": "Feature",
    "geometry": {
       "type": "Point",
       "coordinates":  [ 121.525163,25.016005 ]
    },
    "properties": {
    "物種":"喬木類",
    "樹種":"榕樹",
    "學名":"Ficus microcarpa",
    "科別":"桑科",
    "行政區":"中正區",
    "河濱公園":"古亭",
    "數量":1
    }
  },
  {
    "type": "Feature",
    "geometry": {
       "type": "Point",
       "coordinates":  [ 121.525205,25.015991 ]
    },
    "properties": {
    "物種":"喬木類",
    "樹種":"榕樹",
    "學名":"Ficus microcarpa",
    "科別":"桑科",
    "行政區":"中正區",
    "河濱公園":"古亭",
    "數量":1
    }
  },
  {
    "type": "Feature",
    "geometry": {
       "type": "Point",
       "coordinates":  [ 121.52527,25.015861 ]
    },
    "properties": {
    "物種":"喬木類",
    "樹種":"榕樹",
    "學名":"Ficus microcarpa",
    "科別":"桑科",
    "行政區":"中正區",
    "河濱公園":"古亭",
    "數量":1
    }
  },
  {
    "type": "Feature",
    "geometry": {
       "type": "Point",
       "coordinates":  [ 121.527057,25.013157 ]
    },
    "properties": {
    "物種":"喬木類",
    "樹種":"榕樹",
    "學名":"Ficus microcarpa",
    "科別":"桑科",
    "行政區":"中正區",
    "河濱公園":"古亭",
    "數量":1
    }
  },
  {
    "type": "Feature",
    "geometry": {
       "type": "Point",
       "coordinates":  [ 121.535046,24.996657 ]
    },
    "properties": {
    "物種":"喬木類",
    "樹種":"榕樹",
    "學名":"Ficus microcarpa",
    "科別":"桑科",
    "行政區":"文山區",
    "河濱公園":"福和",
    "數量":1
    }
  },
  {
    "type": "Feature",
    "geometry": {
       "type": "Point",
       "coordinates":  [ 121.535046,24.996688 ]
    },
    "properties": {
    "物種":"喬木類",
    "樹種":"榕樹",
    "學名":"Ficus microcarpa",
    "科別":"桑科",
    "行政區":"文山區",
    "河濱公園":"福和",
    "數量":1
    }
  },
  {
    "type": "Feature",
    "geometry": {
       "type": "Point",
       "coordinates":  [ 121.535033,24.996714 ]
    },
    "properties": {
    "物種":"喬木類",
    "樹種":"榕樹",
    "學名":"Ficus microcarpa",
    "科別":"桑科",
    "行政區":"文山區",
    "河濱公園":"福和",
    "數量":1
    }
  },
  {
    "type": "Feature",
    "geometry": {
       "type": "Point",
       "coordinates":  [ 121.535024,24.996748 ]
    },
    "properties": {
    "物種":"喬木類",
    "樹種":"榕樹",
    "學名":"Ficus microcarpa",
    "科別":"桑科",
    "行政區":"文山區",
    "河濱公園":"福和",
    "數量":1
    }
  },
  {
    "type": "Feature",
    "geometry": {
       "type": "Point",
       "coordinates":  [ 121.53503,24.996768 ]
    },
    "properties": {
    "物種":"喬木類",
    "樹種":"榕樹",
    "學名":"Ficus microcarpa",
    "科別":"桑科",
    "行政區":"文山區",
    "河濱公園":"福和",
    "數量":1
    }
  },
  {
    "type": "Feature",
    "geometry": {
       "type": "Point",
       "coordinates":  [ 121.535189,24.997101 ]
    },
    "properties": {
    "物種":"喬木類",
    "樹種":"榕樹",
    "學名":"Ficus microcarpa",
    "科別":"桑科",
    "行政區":"文山區",
    "河濱公園":"福和",
    "數量":1
    }
  },
  {
    "type": "Feature",
    "geometry": {
       "type": "Point",
       "coordinates":  [ 121.535181,24.997132 ]
    },
    "properties": {
    "物種":"喬木類",
    "樹種":"榕樹",
    "學名":"Ficus microcarpa",
    "科別":"桑科",
    "行政區":"文山區",
    "河濱公園":"福和",
    "數量":1
    }
  },
  {
    "type": "Feature",
    "geometry": {
       "type": "Point",
       "coordinates":  [ 121.535173,24.997157 ]
    },
    "properties": {
    "物種":"喬木類",
    "樹種":"榕樹",
    "學名":"Ficus microcarpa",
    "科別":"桑科",
    "行政區":"文山區",
    "河濱公園":"福和",
    "數量":1
    }
  },
  {
    "type": "Feature",
    "geometry": {
       "type": "Point",
       "coordinates":  [ 121.535176,24.997196 ]
    },
    "properties": {
    "物種":"喬木類",
    "樹種":"榕樹",
    "學名":"Ficus microcarpa",
    "科別":"桑科",
    "行政區":"文山區",
    "河濱公園":"福和",
    "數量":1
    }
  },
  {
    "type": "Feature",
    "geometry": {
       "type": "Point",
       "coordinates":  [ 121.535148,24.997501 ]
    },
    "properties": {
    "物種":"喬木類",
    "樹種":"榕樹",
    "學名":"Ficus microcarpa",
    "科別":"桑科",
    "行政區":"文山區",
    "河濱公園":"福和",
    "數量":1
    }
  },
  {
    "type": "Feature",
    "geometry": {
       "type": "Point",
       "coordinates":  [ 121.535136,24.997553 ]
    },
    "properties": {
    "物種":"喬木類",
    "樹種":"榕樹",
    "學名":"Ficus microcarpa",
    "科別":"桑科",
    "行政區":"文山區",
    "河濱公園":"福和",
    "數量":1
    }
  },
  {
    "type": "Feature",
    "geometry": {
       "type": "Point",
       "coordinates":  [ 121.534988,24.997902 ]
    },
    "properties": {
    "物種":"喬木類",
    "樹種":"榕樹",
    "學名":"Ficus microcarpa",
    "科別":"桑科",
    "行政區":"文山區",
    "河濱公園":"福和",
    "數量":1
    }
  },
  {
    "type": "Feature",
    "geometry": {
       "type": "Point",
       "coordinates":  [ 121.534922,24.997878 ]
    },
    "properties": {
    "物種":"喬木類",
    "樹種":"榕樹",
    "學名":"Ficus microcarpa",
    "科別":"桑科",
    "行政區":"文山區",
    "河濱公園":"福和",
    "數量":1
    }
  },
  {
    "type": "Feature",
    "geometry": {
       "type": "Point",
       "coordinates":  [ 121.534972,24.997905 ]
    },
    "properties": {
    "物種":"喬木類",
    "樹種":"榕樹",
    "學名":"Ficus microcarpa",
    "科別":"桑科",
    "行政區":"文山區",
    "河濱公園":"福和",
    "數量":1
    }
  },
  {
    "type": "Feature",
    "geometry": {
       "type": "Point",
       "coordinates":  [ 121.534957,24.997926 ]
    },
    "properties": {
    "物種":"喬木類",
    "樹種":"榕樹",
    "學名":"Ficus microcarpa",
    "科別":"桑科",
    "行政區":"文山區",
    "河濱公園":"福和",
    "數量":1
    }
  },
  {
    "type": "Feature",
    "geometry": {
       "type": "Point",
       "coordinates":  [ 121.534919,24.997939 ]
    },
    "properties": {
    "物種":"喬木類",
    "樹種":"榕樹",
    "學名":"Ficus microcarpa",
    "科別":"桑科",
    "行政區":"文山區",
    "河濱公園":"福和",
    "數量":1
    }
  },
  {
    "type": "Feature",
    "geometry": {
       "type": "Point",
       "coordinates":  [ 121.534906,24.998234 ]
    },
    "properties": {
    "物種":"喬木類",
    "樹種":"榕樹",
    "學名":"Ficus microcarpa",
    "科別":"桑科",
    "行政區":"文山區",
    "河濱公園":"福和",
    "數量":1
    }
  },
  {
    "type": "Feature",
    "geometry": {
       "type": "Point",
       "coordinates":  [ 121.534894,24.998319 ]
    },
    "properties": {
    "物種":"喬木類",
    "樹種":"榕樹",
    "學名":"Ficus microcarpa",
    "科別":"桑科",
    "行政區":"文山區",
    "河濱公園":"福和",
    "數量":1
    }
  },
  {
    "type": "Feature",
    "geometry": {
       "type": "Point",
       "coordinates":  [ 121.534884,24.998351 ]
    },
    "properties": {
    "物種":"喬木類",
    "樹種":"榕樹",
    "學名":"Ficus microcarpa",
    "科別":"桑科",
    "行政區":"文山區",
    "河濱公園":"福和",
    "數量":1
    }
  },
  {
    "type": "Feature",
    "geometry": {
       "type": "Point",
       "coordinates":  [ 121.534839,24.998388 ]
    },
    "properties": {
    "物種":"喬木類",
    "樹種":"榕樹",
    "學名":"Ficus microcarpa",
    "科別":"桑科",
    "行政區":"文山區",
    "河濱公園":"福和",
    "數量":1
    }
  },
  {
    "type": "Feature",
    "geometry": {
       "type": "Point",
       "coordinates":  [ 121.534879,24.998419 ]
    },
    "properties": {
    "物種":"喬木類",
    "樹種":"榕樹",
    "學名":"Ficus microcarpa",
    "科別":"桑科",
    "行政區":"文山區",
    "河濱公園":"福和",
    "數量":1
    }
  },
  {
    "type": "Feature",
    "geometry": {
       "type": "Point",
       "coordinates":  [ 121.534859,24.998451 ]
    },
    "properties": {
    "物種":"喬木類",
    "樹種":"榕樹",
    "學名":"Ficus microcarpa",
    "科別":"桑科",
    "行政區":"文山區",
    "河濱公園":"福和",
    "數量":1
    }
  },
  {
    "type": "Feature",
    "geometry": {
       "type": "Point",
       "coordinates":  [ 121.534842,24.998457 ]
    },
    "properties": {
    "物種":"喬木類",
    "樹種":"榕樹",
    "學名":"Ficus microcarpa",
    "科別":"桑科",
    "行政區":"文山區",
    "河濱公園":"福和",
    "數量":1
    }
  },
  {
    "type": "Feature",
    "geometry": {
       "type": "Point",
       "coordinates":  [ 121.53481,24.998477 ]
    },
    "properties": {
    "物種":"喬木類",
    "樹種":"榕樹",
    "學名":"Ficus microcarpa",
    "科別":"桑科",
    "行政區":"文山區",
    "河濱公園":"福和",
    "數量":1
    }
  },
  {
    "type": "Feature",
    "geometry": {
       "type": "Point",
       "coordinates":  [ 121.534698,24.998574 ]
    },
    "properties": {
    "物種":"喬木類",
    "樹種":"榕樹",
    "學名":"Ficus microcarpa",
    "科別":"桑科",
    "行政區":"文山區",
    "河濱公園":"福和",
    "數量":1
    }
  },
  {
    "type": "Feature",
    "geometry": {
       "type": "Point",
       "coordinates":  [ 121.534853,24.998525 ]
    },
    "properties": {
    "物種":"喬木類",
    "樹種":"榕樹",
    "學名":"Ficus microcarpa",
    "科別":"桑科",
    "行政區":"文山區",
    "河濱公園":"福和",
    "數量":1
    }
  },
  {
    "type": "Feature",
    "geometry": {
       "type": "Point",
       "coordinates":  [ 121.534877,24.998535 ]
    },
    "properties": {
    "物種":"喬木類",
    "樹種":"榕樹",
    "學名":"Ficus microcarpa",
    "科別":"桑科",
    "行政區":"文山區",
    "河濱公園":"福和",
    "數量":1
    }
  },
  {
    "type": "Feature",
    "geometry": {
       "type": "Point",
       "coordinates":  [ 121.534883,24.998558 ]
    },
    "properties": {
    "物種":"喬木類",
    "樹種":"榕樹",
    "學名":"Ficus microcarpa",
    "科別":"桑科",
    "行政區":"文山區",
    "河濱公園":"福和",
    "數量":1
    }
  },
  {
    "type": "Feature",
    "geometry": {
       "type": "Point",
       "coordinates":  [ 121.534952,24.998565 ]
    },
    "properties": {
    "物種":"喬木類",
    "樹種":"榕樹",
    "學名":"Ficus microcarpa",
    "科別":"桑科",
    "行政區":"文山區",
    "河濱公園":"福和",
    "數量":1
    }
  },
  {
    "type": "Feature",
    "geometry": {
       "type": "Point",
       "coordinates":  [ 121.535016,24.998634 ]
    },
    "properties": {
    "物種":"喬木類",
    "樹種":"榕樹",
    "學名":"Ficus microcarpa",
    "科別":"桑科",
    "行政區":"文山區",
    "河濱公園":"福和",
    "數量":1
    }
  },
  {
    "type": "Feature",
    "geometry": {
       "type": "Point",
       "coordinates":  [ 121.534874,24.998826 ]
    },
    "properties": {
    "物種":"喬木類",
    "樹種":"榕樹",
    "學名":"Ficus microcarpa",
    "科別":"桑科",
    "行政區":"文山區",
    "河濱公園":"福和",
    "數量":1
    }
  },
  {
    "type": "Feature",
    "geometry": {
       "type": "Point",
       "coordinates":  [ 121.534648,24.998852 ]
    },
    "properties": {
    "物種":"喬木類",
    "樹種":"榕樹",
    "學名":"Ficus microcarpa",
    "科別":"桑科",
    "行政區":"文山區",
    "河濱公園":"福和",
    "數量":1
    }
  },
  {
    "type": "Feature",
    "geometry": {
       "type": "Point",
       "coordinates":  [ 121.534644,24.998904 ]
    },
    "properties": {
    "物種":"喬木類",
    "樹種":"榕樹",
    "學名":"Ficus microcarpa",
    "科別":"桑科",
    "行政區":"文山區",
    "河濱公園":"福和",
    "數量":1
    }
  },
  {
    "type": "Feature",
    "geometry": {
       "type": "Point",
       "coordinates":  [ 121.534648,24.99886 ]
    },
    "properties": {
    "物種":"喬木類",
    "樹種":"榕樹",
    "學名":"Ficus microcarpa",
    "科別":"桑科",
    "行政區":"文山區",
    "河濱公園":"福和",
    "數量":1
    }
  },
  {
    "type": "Feature",
    "geometry": {
       "type": "Point",
       "coordinates":  [ 121.534579,24.999038 ]
    },
    "properties": {
    "物種":"喬木類",
    "樹種":"榕樹",
    "學名":"Ficus microcarpa",
    "科別":"桑科",
    "行政區":"文山區",
    "河濱公園":"福和",
    "數量":1
    }
  },
  {
    "type": "Feature",
    "geometry": {
       "type": "Point",
       "coordinates":  [ 121.534519,24.999091 ]
    },
    "properties": {
    "物種":"喬木類",
    "樹種":"榕樹",
    "學名":"Ficus microcarpa",
    "科別":"桑科",
    "行政區":"文山區",
    "河濱公園":"福和",
    "數量":1
    }
  },
  {
    "type": "Feature",
    "geometry": {
       "type": "Point",
       "coordinates":  [ 121.534911,24.999305 ]
    },
    "properties": {
    "物種":"喬木類",
    "樹種":"榕樹",
    "學名":"Ficus microcarpa",
    "科別":"桑科",
    "行政區":"文山區",
    "河濱公園":"福和",
    "數量":1
    }
  },
  {
    "type": "Feature",
    "geometry": {
       "type": "Point",
       "coordinates":  [ 121.534906,24.999341 ]
    },
    "properties": {
    "物種":"喬木類",
    "樹種":"榕樹",
    "學名":"Ficus microcarpa",
    "科別":"桑科",
    "行政區":"文山區",
    "河濱公園":"福和",
    "數量":1
    }
  },
  {
    "type": "Feature",
    "geometry": {
       "type": "Point",
       "coordinates":  [ 121.534892,24.999411 ]
    },
    "properties": {
    "物種":"喬木類",
    "樹種":"榕樹",
    "學名":"Ficus microcarpa",
    "科別":"桑科",
    "行政區":"文山區",
    "河濱公園":"福和",
    "數量":1
    }
  },
  {
    "type": "Feature",
    "geometry": {
       "type": "Point",
       "coordinates":  [ 121.53491,24.99947 ]
    },
    "properties": {
    "物種":"喬木類",
    "樹種":"榕樹",
    "學名":"Ficus microcarpa",
    "科別":"桑科",
    "行政區":"文山區",
    "河濱公園":"福和",
    "數量":1
    }
  },
  {
    "type": "Feature",
    "geometry": {
       "type": "Point",
       "coordinates":  [ 121.534897,24.999506 ]
    },
    "properties": {
    "物種":"喬木類",
    "樹種":"榕樹",
    "學名":"Ficus microcarpa",
    "科別":"桑科",
    "行政區":"文山區",
    "河濱公園":"福和",
    "數量":1
    }
  },
  {
    "type": "Feature",
    "geometry": {
       "type": "Point",
       "coordinates":  [ 121.53492,24.999541 ]
    },
    "properties": {
    "物種":"喬木類",
    "樹種":"榕樹",
    "學名":"Ficus microcarpa",
    "科別":"桑科",
    "行政區":"文山區",
    "河濱公園":"福和",
    "數量":1
    }
  },
  {
    "type": "Feature",
    "geometry": {
       "type": "Point",
       "coordinates":  [ 121.534911,24.999565 ]
    },
    "properties": {
    "物種":"喬木類",
    "樹種":"榕樹",
    "學名":"Ficus microcarpa",
    "科別":"桑科",
    "行政區":"文山區",
    "河濱公園":"福和",
    "數量":1
    }
  },
  {
    "type": "Feature",
    "geometry": {
       "type": "Point",
       "coordinates":  [ 121.534907,24.999599 ]
    },
    "properties": {
    "物種":"喬木類",
    "樹種":"榕樹",
    "學名":"Ficus microcarpa",
    "科別":"桑科",
    "行政區":"文山區",
    "河濱公園":"福和",
    "數量":1
    }
  },
  {
    "type": "Feature",
    "geometry": {
       "type": "Point",
       "coordinates":  [ 121.53491,24.999609 ]
    },
    "properties": {
    "物種":"喬木類",
    "樹種":"榕樹",
    "學名":"Ficus microcarpa",
    "科別":"桑科",
    "行政區":"文山區",
    "河濱公園":"福和",
    "數量":1
    }
  },
  {
    "type": "Feature",
    "geometry": {
       "type": "Point",
       "coordinates":  [ 121.534687,24.999756 ]
    },
    "properties": {
    "物種":"喬木類",
    "樹種":"榕樹",
    "學名":"Ficus microcarpa",
    "科別":"桑科",
    "行政區":"文山區",
    "河濱公園":"福和",
    "數量":1
    }
  },
  {
    "type": "Feature",
    "geometry": {
       "type": "Point",
       "coordinates":  [ 121.53468,24.999864 ]
    },
    "properties": {
    "物種":"喬木類",
    "樹種":"榕樹",
    "學名":"Ficus microcarpa",
    "科別":"桑科",
    "行政區":"文山區",
    "河濱公園":"福和",
    "數量":1
    }
  },
  {
    "type": "Feature",
    "geometry": {
       "type": "Point",
       "coordinates":  [ 121.534779,25.000225 ]
    },
    "properties": {
    "物種":"喬木類",
    "樹種":"榕樹",
    "學名":"Ficus microcarpa",
    "科別":"桑科",
    "行政區":"文山區",
    "河濱公園":"福和",
    "數量":1
    }
  },
  {
    "type": "Feature",
    "geometry": {
       "type": "Point",
       "coordinates":  [ 121.534728,25.00001 ]
    },
    "properties": {
    "物種":"喬木類",
    "樹種":"榕樹",
    "學名":"Ficus microcarpa",
    "科別":"桑科",
    "行政區":"文山區",
    "河濱公園":"福和",
    "數量":1
    }
  },
  {
    "type": "Feature",
    "geometry": {
       "type": "Point",
       "coordinates":  [ 121.534611,25.000007 ]
    },
    "properties": {
    "物種":"喬木類",
    "樹種":"榕樹",
    "學名":"Ficus microcarpa",
    "科別":"桑科",
    "行政區":"文山區",
    "河濱公園":"福和",
    "數量":1
    }
  },
  {
    "type": "Feature",
    "geometry": {
       "type": "Point",
       "coordinates":  [ 121.534389,25.000521 ]
    },
    "properties": {
    "物種":"喬木類",
    "樹種":"榕樹",
    "學名":"Ficus microcarpa",
    "科別":"桑科",
    "行政區":"文山區",
    "河濱公園":"福和",
    "數量":1
    }
  },
  {
    "type": "Feature",
    "geometry": {
       "type": "Point",
       "coordinates":  [ 121.534411,25.000615 ]
    },
    "properties": {
    "物種":"喬木類",
    "樹種":"榕樹",
    "學名":"Ficus microcarpa",
    "科別":"桑科",
    "行政區":"文山區",
    "河濱公園":"福和",
    "數量":1
    }
  },
  {
    "type": "Feature",
    "geometry": {
       "type": "Point",
       "coordinates":  [ 121.534715,25.000717 ]
    },
    "properties": {
    "物種":"喬木類",
    "樹種":"榕樹",
    "學名":"Ficus microcarpa",
    "科別":"桑科",
    "行政區":"文山區",
    "河濱公園":"福和",
    "數量":1
    }
  },
  {
    "type": "Feature",
    "geometry": {
       "type": "Point",
       "coordinates":  [ 121.534768,25.000722 ]
    },
    "properties": {
    "物種":"喬木類",
    "樹種":"榕樹",
    "學名":"Ficus microcarpa",
    "科別":"桑科",
    "行政區":"文山區",
    "河濱公園":"福和",
    "數量":1
    }
  },
  {
    "type": "Feature",
    "geometry": {
       "type": "Point",
       "coordinates":  [ 121.534839,25.000725 ]
    },
    "properties": {
    "物種":"喬木類",
    "樹種":"榕樹",
    "學名":"Ficus microcarpa",
    "科別":"桑科",
    "行政區":"文山區",
    "河濱公園":"福和",
    "數量":1
    }
  },
  {
    "type": "Feature",
    "geometry": {
       "type": "Point",
       "coordinates":  [ 121.534907,25.000725 ]
    },
    "properties": {
    "物種":"喬木類",
    "樹種":"榕樹",
    "學名":"Ficus microcarpa",
    "科別":"桑科",
    "行政區":"文山區",
    "河濱公園":"福和",
    "數量":1
    }
  },
  {
    "type": "Feature",
    "geometry": {
       "type": "Point",
       "coordinates":  [ 121.535093,25.000704 ]
    },
    "properties": {
    "物種":"喬木類",
    "樹種":"榕樹",
    "學名":"Ficus microcarpa",
    "科別":"桑科",
    "行政區":"文山區",
    "河濱公園":"福和",
    "數量":1
    }
  },
  {
    "type": "Feature",
    "geometry": {
       "type": "Point",
       "coordinates":  [ 121.535087,25.000726 ]
    },
    "properties": {
    "物種":"喬木類",
    "樹種":"榕樹",
    "學名":"Ficus microcarpa",
    "科別":"桑科",
    "行政區":"文山區",
    "河濱公園":"福和",
    "數量":1
    }
  },
  {
    "type": "Feature",
    "geometry": {
       "type": "Point",
       "coordinates":  [ 121.535083,25.000766 ]
    },
    "properties": {
    "物種":"喬木類",
    "樹種":"榕樹",
    "學名":"Ficus microcarpa",
    "科別":"桑科",
    "行政區":"文山區",
    "河濱公園":"福和",
    "數量":1
    }
  },
  {
    "type": "Feature",
    "geometry": {
       "type": "Point",
       "coordinates":  [ 121.535095,25.000853 ]
    },
    "properties": {
    "物種":"喬木類",
    "樹種":"榕樹",
    "學名":"Ficus microcarpa",
    "科別":"桑科",
    "行政區":"文山區",
    "河濱公園":"福和",
    "數量":1
    }
  },
  {
    "type": "Feature",
    "geometry": {
       "type": "Point",
       "coordinates":  [ 121.535094,25.000899 ]
    },
    "properties": {
    "物種":"喬木類",
    "樹種":"榕樹",
    "學名":"Ficus microcarpa",
    "科別":"桑科",
    "行政區":"文山區",
    "河濱公園":"福和",
    "數量":1
    }
  },
  {
    "type": "Feature",
    "geometry": {
       "type": "Point",
       "coordinates":  [ 121.535088,25.000959 ]
    },
    "properties": {
    "物種":"喬木類",
    "樹種":"榕樹",
    "學名":"Ficus microcarpa",
    "科別":"桑科",
    "行政區":"文山區",
    "河濱公園":"福和",
    "數量":1
    }
  },
  {
    "type": "Feature",
    "geometry": {
       "type": "Point",
       "coordinates":  [ 121.535086,25.001021 ]
    },
    "properties": {
    "物種":"喬木類",
    "樹種":"榕樹",
    "學名":"Ficus microcarpa",
    "科別":"桑科",
    "行政區":"文山區",
    "河濱公園":"福和",
    "數量":1
    }
  },
  {
    "type": "Feature",
    "geometry": {
       "type": "Point",
       "coordinates":  [ 121.535085,25.00105 ]
    },
    "properties": {
    "物種":"喬木類",
    "樹種":"榕樹",
    "學名":"Ficus microcarpa",
    "科別":"桑科",
    "行政區":"文山區",
    "河濱公園":"福和",
    "數量":1
    }
  },
  {
    "type": "Feature",
    "geometry": {
       "type": "Point",
       "coordinates":  [ 121.535086,25.001057 ]
    },
    "properties": {
    "物種":"喬木類",
    "樹種":"榕樹",
    "學名":"Ficus microcarpa",
    "科別":"桑科",
    "行政區":"文山區",
    "河濱公園":"福和",
    "數量":1
    }
  },
  {
    "type": "Feature",
    "geometry": {
       "type": "Point",
       "coordinates":  [ 121.535097,25.001065 ]
    },
    "properties": {
    "物種":"喬木類",
    "樹種":"榕樹",
    "學名":"Ficus microcarpa",
    "科別":"桑科",
    "行政區":"文山區",
    "河濱公園":"福和",
    "數量":1
    }
  },
  {
    "type": "Feature",
    "geometry": {
       "type": "Point",
       "coordinates":  [ 121.535096,25.001095 ]
    },
    "properties": {
    "物種":"喬木類",
    "樹種":"榕樹",
    "學名":"Ficus microcarpa",
    "科別":"桑科",
    "行政區":"文山區",
    "河濱公園":"福和",
    "數量":1
    }
  },
  {
    "type": "Feature",
    "geometry": {
       "type": "Point",
       "coordinates":  [ 121.535083,25.001143 ]
    },
    "properties": {
    "物種":"喬木類",
    "樹種":"榕樹",
    "學名":"Ficus microcarpa",
    "科別":"桑科",
    "行政區":"文山區",
    "河濱公園":"福和",
    "數量":1
    }
  },
  {
    "type": "Feature",
    "geometry": {
       "type": "Point",
       "coordinates":  [ 121.535124,25.001568 ]
    },
    "properties": {
    "物種":"喬木類",
    "樹種":"榕樹",
    "學名":"Ficus microcarpa",
    "科別":"桑科",
    "行政區":"文山區",
    "河濱公園":"福和",
    "數量":1
    }
  },
  {
    "type": "Feature",
    "geometry": {
       "type": "Point",
       "coordinates":  [ 121.535141,25.001646 ]
    },
    "properties": {
    "物種":"喬木類",
    "樹種":"榕樹",
    "學名":"Ficus microcarpa",
    "科別":"桑科",
    "行政區":"文山區",
    "河濱公園":"福和",
    "數量":1
    }
  },
  {
    "type": "Feature",
    "geometry": {
       "type": "Point",
       "coordinates":  [ 121.535142,25.001688 ]
    },
    "properties": {
    "物種":"喬木類",
    "樹種":"榕樹",
    "學名":"Ficus microcarpa",
    "科別":"桑科",
    "行政區":"文山區",
    "河濱公園":"福和",
    "數量":1
    }
  },
  {
    "type": "Feature",
    "geometry": {
       "type": "Point",
       "coordinates":  [ 121.535141,25.001732 ]
    },
    "properties": {
    "物種":"喬木類",
    "樹種":"榕樹",
    "學名":"Ficus microcarpa",
    "科別":"桑科",
    "行政區":"文山區",
    "河濱公園":"福和",
    "數量":1
    }
  },
  {
    "type": "Feature",
    "geometry": {
       "type": "Point",
       "coordinates":  [ 121.535171,25.001921 ]
    },
    "properties": {
    "物種":"喬木類",
    "樹種":"榕樹",
    "學名":"Ficus microcarpa",
    "科別":"桑科",
    "行政區":"文山區",
    "河濱公園":"福和",
    "數量":1
    }
  },
  {
    "type": "Feature",
    "geometry": {
       "type": "Point",
       "coordinates":  [ 121.535008,25.00208 ]
    },
    "properties": {
    "物種":"喬木類",
    "樹種":"榕樹",
    "學名":"Ficus microcarpa",
    "科別":"桑科",
    "行政區":"文山區",
    "河濱公園":"福和",
    "數量":1
    }
  },
  {
    "type": "Feature",
    "geometry": {
       "type": "Point",
       "coordinates":  [ 121.534935,25.002103 ]
    },
    "properties": {
    "物種":"喬木類",
    "樹種":"榕樹",
    "學名":"Ficus microcarpa",
    "科別":"桑科",
    "行政區":"文山區",
    "河濱公園":"福和",
    "數量":1
    }
  },
  {
    "type": "Feature",
    "geometry": {
       "type": "Point",
       "coordinates":  [ 121.534892,25.00211 ]
    },
    "properties": {
    "物種":"喬木類",
    "樹種":"榕樹",
    "學名":"Ficus microcarpa",
    "科別":"桑科",
    "行政區":"文山區",
    "河濱公園":"福和",
    "數量":1
    }
  },
  {
    "type": "Feature",
    "geometry": {
       "type": "Point",
       "coordinates":  [ 121.534806,25.00211 ]
    },
    "properties": {
    "物種":"喬木類",
    "樹種":"榕樹",
    "學名":"Ficus microcarpa",
    "科別":"桑科",
    "行政區":"文山區",
    "河濱公園":"福和",
    "數量":1
    }
  },
  {
    "type": "Feature",
    "geometry": {
       "type": "Point",
       "coordinates":  [ 121.534732,25.002113 ]
    },
    "properties": {
    "物種":"喬木類",
    "樹種":"榕樹",
    "學名":"Ficus microcarpa",
    "科別":"桑科",
    "行政區":"文山區",
    "河濱公園":"福和",
    "數量":1
    }
  },
  {
    "type": "Feature",
    "geometry": {
       "type": "Point",
       "coordinates":  [ 121.534645,25.002117 ]
    },
    "properties": {
    "物種":"喬木類",
    "樹種":"榕樹",
    "學名":"Ficus microcarpa",
    "科別":"桑科",
    "行政區":"文山區",
    "河濱公園":"福和",
    "數量":1
    }
  },
  {
    "type": "Feature",
    "geometry": {
       "type": "Point",
       "coordinates":  [ 121.534478,25.001957 ]
    },
    "properties": {
    "物種":"喬木類",
    "樹種":"榕樹",
    "學名":"Ficus microcarpa",
    "科別":"桑科",
    "行政區":"文山區",
    "河濱公園":"福和",
    "數量":1
    }
  },
  {
    "type": "Feature",
    "geometry": {
       "type": "Point",
       "coordinates":  [ 121.534832,25.002365 ]
    },
    "properties": {
    "物種":"喬木類",
    "樹種":"榕樹",
    "學名":"Ficus microcarpa",
    "科別":"桑科",
    "行政區":"文山區",
    "河濱公園":"福和",
    "數量":1
    }
  },
  {
    "type": "Feature",
    "geometry": {
       "type": "Point",
       "coordinates":  [ 121.535019,25.002363 ]
    },
    "properties": {
    "物種":"喬木類",
    "樹種":"榕樹",
    "學名":"Ficus microcarpa",
    "科別":"桑科",
    "行政區":"文山區",
    "河濱公園":"福和",
    "數量":1
    }
  },
  {
    "type": "Feature",
    "geometry": {
       "type": "Point",
       "coordinates":  [ 121.535205,25.002516 ]
    },
    "properties": {
    "物種":"喬木類",
    "樹種":"榕樹",
    "學名":"Ficus microcarpa",
    "科別":"桑科",
    "行政區":"文山區",
    "河濱公園":"福和",
    "數量":1
    }
  },
  {
    "type": "Feature",
    "geometry": {
       "type": "Point",
       "coordinates":  [ 121.535189,25.002728 ]
    },
    "properties": {
    "物種":"喬木類",
    "樹種":"榕樹",
    "學名":"Ficus microcarpa",
    "科別":"桑科",
    "行政區":"文山區",
    "河濱公園":"福和",
    "數量":1
    }
  },
  {
    "type": "Feature",
    "geometry": {
       "type": "Point",
       "coordinates":  [ 121.535218,25.002791 ]
    },
    "properties": {
    "物種":"喬木類",
    "樹種":"榕樹",
    "學名":"Ficus microcarpa",
    "科別":"桑科",
    "行政區":"文山區",
    "河濱公園":"福和",
    "數量":1
    }
  },
  {
    "type": "Feature",
    "geometry": {
       "type": "Point",
       "coordinates":  [ 121.535102,25.003018 ]
    },
    "properties": {
    "物種":"喬木類",
    "樹種":"榕樹",
    "學名":"Ficus microcarpa",
    "科別":"桑科",
    "行政區":"文山區",
    "河濱公園":"福和",
    "數量":1
    }
  },
  {
    "type": "Feature",
    "geometry": {
       "type": "Point",
       "coordinates":  [ 121.535027,25.002999 ]
    },
    "properties": {
    "物種":"喬木類",
    "樹種":"榕樹",
    "學名":"Ficus microcarpa",
    "科別":"桑科",
    "行政區":"文山區",
    "河濱公園":"福和",
    "數量":1
    }
  },
  {
    "type": "Feature",
    "geometry": {
       "type": "Point",
       "coordinates":  [ 121.534956,25.002989 ]
    },
    "properties": {
    "物種":"喬木類",
    "樹種":"榕樹",
    "學名":"Ficus microcarpa",
    "科別":"桑科",
    "行政區":"文山區",
    "河濱公園":"福和",
    "數量":1
    }
  },
  {
    "type": "Feature",
    "geometry": {
       "type": "Point",
       "coordinates":  [ 121.534871,25.003012 ]
    },
    "properties": {
    "物種":"喬木類",
    "樹種":"榕樹",
    "學名":"Ficus microcarpa",
    "科別":"桑科",
    "行政區":"文山區",
    "河濱公園":"福和",
    "數量":1
    }
  },
  {
    "type": "Feature",
    "geometry": {
       "type": "Point",
       "coordinates":  [ 121.534803,25.003014 ]
    },
    "properties": {
    "物種":"喬木類",
    "樹種":"榕樹",
    "學名":"Ficus microcarpa",
    "科別":"桑科",
    "行政區":"文山區",
    "河濱公園":"福和",
    "數量":1
    }
  },
  {
    "type": "Feature",
    "geometry": {
       "type": "Point",
       "coordinates":  [ 121.534738,25.003937 ]
    },
    "properties": {
    "物種":"喬木類",
    "樹種":"榕樹",
    "學名":"Ficus microcarpa",
    "科別":"桑科",
    "行政區":"文山區",
    "河濱公園":"福和",
    "數量":1
    }
  },
  {
    "type": "Feature",
    "geometry": {
       "type": "Point",
       "coordinates":  [ 121.53472,25.004014 ]
    },
    "properties": {
    "物種":"喬木類",
    "樹種":"榕樹",
    "學名":"Ficus microcarpa",
    "科別":"桑科",
    "行政區":"文山區",
    "河濱公園":"福和",
    "數量":1
    }
  },
  {
    "type": "Feature",
    "geometry": {
       "type": "Point",
       "coordinates":  [ 121.534608,25.003878 ]
    },
    "properties": {
    "物種":"喬木類",
    "樹種":"榕樹",
    "學名":"Ficus microcarpa",
    "科別":"桑科",
    "行政區":"文山區",
    "河濱公園":"福和",
    "數量":1
    }
  },
  {
    "type": "Feature",
    "geometry": {
       "type": "Point",
       "coordinates":  [ 121.534441,25.00398 ]
    },
    "properties": {
    "物種":"喬木類",
    "樹種":"榕樹",
    "學名":"Ficus microcarpa",
    "科別":"桑科",
    "行政區":"文山區",
    "河濱公園":"福和",
    "數量":1
    }
  },
  {
    "type": "Feature",
    "geometry": {
       "type": "Point",
       "coordinates":  [ 121.534408,25.004001 ]
    },
    "properties": {
    "物種":"喬木類",
    "樹種":"榕樹",
    "學名":"Ficus microcarpa",
    "科別":"桑科",
    "行政區":"文山區",
    "河濱公園":"福和",
    "數量":1
    }
  },
  {
    "type": "Feature",
    "geometry": {
       "type": "Point",
       "coordinates":  [ 121.534338,25.00407 ]
    },
    "properties": {
    "物種":"喬木類",
    "樹種":"榕樹",
    "學名":"Ficus microcarpa",
    "科別":"桑科",
    "行政區":"文山區",
    "河濱公園":"福和",
    "數量":1
    }
  },
  {
    "type": "Feature",
    "geometry": {
       "type": "Point",
       "coordinates":  [ 121.534314,25.004159 ]
    },
    "properties": {
    "物種":"喬木類",
    "樹種":"榕樹",
    "學名":"Ficus microcarpa",
    "科別":"桑科",
    "行政區":"文山區",
    "河濱公園":"福和",
    "數量":1
    }
  },
  {
    "type": "Feature",
    "geometry": {
       "type": "Point",
       "coordinates":  [ 121.534431,25.004248 ]
    },
    "properties": {
    "物種":"喬木類",
    "樹種":"榕樹",
    "學名":"Ficus microcarpa",
    "科別":"桑科",
    "行政區":"文山區",
    "河濱公園":"福和",
    "數量":1
    }
  },
  {
    "type": "Feature",
    "geometry": {
       "type": "Point",
       "coordinates":  [ 121.534275,25.004693 ]
    },
    "properties": {
    "物種":"喬木類",
    "樹種":"榕樹",
    "學名":"Ficus microcarpa",
    "科別":"桑科",
    "行政區":"文山區",
    "河濱公園":"福和",
    "數量":1
    }
  },
  {
    "type": "Feature",
    "geometry": {
       "type": "Point",
       "coordinates":  [ 121.534082,25.004684 ]
    },
    "properties": {
    "物種":"喬木類",
    "樹種":"榕樹",
    "學名":"Ficus microcarpa",
    "科別":"桑科",
    "行政區":"文山區",
    "河濱公園":"福和",
    "數量":1
    }
  },
  {
    "type": "Feature",
    "geometry": {
       "type": "Point",
       "coordinates":  [ 121.533725,25.005936 ]
    },
    "properties": {
    "物種":"喬木類",
    "樹種":"榕樹",
    "學名":"Ficus microcarpa",
    "科別":"桑科",
    "行政區":"文山區",
    "河濱公園":"福和",
    "數量":1
    }
  },
  {
    "type": "Feature",
    "geometry": {
       "type": "Point",
       "coordinates":  [ 121.533707,25.005999 ]
    },
    "properties": {
    "物種":"喬木類",
    "樹種":"榕樹",
    "學名":"Ficus microcarpa",
    "科別":"桑科",
    "行政區":"文山區",
    "河濱公園":"福和",
    "數量":1
    }
  },
  {
    "type": "Feature",
    "geometry": {
       "type": "Point",
       "coordinates":  [ 121.533427,25.006509 ]
    },
    "properties": {
    "物種":"喬木類",
    "樹種":"榕樹",
    "學名":"Ficus microcarpa",
    "科別":"桑科",
    "行政區":"文山區",
    "河濱公園":"福和",
    "數量":1
    }
  },
  {
    "type": "Feature",
    "geometry": {
       "type": "Point",
       "coordinates":  [ 121.533304,25.006832 ]
    },
    "properties": {
    "物種":"喬木類",
    "樹種":"榕樹",
    "學名":"Ficus microcarpa",
    "科別":"桑科",
    "行政區":"文山區",
    "河濱公園":"福和",
    "數量":1
    }
  },
  {
    "type": "Feature",
    "geometry": {
       "type": "Point",
       "coordinates":  [ 121.533267,25.006888 ]
    },
    "properties": {
    "物種":"喬木類",
    "樹種":"榕樹",
    "學名":"Ficus microcarpa",
    "科別":"桑科",
    "行政區":"文山區",
    "河濱公園":"福和",
    "數量":1
    }
  },
  {
    "type": "Feature",
    "geometry": {
       "type": "Point",
       "coordinates":  [ 121.532971,25.007509 ]
    },
    "properties": {
    "物種":"喬木類",
    "樹種":"榕樹",
    "學名":"Ficus microcarpa",
    "科別":"桑科",
    "行政區":"文山區",
    "河濱公園":"福和",
    "數量":1
    }
  },
  {
    "type": "Feature",
    "geometry": {
       "type": "Point",
       "coordinates":  [ 121.532948,25.007669 ]
    },
    "properties": {
    "物種":"喬木類",
    "樹種":"榕樹",
    "學名":"Ficus microcarpa",
    "科別":"桑科",
    "行政區":"文山區",
    "河濱公園":"福和",
    "數量":1
    }
  },
  {
    "type": "Feature",
    "geometry": {
       "type": "Point",
       "coordinates":  [ 121.53294,25.007678 ]
    },
    "properties": {
    "物種":"喬木類",
    "樹種":"榕樹",
    "學名":"Ficus microcarpa",
    "科別":"桑科",
    "行政區":"文山區",
    "河濱公園":"福和",
    "數量":1
    }
  },
  {
    "type": "Feature",
    "geometry": {
       "type": "Point",
       "coordinates":  [ 121.532935,25.00768 ]
    },
    "properties": {
    "物種":"喬木類",
    "樹種":"榕樹",
    "學名":"Ficus microcarpa",
    "科別":"桑科",
    "行政區":"文山區",
    "河濱公園":"福和",
    "數量":1
    }
  },
  {
    "type": "Feature",
    "geometry": {
       "type": "Point",
       "coordinates":  [ 121.532934,25.007694 ]
    },
    "properties": {
    "物種":"喬木類",
    "樹種":"榕樹",
    "學名":"Ficus microcarpa",
    "科別":"桑科",
    "行政區":"文山區",
    "河濱公園":"福和",
    "數量":1
    }
  },
  {
    "type": "Feature",
    "geometry": {
       "type": "Point",
       "coordinates":  [ 121.532935,25.007703 ]
    },
    "properties": {
    "物種":"喬木類",
    "樹種":"榕樹",
    "學名":"Ficus microcarpa",
    "科別":"桑科",
    "行政區":"文山區",
    "河濱公園":"福和",
    "數量":1
    }
  },
  {
    "type": "Feature",
    "geometry": {
       "type": "Point",
       "coordinates":  [ 121.532915,25.007738 ]
    },
    "properties": {
    "物種":"喬木類",
    "樹種":"榕樹",
    "學名":"Ficus microcarpa",
    "科別":"桑科",
    "行政區":"文山區",
    "河濱公園":"福和",
    "數量":1
    }
  },
  {
    "type": "Feature",
    "geometry": {
       "type": "Point",
       "coordinates":  [ 121.532687,25.008441 ]
    },
    "properties": {
    "物種":"喬木類",
    "樹種":"榕樹",
    "學名":"Ficus microcarpa",
    "科別":"桑科",
    "行政區":"文山區",
    "河濱公園":"福和",
    "數量":1
    }
  },
  {
    "type": "Feature",
    "geometry": {
       "type": "Point",
       "coordinates":  [ 121.53256,25.008589 ]
    },
    "properties": {
    "物種":"喬木類",
    "樹種":"榕樹",
    "學名":"Ficus microcarpa",
    "科別":"桑科",
    "行政區":"文山區",
    "河濱公園":"福和",
    "數量":1
    }
  },
  {
    "type": "Feature",
    "geometry": {
       "type": "Point",
       "coordinates":  [ 121.532545,25.008616 ]
    },
    "properties": {
    "物種":"喬木類",
    "樹種":"榕樹",
    "學名":"Ficus microcarpa",
    "科別":"桑科",
    "行政區":"文山區",
    "河濱公園":"福和",
    "數量":1
    }
  },
  {
    "type": "Feature",
    "geometry": {
       "type": "Point",
       "coordinates":  [ 121.53254,25.008623 ]
    },
    "properties": {
    "物種":"喬木類",
    "樹種":"榕樹",
    "學名":"Ficus microcarpa",
    "科別":"桑科",
    "行政區":"文山區",
    "河濱公園":"福和",
    "數量":1
    }
  },
  {
    "type": "Feature",
    "geometry": {
       "type": "Point",
       "coordinates":  [ 121.532518,25.008618 ]
    },
    "properties": {
    "物種":"喬木類",
    "樹種":"榕樹",
    "學名":"Ficus microcarpa",
    "科別":"桑科",
    "行政區":"文山區",
    "河濱公園":"福和",
    "數量":1
    }
  },
  {
    "type": "Feature",
    "geometry": {
       "type": "Point",
       "coordinates":  [ 121.53252,25.008612 ]
    },
    "properties": {
    "物種":"喬木類",
    "樹種":"榕樹",
    "學名":"Ficus microcarpa",
    "科別":"桑科",
    "行政區":"文山區",
    "河濱公園":"福和",
    "數量":1
    }
  },
  {
    "type": "Feature",
    "geometry": {
       "type": "Point",
       "coordinates":  [ 121.532523,25.008608 ]
    },
    "properties": {
    "物種":"喬木類",
    "樹種":"榕樹",
    "學名":"Ficus microcarpa",
    "科別":"桑科",
    "行政區":"文山區",
    "河濱公園":"福和",
    "數量":1
    }
  },
  {
    "type": "Feature",
    "geometry": {
       "type": "Point",
       "coordinates":  [ 121.532526,25.008603 ]
    },
    "properties": {
    "物種":"喬木類",
    "樹種":"榕樹",
    "學名":"Ficus microcarpa",
    "科別":"桑科",
    "行政區":"文山區",
    "河濱公園":"福和",
    "數量":1
    }
  },
  {
    "type": "Feature",
    "geometry": {
       "type": "Point",
       "coordinates":  [ 121.532531,25.008597 ]
    },
    "properties": {
    "物種":"喬木類",
    "樹種":"榕樹",
    "學名":"Ficus microcarpa",
    "科別":"桑科",
    "行政區":"文山區",
    "河濱公園":"福和",
    "數量":1
    }
  },
  {
    "type": "Feature",
    "geometry": {
       "type": "Point",
       "coordinates":  [ 121.532537,25.008589 ]
    },
    "properties": {
    "物種":"喬木類",
    "樹種":"榕樹",
    "學名":"Ficus microcarpa",
    "科別":"桑科",
    "行政區":"文山區",
    "河濱公園":"福和",
    "數量":1
    }
  },
  {
    "type": "Feature",
    "geometry": {
       "type": "Point",
       "coordinates":  [ 121.532541,25.008583 ]
    },
    "properties": {
    "物種":"喬木類",
    "樹種":"榕樹",
    "學名":"Ficus microcarpa",
    "科別":"桑科",
    "行政區":"文山區",
    "河濱公園":"福和",
    "數量":1
    }
  },
  {
    "type": "Feature",
    "geometry": {
       "type": "Point",
       "coordinates":  [ 121.532546,25.008575 ]
    },
    "properties": {
    "物種":"喬木類",
    "樹種":"榕樹",
    "學名":"Ficus microcarpa",
    "科別":"桑科",
    "行政區":"文山區",
    "河濱公園":"福和",
    "數量":1
    }
  },
  {
    "type": "Feature",
    "geometry": {
       "type": "Point",
       "coordinates":  [ 121.532619,25.008488 ]
    },
    "properties": {
    "物種":"喬木類",
    "樹種":"榕樹",
    "學名":"Ficus microcarpa",
    "科別":"桑科",
    "行政區":"文山區",
    "河濱公園":"福和",
    "數量":1
    }
  },
  {
    "type": "Feature",
    "geometry": {
       "type": "Point",
       "coordinates":  [ 121.532608,25.008509 ]
    },
    "properties": {
    "物種":"喬木類",
    "樹種":"榕樹",
    "學名":"Ficus microcarpa",
    "科別":"桑科",
    "行政區":"文山區",
    "河濱公園":"福和",
    "數量":1
    }
  },
  {
    "type": "Feature",
    "geometry": {
       "type": "Point",
       "coordinates":  [ 121.532643,25.00851 ]
    },
    "properties": {
    "物種":"喬木類",
    "樹種":"榕樹",
    "學名":"Ficus microcarpa",
    "科別":"桑科",
    "行政區":"文山區",
    "河濱公園":"福和",
    "數量":1
    }
  },
  {
    "type": "Feature",
    "geometry": {
       "type": "Point",
       "coordinates":  [ 121.53263,25.008475 ]
    },
    "properties": {
    "物種":"喬木類",
    "樹種":"榕樹",
    "學名":"Ficus microcarpa",
    "科別":"桑科",
    "行政區":"文山區",
    "河濱公園":"福和",
    "數量":1
    }
  },
  {
    "type": "Feature",
    "geometry": {
       "type": "Point",
       "coordinates":  [ 121.532636,25.008468 ]
    },
    "properties": {
    "物種":"喬木類",
    "樹種":"榕樹",
    "學名":"Ficus microcarpa",
    "科別":"桑科",
    "行政區":"文山區",
    "河濱公園":"福和",
    "數量":1
    }
  },
  {
    "type": "Feature",
    "geometry": {
       "type": "Point",
       "coordinates":  [ 121.532641,25.008459 ]
    },
    "properties": {
    "物種":"喬木類",
    "樹種":"榕樹",
    "學名":"Ficus microcarpa",
    "科別":"桑科",
    "行政區":"文山區",
    "河濱公園":"福和",
    "數量":1
    }
  },
  {
    "type": "Feature",
    "geometry": {
       "type": "Point",
       "coordinates":  [ 121.532647,25.008449 ]
    },
    "properties": {
    "物種":"喬木類",
    "樹種":"榕樹",
    "學名":"Ficus microcarpa",
    "科別":"桑科",
    "行政區":"文山區",
    "河濱公園":"福和",
    "數量":1
    }
  },
  {
    "type": "Feature",
    "geometry": {
       "type": "Point",
       "coordinates":  [ 121.532668,25.008425 ]
    },
    "properties": {
    "物種":"喬木類",
    "樹種":"榕樹",
    "學名":"Ficus microcarpa",
    "科別":"桑科",
    "行政區":"文山區",
    "河濱公園":"福和",
    "數量":1
    }
  },
  {
    "type": "Feature",
    "geometry": {
       "type": "Point",
       "coordinates":  [ 121.532683,25.00841 ]
    },
    "properties": {
    "物種":"喬木類",
    "樹種":"榕樹",
    "學名":"Ficus microcarpa",
    "科別":"桑科",
    "行政區":"文山區",
    "河濱公園":"福和",
    "數量":1
    }
  },
  {
    "type": "Feature",
    "geometry": {
       "type": "Point",
       "coordinates":  [ 121.53268,25.008405 ]
    },
    "properties": {
    "物種":"喬木類",
    "樹種":"榕樹",
    "學名":"Ficus microcarpa",
    "科別":"桑科",
    "行政區":"文山區",
    "河濱公園":"福和",
    "數量":1
    }
  },
  {
    "type": "Feature",
    "geometry": {
       "type": "Point",
       "coordinates":  [ 121.532688,25.008372 ]
    },
    "properties": {
    "物種":"喬木類",
    "樹種":"榕樹",
    "學名":"Ficus microcarpa",
    "科別":"桑科",
    "行政區":"文山區",
    "河濱公園":"福和",
    "數量":1
    }
  },
  {
    "type": "Feature",
    "geometry": {
       "type": "Point",
       "coordinates":  [ 121.533307,25.00817 ]
    },
    "properties": {
    "物種":"喬木類",
    "樹種":"榕樹",
    "學名":"Ficus microcarpa",
    "科別":"桑科",
    "行政區":"文山區",
    "河濱公園":"福和",
    "數量":1
    }
  },
  {
    "type": "Feature",
    "geometry": {
       "type": "Point",
       "coordinates":  [ 121.533321,25.008158 ]
    },
    "properties": {
    "物種":"喬木類",
    "樹種":"榕樹",
    "學名":"Ficus microcarpa",
    "科別":"桑科",
    "行政區":"文山區",
    "河濱公園":"福和",
    "數量":1
    }
  },
  {
    "type": "Feature",
    "geometry": {
       "type": "Point",
       "coordinates":  [ 121.533276,25.008074 ]
    },
    "properties": {
    "物種":"喬木類",
    "樹種":"榕樹",
    "學名":"Ficus microcarpa",
    "科別":"桑科",
    "行政區":"文山區",
    "河濱公園":"福和",
    "數量":1
    }
  },
  {
    "type": "Feature",
    "geometry": {
       "type": "Point",
       "coordinates":  [ 121.53335,25.008094 ]
    },
    "properties": {
    "物種":"喬木類",
    "樹種":"榕樹",
    "學名":"Ficus microcarpa",
    "科別":"桑科",
    "行政區":"文山區",
    "河濱公園":"福和",
    "數量":1
    }
  },
  {
    "type": "Feature",
    "geometry": {
       "type": "Point",
       "coordinates":  [ 121.533337,25.008088 ]
    },
    "properties": {
    "物種":"喬木類",
    "樹種":"榕樹",
    "學名":"Ficus microcarpa",
    "科別":"桑科",
    "行政區":"文山區",
    "河濱公園":"福和",
    "數量":1
    }
  },
  {
    "type": "Feature",
    "geometry": {
       "type": "Point",
       "coordinates":  [ 121.533321,25.008074 ]
    },
    "properties": {
    "物種":"喬木類",
    "樹種":"榕樹",
    "學名":"Ficus microcarpa",
    "科別":"桑科",
    "行政區":"文山區",
    "河濱公園":"福和",
    "數量":1
    }
  },
  {
    "type": "Feature",
    "geometry": {
       "type": "Point",
       "coordinates":  [ 121.533309,25.008058 ]
    },
    "properties": {
    "物種":"喬木類",
    "樹種":"榕樹",
    "學名":"Ficus microcarpa",
    "科別":"桑科",
    "行政區":"文山區",
    "河濱公園":"福和",
    "數量":1
    }
  },
  {
    "type": "Feature",
    "geometry": {
       "type": "Point",
       "coordinates":  [ 121.533299,25.008048 ]
    },
    "properties": {
    "物種":"喬木類",
    "樹種":"榕樹",
    "學名":"Ficus microcarpa",
    "科別":"桑科",
    "行政區":"文山區",
    "河濱公園":"福和",
    "數量":1
    }
  },
  {
    "type": "Feature",
    "geometry": {
       "type": "Point",
       "coordinates":  [ 121.533282,25.008094 ]
    },
    "properties": {
    "物種":"喬木類",
    "樹種":"榕樹",
    "學名":"Ficus microcarpa",
    "科別":"桑科",
    "行政區":"文山區",
    "河濱公園":"福和",
    "數量":1
    }
  },
  {
    "type": "Feature",
    "geometry": {
       "type": "Point",
       "coordinates":  [ 121.53335,25.00762 ]
    },
    "properties": {
    "物種":"喬木類",
    "樹種":"榕樹",
    "學名":"Ficus microcarpa",
    "科別":"桑科",
    "行政區":"文山區",
    "河濱公園":"福和",
    "數量":1
    }
  },
  {
    "type": "Feature",
    "geometry": {
       "type": "Point",
       "coordinates":  [ 121.533364,25.0076 ]
    },
    "properties": {
    "物種":"喬木類",
    "樹種":"榕樹",
    "學名":"Ficus microcarpa",
    "科別":"桑科",
    "行政區":"文山區",
    "河濱公園":"福和",
    "數量":1
    }
  },
  {
    "type": "Feature",
    "geometry": {
       "type": "Point",
       "coordinates":  [ 121.533375,25.007579 ]
    },
    "properties": {
    "物種":"喬木類",
    "樹種":"榕樹",
    "學名":"Ficus microcarpa",
    "科別":"桑科",
    "行政區":"文山區",
    "河濱公園":"福和",
    "數量":1
    }
  },
  {
    "type": "Feature",
    "geometry": {
       "type": "Point",
       "coordinates":  [ 121.533386,25.007561 ]
    },
    "properties": {
    "物種":"喬木類",
    "樹種":"榕樹",
    "學名":"Ficus microcarpa",
    "科別":"桑科",
    "行政區":"文山區",
    "河濱公園":"福和",
    "數量":1
    }
  },
  {
    "type": "Feature",
    "geometry": {
       "type": "Point",
       "coordinates":  [ 121.533467,25.007535 ]
    },
    "properties": {
    "物種":"喬木類",
    "樹種":"榕樹",
    "學名":"Ficus microcarpa",
    "科別":"桑科",
    "行政區":"文山區",
    "河濱公園":"福和",
    "數量":1
    }
  },
  {
    "type": "Feature",
    "geometry": {
       "type": "Point",
       "coordinates":  [ 121.533503,25.007551 ]
    },
    "properties": {
    "物種":"喬木類",
    "樹種":"榕樹",
    "學名":"Ficus microcarpa",
    "科別":"桑科",
    "行政區":"文山區",
    "河濱公園":"福和",
    "數量":1
    }
  },
  {
    "type": "Feature",
    "geometry": {
       "type": "Point",
       "coordinates":  [ 121.533539,25.007561 ]
    },
    "properties": {
    "物種":"喬木類",
    "樹種":"榕樹",
    "學名":"Ficus microcarpa",
    "科別":"桑科",
    "行政區":"文山區",
    "河濱公園":"福和",
    "數量":1
    }
  },
  {
    "type": "Feature",
    "geometry": {
       "type": "Point",
       "coordinates":  [ 121.533588,25.007575 ]
    },
    "properties": {
    "物種":"喬木類",
    "樹種":"榕樹",
    "學名":"Ficus microcarpa",
    "科別":"桑科",
    "行政區":"文山區",
    "河濱公園":"福和",
    "數量":1
    }
  },
  {
    "type": "Feature",
    "geometry": {
       "type": "Point",
       "coordinates":  [ 121.53361,25.007589 ]
    },
    "properties": {
    "物種":"喬木類",
    "樹種":"榕樹",
    "學名":"Ficus microcarpa",
    "科別":"桑科",
    "行政區":"文山區",
    "河濱公園":"福和",
    "數量":1
    }
  },
  {
    "type": "Feature",
    "geometry": {
       "type": "Point",
       "coordinates":  [ 121.533626,25.007595 ]
    },
    "properties": {
    "物種":"喬木類",
    "樹種":"榕樹",
    "學名":"Ficus microcarpa",
    "科別":"桑科",
    "行政區":"文山區",
    "河濱公園":"福和",
    "數量":1
    }
  },
  {
    "type": "Feature",
    "geometry": {
       "type": "Point",
       "coordinates":  [ 121.533617,25.007603 ]
    },
    "properties": {
    "物種":"喬木類",
    "樹種":"榕樹",
    "學名":"Ficus microcarpa",
    "科別":"桑科",
    "行政區":"文山區",
    "河濱公園":"福和",
    "數量":1
    }
  },
  {
    "type": "Feature",
    "geometry": {
       "type": "Point",
       "coordinates":  [ 121.533603,25.007597 ]
    },
    "properties": {
    "物種":"喬木類",
    "樹種":"榕樹",
    "學名":"Ficus microcarpa",
    "科別":"桑科",
    "行政區":"文山區",
    "河濱公園":"福和",
    "數量":1
    }
  },
  {
    "type": "Feature",
    "geometry": {
       "type": "Point",
       "coordinates":  [ 121.533588,25.007592 ]
    },
    "properties": {
    "物種":"喬木類",
    "樹種":"榕樹",
    "學名":"Ficus microcarpa",
    "科別":"桑科",
    "行政區":"文山區",
    "河濱公園":"福和",
    "數量":1
    }
  },
  {
    "type": "Feature",
    "geometry": {
       "type": "Point",
       "coordinates":  [ 121.533576,25.007585 ]
    },
    "properties": {
    "物種":"喬木類",
    "樹種":"榕樹",
    "學名":"Ficus microcarpa",
    "科別":"桑科",
    "行政區":"文山區",
    "河濱公園":"福和",
    "數量":1
    }
  },
  {
    "type": "Feature",
    "geometry": {
       "type": "Point",
       "coordinates":  [ 121.533554,25.007581 ]
    },
    "properties": {
    "物種":"喬木類",
    "樹種":"榕樹",
    "學名":"Ficus microcarpa",
    "科別":"桑科",
    "行政區":"文山區",
    "河濱公園":"福和",
    "數量":1
    }
  },
  {
    "type": "Feature",
    "geometry": {
       "type": "Point",
       "coordinates":  [ 121.533534,25.007575 ]
    },
    "properties": {
    "物種":"喬木類",
    "樹種":"榕樹",
    "學名":"Ficus microcarpa",
    "科別":"桑科",
    "行政區":"文山區",
    "河濱公園":"福和",
    "數量":1
    }
  },
  {
    "type": "Feature",
    "geometry": {
       "type": "Point",
       "coordinates":  [ 121.533518,25.007567 ]
    },
    "properties": {
    "物種":"喬木類",
    "樹種":"榕樹",
    "學名":"Ficus microcarpa",
    "科別":"桑科",
    "行政區":"文山區",
    "河濱公園":"福和",
    "數量":1
    }
  },
  {
    "type": "Feature",
    "geometry": {
       "type": "Point",
       "coordinates":  [ 121.533493,25.007562 ]
    },
    "properties": {
    "物種":"喬木類",
    "樹種":"榕樹",
    "學名":"Ficus microcarpa",
    "科別":"桑科",
    "行政區":"文山區",
    "河濱公園":"福和",
    "數量":1
    }
  },
  {
    "type": "Feature",
    "geometry": {
       "type": "Point",
       "coordinates":  [ 121.53346,25.007558 ]
    },
    "properties": {
    "物種":"喬木類",
    "樹種":"榕樹",
    "學名":"Ficus microcarpa",
    "科別":"桑科",
    "行政區":"文山區",
    "河濱公園":"福和",
    "數量":1
    }
  },
  {
    "type": "Feature",
    "geometry": {
       "type": "Point",
       "coordinates":  [ 121.533451,25.00757 ]
    },
    "properties": {
    "物種":"喬木類",
    "樹種":"榕樹",
    "學名":"Ficus microcarpa",
    "科別":"桑科",
    "行政區":"文山區",
    "河濱公園":"福和",
    "數量":1
    }
  },
  {
    "type": "Feature",
    "geometry": {
       "type": "Point",
       "coordinates":  [ 121.533437,25.007588 ]
    },
    "properties": {
    "物種":"喬木類",
    "樹種":"榕樹",
    "學名":"Ficus microcarpa",
    "科別":"桑科",
    "行政區":"文山區",
    "河濱公園":"福和",
    "數量":1
    }
  },
  {
    "type": "Feature",
    "geometry": {
       "type": "Point",
       "coordinates":  [ 121.533425,25.00761 ]
    },
    "properties": {
    "物種":"喬木類",
    "樹種":"榕樹",
    "學名":"Ficus microcarpa",
    "科別":"桑科",
    "行政區":"文山區",
    "河濱公園":"福和",
    "數量":1
    }
  },
  {
    "type": "Feature",
    "geometry": {
       "type": "Point",
       "coordinates":  [ 121.533413,25.007623 ]
    },
    "properties": {
    "物種":"喬木類",
    "樹種":"榕樹",
    "學名":"Ficus microcarpa",
    "科別":"桑科",
    "行政區":"文山區",
    "河濱公園":"福和",
    "數量":1
    }
  },
  {
    "type": "Feature",
    "geometry": {
       "type": "Point",
       "coordinates":  [ 121.533403,25.007639 ]
    },
    "properties": {
    "物種":"喬木類",
    "樹種":"榕樹",
    "學名":"Ficus microcarpa",
    "科別":"桑科",
    "行政區":"文山區",
    "河濱公園":"福和",
    "數量":1
    }
  },
  {
    "type": "Feature",
    "geometry": {
       "type": "Point",
       "coordinates":  [ 121.533396,25.007659 ]
    },
    "properties": {
    "物種":"喬木類",
    "樹種":"榕樹",
    "學名":"Ficus microcarpa",
    "科別":"桑科",
    "行政區":"文山區",
    "河濱公園":"福和",
    "數量":1
    }
  },
  {
    "type": "Feature",
    "geometry": {
       "type": "Point",
       "coordinates":  [ 121.53344,25.007686 ]
    },
    "properties": {
    "物種":"喬木類",
    "樹種":"榕樹",
    "學名":"Ficus microcarpa",
    "科別":"桑科",
    "行政區":"文山區",
    "河濱公園":"福和",
    "數量":1
    }
  },
  {
    "type": "Feature",
    "geometry": {
       "type": "Point",
       "coordinates":  [ 121.533477,25.007657 ]
    },
    "properties": {
    "物種":"喬木類",
    "樹種":"榕樹",
    "學名":"Ficus microcarpa",
    "科別":"桑科",
    "行政區":"文山區",
    "河濱公園":"福和",
    "數量":1
    }
  },
  {
    "type": "Feature",
    "geometry": {
       "type": "Point",
       "coordinates":  [ 121.533484,25.007643 ]
    },
    "properties": {
    "物種":"喬木類",
    "樹種":"榕樹",
    "學名":"Ficus microcarpa",
    "科別":"桑科",
    "行政區":"文山區",
    "河濱公園":"福和",
    "數量":1
    }
  },
  {
    "type": "Feature",
    "geometry": {
       "type": "Point",
       "coordinates":  [ 121.533634,25.00763 ]
    },
    "properties": {
    "物種":"喬木類",
    "樹種":"榕樹",
    "學名":"Ficus microcarpa",
    "科別":"桑科",
    "行政區":"文山區",
    "河濱公園":"福和",
    "數量":1
    }
  },
  {
    "type": "Feature",
    "geometry": {
       "type": "Point",
       "coordinates":  [ 121.533519,25.007663 ]
    },
    "properties": {
    "物種":"喬木類",
    "樹種":"榕樹",
    "學名":"Ficus microcarpa",
    "科別":"桑科",
    "行政區":"文山區",
    "河濱公園":"福和",
    "數量":1
    }
  },
  {
    "type": "Feature",
    "geometry": {
       "type": "Point",
       "coordinates":  [ 121.533508,25.007681 ]
    },
    "properties": {
    "物種":"喬木類",
    "樹種":"榕樹",
    "學名":"Ficus microcarpa",
    "科別":"桑科",
    "行政區":"文山區",
    "河濱公園":"福和",
    "數量":1
    }
  },
  {
    "type": "Feature",
    "geometry": {
       "type": "Point",
       "coordinates":  [ 121.533495,25.007702 ]
    },
    "properties": {
    "物種":"喬木類",
    "樹種":"榕樹",
    "學名":"Ficus microcarpa",
    "科別":"桑科",
    "行政區":"文山區",
    "河濱公園":"福和",
    "數量":1
    }
  },
  {
    "type": "Feature",
    "geometry": {
       "type": "Point",
       "coordinates":  [ 121.533488,25.007724 ]
    },
    "properties": {
    "物種":"喬木類",
    "樹種":"榕樹",
    "學名":"Ficus microcarpa",
    "科別":"桑科",
    "行政區":"文山區",
    "河濱公園":"福和",
    "數量":1
    }
  },
  {
    "type": "Feature",
    "geometry": {
       "type": "Point",
       "coordinates":  [ 121.53348,25.007752 ]
    },
    "properties": {
    "物種":"喬木類",
    "樹種":"榕樹",
    "學名":"Ficus microcarpa",
    "科別":"桑科",
    "行政區":"文山區",
    "河濱公園":"福和",
    "數量":1
    }
  },
  {
    "type": "Feature",
    "geometry": {
       "type": "Point",
       "coordinates":  [ 121.533469,25.007771 ]
    },
    "properties": {
    "物種":"喬木類",
    "樹種":"榕樹",
    "學名":"Ficus microcarpa",
    "科別":"桑科",
    "行政區":"文山區",
    "河濱公園":"福和",
    "數量":1
    }
  },
  {
    "type": "Feature",
    "geometry": {
       "type": "Point",
       "coordinates":  [ 121.533452,25.007788 ]
    },
    "properties": {
    "物種":"喬木類",
    "樹種":"榕樹",
    "學名":"Ficus microcarpa",
    "科別":"桑科",
    "行政區":"文山區",
    "河濱公園":"福和",
    "數量":1
    }
  },
  {
    "type": "Feature",
    "geometry": {
       "type": "Point",
       "coordinates":  [ 121.533928,25.006205 ]
    },
    "properties": {
    "物種":"喬木類",
    "樹種":"榕樹",
    "學名":"Ficus microcarpa",
    "科別":"桑科",
    "行政區":"文山區",
    "河濱公園":"福和",
    "數量":1
    }
  },
  {
    "type": "Feature",
    "geometry": {
       "type": "Point",
       "coordinates":  [ 121.533939,25.006192 ]
    },
    "properties": {
    "物種":"喬木類",
    "樹種":"榕樹",
    "學名":"Ficus microcarpa",
    "科別":"桑科",
    "行政區":"文山區",
    "河濱公園":"福和",
    "數量":1
    }
  },
  {
    "type": "Feature",
    "geometry": {
       "type": "Point",
       "coordinates":  [ 121.533946,25.006183 ]
    },
    "properties": {
    "物種":"喬木類",
    "樹種":"榕樹",
    "學名":"Ficus microcarpa",
    "科別":"桑科",
    "行政區":"文山區",
    "河濱公園":"福和",
    "數量":1
    }
  },
  {
    "type": "Feature",
    "geometry": {
       "type": "Point",
       "coordinates":  [ 121.533951,25.006174 ]
    },
    "properties": {
    "物種":"喬木類",
    "樹種":"榕樹",
    "學名":"Ficus microcarpa",
    "科別":"桑科",
    "行政區":"文山區",
    "河濱公園":"福和",
    "數量":1
    }
  },
  {
    "type": "Feature",
    "geometry": {
       "type": "Point",
       "coordinates":  [ 121.533958,25.006167 ]
    },
    "properties": {
    "物種":"喬木類",
    "樹種":"榕樹",
    "學名":"Ficus microcarpa",
    "科別":"桑科",
    "行政區":"文山區",
    "河濱公園":"福和",
    "數量":1
    }
  },
  {
    "type": "Feature",
    "geometry": {
       "type": "Point",
       "coordinates":  [ 121.533963,25.006156 ]
    },
    "properties": {
    "物種":"喬木類",
    "樹種":"榕樹",
    "學名":"Ficus microcarpa",
    "科別":"桑科",
    "行政區":"文山區",
    "河濱公園":"福和",
    "數量":1
    }
  },
  {
    "type": "Feature",
    "geometry": {
       "type": "Point",
       "coordinates":  [ 121.533968,25.006147 ]
    },
    "properties": {
    "物種":"喬木類",
    "樹種":"榕樹",
    "學名":"Ficus microcarpa",
    "科別":"桑科",
    "行政區":"文山區",
    "河濱公園":"福和",
    "數量":1
    }
  },
  {
    "type": "Feature",
    "geometry": {
       "type": "Point",
       "coordinates":  [ 121.533975,25.00614 ]
    },
    "properties": {
    "物種":"喬木類",
    "樹種":"榕樹",
    "學名":"Ficus microcarpa",
    "科別":"桑科",
    "行政區":"文山區",
    "河濱公園":"福和",
    "數量":1
    }
  },
  {
    "type": "Feature",
    "geometry": {
       "type": "Point",
       "coordinates":  [ 121.533979,25.006134 ]
    },
    "properties": {
    "物種":"喬木類",
    "樹種":"榕樹",
    "學名":"Ficus microcarpa",
    "科別":"桑科",
    "行政區":"文山區",
    "河濱公園":"福和",
    "數量":1
    }
  },
  {
    "type": "Feature",
    "geometry": {
       "type": "Point",
       "coordinates":  [ 121.533985,25.006129 ]
    },
    "properties": {
    "物種":"喬木類",
    "樹種":"榕樹",
    "學名":"Ficus microcarpa",
    "科別":"桑科",
    "行政區":"文山區",
    "河濱公園":"福和",
    "數量":1
    }
  },
  {
    "type": "Feature",
    "geometry": {
       "type": "Point",
       "coordinates":  [ 121.533997,25.006118 ]
    },
    "properties": {
    "物種":"喬木類",
    "樹種":"榕樹",
    "學名":"Ficus microcarpa",
    "科別":"桑科",
    "行政區":"文山區",
    "河濱公園":"福和",
    "數量":1
    }
  },
  {
    "type": "Feature",
    "geometry": {
       "type": "Point",
       "coordinates":  [ 121.532873,25.009298 ]
    },
    "properties": {
    "物種":"喬木類",
    "樹種":"構樹",
    "學名":"Broussonetia papyrifera",
    "科別":"桑科",
    "行政區":"文山區",
    "河濱公園":"福和",
    "數量":1
    }
  },
  {
    "type": "Feature",
    "geometry": {
       "type": "Point",
       "coordinates":  [ 121.533217,25.009828 ]
    },
    "properties": {
    "物種":"喬木類",
    "樹種":"構樹",
    "學名":"Broussonetia papyrifera",
    "科別":"桑科",
    "行政區":"文山區",
    "河濱公園":"福和",
    "數量":1
    }
  },
  {
    "type": "Feature",
    "geometry": {
       "type": "Point",
       "coordinates":  [ 121.52562,25.015384 ]
    },
    "properties": {
    "物種":"喬木類",
    "樹種":"構樹",
    "學名":"Broussonetia papyrifera",
    "科別":"桑科",
    "行政區":"中正區",
    "河濱公園":"古亭",
    "數量":1
    }
  },
  {
    "type": "Feature",
    "geometry": {
       "type": "Point",
       "coordinates":  [ 121.526678,25.013672 ]
    },
    "properties": {
    "物種":"喬木類",
    "樹種":"構樹",
    "學名":"Broussonetia papyrifera",
    "科別":"桑科",
    "行政區":"中正區",
    "河濱公園":"古亭",
    "數量":1
    }
  },
  {
    "type": "Feature",
    "geometry": {
       "type": "Point",
       "coordinates":  [ 121.526692,25.013651 ]
    },
    "properties": {
    "物種":"喬木類",
    "樹種":"構樹",
    "學名":"Broussonetia papyrifera",
    "科別":"桑科",
    "行政區":"中正區",
    "河濱公園":"古亭",
    "數量":1
    }
  },
  {
    "type": "Feature",
    "geometry": {
       "type": "Point",
       "coordinates":  [ 121.52714,25.013144 ]
    },
    "properties": {
    "物種":"喬木類",
    "樹種":"構樹",
    "學名":"Broussonetia papyrifera",
    "科別":"桑科",
    "行政區":"中正區",
    "河濱公園":"古亭",
    "數量":1
    }
  },
  {
    "type": "Feature",
    "geometry": {
       "type": "Point",
       "coordinates":  [ 121.527371,25.012724 ]
    },
    "properties": {
    "物種":"喬木類",
    "樹種":"構樹",
    "學名":"Broussonetia papyrifera",
    "科別":"桑科",
    "行政區":"中正區",
    "河濱公園":"古亭",
    "數量":1
    }
  },
  {
    "type": "Feature",
    "geometry": {
       "type": "Point",
       "coordinates":  [ 121.527359,25.012723 ]
    },
    "properties": {
    "物種":"喬木類",
    "樹種":"構樹",
    "學名":"Broussonetia papyrifera",
    "科別":"桑科",
    "行政區":"中正區",
    "河濱公園":"古亭",
    "數量":1
    }
  },
  {
    "type": "Feature",
    "geometry": {
       "type": "Point",
       "coordinates":  [ 121.526689,25.013754 ]
    },
    "properties": {
    "物種":"喬木類",
    "樹種":"構樹",
    "學名":"Broussonetia papyrifera",
    "科別":"桑科",
    "行政區":"中正區",
    "河濱公園":"古亭",
    "數量":1
    }
  },
  {
    "type": "Feature",
    "geometry": {
       "type": "Point",
       "coordinates":  [ 121.526682,25.013763 ]
    },
    "properties": {
    "物種":"喬木類",
    "樹種":"構樹",
    "學名":"Broussonetia papyrifera",
    "科別":"桑科",
    "行政區":"中正區",
    "河濱公園":"古亭",
    "數量":1
    }
  },
  {
    "type": "Feature",
    "geometry": {
       "type": "Point",
       "coordinates":  [ 121.526662,25.013809 ]
    },
    "properties": {
    "物種":"喬木類",
    "樹種":"構樹",
    "學名":"Broussonetia papyrifera",
    "科別":"桑科",
    "行政區":"中正區",
    "河濱公園":"古亭",
    "數量":1
    }
  },
  {
    "type": "Feature",
    "geometry": {
       "type": "Point",
       "coordinates":  [ 121.526657,25.01381 ]
    },
    "properties": {
    "物種":"喬木類",
    "樹種":"構樹",
    "學名":"Broussonetia papyrifera",
    "科別":"桑科",
    "行政區":"中正區",
    "河濱公園":"古亭",
    "數量":1
    }
  },
  {
    "type": "Feature",
    "geometry": {
       "type": "Point",
       "coordinates":  [ 121.526607,25.013924 ]
    },
    "properties": {
    "物種":"喬木類",
    "樹種":"構樹",
    "學名":"Broussonetia papyrifera",
    "科別":"桑科",
    "行政區":"中正區",
    "河濱公園":"古亭",
    "數量":1
    }
  },
  {
    "type": "Feature",
    "geometry": {
       "type": "Point",
       "coordinates":  [ 121.526558,25.013979 ]
    },
    "properties": {
    "物種":"喬木類",
    "樹種":"構樹",
    "學名":"Broussonetia papyrifera",
    "科別":"桑科",
    "行政區":"中正區",
    "河濱公園":"古亭",
    "數量":1
    }
  },
  {
    "type": "Feature",
    "geometry": {
       "type": "Point",
       "coordinates":  [ 121.526261,25.014437 ]
    },
    "properties": {
    "物種":"喬木類",
    "樹種":"構樹",
    "學名":"Broussonetia papyrifera",
    "科別":"桑科",
    "行政區":"中正區",
    "河濱公園":"古亭",
    "數量":1
    }
  },
  {
    "type": "Feature",
    "geometry": {
       "type": "Point",
       "coordinates":  [ 121.526226,25.014467 ]
    },
    "properties": {
    "物種":"喬木類",
    "樹種":"構樹",
    "學名":"Broussonetia papyrifera",
    "科別":"桑科",
    "行政區":"中正區",
    "河濱公園":"古亭",
    "數量":1
    }
  },
  {
    "type": "Feature",
    "geometry": {
       "type": "Point",
       "coordinates":  [ 121.525951,25.014887 ]
    },
    "properties": {
    "物種":"喬木類",
    "樹種":"構樹",
    "學名":"Broussonetia papyrifera",
    "科別":"桑科",
    "行政區":"中正區",
    "河濱公園":"古亭",
    "數量":1
    }
  },
  {
    "type": "Feature",
    "geometry": {
       "type": "Point",
       "coordinates":  [ 121.525931,25.014899 ]
    },
    "properties": {
    "物種":"喬木類",
    "樹種":"構樹",
    "學名":"Broussonetia papyrifera",
    "科別":"桑科",
    "行政區":"中正區",
    "河濱公園":"古亭",
    "數量":1
    }
  },
  {
    "type": "Feature",
    "geometry": {
       "type": "Point",
       "coordinates":  [ 121.525918,25.014929 ]
    },
    "properties": {
    "物種":"喬木類",
    "樹種":"構樹",
    "學名":"Broussonetia papyrifera",
    "科別":"桑科",
    "行政區":"中正區",
    "河濱公園":"古亭",
    "數量":1
    }
  },
  {
    "type": "Feature",
    "geometry": {
       "type": "Point",
       "coordinates":  [ 121.525901,25.014962 ]
    },
    "properties": {
    "物種":"喬木類",
    "樹種":"構樹",
    "學名":"Broussonetia papyrifera",
    "科別":"桑科",
    "行政區":"中正區",
    "河濱公園":"古亭",
    "數量":1
    }
  },
  {
    "type": "Feature",
    "geometry": {
       "type": "Point",
       "coordinates":  [ 121.52589,25.014999 ]
    },
    "properties": {
    "物種":"喬木類",
    "樹種":"構樹",
    "學名":"Broussonetia papyrifera",
    "科別":"桑科",
    "行政區":"中正區",
    "河濱公園":"古亭",
    "數量":1
    }
  },
  {
    "type": "Feature",
    "geometry": {
       "type": "Point",
       "coordinates":  [ 121.525885,25.015004 ]
    },
    "properties": {
    "物種":"喬木類",
    "樹種":"構樹",
    "學名":"Broussonetia papyrifera",
    "科別":"桑科",
    "行政區":"中正區",
    "河濱公園":"古亭",
    "數量":1
    }
  },
  {
    "type": "Feature",
    "geometry": {
       "type": "Point",
       "coordinates":  [ 121.525846,25.015038 ]
    },
    "properties": {
    "物種":"喬木類",
    "樹種":"構樹",
    "學名":"Broussonetia papyrifera",
    "科別":"桑科",
    "行政區":"中正區",
    "河濱公園":"古亭",
    "數量":1
    }
  },
  {
    "type": "Feature",
    "geometry": {
       "type": "Point",
       "coordinates":  [ 121.525766,25.015169 ]
    },
    "properties": {
    "物種":"喬木類",
    "樹種":"構樹",
    "學名":"Broussonetia papyrifera",
    "科別":"桑科",
    "行政區":"中正區",
    "河濱公園":"古亭",
    "數量":1
    }
  },
  {
    "type": "Feature",
    "geometry": {
       "type": "Point",
       "coordinates":  [ 121.525735,25.015229 ]
    },
    "properties": {
    "物種":"喬木類",
    "樹種":"構樹",
    "學名":"Broussonetia papyrifera",
    "科別":"桑科",
    "行政區":"中正區",
    "河濱公園":"古亭",
    "數量":1
    }
  },
  {
    "type": "Feature",
    "geometry": {
       "type": "Point",
       "coordinates":  [ 121.534783,24.996479 ]
    },
    "properties": {
    "物種":"喬木類",
    "樹種":"構樹",
    "學名":"Broussonetia papyrifera",
    "科別":"桑科",
    "行政區":"文山區",
    "河濱公園":"福和",
    "數量":1
    }
  },
  {
    "type": "Feature",
    "geometry": {
       "type": "Point",
       "coordinates":  [ 121.532783,25.007931 ]
    },
    "properties": {
    "物種":"喬木類",
    "樹種":"構樹",
    "學名":"Broussonetia papyrifera",
    "科別":"桑科",
    "行政區":"文山區",
    "河濱公園":"福和",
    "數量":1
    }
  },
  {
    "type": "Feature",
    "geometry": {
       "type": "Point",
       "coordinates":  [ 121.533958,25.006237 ]
    },
    "properties": {
    "物種":"喬木類",
    "樹種":"構樹",
    "學名":"Broussonetia papyrifera",
    "科別":"桑科",
    "行政區":"文山區",
    "河濱公園":"福和",
    "數量":1
    }
  },
  {
    "type": "Feature",
    "geometry": {
       "type": "Point",
       "coordinates":  [ 121.534911,25.004651 ]
    },
    "properties": {
    "物種":"喬木類",
    "樹種":"構樹",
    "學名":"Broussonetia papyrifera",
    "科別":"桑科",
    "行政區":"文山區",
    "河濱公園":"福和",
    "數量":1
    }
  },
  {
    "type": "Feature",
    "geometry": {
       "type": "Point",
       "coordinates":  [ 121.535221,24.999143 ]
    },
    "properties": {
    "物種":"喬木類",
    "樹種":"構樹",
    "學名":"Broussonetia papyrifera",
    "科別":"桑科",
    "行政區":"文山區",
    "河濱公園":"福和",
    "數量":1
    }
  },
  {
    "type": "Feature",
    "geometry": {
       "type": "Point",
       "coordinates":  [ 121.535209,24.999116 ]
    },
    "properties": {
    "物種":"喬木類",
    "樹種":"構樹",
    "學名":"Broussonetia papyrifera",
    "科別":"桑科",
    "行政區":"文山區",
    "河濱公園":"福和",
    "數量":1
    }
  },
  {
    "type": "Feature",
    "geometry": {
       "type": "Point",
       "coordinates":  [ 121.535209,24.9991 ]
    },
    "properties": {
    "物種":"喬木類",
    "樹種":"構樹",
    "學名":"Broussonetia papyrifera",
    "科別":"桑科",
    "行政區":"文山區",
    "河濱公園":"福和",
    "數量":1
    }
  },
  {
    "type": "Feature",
    "geometry": {
       "type": "Point",
       "coordinates":  [ 121.535214,24.999091 ]
    },
    "properties": {
    "物種":"喬木類",
    "樹種":"構樹",
    "學名":"Broussonetia papyrifera",
    "科別":"桑科",
    "行政區":"文山區",
    "河濱公園":"福和",
    "數量":1
    }
  },
  {
    "type": "Feature",
    "geometry": {
       "type": "Point",
       "coordinates":  [ 121.5352,24.999085 ]
    },
    "properties": {
    "物種":"喬木類",
    "樹種":"構樹",
    "學名":"Broussonetia papyrifera",
    "科別":"桑科",
    "行政區":"文山區",
    "河濱公園":"福和",
    "數量":1
    }
  },
  {
    "type": "Feature",
    "geometry": {
       "type": "Point",
       "coordinates":  [ 121.535215,24.999066 ]
    },
    "properties": {
    "物種":"喬木類",
    "樹種":"構樹",
    "學名":"Broussonetia papyrifera",
    "科別":"桑科",
    "行政區":"文山區",
    "河濱公園":"福和",
    "數量":1
    }
  },
  {
    "type": "Feature",
    "geometry": {
       "type": "Point",
       "coordinates":  [ 121.535205,24.999059 ]
    },
    "properties": {
    "物種":"喬木類",
    "樹種":"構樹",
    "學名":"Broussonetia papyrifera",
    "科別":"桑科",
    "行政區":"文山區",
    "河濱公園":"福和",
    "數量":1
    }
  },
  {
    "type": "Feature",
    "geometry": {
       "type": "Point",
       "coordinates":  [ 121.535215,24.999049 ]
    },
    "properties": {
    "物種":"喬木類",
    "樹種":"構樹",
    "學名":"Broussonetia papyrifera",
    "科別":"桑科",
    "行政區":"文山區",
    "河濱公園":"福和",
    "數量":1
    }
  },
  {
    "type": "Feature",
    "geometry": {
       "type": "Point",
       "coordinates":  [ 121.535213,24.999019 ]
    },
    "properties": {
    "物種":"喬木類",
    "樹種":"構樹",
    "學名":"Broussonetia papyrifera",
    "科別":"桑科",
    "行政區":"文山區",
    "河濱公園":"福和",
    "數量":1
    }
  },
  {
    "type": "Feature",
    "geometry": {
       "type": "Point",
       "coordinates":  [ 121.535215,24.999004 ]
    },
    "properties": {
    "物種":"喬木類",
    "樹種":"構樹",
    "學名":"Broussonetia papyrifera",
    "科別":"桑科",
    "行政區":"文山區",
    "河濱公園":"福和",
    "數量":1
    }
  },
  {
    "type": "Feature",
    "geometry": {
       "type": "Point",
       "coordinates":  [ 121.535223,24.998996 ]
    },
    "properties": {
    "物種":"喬木類",
    "樹種":"構樹",
    "學名":"Broussonetia papyrifera",
    "科別":"桑科",
    "行政區":"文山區",
    "河濱公園":"福和",
    "數量":1
    }
  },
  {
    "type": "Feature",
    "geometry": {
       "type": "Point",
       "coordinates":  [ 121.535203,24.998815 ]
    },
    "properties": {
    "物種":"喬木類",
    "樹種":"構樹",
    "學名":"Broussonetia papyrifera",
    "科別":"桑科",
    "行政區":"文山區",
    "河濱公園":"福和",
    "數量":1
    }
  },
  {
    "type": "Feature",
    "geometry": {
       "type": "Point",
       "coordinates":  [ 121.535207,24.998813 ]
    },
    "properties": {
    "物種":"喬木類",
    "樹種":"構樹",
    "學名":"Broussonetia papyrifera",
    "科別":"桑科",
    "行政區":"文山區",
    "河濱公園":"福和",
    "數量":1
    }
  },
  {
    "type": "Feature",
    "geometry": {
       "type": "Point",
       "coordinates":  [ 121.535194,24.998576 ]
    },
    "properties": {
    "物種":"喬木類",
    "樹種":"構樹",
    "學名":"Broussonetia papyrifera",
    "科別":"桑科",
    "行政區":"文山區",
    "河濱公園":"福和",
    "數量":1
    }
  },
  {
    "type": "Feature",
    "geometry": {
       "type": "Point",
       "coordinates":  [ 121.53525,24.998567 ]
    },
    "properties": {
    "物種":"喬木類",
    "樹種":"構樹",
    "學名":"Broussonetia papyrifera",
    "科別":"桑科",
    "行政區":"文山區",
    "河濱公園":"福和",
    "數量":1
    }
  },
  {
    "type": "Feature",
    "geometry": {
       "type": "Point",
       "coordinates":  [ 121.505269,25.050692 ]
    },
    "properties": {
    "物種":"喬木類",
    "樹種":"福木",
    "學名":"Garcinia multiflora",
    "科別":"金絲桃科",
    "行政區":"大同區",
    "河濱公園":"延平",
    "數量":1
    }
  },
  {
    "type": "Feature",
    "geometry": {
       "type": "Point",
       "coordinates":  [ 121.50526,25.050659 ]
    },
    "properties": {
    "物種":"喬木類",
    "樹種":"福木",
    "學名":"Garcinia multiflora",
    "科別":"金絲桃科",
    "行政區":"大同區",
    "河濱公園":"延平",
    "數量":1
    }
  },
  {
    "type": "Feature",
    "geometry": {
       "type": "Point",
       "coordinates":  [ 121.505202,25.050461 ]
    },
    "properties": {
    "物種":"喬木類",
    "樹種":"福木",
    "學名":"Garcinia multiflora",
    "科別":"金絲桃科",
    "行政區":"大同區",
    "河濱公園":"延平",
    "數量":1
    }
  },
  {
    "type": "Feature",
    "geometry": {
       "type": "Point",
       "coordinates":  [ 121.505208,25.050493 ]
    },
    "properties": {
    "物種":"喬木類",
    "樹種":"福木",
    "學名":"Garcinia multiflora",
    "科別":"金絲桃科",
    "行政區":"大同區",
    "河濱公園":"延平",
    "數量":1
    }
  },
  {
    "type": "Feature",
    "geometry": {
       "type": "Point",
       "coordinates":  [ 121.505218,25.050531 ]
    },
    "properties": {
    "物種":"喬木類",
    "樹種":"福木",
    "學名":"Garcinia multiflora",
    "科別":"金絲桃科",
    "行政區":"大同區",
    "河濱公園":"延平",
    "數量":1
    }
  },
  {
    "type": "Feature",
    "geometry": {
       "type": "Point",
       "coordinates":  [ 121.505301,25.050825 ]
    },
    "properties": {
    "物種":"喬木類",
    "樹種":"福木",
    "學名":"Garcinia multiflora",
    "科別":"金絲桃科",
    "行政區":"大同區",
    "河濱公園":"延平",
    "數量":1
    }
  },
  {
    "type": "Feature",
    "geometry": {
       "type": "Point",
       "coordinates":  [ 121.533885,25.005094 ]
    },
    "properties": {
    "物種":"喬木類",
    "樹種":"福木",
    "學名":"Garcinia multiflora",
    "科別":"金絲桃科",
    "行政區":"文山區",
    "河濱公園":"福和",
    "數量":1
    }
  },
  {
    "type": "Feature",
    "geometry": {
       "type": "Point",
       "coordinates":  [ 121.534954,24.998604 ]
    },
    "properties": {
    "物種":"喬木類",
    "樹種":"臺灣扁柏",
    "學名":"Chamaecyparis obtusa",
    "科別":"柏科",
    "行政區":"文山區",
    "河濱公園":"福和",
    "數量":1
    }
  },
  {
    "type": "Feature",
    "geometry": {
       "type": "Point",
       "coordinates":  [ 121.528033,25.011751 ]
    },
    "properties": {
    "物種":"喬木類",
    "樹種":"臺灣欒樹",
    "學名":"Koelreuteria henryi",
    "科別":"無患子科",
    "行政區":"中正區",
    "河濱公園":"古亭",
    "數量":1
    }
  },
  {
    "type": "Feature",
    "geometry": {
       "type": "Point",
       "coordinates":  [ 121.534078,25.007615 ]
    },
    "properties": {
    "物種":"喬木類",
    "樹種":"臺灣欒樹",
    "學名":"Koelreuteria henryi",
    "科別":"無患子科",
    "行政區":"文山區",
    "河濱公園":"福和",
    "數量":1
    }
  },
  {
    "type": "Feature",
    "geometry": {
       "type": "Point",
       "coordinates":  [ 121.524709,25.016666 ]
    },
    "properties": {
    "物種":"喬木類",
    "樹種":"蒲桃",
    "學名":"Syzygium jambos",
    "科別":"桃金孃科",
    "行政區":"中正區",
    "河濱公園":"古亭",
    "數量":1
    }
  },
  {
    "type": "Feature",
    "geometry": {
       "type": "Point",
       "coordinates":  [ 121.525101,25.016168 ]
    },
    "properties": {
    "物種":"喬木類",
    "樹種":"樟樹",
    "學名":"Cinnamomum camphora",
    "科別":"樟科",
    "行政區":"中正區",
    "河濱公園":"古亭",
    "數量":1
    }
  },
  {
    "type": "Feature",
    "geometry": {
       "type": "Point",
       "coordinates":  [ 121.525874,25.014883 ]
    },
    "properties": {
    "物種":"喬木類",
    "樹種":"樟樹",
    "學名":"Cinnamomum camphora",
    "科別":"樟科",
    "行政區":"中正區",
    "河濱公園":"古亭",
    "數量":1
    }
  },
  {
    "type": "Feature",
    "geometry": {
       "type": "Point",
       "coordinates":  [ 121.525934,25.0148 ]
    },
    "properties": {
    "物種":"喬木類",
    "樹種":"樟樹",
    "學名":"Cinnamomum camphora",
    "科別":"樟科",
    "行政區":"中正區",
    "河濱公園":"古亭",
    "數量":1
    }
  },
  {
    "type": "Feature",
    "geometry": {
       "type": "Point",
       "coordinates":  [ 121.525979,25.014729 ]
    },
    "properties": {
    "物種":"喬木類",
    "樹種":"樟樹",
    "學名":"Cinnamomum camphora",
    "科別":"樟科",
    "行政區":"中正區",
    "河濱公園":"古亭",
    "數量":1
    }
  },
  {
    "type": "Feature",
    "geometry": {
       "type": "Point",
       "coordinates":  [ 121.526043,25.014646 ]
    },
    "properties": {
    "物種":"喬木類",
    "樹種":"樟樹",
    "學名":"Cinnamomum camphora",
    "科別":"樟科",
    "行政區":"中正區",
    "河濱公園":"古亭",
    "數量":1
    }
  },
  {
    "type": "Feature",
    "geometry": {
       "type": "Point",
       "coordinates":  [ 121.526118,25.014543 ]
    },
    "properties": {
    "物種":"喬木類",
    "樹種":"樟樹",
    "學名":"Cinnamomum camphora",
    "科別":"樟科",
    "行政區":"中正區",
    "河濱公園":"古亭",
    "數量":1
    }
  },
  {
    "type": "Feature",
    "geometry": {
       "type": "Point",
       "coordinates":  [ 121.526178,25.014453 ]
    },
    "properties": {
    "物種":"喬木類",
    "樹種":"樟樹",
    "學名":"Cinnamomum camphora",
    "科別":"樟科",
    "行政區":"中正區",
    "河濱公園":"古亭",
    "數量":1
    }
  },
  {
    "type": "Feature",
    "geometry": {
       "type": "Point",
       "coordinates":  [ 121.526225,25.014375 ]
    },
    "properties": {
    "物種":"喬木類",
    "樹種":"樟樹",
    "學名":"Cinnamomum camphora",
    "科別":"樟科",
    "行政區":"中正區",
    "河濱公園":"古亭",
    "數量":1
    }
  },
  {
    "type": "Feature",
    "geometry": {
       "type": "Point",
       "coordinates":  [ 121.526789,25.013488 ]
    },
    "properties": {
    "物種":"喬木類",
    "樹種":"樟樹",
    "學名":"Cinnamomum camphora",
    "科別":"樟科",
    "行政區":"中正區",
    "河濱公園":"古亭",
    "數量":1
    }
  },
  {
    "type": "Feature",
    "geometry": {
       "type": "Point",
       "coordinates":  [ 121.526816,25.013426 ]
    },
    "properties": {
    "物種":"喬木類",
    "樹種":"樟樹",
    "學名":"Cinnamomum camphora",
    "科別":"樟科",
    "行政區":"中正區",
    "河濱公園":"古亭",
    "數量":1
    }
  },
  {
    "type": "Feature",
    "geometry": {
       "type": "Point",
       "coordinates":  [ 121.526951,25.013206 ]
    },
    "properties": {
    "物種":"喬木類",
    "樹種":"樟樹",
    "學名":"Cinnamomum camphora",
    "科別":"樟科",
    "行政區":"中正區",
    "河濱公園":"古亭",
    "數量":1
    }
  },
  {
    "type": "Feature",
    "geometry": {
       "type": "Point",
       "coordinates":  [ 121.5271,25.012979 ]
    },
    "properties": {
    "物種":"喬木類",
    "樹種":"樟樹",
    "學名":"Cinnamomum camphora",
    "科別":"樟科",
    "行政區":"中正區",
    "河濱公園":"古亭",
    "數量":1
    }
  },
  {
    "type": "Feature",
    "geometry": {
       "type": "Point",
       "coordinates":  [ 121.527254,25.012767 ]
    },
    "properties": {
    "物種":"喬木類",
    "樹種":"樟樹",
    "學名":"Cinnamomum camphora",
    "科別":"樟科",
    "行政區":"中正區",
    "河濱公園":"古亭",
    "數量":1
    }
  },
  {
    "type": "Feature",
    "geometry": {
       "type": "Point",
       "coordinates":  [ 121.527504,25.012588 ]
    },
    "properties": {
    "物種":"喬木類",
    "樹種":"樟樹",
    "學名":"Cinnamomum camphora",
    "科別":"樟科",
    "行政區":"中正區",
    "河濱公園":"古亭",
    "數量":1
    }
  },
  {
    "type": "Feature",
    "geometry": {
       "type": "Point",
       "coordinates":  [ 121.527554,25.012516 ]
    },
    "properties": {
    "物種":"喬木類",
    "樹種":"樟樹",
    "學名":"Cinnamomum camphora",
    "科別":"樟科",
    "行政區":"中正區",
    "河濱公園":"古亭",
    "數量":1
    }
  },
  {
    "type": "Feature",
    "geometry": {
       "type": "Point",
       "coordinates":  [ 121.527597,25.012458 ]
    },
    "properties": {
    "物種":"喬木類",
    "樹種":"樟樹",
    "學名":"Cinnamomum camphora",
    "科別":"樟科",
    "行政區":"中正區",
    "河濱公園":"古亭",
    "數量":1
    }
  },
  {
    "type": "Feature",
    "geometry": {
       "type": "Point",
       "coordinates":  [ 121.527626,25.012384 ]
    },
    "properties": {
    "物種":"喬木類",
    "樹種":"樟樹",
    "學名":"Cinnamomum camphora",
    "科別":"樟科",
    "行政區":"中正區",
    "河濱公園":"古亭",
    "數量":1
    }
  },
  {
    "type": "Feature",
    "geometry": {
       "type": "Point",
       "coordinates":  [ 121.527679,25.01232 ]
    },
    "properties": {
    "物種":"喬木類",
    "樹種":"樟樹",
    "學名":"Cinnamomum camphora",
    "科別":"樟科",
    "行政區":"中正區",
    "河濱公園":"古亭",
    "數量":1
    }
  },
  {
    "type": "Feature",
    "geometry": {
       "type": "Point",
       "coordinates":  [ 121.527756,25.012176 ]
    },
    "properties": {
    "物種":"喬木類",
    "樹種":"樟樹",
    "學名":"Cinnamomum camphora",
    "科別":"樟科",
    "行政區":"中正區",
    "河濱公園":"古亭",
    "數量":1
    }
  },
  {
    "type": "Feature",
    "geometry": {
       "type": "Point",
       "coordinates":  [ 121.527856,25.012057 ]
    },
    "properties": {
    "物種":"喬木類",
    "樹種":"樟樹",
    "學名":"Cinnamomum camphora",
    "科別":"樟科",
    "行政區":"中正區",
    "河濱公園":"古亭",
    "數量":1
    }
  },
  {
    "type": "Feature",
    "geometry": {
       "type": "Point",
       "coordinates":  [ 121.527904,25.011981 ]
    },
    "properties": {
    "物種":"喬木類",
    "樹種":"樟樹",
    "學名":"Cinnamomum camphora",
    "科別":"樟科",
    "行政區":"中正區",
    "河濱公園":"古亭",
    "數量":1
    }
  },
  {
    "type": "Feature",
    "geometry": {
       "type": "Point",
       "coordinates":  [ 121.527926,25.011921 ]
    },
    "properties": {
    "物種":"喬木類",
    "樹種":"樟樹",
    "學名":"Cinnamomum camphora",
    "科別":"樟科",
    "行政區":"中正區",
    "河濱公園":"古亭",
    "數量":1
    }
  },
  {
    "type": "Feature",
    "geometry": {
       "type": "Point",
       "coordinates":  [ 121.534922,24.998614 ]
    },
    "properties": {
    "物種":"喬木類",
    "樹種":"樟樹",
    "學名":"Cinnamomum camphora",
    "科別":"樟科",
    "行政區":"文山區",
    "河濱公園":"福和",
    "數量":1
    }
  },
  {
    "type": "Feature",
    "geometry": {
       "type": "Point",
       "coordinates":  [ 121.534864,24.998616 ]
    },
    "properties": {
    "物種":"喬木類",
    "樹種":"樟樹",
    "學名":"Cinnamomum camphora",
    "科別":"樟科",
    "行政區":"文山區",
    "河濱公園":"福和",
    "數量":1
    }
  },
  {
    "type": "Feature",
    "geometry": {
       "type": "Point",
       "coordinates":  [ 121.535216,25.004074 ]
    },
    "properties": {
    "物種":"喬木類",
    "樹種":"樟樹",
    "學名":"Cinnamomum camphora",
    "科別":"樟科",
    "行政區":"文山區",
    "河濱公園":"福和",
    "數量":1
    }
  },
  {
    "type": "Feature",
    "geometry": {
       "type": "Point",
       "coordinates":  [ 121.528583,25.010932 ]
    },
    "properties": {
    "物種":"喬木類",
    "樹種":"樟樹",
    "學名":"Cinnamomum camphora",
    "科別":"樟科",
    "行政區":"文山區",
    "河濱公園":"福和",
    "數量":1
    }
  },
  {
    "type": "Feature",
    "geometry": {
       "type": "Point",
       "coordinates":  [ 121.534905,24.999442 ]
    },
    "properties": {
    "物種":"喬木類",
    "樹種":"蓮霧",
    "學名":"Syzygium samarangense",
    "科別":"桃金孃科",
    "行政區":"文山區",
    "河濱公園":"福和",
    "數量":1
    }
  },
  {
    "type": "Feature",
    "geometry": {
       "type": "Point",
       "coordinates":  [ 121.533083,25.007126 ]
    },
    "properties": {
    "物種":"喬木類",
    "樹種":"蓮霧",
    "學名":"Syzygium samarangense",
    "科別":"桃金孃科",
    "行政區":"文山區",
    "河濱公園":"福和",
    "數量":1
    }
  },
  {
    "type": "Feature",
    "geometry": {
       "type": "Point",
       "coordinates":  [ 121.532669,25.008462 ]
    },
    "properties": {
    "物種":"喬木類",
    "樹種":"蓮霧",
    "學名":"Syzygium samarangense",
    "科別":"桃金孃科",
    "行政區":"文山區",
    "河濱公園":"福和",
    "數量":1
    }
  },
  {
    "type": "Feature",
    "geometry": {
       "type": "Point",
       "coordinates":  [ 121.532589,25.008536 ]
    },
    "properties": {
    "物種":"喬木類",
    "樹種":"蓮霧",
    "學名":"Syzygium samarangense",
    "科別":"桃金孃科",
    "行政區":"文山區",
    "河濱公園":"福和",
    "數量":1
    }
  },
  {
    "type": "Feature",
    "geometry": {
       "type": "Point",
       "coordinates":  [ 121.524927,25.01635 ]
    },
    "properties": {
    "物種":"喬木類",
    "樹種":"龍眼",
    "學名":"Dimocarpus longan",
    "科別":"無患子科",
    "行政區":"中正區",
    "河濱公園":"古亭",
    "數量":1
    }
  },
  {
    "type": "Feature",
    "geometry": {
       "type": "Point",
       "coordinates":  [ 121.525064,25.016192 ]
    },
    "properties": {
    "物種":"喬木類",
    "樹種":"龍眼",
    "學名":"Dimocarpus longan",
    "科別":"無患子科",
    "行政區":"中正區",
    "河濱公園":"古亭",
    "數量":1
    }
  },
  {
    "type": "Feature",
    "geometry": {
       "type": "Point",
       "coordinates":  [ 121.532756,25.008033 ]
    },
    "properties": {
    "物種":"喬木類",
    "樹種":"龍眼",
    "學名":"Dimocarpus longan",
    "科別":"無患子科",
    "行政區":"文山區",
    "河濱公園":"福和",
    "數量":1
    }
  },
  {
    "type": "Feature",
    "geometry": {
       "type": "Point",
       "coordinates":  [ 121.532637,25.008243 ]
    },
    "properties": {
    "物種":"喬木類",
    "樹種":"龍眼",
    "學名":"Dimocarpus longan",
    "科別":"無患子科",
    "行政區":"文山區",
    "河濱公園":"福和",
    "數量":1
    }
  },
  {
    "type": "Feature",
    "geometry": {
       "type": "Point",
       "coordinates":  [ 121.532649,25.009346 ]
    },
    "properties": {
    "物種":"喬木類",
    "樹種":"穗花棋盤腳",
    "學名":"Barringtonia racemosa",
    "科別":"玉蕊科",
    "行政區":"文山區",
    "河濱公園":"福和",
    "數量":1
    }
  },
  {
    "type": "Feature",
    "geometry": {
       "type": "Point",
       "coordinates":  [ 121.53278,25.009332 ]
    },
    "properties": {
    "物種":"喬木類",
    "樹種":"穗花棋盤腳",
    "學名":"Barringtonia racemosa",
    "科別":"玉蕊科",
    "行政區":"文山區",
    "河濱公園":"福和",
    "數量":1
    }
  },
  {
    "type": "Feature",
    "geometry": {
       "type": "Point",
       "coordinates":  [ 121.532865,25.009337 ]
    },
    "properties": {
    "物種":"喬木類",
    "樹種":"穗花棋盤腳",
    "學名":"Barringtonia racemosa",
    "科別":"玉蕊科",
    "行政區":"文山區",
    "河濱公園":"福和",
    "數量":1
    }
  },
  {
    "type": "Feature",
    "geometry": {
       "type": "Point",
       "coordinates":  [ 121.532756,25.009425 ]
    },
    "properties": {
    "物種":"喬木類",
    "樹種":"穗花棋盤腳",
    "學名":"Barringtonia racemosa",
    "科別":"玉蕊科",
    "行政區":"文山區",
    "河濱公園":"福和",
    "數量":1
    }
  },
  {
    "type": "Feature",
    "geometry": {
       "type": "Point",
       "coordinates":  [ 121.532849,25.009405 ]
    },
    "properties": {
    "物種":"喬木類",
    "樹種":"穗花棋盤腳",
    "學名":"Barringtonia racemosa",
    "科別":"玉蕊科",
    "行政區":"文山區",
    "河濱公園":"福和",
    "數量":1
    }
  },
  {
    "type": "Feature",
    "geometry": {
       "type": "Point",
       "coordinates":  [ 121.524837,25.016564 ]
    },
    "properties": {
    "物種":"喬木類",
    "樹種":"檬果",
    "學名":"Mangifera indica",
    "科別":"漆樹科",
    "行政區":"中正區",
    "河濱公園":"古亭",
    "數量":1
    }
  },
  {
    "type": "Feature",
    "geometry": {
       "type": "Point",
       "coordinates":  [ 121.524869,25.016482 ]
    },
    "properties": {
    "物種":"喬木類",
    "樹種":"檬果",
    "學名":"Mangifera indica",
    "科別":"漆樹科",
    "行政區":"中正區",
    "河濱公園":"古亭",
    "數量":1
    }
  },
  {
    "type": "Feature",
    "geometry": {
       "type": "Point",
       "coordinates":  [ 121.52496,25.016309 ]
    },
    "properties": {
    "物種":"喬木類",
    "樹種":"檬果",
    "學名":"Mangifera indica",
    "科別":"漆樹科",
    "行政區":"中正區",
    "河濱公園":"古亭",
    "數量":1
    }
  },
  {
    "type": "Feature",
    "geometry": {
       "type": "Point",
       "coordinates":  [ 121.532718,25.008091 ]
    },
    "properties": {
    "物種":"喬木類",
    "樹種":"檬果",
    "學名":"Mangifera indica",
    "科別":"漆樹科",
    "行政區":"文山區",
    "河濱公園":"福和",
    "數量":1
    }
  },
  {
    "type": "Feature",
    "geometry": {
       "type": "Point",
       "coordinates":  [ 121.532637,25.008219 ]
    },
    "properties": {
    "物種":"喬木類",
    "樹種":"檬果",
    "學名":"Mangifera indica",
    "科別":"漆樹科",
    "行政區":"文山區",
    "河濱公園":"福和",
    "數量":1
    }
  },
  {
    "type": "Feature",
    "geometry": {
       "type": "Point",
       "coordinates":  [ 121.524785,25.016618 ]
    },
    "properties": {
    "物種":"喬木類",
    "樹種":"櫻花",
    "學名":"Cerasus sp.",
    "科別":"薔薇科",
    "行政區":"中正區",
    "河濱公園":"古亭",
    "數量":1
    }
  },
  {
    "type": "Feature",
    "geometry": {
       "type": "Point",
       "coordinates":  [ 121.524842,25.01651 ]
    },
    "properties": {
    "物種":"喬木類",
    "樹種":"櫻花",
    "學名":"Cerasus sp.",
    "科別":"薔薇科",
    "行政區":"中正區",
    "河濱公園":"古亭",
    "數量":1
    }
  },
  {
    "type": "Feature",
    "geometry": {
       "type": "Point",
       "coordinates":  [ 121.525623,25.015385 ]
    },
    "properties": {
    "物種":"喬木類",
    "樹種":"櫻花",
    "學名":"Cerasus sp.",
    "科別":"薔薇科",
    "行政區":"中正區",
    "河濱公園":"古亭",
    "數量":1
    }
  },
  {
    "type": "Feature",
    "geometry": {
       "type": "Point",
       "coordinates":  [ 121.525727,25.015238 ]
    },
    "properties": {
    "物種":"喬木類",
    "樹種":"櫻花",
    "學名":"Cerasus sp.",
    "科別":"薔薇科",
    "行政區":"中正區",
    "河濱公園":"古亭",
    "數量":1
    }
  },
  {
    "type": "Feature",
    "geometry": {
       "type": "Point",
       "coordinates":  [ 121.525697,25.015262 ]
    },
    "properties": {
    "物種":"喬木類",
    "樹種":"櫻花",
    "學名":"Cerasus sp.",
    "科別":"薔薇科",
    "行政區":"中正區",
    "河濱公園":"古亭",
    "數量":1
    }
  },
  {
    "type": "Feature",
    "geometry": {
       "type": "Point",
       "coordinates":  [ 121.525682,25.015305 ]
    },
    "properties": {
    "物種":"喬木類",
    "樹種":"櫻花",
    "學名":"Cerasus sp.",
    "科別":"薔薇科",
    "行政區":"中正區",
    "河濱公園":"古亭",
    "數量":1
    }
  },
  {
    "type": "Feature",
    "geometry": {
       "type": "Point",
       "coordinates":  [ 121.525664,25.015331 ]
    },
    "properties": {
    "物種":"喬木類",
    "樹種":"櫻花",
    "學名":"Cerasus sp.",
    "科別":"薔薇科",
    "行政區":"中正區",
    "河濱公園":"古亭",
    "數量":1
    }
  },
  {
    "type": "Feature",
    "geometry": {
       "type": "Point",
       "coordinates":  [ 121.525634,25.015363 ]
    },
    "properties": {
    "物種":"喬木類",
    "樹種":"櫻花",
    "學名":"Cerasus sp.",
    "科別":"薔薇科",
    "行政區":"中正區",
    "河濱公園":"古亭",
    "數量":1
    }
  }
]
}